// Generated from: blocktiles.png
// Format: RGB565_LE
// Original size: 12x2560 = 61440 bytes

const uint16_t viaduct_blocktiles_width = 12;
const uint16_t viaduct_blocktiles_height = 2560;

const uint8_t viaduct_blocktiles_data[] PLATFORM_PROGMEM = {
    0xB2, 0x94, 0x92, 0x94, 0xD3, 0x9C, 0xEF, 0x7B, 0x28, 0x42, 0x4D, 0x6B, 0xB2, 0x94, 0x96, 0xB5,
    0x34, 0xA5, 0xEF, 0x7B, 0x30, 0x84, 0x10, 0x84, 0x92, 0x94, 0x10, 0x84, 0x30, 0x84, 0x6D, 0x6B,
    0x49, 0x4A, 0x4D, 0x6B, 0xB2, 0x94, 0x55, 0xAD, 0xB2, 0x94, 0x6D, 0x6B, 0x10, 0x84, 0x8E, 0x73,
    0xF3, 0x9C, 0xB2, 0x94, 0xD3, 0x9C, 0x8E, 0x73, 0x28, 0x42, 0x4D, 0x6B, 0x71, 0x8C, 0xD3, 0x9C,
    0x51, 0x8C, 0xAE, 0x73, 0x51, 0x8C, 0x30, 0x84, 0xEF, 0x7B, 0x8E, 0x73, 0x8E, 0x73, 0xEB, 0x5A,
    0x69, 0x4A, 0x6D, 0x6B, 0x10, 0x84, 0xEF, 0x7B, 0x8E, 0x73, 0x6D, 0x6B, 0x8E, 0x73, 0x2C, 0x63,
    0x49, 0x4A, 0x28, 0x42, 0x08, 0x42, 0x49, 0x4A, 0x0C, 0x63, 0x8E, 0x73, 0xCF, 0x7B, 0xAE, 0x73,
    0x2C, 0x63, 0xAA, 0x52, 0x49, 0x4A, 0x08, 0x42, 0x4D, 0x6B, 0x2C, 0x63, 0x4D, 0x6B, 0x8E, 0x73,
    0xAE, 0x73, 0xCF, 0x7B, 0xEF, 0x7B, 0xEF, 0x7B, 0xCF, 0x7B, 0x8E, 0x73, 0x6D, 0x6B, 0x2C, 0x63,
    0x92, 0x94, 0x92, 0x94, 0x71, 0x8C, 0x30, 0x84, 0x10, 0x84, 0xEF, 0x7B, 0x51, 0x8C, 0xD3, 0x9C,
    0xF3, 0x9C, 0xD3, 0x9C, 0x92, 0x94, 0x92, 0x94, 0x34, 0xA5, 0x14, 0xA5, 0xB2, 0x94, 0x30, 0x84,
    0xCF, 0x7B, 0xCF, 0x7B, 0xD3, 0x9C, 0x75, 0xAD, 0xD7, 0xBD, 0xB6, 0xB5, 0x75, 0xAD, 0x34, 0xA5,
    0x14, 0xA5, 0x71, 0x8C, 0x51, 0x8C, 0xAE, 0x73, 0xEB, 0x5A, 0x8E, 0x73, 0x14, 0xA5, 0x18, 0xC6,
    0x14, 0xA5, 0xB2, 0x94, 0x51, 0x8C, 0xEF, 0x7B, 0x10, 0x84, 0xAE, 0x73, 0xCF, 0x7B, 0x4D, 0x6B,
    0x69, 0x4A, 0x8E, 0x73, 0xF3, 0x9C, 0x96, 0xB5, 0x92, 0x94, 0x6D, 0x6B, 0x8E, 0x73, 0x4D, 0x6B,
    0xD3, 0x9C, 0x10, 0x84, 0x30, 0x84, 0x2C, 0x63, 0x49, 0x4A, 0x8E, 0x73, 0xB2, 0x94, 0x96, 0xB5,
    0xB2, 0x94, 0x8E, 0x73, 0x10, 0x84, 0x8E, 0x73, 0x30, 0x84, 0x8E, 0x73, 0xAE, 0x73, 0x0C, 0x63,
    0x8A, 0x52, 0x8E, 0x73, 0xB2, 0x94, 0x34, 0xA5, 0x71, 0x8C, 0x4D, 0x6B, 0xCF, 0x7B, 0x6D, 0x6B,
    0x92, 0x94, 0x92, 0x94, 0x71, 0x8C, 0xB2, 0x94, 0x92, 0x94, 0x92, 0x94, 0xD3, 0x9C, 0xF3, 0x9C,
    0x30, 0x84, 0xEF, 0x7B, 0x30, 0x84, 0x10, 0x84, 0x71, 0x8C, 0x10, 0x84, 0x30, 0x84, 0x30, 0x84,
    0x30, 0x84, 0x10, 0x84, 0x51, 0x8C, 0x10, 0x84, 0xCF, 0x7B, 0xEF, 0x7B, 0x10, 0x84, 0xCF, 0x7B,
    0x34, 0xA5, 0xB2, 0x94, 0x92, 0x94, 0x71, 0x8C, 0x71, 0x8C, 0xB2, 0x94, 0x92, 0x94, 0x10, 0x84,
    0x51, 0x8C, 0x51, 0x8C, 0xB2, 0x94, 0x30, 0x84, 0xAE, 0x73, 0x6D, 0x6B, 0x6D, 0x6B, 0x4D, 0x6B,
    0xAE, 0x73, 0x8E, 0x73, 0x4D, 0x6B, 0x0C, 0x63, 0x6D, 0x6B, 0x6D, 0x6B, 0x6D, 0x6B, 0x2C, 0x63,
    0x49, 0x4A, 0x49, 0x4A, 0x49, 0x4A, 0x28, 0x42, 0x28, 0x42, 0x28, 0x42, 0x08, 0x42, 0x28, 0x42,
    0x49, 0x4A, 0x49, 0x4A, 0x28, 0x42, 0x08, 0x42, 0x2C, 0x63, 0x2C, 0x63, 0x2C, 0x63, 0x2C, 0x63,
    0x2C, 0x63, 0x0C, 0x63, 0xEB, 0x5A, 0x2C, 0x63, 0x4D, 0x6B, 0x4D, 0x6B, 0x2C, 0x63, 0x4D, 0x6B,
    0x92, 0x94, 0x92, 0x94, 0x51, 0x8C, 0x10, 0x84, 0xCF, 0x7B, 0xAE, 0x73, 0xEF, 0x7B, 0x92, 0x94,
    0xF3, 0x9C, 0xB2, 0x94, 0x92, 0x94, 0xB2, 0x94, 0x34, 0xA5, 0x14, 0xA5, 0xB2, 0x94, 0xEF, 0x7B,
    0xAE, 0x73, 0xCF, 0x7B, 0xD3, 0x9C, 0xB6, 0xB5, 0x96, 0xB5, 0x55, 0xAD, 0x55, 0xAD, 0x55, 0xAD,
    0xF3, 0x9C, 0xB2, 0x94, 0x92, 0x94, 0xAE, 0x73, 0x2C, 0x63, 0xAE, 0x73, 0x34, 0xA5, 0xF7, 0xBD,
    0x34, 0xA5, 0x92, 0x94, 0x92, 0x94, 0x30, 0x84, 0xEF, 0x7B, 0x8E, 0x73, 0xAE, 0x73, 0x2C, 0x63,
    0xCB, 0x5A, 0x8E, 0x73, 0xD3, 0x9C, 0x96, 0xB5, 0x92, 0x94, 0x4D, 0x6B, 0x8E, 0x73, 0x2C, 0x63,
    0x71, 0x8C, 0x10, 0x84, 0x30, 0x84, 0x8E, 0x73, 0x69, 0x4A, 0x6D, 0x6B, 0xB2, 0x94, 0xB6, 0xB5,
    0x92, 0x94, 0x4D, 0x6B, 0x10, 0x84, 0xAE, 0x73, 0x30, 0x84, 0x6D, 0x6B, 0x51, 0x8C, 0x6D, 0x6B,
    0x28, 0x42, 0x4D, 0x6B, 0xB2, 0x94, 0xF3, 0x9C, 0x30, 0x84, 0x2C, 0x63, 0xAE, 0x73, 0x8E, 0x73,
    0xB2, 0x94, 0x71, 0x8C, 0xD3, 0x9C, 0xEF, 0x7B, 0x28, 0x42, 0x2C, 0x63, 0x92, 0x94, 0x55, 0xAD,
    0xB2, 0x94, 0x10, 0x84, 0x71, 0x8C, 0xEF, 0x7B, 0x30, 0x84, 0x10, 0x84, 0x71, 0x8C, 0x8E, 0x73,
    0x28, 0x42, 0x4D, 0x6B, 0x92, 0x94, 0x55, 0xAD, 0x51, 0x8C, 0x8E, 0x73, 0x10, 0x84, 0xCF, 0x7B,
    0xF3, 0x9C, 0x51, 0x8C, 0x71, 0x8C, 0x6D, 0x6B, 0x28, 0x42, 0x4D, 0x6B, 0xB2, 0x94, 0x75, 0xAD,
    0x92, 0x94, 0xAE, 0x73, 0x30, 0x84, 0xAE, 0x73, 0x30, 0x84, 0x8E, 0x73, 0x2C, 0x63, 0xAA, 0x52,
    0x49, 0x4A, 0x8E, 0x73, 0xD3, 0x9C, 0x55, 0xAD, 0x71, 0x8C, 0x8E, 0x73, 0x30, 0x84, 0xCF, 0x7B,
    0x49, 0x4A, 0x49, 0x4A, 0x28, 0x42, 0x28, 0x42, 0xCB, 0x5A, 0xCF, 0x7B, 0xF3, 0x9C, 0x55, 0xAD,
    0xB2, 0x94, 0x6D, 0x6B, 0x30, 0x84, 0xAE, 0x73, 0x4D, 0x6B, 0x4D, 0x6B, 0x4D, 0x6B, 0x4D, 0x6B,
    0x6D, 0x6B, 0x10, 0x84, 0xF3, 0x9C, 0x75, 0xAD, 0x92, 0x94, 0x8E, 0x73, 0x10, 0x84, 0xCF, 0x7B,
    0x92, 0x94, 0x92, 0x94, 0x51, 0x8C, 0x51, 0x8C, 0x10, 0x84, 0x30, 0x84, 0xD3, 0x9C, 0x14, 0xA5,
    0x51, 0x8C, 0x8E, 0x73, 0x51, 0x8C, 0xEF, 0x7B, 0x14, 0xA5, 0x55, 0xAD, 0xB2, 0x94, 0x30, 0x84,
    0x10, 0x84, 0x30, 0x84, 0x14, 0xA5, 0x34, 0xA5, 0x10, 0x84, 0x0C, 0x63, 0x10, 0x84, 0xEF, 0x7B,
    0xF3, 0x9C, 0x92, 0x94, 0x71, 0x8C, 0xEF, 0x7B, 0x2C, 0x63, 0xEF, 0x7B, 0x14, 0xA5, 0x75, 0xAD,
    0x51, 0x8C, 0x4D, 0x6B, 0xCF, 0x7B, 0x6D, 0x6B, 0xEF, 0x7B, 0x6D, 0x6B, 0xEF, 0x7B, 0x8E, 0x73,
    0x8A, 0x52, 0x8E, 0x73, 0xF3, 0x9C, 0x55, 0xAD, 0x51, 0x8C, 0x4D, 0x6B, 0xEF, 0x7B, 0x2C, 0x63,
    0x92, 0x94, 0x10, 0x84, 0x92, 0x94, 0x8E, 0x73, 0x49, 0x4A, 0x4D, 0x6B, 0x92, 0x94, 0x34, 0xA5,
    0x71, 0x8C, 0xAE, 0x73, 0x10, 0x84, 0x6D, 0x6B, 0x30, 0x84, 0xCF, 0x7B, 0x51, 0x8C, 0x4D, 0x6B,
    0x69, 0x4A, 0x6D, 0x6B, 0x92, 0x94, 0x14, 0xA5, 0x51, 0x8C, 0x4D, 0x6B, 0xCF, 0x7B, 0x8E, 0x73,
    0x92, 0x94, 0x92, 0x94, 0x71, 0x8C, 0xB2, 0x94, 0x92, 0x94, 0x92, 0x94, 0xD3, 0x9C, 0xD3, 0x9C,
    0x30, 0x84, 0xEF, 0x7B, 0x30, 0x84, 0x10, 0x84, 0x71, 0x8C, 0x10, 0x84, 0x30, 0x84, 0x30, 0x84,
    0x30, 0x84, 0x10, 0x84, 0x51, 0x8C, 0x10, 0x84, 0xCF, 0x7B, 0xEF, 0x7B, 0x10, 0x84, 0xCF, 0x7B,
    0x34, 0xA5, 0xB2, 0x94, 0x92, 0x94, 0x71, 0x8C, 0x71, 0x8C, 0xB2, 0x94, 0x92, 0x94, 0xEF, 0x7B,
    0xCF, 0x7B, 0xEF, 0x7B, 0x30, 0x84, 0xAE, 0x73, 0xAE, 0x73, 0x6D, 0x6B, 0x6D, 0x6B, 0x4D, 0x6B,
    0xAE, 0x73, 0x8E, 0x73, 0xAE, 0x73, 0x8E, 0x73, 0xCF, 0x7B, 0xEF, 0x7B, 0xEF, 0x7B, 0xAE, 0x73,
    0x49, 0x4A, 0x49, 0x4A, 0x49, 0x4A, 0x28, 0x42, 0x49, 0x4A, 0x8A, 0x52, 0x0C, 0x63, 0xCF, 0x7B,
    0x10, 0x84, 0x8E, 0x73, 0xEF, 0x7B, 0x8E, 0x73, 0x2C, 0x63, 0x2C, 0x63, 0x2C, 0x63, 0x2C, 0x63,
    0x2C, 0x63, 0x2C, 0x63, 0x6D, 0x6B, 0x30, 0x84, 0x51, 0x8C, 0x8E, 0x73, 0x10, 0x84, 0xAE, 0x73,
    0x92, 0x94, 0x92, 0x94, 0x51, 0x8C, 0x10, 0x84, 0xCF, 0x7B, 0xEF, 0x7B, 0x51, 0x8C, 0xD3, 0x9C,
    0xB2, 0x94, 0x8E, 0x73, 0xEF, 0x7B, 0xCF, 0x7B, 0x34, 0xA5, 0x14, 0xA5, 0xB2, 0x94, 0xEF, 0x7B,
    0xAE, 0x73, 0xEF, 0x7B, 0xF3, 0x9C, 0x75, 0xAD, 0x71, 0x8C, 0x4D, 0x6B, 0xEF, 0x7B, 0xCF, 0x7B,
    0xF3, 0x9C, 0xB2, 0x94, 0x92, 0x94, 0xAE, 0x73, 0x2C, 0x63, 0xCF, 0x7B, 0x14, 0xA5, 0x75, 0xAD,
    0x92, 0x94, 0x8E, 0x73, 0x10, 0x84, 0xAE, 0x73, 0xEF, 0x7B, 0x8E, 0x73, 0xAE, 0x73, 0x2C, 0x63,
    0xCB, 0x5A, 0x8E, 0x73, 0xB2, 0x94, 0x55, 0xAD, 0x71, 0x8C, 0x6D, 0x6B, 0x30, 0x84, 0xAE, 0x73,
    0x71, 0x8C, 0x10, 0x84, 0x30, 0x84, 0x8E, 0x73, 0x69, 0x4A, 0x6D, 0x6B, 0x92, 0x94, 0x96, 0xB5,
    0x92, 0x94, 0x4D, 0x6B, 0x10, 0x84, 0xAE, 0x73, 0x30, 0x84, 0x6D, 0x6B, 0x51, 0x8C, 0x6D, 0x6B,
    0x28, 0x42, 0x2C, 0x63, 0x92, 0x94, 0xF3, 0x9C, 0x30, 0x84, 0x2C, 0x63, 0xAE, 0x73, 0x8E, 0x73,
    0xB2, 0x94, 0x71, 0x8C, 0xD3, 0x9C, 0xCF, 0x7B, 0x28, 0x42, 0x4D, 0x6B, 0xB2, 0x94, 0x75, 0xAD,
    0x34, 0xA5, 0xCF, 0x7B, 0x30, 0x84, 0x10, 0x84, 0x92, 0x94, 0x10, 0x84, 0x30, 0x84, 0x6D, 0x6B,
    0x49, 0x4A, 0x4D, 0x6B, 0xB2, 0x94, 0x55, 0xAD, 0xB2, 0x94, 0x6D, 0x6B, 0x10, 0x84, 0x8E, 0x73,
    0xF3, 0x9C, 0xB2, 0x94, 0xD3, 0x9C, 0x8E, 0x73, 0x28, 0x42, 0x4D, 0x6B, 0x71, 0x8C, 0xD3, 0x9C,
    0x51, 0x8C, 0xAE, 0x73, 0x51, 0x8C, 0x30, 0x84, 0xEF, 0x7B, 0x8E, 0x73, 0x8E, 0x73, 0xEB, 0x5A,
    0x69, 0x4A, 0x6D, 0x6B, 0x10, 0x84, 0xEF, 0x7B, 0x8E, 0x73, 0x6D, 0x6B, 0x8E, 0x73, 0x2C, 0x63,
    0x49, 0x4A, 0x28, 0x42, 0x08, 0x42, 0x49, 0x4A, 0x0C, 0x63, 0xAE, 0x73, 0xCF, 0x7B, 0xAE, 0x73,
    0x2C, 0x63, 0xAA, 0x52, 0x49, 0x4A, 0x08, 0x42, 0x4D, 0x6B, 0x2C, 0x63, 0x4D, 0x6B, 0x8E, 0x73,
    0xCF, 0x7B, 0x10, 0x84, 0x30, 0x84, 0x30, 0x84, 0xCF, 0x7B, 0x8E, 0x73, 0x6D, 0x6B, 0x2C, 0x63,
    0x92, 0x94, 0x92, 0x94, 0xD3, 0x9C, 0xF3, 0x9C, 0xF3, 0x9C, 0xD3, 0x9C, 0xF3, 0x9C, 0x14, 0xA5,
    0xF3, 0x9C, 0xB2, 0x94, 0x92, 0x94, 0x92, 0x94, 0x34, 0xA5, 0x34, 0xA5, 0x55, 0xAD, 0x75, 0xAD,
    0x34, 0xA5, 0x14, 0xA5, 0x75, 0xAD, 0x55, 0xAD, 0x55, 0xAD, 0x75, 0xAD, 0x55, 0xAD, 0x34, 0xA5,
    0x14, 0xA5, 0x71, 0x8C, 0x51, 0x8C, 0x51, 0x8C, 0x10, 0x84, 0x51, 0x8C, 0x92, 0x94, 0xB2, 0x94,
    0x71, 0x8C, 0x92, 0x94, 0x51, 0x8C, 0xEF, 0x7B, 0x10, 0x84, 0xAE, 0x73, 0x4D, 0x6B, 0x4D, 0x6B,
    0x0C, 0x63, 0x8E, 0x73, 0x8E, 0x73, 0x6D, 0x6B, 0x8E, 0x73, 0xAE, 0x73, 0x8E, 0x73, 0x4D, 0x6B,
    0xD3, 0x9C, 0x10, 0x84, 0xEF, 0x7B, 0xCF, 0x7B, 0x10, 0x84, 0x51, 0x8C, 0x10, 0x84, 0x30, 0x84,
    0x30, 0x84, 0x30, 0x84, 0x10, 0x84, 0x8E, 0x73, 0x30, 0x84, 0x8E, 0x73, 0x4D, 0x6B, 0x8E, 0x73,
    0x10, 0x84, 0xEF, 0x7B, 0xEF, 0x7B, 0xCF, 0x7B, 0xEF, 0x7B, 0xCF, 0x7B, 0xCF, 0x7B, 0x6D, 0x6B,
    0xB2, 0x94, 0xB2, 0x94, 0x92, 0x94, 0x92, 0x94, 0x71, 0x8C, 0x71, 0x8C, 0x92, 0x94, 0xB2, 0x94,
    0x71, 0x8C, 0x92, 0x94, 0x92, 0x94, 0x10, 0x84, 0x51, 0x8C, 0x10, 0x84, 0x30, 0x84, 0xEF, 0x7B,
    0xEF, 0x7B, 0x10, 0x84, 0xEF, 0x7B, 0xEF, 0x7B, 0x10, 0x84, 0x30, 0x84, 0x10, 0x84, 0xAE, 0x73,
    0x71, 0x8C, 0x51, 0x8C, 0x51, 0x8C, 0x51, 0x8C, 0x92, 0x94, 0xB2, 0x94, 0x71, 0x8C, 0x30, 0x84,
    0x92, 0x94, 0x71, 0x8C, 0x30, 0x84, 0x10, 0x84, 0x8E, 0x73, 0x2C, 0x63, 0x6D, 0x6B, 0x4D, 0x6B,
    0x8E, 0x73, 0xAE, 0x73, 0xAE, 0x73, 0x4D, 0x6B, 0x6D, 0x6B, 0x8E, 0x73, 0x6D, 0x6B, 0x0C, 0x63,
    0x69, 0x4A, 0x28, 0x42, 0xE7, 0x39, 0xE7, 0x39, 0x28, 0x42, 0x49, 0x4A, 0x49, 0x4A, 0x49, 0x4A,
    0x49, 0x4A, 0x28, 0x42, 0x49, 0x4A, 0x08, 0x42, 0x6D, 0x6B, 0x6D, 0x6B, 0x4D, 0x6B, 0x0C, 0x63,
    0x2C, 0x63, 0x2C, 0x63, 0x2C, 0x63, 0x4D, 0x6B, 0x6D, 0x6B, 0x4D, 0x6B, 0x4D, 0x6B, 0x4D, 0x6B,
    0xB2, 0x94, 0xB2, 0x94, 0xB2, 0x94, 0xB2, 0x94, 0xB2, 0x94, 0x92, 0x94, 0x92, 0x94, 0x71, 0x8C,
    0x92, 0x94, 0xB2, 0x94, 0xB2, 0x94, 0xB2, 0x94, 0x55, 0xAD, 0x75, 0xAD, 0x34, 0xA5, 0x96, 0xB5,
    0x55, 0xAD, 0x75, 0xAD, 0x55, 0xAD, 0x14, 0xA5, 0x14, 0xA5, 0x75, 0xAD, 0x96, 0xB5, 0x55, 0xAD,
    0x14, 0xA5, 0xB2, 0x94, 0x71, 0x8C, 0x71, 0x8C, 0x71, 0x8C, 0xB2, 0x94, 0x92, 0x94, 0x51, 0x8C,
    0x30, 0x84, 0x51, 0x8C, 0xB2, 0x94, 0x92, 0x94, 0xEF, 0x7B, 0x8E, 0x73, 0xAE, 0x73, 0x8E, 0x73,
    0x8E, 0x73, 0x8E, 0x73, 0x8E, 0x73, 0x8E, 0x73, 0x8E, 0x73, 0x4D, 0x6B, 0x4D, 0x6B, 0x0C, 0x63,
    0x92, 0x94, 0x10, 0x84, 0x30, 0x84, 0xEF, 0x7B, 0x10, 0x84, 0xEF, 0x7B, 0x30, 0x84, 0x10, 0x84,
    0x30, 0x84, 0xEF, 0x7B, 0x10, 0x84, 0x4D, 0x6B, 0x10, 0x84, 0xAE, 0x73, 0xEF, 0x7B, 0x8E, 0x73,
    0xAE, 0x73, 0xAE, 0x73, 0xAE, 0x73, 0xAE, 0x73, 0xCF, 0x7B, 0xCF, 0x7B, 0xAE, 0x73, 0x6D, 0x6B,
    0xB2, 0x94, 0x71, 0x8C, 0xD3, 0x9C, 0xEF, 0x7B, 0x49, 0x4A, 0x4D, 0x6B, 0x92, 0x94, 0x55, 0xAD,
    0xB2, 0x94, 0x10, 0x84, 0x71, 0x8C, 0xEF, 0x7B, 0x30, 0x84, 0x10, 0x84, 0x71, 0x8C, 0x8E, 0x73,
    0x28, 0x42, 0x4D, 0x6B, 0x92, 0x94, 0x55, 0xAD, 0x51, 0x8C, 0x8E, 0x73, 0x10, 0x84, 0xCF, 0x7B,
    0xF3, 0x9C, 0x51, 0x8C, 0x71, 0x8C, 0x6D, 0x6B, 0x28, 0x42, 0x4D, 0x6B, 0xB2, 0x94, 0x75, 0xAD,
    0x92, 0x94, 0xAE, 0x73, 0x30, 0x84, 0xAE, 0x73, 0x30, 0x84, 0x8E, 0x73, 0x2C, 0x63, 0xAA, 0x52,
    0x49, 0x4A, 0x8E, 0x73, 0xD3, 0x9C, 0x55, 0xAD, 0x71, 0x8C, 0x8E, 0x73, 0x30, 0x84, 0xCF, 0x7B,
    0x49, 0x4A, 0x49, 0x4A, 0x49, 0x4A, 0x49, 0x4A, 0xCB, 0x5A, 0xCF, 0x7B, 0x14, 0xA5, 0x75, 0xAD,
    0xB2, 0x94, 0x6D, 0x6B, 0x30, 0x84, 0xAE, 0x73, 0x4D, 0x6B, 0x4D, 0x6B, 0x6D, 0x6B, 0x6D, 0x6B,
    0xAE, 0x73, 0x92, 0x94, 0x75, 0xAD, 0xD7, 0xBD, 0xB2, 0x94, 0x8E, 0x73, 0x10, 0x84, 0xCF, 0x7B,
    0x92, 0x94, 0x92, 0x94, 0xB2, 0x94, 0x14, 0xA5, 0x14, 0xA5, 0x75, 0xAD, 0xF7, 0xBD, 0xB6, 0xB5,
    0x51, 0x8C, 0x8E, 0x73, 0x51, 0x8C, 0xEF, 0x7B, 0x14, 0xA5, 0x75, 0xAD, 0x34, 0xA5, 0x75, 0xAD,
    0xB6, 0xB5, 0xD7, 0xBD, 0x18, 0xC6, 0x55, 0xAD, 0x8E, 0x73, 0x0C, 0x63, 0x10, 0x84, 0xEF, 0x7B,
    0xF3, 0x9C, 0x92, 0x94, 0x71, 0x8C, 0x92, 0x94, 0x71, 0x8C, 0xD3, 0x9C, 0xB2, 0x94, 0x30, 0x84,
    0x2C, 0x63, 0xCF, 0x7B, 0xCF, 0x7B, 0x6D, 0x6B, 0xEF, 0x7B, 0x4D, 0x6B, 0x6D, 0x6B, 0x8E, 0x73,
    0x4D, 0x6B, 0x8E, 0x73, 0x8E, 0x73, 0x8E, 0x73, 0xEF, 0x7B, 0xEF, 0x7B, 0xEF, 0x7B, 0x2C, 0x63,
    0x92, 0x94, 0x10, 0x84, 0x30, 0x84, 0x10, 0x84, 0xEF, 0x7B, 0xEF, 0x7B, 0x10, 0x84, 0xEF, 0x7B,
    0xEF, 0x7B, 0x30, 0x84, 0x10, 0x84, 0x6D, 0x6B, 0x30, 0x84, 0xCF, 0x7B, 0xCF, 0x7B, 0xCF, 0x7B,
    0xCF, 0x7B, 0xCF, 0x7B, 0xCF, 0x7B, 0xAE, 0x73, 0xCF, 0x7B, 0xCF, 0x7B, 0xCF, 0x7B, 0x8E, 0x73,
    0xB2, 0x94, 0x71, 0x8C, 0x71, 0x8C, 0x92, 0x94, 0x71, 0x8C, 0x71, 0x8C, 0x92, 0x94, 0x71, 0x8C,
    0x30, 0x84, 0xB2, 0x94, 0x71, 0x8C, 0xEF, 0x7B, 0x30, 0x84, 0x10, 0x84, 0xEF, 0x7B, 0x30, 0x84,
    0x10, 0x84, 0x30, 0x84, 0xEF, 0x7B, 0x10, 0x84, 0xEF, 0x7B, 0x30, 0x84, 0x10, 0x84, 0xCF, 0x7B,
    0xF3, 0x9C, 0x51, 0x8C, 0x30, 0x84, 0x71, 0x8C, 0x71, 0x8C, 0x51, 0x8C, 0x10, 0x84, 0x10, 0x84,
    0x10, 0x84, 0x30, 0x84, 0x30, 0x84, 0xAE, 0x73, 0x30, 0x84, 0x8E, 0x73, 0x4D, 0x6B, 0x4D, 0x6B,
    0x8E, 0x73, 0x10, 0x84, 0xEF, 0x7B, 0xEF, 0x7B, 0xEF, 0x7B, 0x10, 0x84, 0x30, 0x84, 0xCF, 0x7B,
    0x69, 0x4A, 0x49, 0x4A, 0x49, 0x4A, 0x49, 0x4A, 0xCB, 0x5A, 0xAE, 0x73, 0x10, 0x84, 0x8E, 0x73,
    0x30, 0x84, 0xEF, 0x7B, 0x30, 0x84, 0xAE, 0x73, 0x4D, 0x6B, 0x6D, 0x6B, 0x4D, 0x6B, 0x6D, 0x6B,
    0xCF, 0x7B, 0x51, 0x8C, 0x51, 0x8C, 0x8E, 0x73, 0x30, 0x84, 0x30, 0x84, 0x10, 0x84, 0xCF, 0x7B,
    0x92, 0x94, 0x92, 0x94, 0xB2, 0x94, 0x34, 0xA5, 0x96, 0xB5, 0x96, 0xB5, 0x71, 0x8C, 0x4D, 0x6B,
    0xCF, 0x7B, 0x10, 0x84, 0x51, 0x8C, 0xEF, 0x7B, 0x14, 0xA5, 0x75, 0xAD, 0x55, 0xAD, 0xB6, 0xB5,
    0x38, 0xC6, 0xF7, 0xBD, 0x51, 0x8C, 0x6D, 0x6B, 0x8E, 0x73, 0x8E, 0x73, 0x10, 0x84, 0xEF, 0x7B,
    0xD3, 0x9C, 0x92, 0x94, 0x71, 0x8C, 0x92, 0x94, 0x71, 0x8C, 0x71, 0x8C, 0x6D, 0x6B, 0x10, 0x84,
    0xEF, 0x7B, 0xCF, 0x7B, 0xCF, 0x7B, 0x6D, 0x6B, 0xEF, 0x7B, 0x4D, 0x6B, 0x6D, 0x6B, 0x8E, 0x73,
    0x4D, 0x6B, 0x6D, 0x6B, 0x30, 0x84, 0x10, 0x84, 0xEF, 0x7B, 0xEF, 0x7B, 0xEF, 0x7B, 0x2C, 0x63,
    0x92, 0x94, 0x10, 0x84, 0x30, 0x84, 0x10, 0x84, 0xEF, 0x7B, 0xEF, 0x7B, 0x10, 0x84, 0xEF, 0x7B,
    0xEF, 0x7B, 0x30, 0x84, 0x10, 0x84, 0x6D, 0x6B, 0x30, 0x84, 0xCF, 0x7B, 0xCF, 0x7B, 0xCF, 0x7B,
    0xAE, 0x73, 0xAE, 0x73, 0xCF, 0x7B, 0xAE, 0x73, 0xCF, 0x7B, 0xCF, 0x7B, 0xEF, 0x7B, 0x8E, 0x73,
    0xB2, 0x94, 0xB2, 0x94, 0xF3, 0x9C, 0xEF, 0x7B, 0x49, 0x4A, 0x4D, 0x6B, 0xB2, 0x94, 0x75, 0xAD,
    0xD3, 0x9C, 0xEF, 0x7B, 0x92, 0x94, 0x10, 0x84, 0x51, 0x8C, 0x10, 0x84, 0xB2, 0x94, 0x6D, 0x6B,
    0x28, 0x42, 0x2C, 0x63, 0x71, 0x8C, 0xF3, 0x9C, 0x92, 0x94, 0xAE, 0x73, 0x10, 0x84, 0xAE, 0x73,
    0xEF, 0x7B, 0xEF, 0x7B, 0x51, 0x8C, 0x6D, 0x6B, 0x49, 0x4A, 0x4D, 0x6B, 0x51, 0x8C, 0x71, 0x8C,
    0x92, 0x94, 0xEF, 0x7B, 0x10, 0x84, 0x10, 0x84, 0x51, 0x8C, 0xCF, 0x7B, 0x51, 0x8C, 0x6D, 0x6B,
    0x49, 0x4A, 0x2C, 0x63, 0x30, 0x84, 0xEF, 0x7B, 0xEF, 0x7B, 0x6D, 0x6B, 0x6D, 0x6B, 0x0C, 0x63,
    0xF3, 0x9C, 0x10, 0x84, 0x10, 0x84, 0x0C, 0x63, 0x28, 0x42, 0x2C, 0x63, 0xEF, 0x7B, 0xEF, 0x7B,
    0x6D, 0x6B, 0xAA, 0x52, 0x69, 0x4A, 0x08, 0x42, 0xD3, 0x9C, 0x51, 0x8C, 0x92, 0x94, 0x4D, 0x6B,
    0x08, 0x42, 0xEB, 0x5A, 0xAE, 0x73, 0x10, 0x84, 0xEF, 0x7B, 0x8E, 0x73, 0x4D, 0x6B, 0x4D, 0x6B,
    0xB2, 0x94, 0x10, 0x84, 0xB2, 0x94, 0x8E, 0x73, 0x28, 0x42, 0x0C, 0x63, 0xEF, 0x7B, 0x71, 0x8C,
    0xD3, 0x9C, 0xF3, 0x9C, 0xD3, 0x9C, 0xB2, 0x94, 0xB2, 0x94, 0x30, 0x84, 0x71, 0x8C, 0xAE, 0x73,
    0x28, 0x42, 0x2C, 0x63, 0x51, 0x8C, 0x34, 0xA5, 0x96, 0xB5, 0xD7, 0xBD, 0xB6, 0xB5, 0x55, 0xAD,
    0xD3, 0x9C, 0x30, 0x84, 0x71, 0x8C, 0x4D, 0x6B, 0x28, 0x42, 0x4D, 0x6B, 0xB2, 0x94, 0x96, 0xB5,
    0xD3, 0x9C, 0x71, 0x8C, 0xB2, 0x94, 0x92, 0x94, 0x92, 0x94, 0x30, 0x84, 0x92, 0x94, 0x6D, 0x6B,
    0x49, 0x4A, 0x4D, 0x6B, 0xB2, 0x94, 0x96, 0xB5, 0x92, 0x94, 0x0C, 0x63, 0x4D, 0x6B, 0x0C, 0x63,
    0x92, 0x94, 0x10, 0x84, 0xB2, 0x94, 0x6D, 0x6B, 0x49, 0x4A, 0x2C, 0x63, 0xB2, 0x94, 0x75, 0xAD,
    0xB2, 0x94, 0x6D, 0x6B, 0x10, 0x84, 0x4D, 0x6B, 0x10, 0x84, 0xAE, 0x73, 0x71, 0x8C, 0x2C, 0x63,
    0x69, 0x4A, 0x4D, 0x6B, 0x92, 0x94, 0x14, 0xA5, 0x51, 0x8C, 0x4D, 0x6B, 0xAE, 0x73, 0x6D, 0x6B,
    0xB2, 0x94, 0xB2, 0x94, 0x92, 0x94, 0x92, 0x94, 0x71, 0x8C, 0x71, 0x8C, 0xB2, 0x94, 0xB2, 0x94,
    0x71, 0x8C, 0x92, 0x94, 0x92, 0x94, 0x10, 0x84, 0x51, 0x8C, 0x10, 0x84, 0x30, 0x84, 0xEF, 0x7B,
    0xEF, 0x7B, 0x10, 0x84, 0xEF, 0x7B, 0xEF, 0x7B, 0x10, 0x84, 0x30, 0x84, 0x10, 0x84, 0xAE, 0x73,
    0xEF, 0x7B, 0xEF, 0x7B, 0xEF, 0x7B, 0xEF, 0x7B, 0xB2, 0x94, 0xB2, 0x94, 0x71, 0x8C, 0x30, 0x84,
    0x92, 0x94, 0x71, 0x8C, 0x30, 0x84, 0x10, 0x84, 0x51, 0x8C, 0xCF, 0x7B, 0xEF, 0x7B, 0xB2, 0x94,
    0x51, 0x8C, 0xCF, 0x7B, 0xAE, 0x73, 0x4D, 0x6B, 0x6D, 0x6B, 0x8E, 0x73, 0x6D, 0x6B, 0x0C, 0x63,
    0xF3, 0x9C, 0x10, 0x84, 0x10, 0x84, 0xAE, 0x73, 0xCB, 0x5A, 0x08, 0x42, 0x08, 0x42, 0x49, 0x4A,
    0x49, 0x4A, 0x28, 0x42, 0x49, 0x4A, 0x08, 0x42, 0xD3, 0x9C, 0x51, 0x8C, 0x92, 0x94, 0x6D, 0x6B,
    0xE7, 0x39, 0xE7, 0x39, 0x8A, 0x52, 0x0C, 0x63, 0x4D, 0x6B, 0x4D, 0x6B, 0x4D, 0x6B, 0x4D, 0x6B,
    0xB2, 0x94, 0x10, 0x84, 0xB2, 0x94, 0x8E, 0x73, 0x08, 0x42, 0xAA, 0x52, 0x8E, 0x73, 0x10, 0x84,
    0x92, 0x94, 0xD3, 0x9C, 0xD3, 0x9C, 0xB2, 0x94, 0xB2, 0x94, 0x30, 0x84, 0x71, 0x8C, 0xAE, 0x73,
    0x28, 0x42, 0x2C, 0x63, 0x51, 0x8C, 0x34, 0xA5, 0x96, 0xB5, 0xD7, 0xBD, 0xB6, 0xB5, 0x55, 0xAD,
    0xD3, 0x9C, 0x30, 0x84, 0x71, 0x8C, 0x4D, 0x6B, 0x28, 0x42, 0x4D, 0x6B, 0xB2, 0x94, 0x96, 0xB5,
    0xD3, 0x9C, 0x71, 0x8C, 0xB2, 0x94, 0x92, 0x94, 0x92, 0x94, 0x30, 0x84, 0x92, 0x94, 0x6D, 0x6B,
    0x49, 0x4A, 0x4D, 0x6B, 0xB2, 0x94, 0x96, 0xB5, 0x92, 0x94, 0x0C, 0x63, 0x4D, 0x6B, 0x0C, 0x63,
    0x92, 0x94, 0x10, 0x84, 0xB2, 0x94, 0x6D, 0x6B, 0x49, 0x4A, 0x2C, 0x63, 0xB2, 0x94, 0x75, 0xAD,
    0xB2, 0x94, 0x6D, 0x6B, 0x10, 0x84, 0x4D, 0x6B, 0x10, 0x84, 0xAE, 0x73, 0x71, 0x8C, 0x2C, 0x63,
    0x28, 0x42, 0x2C, 0x63, 0x71, 0x8C, 0x14, 0xA5, 0x51, 0x8C, 0x4D, 0x6B, 0xAE, 0x73, 0x8E, 0x73,
    0xB2, 0x94, 0x71, 0x8C, 0xD3, 0x9C, 0xCF, 0x7B, 0x28, 0x42, 0x4D, 0x6B, 0xB2, 0x94, 0x96, 0xB5,
    0x34, 0xA5, 0xCF, 0x7B, 0x10, 0x84, 0x10, 0x84, 0x92, 0x94, 0x10, 0x84, 0x30, 0x84, 0x6D, 0x6B,
    0x49, 0x4A, 0x4D, 0x6B, 0xB2, 0x94, 0x96, 0xB5, 0xB2, 0x94, 0x4D, 0x6B, 0x10, 0x84, 0x8E, 0x73,
    0x92, 0x94, 0x30, 0x84, 0x71, 0x8C, 0x8E, 0x73, 0x28, 0x42, 0x4D, 0x6B, 0xB2, 0x94, 0x75, 0xAD,
    0x51, 0x8C, 0x4D, 0x6B, 0xEF, 0x7B, 0xAE, 0x73, 0x92, 0x94, 0x10, 0x84, 0x92, 0x94, 0x6D, 0x6B,
    0x49, 0x4A, 0x6D, 0x6B, 0x92, 0x94, 0x14, 0xA5, 0x30, 0x84, 0x8E, 0x73, 0x30, 0x84, 0xAE, 0x73,
    0xB2, 0x94, 0xEF, 0x7B, 0x30, 0x84, 0x4D, 0x6B, 0x49, 0x4A, 0x4D, 0x6B, 0x71, 0x8C, 0x14, 0xA5,
    0x51, 0x8C, 0x8E, 0x73, 0x10, 0x84, 0x8E, 0x73, 0xB2, 0x94, 0xEF, 0x7B, 0x71, 0x8C, 0xAE, 0x73,
    0x49, 0x4A, 0x2C, 0x63, 0x92, 0x94, 0x55, 0xAD, 0x92, 0x94, 0x8E, 0x73, 0x30, 0x84, 0x8E, 0x73,
    0x92, 0x94, 0x10, 0x84, 0xB2, 0x94, 0xAE, 0x73, 0x49, 0x4A, 0x2C, 0x63, 0x92, 0x94, 0x75, 0xAD,
    0xB2, 0x94, 0x8E, 0x73, 0xEF, 0x7B, 0xAE, 0x73, 0x71, 0x8C, 0xEF, 0x7B, 0x92, 0x94, 0x8E, 0x73,
    0x28, 0x42, 0x2C, 0x63, 0xB2, 0x94, 0x55, 0xAD, 0x71, 0x8C, 0x8E, 0x73, 0x10, 0x84, 0xAE, 0x73,
    0xB2, 0x94, 0xEF, 0x7B, 0x51, 0x8C, 0x4D, 0x6B, 0xE7, 0x39, 0x0C, 0x63, 0xB2, 0x94, 0x96, 0xB5,
    0x71, 0x8C, 0x8E, 0x73, 0xEF, 0x7B, 0x6D, 0x6B, 0x92, 0x94, 0x30, 0x84, 0x51, 0x8C, 0x6D, 0x6B,
    0xE7, 0x39, 0x4D, 0x6B, 0xB2, 0x94, 0x34, 0xA5, 0x71, 0x8C, 0xAE, 0x73, 0x30, 0x84, 0xCF, 0x7B,
    0xD3, 0x9C, 0x10, 0x84, 0x51, 0x8C, 0x2C, 0x63, 0x28, 0x42, 0x6D, 0x6B, 0xB2, 0x94, 0x75, 0xAD,
    0xB2, 0x94, 0x8E, 0x73, 0x10, 0x84, 0x8E, 0x73, 0x30, 0x84, 0x8E, 0x73, 0xAE, 0x73, 0x0C, 0x63,
    0x8A, 0x52, 0x8E, 0x73, 0xB2, 0x94, 0x34, 0xA5, 0x71, 0x8C, 0x4D, 0x6B, 0xCF, 0x7B, 0x6D, 0x6B,
    0x92, 0x94, 0x92, 0x94, 0x71, 0x8C, 0xB2, 0x94, 0x92, 0x94, 0x92, 0x94, 0xD3, 0x9C, 0xF3, 0x9C,
    0x30, 0x84, 0xEF, 0x7B, 0x30, 0x84, 0x10, 0x84, 0x71, 0x8C, 0x10, 0x84, 0x30, 0x84, 0x30, 0x84,
    0x30, 0x84, 0x10, 0x84, 0x51, 0x8C, 0x10, 0x84, 0xCF, 0x7B, 0xEF, 0x7B, 0x10, 0x84, 0xCF, 0x7B,
    0xD3, 0x9C, 0x30, 0x84, 0x30, 0x84, 0x10, 0x84, 0xEF, 0x7B, 0x30, 0x84, 0x10, 0x84, 0x8E, 0x73,
    0xCF, 0x7B, 0xEF, 0x7B, 0x30, 0x84, 0xAE, 0x73, 0x51, 0x8C, 0xEF, 0x7B, 0x10, 0x84, 0xEF, 0x7B,
    0x30, 0x84, 0x30, 0x84, 0xCF, 0x7B, 0x8E, 0x73, 0xEF, 0x7B, 0xEF, 0x7B, 0xEF, 0x7B, 0xAE, 0x73,
    0x92, 0x94, 0x10, 0x84, 0x10, 0x84, 0x10, 0x84, 0x92, 0x94, 0x92, 0x94, 0x51, 0x8C, 0x51, 0x8C,
    0x30, 0x84, 0x10, 0x84, 0xEF, 0x7B, 0x8E, 0x73, 0x92, 0x94, 0xEF, 0x7B, 0x30, 0x84, 0x14, 0xA5,
    0x30, 0x84, 0x8E, 0x73, 0xAE, 0x73, 0x10, 0x84, 0x10, 0x84, 0x30, 0x84, 0x10, 0x84, 0xAE, 0x73,
    0x92, 0x94, 0x30, 0x84, 0xB2, 0x94, 0x30, 0x84, 0x49, 0x4A, 0x08, 0x42, 0xAA, 0x52, 0xAE, 0x73,
    0x30, 0x84, 0x8E, 0x73, 0xEF, 0x7B, 0xCF, 0x7B, 0x71, 0x8C, 0x10, 0x84, 0x71, 0x8C, 0x4D, 0x6B,
    0xC7, 0x39, 0x49, 0x4A, 0x8E, 0x73, 0x51, 0x8C, 0x30, 0x84, 0x4D, 0x6B, 0xEF, 0x7B, 0xCF, 0x7B,
    0xB2, 0x94, 0x30, 0x84, 0x71, 0x8C, 0x4D, 0x6B, 0x08, 0x42, 0x0C, 0x63, 0x71, 0x8C, 0x14, 0xA5,
    0x92, 0x94, 0x8E, 0x73, 0x10, 0x84, 0xAE, 0x73, 0x92, 0x94, 0xEF, 0x7B, 0x30, 0x84, 0x4D, 0x6B,
    0x49, 0x4A, 0x4D, 0x6B, 0x92, 0x94, 0x34, 0xA5, 0x71, 0x8C, 0x6D, 0x6B, 0x30, 0x84, 0xAE, 0x73,
    0x71, 0x8C, 0x10, 0x84, 0x51, 0x8C, 0x8E, 0x73, 0x49, 0x4A, 0x4D, 0x6B, 0x92, 0x94, 0x75, 0xAD,
    0x92, 0x94, 0x4D, 0x6B, 0x10, 0x84, 0xAE, 0x73, 0x30, 0x84, 0x6D, 0x6B, 0x51, 0x8C, 0x8E, 0x73,
    0x28, 0x42, 0x2C, 0x63, 0x92, 0x94, 0xF3, 0x9C, 0x30, 0x84, 0x2C, 0x63, 0xAE, 0x73, 0x8E, 0x73,
    0xB2, 0x94, 0x71, 0x8C, 0xD3, 0x9C, 0xCF, 0x7B, 0x28, 0x42, 0x4D, 0x6B, 0xB2, 0x94, 0x75, 0xAD,
    0x34, 0xA5, 0xCF, 0x7B, 0x30, 0x84, 0x10, 0x84, 0x92, 0x94, 0x10, 0x84, 0x30, 0x84, 0x6D, 0x6B,
    0x49, 0x4A, 0x4D, 0x6B, 0xB2, 0x94, 0x55, 0xAD, 0xB2, 0x94, 0x6D, 0x6B, 0x10, 0x84, 0x8E, 0x73,
    0x92, 0x94, 0x30, 0x84, 0x71, 0x8C, 0x8E, 0x73, 0x28, 0x42, 0x4D, 0x6B, 0x71, 0x8C, 0xD3, 0x9C,
    0x51, 0x8C, 0xAE, 0x73, 0x51, 0x8C, 0x30, 0x84, 0x92, 0x94, 0x10, 0x84, 0x92, 0x94, 0x6D, 0x6B,
    0x49, 0x4A, 0x4D, 0x6B, 0xEF, 0x7B, 0xEF, 0x7B, 0x8E, 0x73, 0x6D, 0x6B, 0x8E, 0x73, 0x2C, 0x63,
    0xB2, 0x94, 0xEF, 0x7B, 0x30, 0x84, 0x4D, 0x6B, 0x69, 0x4A, 0x2C, 0x63, 0xAE, 0x73, 0xAE, 0x73,
    0x2C, 0x63, 0xAA, 0x52, 0x49, 0x4A, 0x08, 0x42, 0xB2, 0x94, 0xEF, 0x7B, 0x71, 0x8C, 0xAE, 0x73,
    0x8A, 0x52, 0x2C, 0x63, 0xEF, 0x7B, 0x10, 0x84, 0xCF, 0x7B, 0x8E, 0x73, 0x6D, 0x6B, 0x2C, 0x63,
    0x92, 0x94, 0x10, 0x84, 0xB2, 0x94, 0xEF, 0x7B, 0x2C, 0x63, 0x6D, 0x6B, 0x51, 0x8C, 0xF3, 0x9C,
    0xF3, 0x9C, 0xB2, 0x94, 0x92, 0x94, 0x92, 0x94, 0x71, 0x8C, 0xEF, 0x7B, 0x71, 0x8C, 0x30, 0x84,
    0xCF, 0x7B, 0xEF, 0x7B, 0xD3, 0x9C, 0x34, 0xA5, 0x55, 0xAD, 0x75, 0xAD, 0x55, 0xAD, 0x34, 0xA5,
    0xB2, 0x94, 0xEF, 0x7B, 0xEF, 0x7B, 0xCF, 0x7B, 0x8E, 0x73, 0xEF, 0x7B, 0x92, 0x94, 0xB2, 0x94,
    0x71, 0x8C, 0x92, 0x94, 0x51, 0x8C, 0xEF, 0x7B, 0x92, 0x94, 0x30, 0x84, 0xEF, 0x7B, 0xCF, 0x7B,
    0x0C, 0x63, 0x8E, 0x73, 0x8E, 0x73, 0x6D, 0x6B, 0x8E, 0x73, 0xAE, 0x73, 0x8E, 0x73, 0x4D, 0x6B,
    0xD3, 0x9C, 0x10, 0x84, 0xEF, 0x7B, 0xCF, 0x7B, 0x10, 0x84, 0x51, 0x8C, 0x10, 0x84, 0x30, 0x84,
    0x30, 0x84, 0x30, 0x84, 0x10, 0x84, 0x8E, 0x73, 0x30, 0x84, 0x8E, 0x73, 0x4D, 0x6B, 0x8E, 0x73,
    0x10, 0x84, 0xEF, 0x7B, 0xEF, 0x7B, 0xCF, 0x7B, 0xEF, 0x7B, 0xCF, 0x7B, 0xCF, 0x7B, 0x6D, 0x6B,
    0xB2, 0x94, 0xB2, 0x94, 0x92, 0x94, 0x92, 0x94, 0x71, 0x8C, 0x71, 0x8C, 0x92, 0x94, 0xB2, 0x94,
    0x71, 0x8C, 0x92, 0x94, 0x92, 0x94, 0x10, 0x84, 0x51, 0x8C, 0x10, 0x84, 0x30, 0x84, 0xEF, 0x7B,
    0xEF, 0x7B, 0x10, 0x84, 0xEF, 0x7B, 0xEF, 0x7B, 0x10, 0x84, 0x30, 0x84, 0x10, 0x84, 0xAE, 0x73,
    0xEF, 0x7B, 0xEF, 0x7B, 0xEF, 0x7B, 0xEF, 0x7B, 0x10, 0x84, 0x51, 0x8C, 0x92, 0x94, 0x30, 0x84,
    0x92, 0x94, 0x71, 0x8C, 0x30, 0x84, 0x10, 0x84, 0x51, 0x8C, 0xCF, 0x7B, 0xCF, 0x7B, 0xEF, 0x7B,
    0x30, 0x84, 0x14, 0xA5, 0x51, 0x8C, 0x6D, 0x6B, 0x8E, 0x73, 0x8E, 0x73, 0x6D, 0x6B, 0x2C, 0x63,
    0xF3, 0x9C, 0x10, 0x84, 0x8E, 0x73, 0x8E, 0x73, 0x92, 0x94, 0x30, 0x84, 0x49, 0x4A, 0xE7, 0x39,
    0x28, 0x42, 0x28, 0x42, 0x49, 0x4A, 0x08, 0x42, 0xD3, 0x9C, 0x51, 0x8C, 0x10, 0x84, 0xCF, 0x7B,
    0x51, 0x8C, 0x8E, 0x73, 0x08, 0x42, 0x69, 0x4A, 0x2C, 0x63, 0x4D, 0x6B, 0x4D, 0x6B, 0x4D, 0x6B,
    0xB2, 0x94, 0x10, 0x84, 0x30, 0x84, 0x30, 0x84, 0x92, 0x94, 0xAE, 0x73, 0xAA, 0x52, 0x4D, 0x6B,
    0x30, 0x84, 0x92, 0x94, 0xB2, 0x94, 0xB2, 0x94, 0xB2, 0x94, 0x30, 0x84, 0xEF, 0x7B, 0x30, 0x84,
    0x51, 0x8C, 0x10, 0x84, 0x8E, 0x73, 0xEF, 0x7B, 0xB2, 0x94, 0x75, 0xAD, 0x96, 0xB5, 0x55, 0xAD,
    0xD3, 0x9C, 0x30, 0x84, 0x10, 0x84, 0xEF, 0x7B, 0x10, 0x84, 0xEF, 0x7B, 0x10, 0x84, 0x10, 0x84,
    0x30, 0x84, 0x51, 0x8C, 0xB2, 0x94, 0x92, 0x94, 0x92, 0x94, 0x30, 0x84, 0x30, 0x84, 0x10, 0x84,
    0x10, 0x84, 0x10, 0x84, 0xAE, 0x73, 0x8E, 0x73, 0x8E, 0x73, 0x4D, 0x6B, 0x4D, 0x6B, 0x0C, 0x63,
    0x92, 0x94, 0x10, 0x84, 0x30, 0x84, 0xEF, 0x7B, 0x10, 0x84, 0xEF, 0x7B, 0x30, 0x84, 0x10, 0x84,
    0x30, 0x84, 0xEF, 0x7B, 0x10, 0x84, 0x4D, 0x6B, 0x10, 0x84, 0xAE, 0x73, 0xEF, 0x7B, 0x8E, 0x73,
    0xAE, 0x73, 0xAE, 0x73, 0xAE, 0x73, 0xAE, 0x73, 0xCF, 0x7B, 0xAE, 0x73, 0xAE, 0x73, 0x8E, 0x73,
    0xB2, 0x94, 0x71, 0x8C, 0xD3, 0x9C, 0xEF, 0x7B, 0x49, 0x4A, 0x4D, 0x6B, 0xB2, 0x94, 0x75, 0xAD,
    0x14, 0xA5, 0xCF, 0x7B, 0x10, 0x84, 0x10, 0x84, 0x92, 0x94, 0x10, 0x84, 0x30, 0x84, 0x6D, 0x6B,
    0x49, 0x4A, 0x4D, 0x6B, 0xB2, 0x94, 0x96, 0xB5, 0xB2, 0x94, 0x4D, 0x6B, 0x10, 0x84, 0x8E, 0x73,
    0x92, 0x94, 0x30, 0x84, 0x71, 0x8C, 0x8E, 0x73, 0x28, 0x42, 0x4D, 0x6B, 0xB2, 0x94, 0x75, 0xAD,
    0x51, 0x8C, 0x4D, 0x6B, 0xEF, 0x7B, 0xAE, 0x73, 0x92, 0x94, 0x10, 0x84, 0x92, 0x94, 0x8E, 0x73,
    0x8A, 0x52, 0x8E, 0x73, 0xD3, 0x9C, 0x55, 0xAD, 0x30, 0x84, 0x8E, 0x73, 0x30, 0x84, 0xAE, 0x73,
    0xB2, 0x94, 0xEF, 0x7B, 0x30, 0x84, 0x8E, 0x73, 0x0C, 0x63, 0xEF, 0x7B, 0x34, 0xA5, 0xB6, 0xB5,
    0x71, 0x8C, 0x8E, 0x73, 0x10, 0x84, 0x8E, 0x73, 0xB2, 0x94, 0xEF, 0x7B, 0x51, 0x8C, 0x30, 0x84,
    0xAE, 0x73, 0x51, 0x8C, 0x96, 0xB5, 0xD7, 0xBD, 0x30, 0x84, 0x8E, 0x73, 0x30, 0x84, 0x8E, 0x73,
    0x92, 0x94, 0x10, 0x84, 0x30, 0x84, 0x10, 0x84, 0x10, 0x84, 0x30, 0x84, 0x71, 0x8C, 0x30, 0x84,
    0x4D, 0x6B, 0x10, 0x84, 0xEF, 0x7B, 0xAE, 0x73, 0x71, 0x8C, 0xEF, 0x7B, 0x10, 0x84, 0x10, 0x84,
    0x8E, 0x73, 0x4D, 0x6B, 0x8E, 0x73, 0x6D, 0x6B, 0xEF, 0x7B, 0x10, 0x84, 0x10, 0x84, 0xAE, 0x73,
    0xB2, 0x94, 0xEF, 0x7B, 0xEF, 0x7B, 0xEF, 0x7B, 0x8E, 0x73, 0xCF, 0x7B, 0x30, 0x84, 0x30, 0x84,
    0xEF, 0x7B, 0x10, 0x84, 0xEF, 0x7B, 0x6D, 0x6B, 0x92, 0x94, 0x30, 0x84, 0xEF, 0x7B, 0xCF, 0x7B,
    0x8E, 0x73, 0x10, 0x84, 0x30, 0x84, 0xEF, 0x7B, 0x10, 0x84, 0x30, 0x84, 0x30, 0x84, 0xCF, 0x7B,
    0xD3, 0x9C, 0x10, 0x84, 0xEF, 0x7B, 0xCF, 0x7B, 0x10, 0x84, 0x51, 0x8C, 0x10, 0x84, 0x30, 0x84,
    0x30, 0x84, 0x30, 0x84, 0x10, 0x84, 0x8E, 0x73, 0x30, 0x84, 0x8E, 0x73, 0x4D, 0x6B, 0x8E, 0x73,
    0x10, 0x84, 0xEF, 0x7B, 0xEF, 0x7B, 0xCF, 0x7B, 0xEF, 0x7B, 0xCF, 0x7B, 0xCF, 0x7B, 0x6D, 0x6B,
    0xB2, 0x94, 0xB2, 0x94, 0x92, 0x94, 0x92, 0x94, 0x71, 0x8C, 0x71, 0x8C, 0x92, 0x94, 0x92, 0x94,
    0x30, 0x84, 0xB2, 0x94, 0x71, 0x8C, 0xEF, 0x7B, 0x51, 0x8C, 0x10, 0x84, 0x30, 0x84, 0xEF, 0x7B,
    0xEF, 0x7B, 0x10, 0x84, 0xEF, 0x7B, 0x10, 0x84, 0xEF, 0x7B, 0x30, 0x84, 0x10, 0x84, 0xCF, 0x7B,
    0x10, 0x84, 0xEF, 0x7B, 0xCF, 0x7B, 0xEF, 0x7B, 0xEF, 0x7B, 0x10, 0x84, 0x10, 0x84, 0x10, 0x84,
    0x10, 0x84, 0x30, 0x84, 0x30, 0x84, 0xAE, 0x73, 0x51, 0x8C, 0xCF, 0x7B, 0xCF, 0x7B, 0xCF, 0x7B,
    0xEF, 0x7B, 0xCF, 0x7B, 0x30, 0x84, 0x10, 0x84, 0xEF, 0x7B, 0xEF, 0x7B, 0x30, 0x84, 0xCF, 0x7B,
    0xF3, 0x9C, 0xEF, 0x7B, 0xAE, 0x73, 0xAE, 0x73, 0xAE, 0x73, 0xCF, 0x7B, 0x10, 0x84, 0x10, 0x84,
    0x30, 0x84, 0xEF, 0x7B, 0x30, 0x84, 0xAE, 0x73, 0xD3, 0x9C, 0x51, 0x8C, 0x10, 0x84, 0xAE, 0x73,
    0xCF, 0x7B, 0xEF, 0x7B, 0x30, 0x84, 0x30, 0x84, 0x10, 0x84, 0xEF, 0x7B, 0x10, 0x84, 0xCF, 0x7B,
    0xB2, 0x94, 0x10, 0x84, 0x30, 0x84, 0x10, 0x84, 0xEF, 0x7B, 0xCF, 0x7B, 0x10, 0x84, 0x10, 0x84,
    0xCF, 0x7B, 0x10, 0x84, 0x51, 0x8C, 0xEF, 0x7B, 0xB2, 0x94, 0x30, 0x84, 0xEF, 0x7B, 0x30, 0x84,
    0x10, 0x84, 0xCF, 0x7B, 0xEF, 0x7B, 0xCF, 0x7B, 0xCF, 0x7B, 0xEF, 0x7B, 0x10, 0x84, 0xCF, 0x7B,
    0xD3, 0x9C, 0x30, 0x84, 0x10, 0x84, 0xEF, 0x7B, 0xCF, 0x7B, 0xCF, 0x7B, 0xEF, 0x7B, 0x30, 0x84,
    0xEF, 0x7B, 0xEF, 0x7B, 0xEF, 0x7B, 0x6D, 0x6B, 0x92, 0x94, 0x30, 0x84, 0x30, 0x84, 0xEF, 0x7B,
    0xCF, 0x7B, 0xEF, 0x7B, 0x30, 0x84, 0xEF, 0x7B, 0xEF, 0x7B, 0x10, 0x84, 0x30, 0x84, 0xCF, 0x7B,
    0x92, 0x94, 0x10, 0x84, 0x30, 0x84, 0xEF, 0x7B, 0x10, 0x84, 0x30, 0x84, 0x10, 0x84, 0x30, 0x84,
    0x10, 0x84, 0x30, 0x84, 0x10, 0x84, 0x8E, 0x73, 0x10, 0x84, 0xAE, 0x73, 0xEF, 0x7B, 0x8E, 0x73,
    0xCF, 0x7B, 0xEF, 0x7B, 0xCF, 0x7B, 0xCF, 0x73, 0xEF, 0x7B, 0xAE, 0x73, 0xCF, 0x7B, 0x6D, 0x6B,
    0xB2, 0x94, 0x71, 0x8C, 0xD3, 0x9C, 0xCF, 0x7B, 0x50, 0x4B, 0x54, 0x64, 0xF6, 0x7C, 0x58, 0x8D,
    0x14, 0xA5, 0xCF, 0x7B, 0x10, 0x84, 0x10, 0x84, 0x92, 0x94, 0x10, 0x84, 0x30, 0x84, 0x8E, 0x6B,
    0x91, 0x4B, 0x14, 0x5C, 0x57, 0x8D, 0x37, 0x85, 0xB2, 0x94, 0x6D, 0x6B, 0x10, 0x84, 0xAE, 0x73,
    0x14, 0xA5, 0xB2, 0x94, 0xD3, 0x9C, 0x8E, 0x73, 0x50, 0x43, 0xF3, 0x5B, 0xF7, 0x7C, 0xD6, 0x7C,
    0x51, 0x8C, 0xAE, 0x73, 0x51, 0x8C, 0x30, 0x84, 0x10, 0x7C, 0x8E, 0x73, 0x8E, 0x73, 0x4E, 0x5B,
    0x71, 0x4B, 0x13, 0x5C, 0x95, 0x74, 0x54, 0x6C, 0xD0, 0x6B, 0x6E, 0x6B, 0xAE, 0x73, 0x4D, 0x63,
    0x71, 0x4B, 0x50, 0x43, 0x50, 0x43, 0x91, 0x4B, 0xB2, 0x53, 0x34, 0x64, 0x75, 0x6C, 0x33, 0x64,
    0xD2, 0x5B, 0xB1, 0x53, 0x91, 0x4B, 0x91, 0x4B, 0x13, 0x64, 0x34, 0x64, 0x94, 0x74, 0x54, 0x6C,
    0x34, 0x64, 0x75, 0x6C, 0x75, 0x6C, 0xB5, 0x74, 0x95, 0x74, 0x54, 0x64, 0x34, 0x64, 0x54, 0x6C,
    0xD6, 0x74, 0xB6, 0x74, 0xF6, 0x7C, 0xF6, 0x7C, 0xB6, 0x74, 0x55, 0x6C, 0x95, 0x74, 0x17, 0x85,
    0x17, 0x85, 0xD6, 0x7C, 0xD6, 0x7C, 0x57, 0x8D, 0x37, 0x85, 0xD6, 0x7C, 0x95, 0x74, 0x95, 0x6C,
    0x75, 0x6C, 0x54, 0x6C, 0x58, 0x8D, 0x38, 0x85, 0x58, 0x8D, 0x79, 0x8D, 0x99, 0x95, 0x98, 0x95,
    0x14, 0x9D, 0x71, 0x8C, 0x51, 0x8C, 0xF1, 0x73, 0xB2, 0x53, 0x13, 0x5C, 0x78, 0x8D, 0x99, 0x95,
    0xF5, 0x94, 0xB2, 0x94, 0x51, 0x8C, 0xF0, 0x7B, 0x10, 0x84, 0xAE, 0x73, 0xCF, 0x7B, 0x6D, 0x6B,
    0x30, 0x43, 0xF2, 0x5B, 0x58, 0x8D, 0xB9, 0x95, 0x92, 0x8C, 0x6D, 0x6B, 0x8E, 0x73, 0x4D, 0x6B,
    0xD3, 0x9C, 0x10, 0x84, 0x30, 0x84, 0x4D, 0x63, 0x50, 0x4B, 0x13, 0x5C, 0xF7, 0x7C, 0xB9, 0x9D,
    0xB2, 0x94, 0x8E, 0x73, 0x10, 0x84, 0x8E, 0x73, 0x30, 0x84, 0x8E, 0x73, 0xAE, 0x73, 0x0C, 0x63,
    0x91, 0x53, 0x74, 0x74, 0xF7, 0x7C, 0x58, 0x8D, 0x71, 0x8C, 0x2C, 0x63, 0xCF, 0x7B, 0x6D, 0x6B,
    0x92, 0x94, 0x92, 0x94, 0x71, 0x8C, 0xB2, 0x94, 0x92, 0x94, 0xB2, 0x94, 0xD3, 0x9C, 0xF3, 0x9C,
    0x51, 0x84, 0xEF, 0x7B, 0x30, 0x84, 0x10, 0x84, 0x71, 0x8C, 0x10, 0x84, 0x30, 0x84, 0x30, 0x84,
    0x30, 0x84, 0x10, 0x84, 0x51, 0x8C, 0x10, 0x84, 0xCF, 0x7B, 0xEF, 0x7B, 0x10, 0x84, 0xCF, 0x7B,
    0x34, 0xA5, 0xB2, 0x94, 0x92, 0x94, 0x71, 0x8C, 0x71, 0x8C, 0xB2, 0x94, 0x92, 0x94, 0x10, 0x84,
    0x51, 0x8C, 0x51, 0x8C, 0xB2, 0x94, 0x30, 0x84, 0xCF, 0x73, 0x6D, 0x6B, 0x6E, 0x6B, 0x6D, 0x6B,
    0xAF, 0x73, 0x8E, 0x73, 0x6D, 0x6B, 0x0C, 0x63, 0x6D, 0x6B, 0x6D, 0x6B, 0x6E, 0x6B, 0x4D, 0x63,
    0x71, 0x4B, 0x71, 0x4B, 0x71, 0x4B, 0x91, 0x4B, 0x30, 0x43, 0x50, 0x43, 0x71, 0x4B, 0x30, 0x43,
    0x50, 0x4B, 0x71, 0x4B, 0x71, 0x4B, 0x91, 0x4B, 0x13, 0x64, 0x34, 0x64, 0x94, 0x74, 0x33, 0x64,
    0xF3, 0x5B, 0xF3, 0x5B, 0xF3, 0x5B, 0x33, 0x64, 0x54, 0x64, 0x34, 0x64, 0x13, 0x64, 0x74, 0x6C,
    0xD6, 0x74, 0xD6, 0x74, 0xD6, 0x7C, 0xF6, 0x7C, 0x95, 0x74, 0x34, 0x64, 0x75, 0x6C, 0xD6, 0x7C,
    0xF7, 0x7C, 0xB5, 0x74, 0xD6, 0x7C, 0x78, 0x8D, 0x37, 0x85, 0xF6, 0x7C, 0x95, 0x74, 0x54, 0x6C,
    0x75, 0x6C, 0x54, 0x6C, 0x58, 0x8D, 0x58, 0x8D, 0x38, 0x8D, 0x37, 0x85, 0x78, 0x8D, 0xB9, 0x95,
    0x14, 0x9D, 0xB2, 0x94, 0x92, 0x8C, 0xF1, 0x73, 0xD2, 0x5B, 0x13, 0x64, 0x78, 0x8D, 0x99, 0x95,
    0x15, 0x95, 0x92, 0x94, 0x92, 0x94, 0x30, 0x84, 0xEF, 0x7B, 0x8E, 0x73, 0xAE, 0x73, 0x4D, 0x63,
    0x70, 0x4B, 0xF2, 0x5B, 0x37, 0x85, 0xD9, 0x9D, 0x92, 0x8C, 0x4D, 0x6B, 0x8E, 0x73, 0x2C, 0x63,
    0x71, 0x8C, 0x10, 0x84, 0x30, 0x84, 0x8E, 0x73, 0x50, 0x4B, 0xF3, 0x5B, 0xF7, 0x7C, 0xD9, 0x9D,
    0x92, 0x94, 0x4D, 0x6B, 0x10, 0x84, 0xAE, 0x73, 0x30, 0x84, 0x6D, 0x6B, 0x51, 0x8C, 0x8E, 0x6B,
    0x71, 0x4B, 0x54, 0x6C, 0xF7, 0x7C, 0x37, 0x85, 0x30, 0x84, 0x2C, 0x63, 0xAE, 0x73, 0x8E, 0x73,
    0xB2, 0x94, 0x71, 0x8C, 0xF3, 0x9C, 0xEF, 0x7B, 0x50, 0x4B, 0x34, 0x64, 0xF6, 0x7C, 0x38, 0x8D,
    0xB2, 0x94, 0x10, 0x84, 0x71, 0x8C, 0xEF, 0x7B, 0x30, 0x84, 0x10, 0x84, 0x71, 0x8C, 0xAE, 0x73,
    0x71, 0x4B, 0x34, 0x64, 0x37, 0x85, 0x37, 0x85, 0x51, 0x8C, 0x8E, 0x73, 0x10, 0x84, 0xCF, 0x7B,
    0xF3, 0x9C, 0x51, 0x8C, 0x71, 0x8C, 0x6E, 0x6B, 0x50, 0x43, 0xF3, 0x5B, 0x17, 0x85, 0x37, 0x85,
    0x92, 0x94, 0xAE, 0x73, 0x30, 0x84, 0xAE, 0x73, 0x30, 0x84, 0x8E, 0x73, 0x4D, 0x63, 0x0D, 0x5B,
    0x50, 0x43, 0x13, 0x5C, 0xF7, 0x7C, 0x17, 0x85, 0x71, 0x8C, 0x8E, 0x73, 0x30, 0x84, 0xCF, 0x7B,
    0x91, 0x4B, 0x71, 0x4B, 0x70, 0x4B, 0x91, 0x4B, 0x91, 0x53, 0x34, 0x64, 0x18, 0x85, 0x17, 0x85,
    0xB2, 0x94, 0x6D, 0x6B, 0x30, 0x84, 0xAE, 0x73, 0x13, 0x64, 0x34, 0x64, 0x94, 0x74, 0x54, 0x6C,
    0x33, 0x64, 0x95, 0x74, 0x17, 0x7D, 0x79, 0x8D, 0xB2, 0x94, 0x8E, 0x73, 0x10, 0x84, 0xCF, 0x7B,
    0xD6, 0x7C, 0xB6, 0x74, 0xD6, 0x7C, 0x17, 0x85, 0xB6, 0x74, 0x95, 0x6C, 0xF7, 0x7C, 0x38, 0x85,
    0x51, 0x84, 0x8E, 0x73, 0x51, 0x8C, 0xEF, 0x7B, 0x17, 0x85, 0xF7, 0x84, 0x95, 0x74, 0x95, 0x6C,
    0x96, 0x74, 0x95, 0x74, 0x78, 0x8D, 0x17, 0x85, 0x10, 0x7C, 0x0C, 0x63, 0x10, 0x84, 0xEF, 0x7B,
    0xD3, 0x9C, 0x92, 0x8C, 0x71, 0x8C, 0x31, 0x7C, 0xF2, 0x5B, 0x34, 0x64, 0x78, 0x8D, 0x37, 0x85,
    0x51, 0x8C, 0x4D, 0x6B, 0xCF, 0x7B, 0x6D, 0x6B, 0xEF, 0x7B, 0x6D, 0x6B, 0xEF, 0x7B, 0x8E, 0x73,
    0x50, 0x4B, 0xD2, 0x5B, 0x58, 0x8D, 0x99, 0x95, 0x51, 0x8C, 0x4D, 0x6B, 0xEF, 0x7B, 0x2C, 0x63,
    0x92, 0x94, 0x10, 0x84, 0x92, 0x94, 0x8E, 0x73, 0x50, 0x43, 0xD2, 0x5B, 0xF7, 0x7C, 0x99, 0x95,
    0x72, 0x8C, 0xAE, 0x73, 0x10, 0x84, 0x6D, 0x6B, 0x30, 0x84, 0xCF, 0x7B, 0x51, 0x8C, 0x6D, 0x6B,
    0x91, 0x53, 0x74, 0x6C, 0xF6, 0x7C, 0x37, 0x8D, 0x51, 0x8C, 0x4D, 0x6B, 0xCF, 0x7B, 0x8E, 0x73,
    0x92, 0x94, 0x92, 0x94, 0x92, 0x94, 0xB2, 0x94, 0x92, 0x94, 0xB2, 0x94, 0xD3, 0x9C, 0xF3, 0x9C,
    0x30, 0x84, 0xEF, 0x7B, 0x30, 0x84, 0x10, 0x84, 0x71, 0x8C, 0x10, 0x84, 0x30, 0x84, 0x30, 0x84,
    0x30, 0x84, 0x10, 0x84, 0x51, 0x8C, 0x10, 0x84, 0xCF, 0x7B, 0xEF, 0x7B, 0x10, 0x84, 0xCF, 0x7B,
    0x34, 0xA5, 0xB2, 0x94, 0x92, 0x94, 0x71, 0x8C, 0x71, 0x8C, 0xB2, 0x94, 0x92, 0x94, 0xEF, 0x7B,
    0xCF, 0x7B, 0xEF, 0x7B, 0x30, 0x84, 0xAE, 0x73, 0xCF, 0x73, 0x6D, 0x6B, 0x6E, 0x6B, 0x6D, 0x6B,
    0xAF, 0x73, 0xAE, 0x73, 0xAE, 0x73, 0x8E, 0x73, 0xCF, 0x7B, 0xEF, 0x7B, 0xEF, 0x7B, 0xAE, 0x73,
    0x71, 0x4B, 0x71, 0x4B, 0x71, 0x4B, 0x91, 0x4B, 0x30, 0x43, 0x71, 0x4B, 0xF3, 0x5B, 0x33, 0x6C,
    0x10, 0x84, 0xAE, 0x73, 0x10, 0x84, 0x8E, 0x73, 0x13, 0x64, 0x34, 0x64, 0x94, 0x74, 0x33, 0x64,
    0xF3, 0x5B, 0x13, 0x5C, 0x34, 0x64, 0xD6, 0x7C, 0x51, 0x8C, 0x8E, 0x73, 0x10, 0x84, 0xAE, 0x73,
    0xD6, 0x74, 0xD6, 0x74, 0xD6, 0x7C, 0xF6, 0x7C, 0x95, 0x74, 0x54, 0x6C, 0x95, 0x74, 0x17, 0x85,
    0xB3, 0x94, 0x8E, 0x73, 0xEF, 0x7B, 0xCF, 0x7B, 0x37, 0x85, 0xF6, 0x7C, 0x95, 0x74, 0x54, 0x6C,
    0x75, 0x6C, 0x75, 0x6C, 0x58, 0x8D, 0x37, 0x85, 0x71, 0x8C, 0x4D, 0x6B, 0xEF, 0x7B, 0xCF, 0x7B,
    0x14, 0x9D, 0xB2, 0x94, 0x92, 0x8C, 0xF1, 0x73, 0xD2, 0x5B, 0x13, 0x64, 0x78, 0x8D, 0x37, 0x85,
    0x92, 0x94, 0x8E, 0x73, 0x10, 0x84, 0xAE, 0x73, 0xEF, 0x7B, 0x8E, 0x73, 0xAE, 0x73, 0x4D, 0x63,
    0x70, 0x4B, 0xF2, 0x5B, 0x37, 0x85, 0x99, 0x95, 0x72, 0x8C, 0x6D, 0x6B, 0x30, 0x84, 0xAE, 0x73,
    0x71, 0x8C, 0x10, 0x84, 0x30, 0x84, 0x8E, 0x73, 0x50, 0x4B, 0xF3, 0x5B, 0xF7, 0x7C, 0xB9, 0x95,
    0x92, 0x94, 0x4D, 0x6B, 0x10, 0x84, 0xAE, 0x73, 0x30, 0x84, 0x6D, 0x6B, 0x51, 0x8C, 0x8E, 0x6B,
    0x71, 0x4B, 0x54, 0x6C, 0xF7, 0x7C, 0x17, 0x85, 0x31, 0x84, 0x2C, 0x63, 0xAE, 0x73, 0x8E, 0x73,
    0xB2, 0x94, 0x71, 0x8C, 0xD3, 0x9C, 0xCF, 0x7B, 0x50, 0x43, 0x54, 0x64, 0xF7, 0x7C, 0x58, 0x8D,
    0x34, 0xA5, 0xCF, 0x7B, 0x30, 0x84, 0x10, 0x84, 0x92, 0x94, 0x10, 0x84, 0x30, 0x84, 0x8E, 0x6B,
    0x91, 0x4B, 0x14, 0x5C, 0x57, 0x8D, 0x37, 0x85, 0xB2, 0x94, 0x6D, 0x6B, 0x10, 0x84, 0xAE, 0x73,
    0x14, 0xA5, 0xB2, 0x94, 0xD3, 0x9C, 0x8E, 0x73, 0x50, 0x43, 0xF3, 0x5B, 0xF7, 0x7C, 0xD6, 0x7C,
    0x51, 0x8C, 0xAE, 0x73, 0x51, 0x8C, 0x30, 0x84, 0x10, 0x7C, 0x8E, 0x73, 0x8E, 0x73, 0x4E, 0x5B,
    0x71, 0x4B, 0x13, 0x5C, 0x95, 0x74, 0x54, 0x6C, 0xD0, 0x6B, 0x6E, 0x6B, 0xAE, 0x73, 0x4D, 0x63,
    0x71, 0x4B, 0x50, 0x43, 0x50, 0x43, 0x92, 0x4B, 0xB2, 0x53, 0x34, 0x64, 0x75, 0x6C, 0x34, 0x64,
    0xD2, 0x5B, 0xB1, 0x53, 0x91, 0x4B, 0x91, 0x4B, 0x13, 0x64, 0x34, 0x64, 0x94, 0x74, 0x74, 0x6C,
    0x54, 0x6C, 0x95, 0x74, 0xB6, 0x74, 0xB6, 0x74, 0x95, 0x74, 0x54, 0x6C, 0x34, 0x64, 0x54, 0x6C,
    0xD6, 0x74, 0xB6, 0x74, 0x17, 0x85, 0x78, 0x8D, 0x38, 0x85, 0xF7, 0x7C, 0xF7, 0x7C, 0x38, 0x85,
    0xF7, 0x7C, 0xB6, 0x74, 0xD6, 0x74, 0x57, 0x8D, 0x38, 0x85, 0xF6, 0x7C, 0xF6, 0x84, 0x58, 0x8D,
    0x58, 0x8D, 0x17, 0x85, 0x99, 0x95, 0x17, 0x85, 0x17, 0x85, 0x38, 0x8D, 0x78, 0x95, 0x98, 0x95,
    0x14, 0x9D, 0x71, 0x8C, 0x51, 0x8C, 0x51, 0x8C, 0x10, 0x7C, 0x51, 0x84, 0x92, 0x94, 0xB2, 0x94,
    0x71, 0x8C, 0x92, 0x94, 0x51, 0x8C, 0xEF, 0x7B, 0x10, 0x84, 0xAE, 0x73, 0x4D, 0x6B, 0x4D, 0x6B,
    0x0C, 0x63, 0x8E, 0x73, 0x8E, 0x73, 0x6D, 0x6B, 0x8E, 0x73, 0xAE, 0x73, 0x8E, 0x73, 0x4D, 0x6B,
    0xD3, 0x9C, 0x10, 0x84, 0xEF, 0x7B, 0xCF, 0x7B, 0x10, 0x84, 0x51, 0x8C, 0x10, 0x84, 0x30, 0x84,
    0x30, 0x84, 0x30, 0x84, 0x10, 0x84, 0x8E, 0x73, 0x30, 0x84, 0x8E, 0x73, 0x4D, 0x6B, 0x8E, 0x73,
    0x10, 0x84, 0xEF, 0x7B, 0xEF, 0x7B, 0xCF, 0x7B, 0xEF, 0x7B, 0xCF, 0x7B, 0xCF, 0x7B, 0x6D, 0x6B,
    0xB2, 0x94, 0xB2, 0x94, 0x92, 0x94, 0x92, 0x94, 0x71, 0x8C, 0x71, 0x8C, 0x92, 0x94, 0xB2, 0x94,
    0x71, 0x8C, 0x92, 0x94, 0x92, 0x94, 0x10, 0x84, 0x51, 0x8C, 0x10, 0x84, 0x30, 0x84, 0xEF, 0x7B,
    0x10, 0x84, 0x10, 0x84, 0xEF, 0x7B, 0xEF, 0x7B, 0x10, 0x84, 0x30, 0x84, 0x10, 0x84, 0xAE, 0x73,
    0x71, 0x8C, 0x51, 0x8C, 0x51, 0x8C, 0x51, 0x8C, 0x92, 0x94, 0xB2, 0x94, 0x71, 0x8C, 0x30, 0x84,
    0x92, 0x94, 0x71, 0x8C, 0x30, 0x84, 0x10, 0x84, 0x8E, 0x73, 0x4D, 0x63, 0x6D, 0x6B, 0x6D, 0x6B,
    0xAE, 0x73, 0xAE, 0x73, 0xAE, 0x73, 0x4D, 0x6B, 0x8E, 0x6B, 0x8E, 0x73, 0x6E, 0x6B, 0x2C, 0x63,
    0x91, 0x4B, 0x71, 0x4B, 0x30, 0x43, 0x50, 0x4B, 0x30, 0x43, 0x50, 0x4B, 0x91, 0x4B, 0x50, 0x4B,
    0x50, 0x4B, 0x50, 0x4B, 0x91, 0x4B, 0x71, 0x4B, 0x34, 0x64, 0x54, 0x64, 0x94, 0x74, 0x33, 0x64,
    0xF3, 0x5B, 0x13, 0x5C, 0x13, 0x5C, 0x34, 0x64, 0x54, 0x6C, 0x33, 0x64, 0x13, 0x64, 0x74, 0x6C,
    0xD6, 0x7C, 0xD6, 0x7C, 0x17, 0x85, 0x57, 0x85, 0x17, 0x85, 0xB6, 0x74, 0xB6, 0x74, 0xD6, 0x74,
    0xD6, 0x7C, 0xB5, 0x74, 0xF6, 0x7C, 0x58, 0x8D, 0x38, 0x85, 0x17, 0x85, 0xD6, 0x7C, 0x58, 0x8D,
    0x58, 0x8D, 0x58, 0x8D, 0x99, 0x95, 0xF7, 0x7C, 0xF6, 0x7C, 0x58, 0x8D, 0x99, 0x95, 0xB9, 0x95,
    0x14, 0xA5, 0xB2, 0x94, 0x72, 0x8C, 0x71, 0x8C, 0x72, 0x8C, 0xB2, 0x94, 0x92, 0x94, 0x51, 0x8C,
    0x30, 0x84, 0x71, 0x8C, 0xB2, 0x94, 0x92, 0x94, 0xEF, 0x7B, 0x8E, 0x73, 0xAE, 0x73, 0x8E, 0x73,
    0x8E, 0x73, 0x8E, 0x73, 0x8E, 0x73, 0x8E, 0x73, 0x8E, 0x73, 0x4D, 0x6B, 0x4D, 0x6B, 0x0C, 0x63,
    0x92, 0x94, 0x10, 0x84, 0x30, 0x84, 0xEF, 0x7B, 0x10, 0x84, 0xEF, 0x7B, 0x30, 0x84, 0x10, 0x84,
    0x30, 0x84, 0xEF, 0x7B, 0x10, 0x84, 0x4D, 0x6B, 0x10, 0x84, 0xAE, 0x73, 0xEF, 0x7B, 0x8E, 0x73,
    0xAF, 0x73, 0xAF, 0x73, 0xAE, 0x73, 0xAF, 0x73, 0xCF, 0x7B, 0xCF, 0x7B, 0xAE, 0x73, 0x6D, 0x6B,
    0xB2, 0x94, 0x71, 0x8C, 0xD3, 0x9C, 0xEF, 0x7B, 0x50, 0x4B, 0x34, 0x64, 0xD6, 0x7C, 0x37, 0x8D,
    0xB2, 0x94, 0x10, 0x84, 0x71, 0x8C, 0xEF, 0x7B, 0x30, 0x84, 0x10, 0x84, 0x71, 0x8C, 0xAE, 0x73,
    0x71, 0x4B, 0x34, 0x64, 0x37, 0x85, 0x37, 0x85, 0x51, 0x8C, 0x8E, 0x73, 0x10, 0x84, 0xCF, 0x7B,
    0xF3, 0x9C, 0x51, 0x8C, 0x71, 0x8C, 0x6E, 0x6B, 0x50, 0x43, 0xF3, 0x5B, 0x17, 0x85, 0x37, 0x85,
    0x92, 0x94, 0xAE, 0x73, 0x30, 0x84, 0xAE, 0x73, 0x30, 0x84, 0x8E, 0x73, 0x4D, 0x63, 0x0D, 0x5B,
    0x50, 0x43, 0x13, 0x5C, 0x17, 0x7D, 0x17, 0x85, 0x71, 0x8C, 0x8E, 0x73, 0x30, 0x84, 0xCF, 0x7B,
    0x91, 0x4B, 0x71, 0x4B, 0x71, 0x4B, 0x91, 0x4B, 0x91, 0x53, 0x54, 0x64, 0x38, 0x85, 0x37, 0x85,
    0xB2, 0x94, 0x6D, 0x6B, 0x30, 0x84, 0xAE, 0x73, 0x13, 0x64, 0x34, 0x64, 0x94, 0x74, 0x54, 0x6C,
    0x54, 0x64, 0xD6, 0x7C, 0x58, 0x8D, 0xBA, 0x95, 0xB2, 0x94, 0x8E, 0x73, 0x10, 0x84, 0xCF, 0x7B,
    0xD6, 0x7C, 0xB6, 0x74, 0xF7, 0x7C, 0x78, 0x8D, 0x58, 0x8D, 0x58, 0x85, 0x99, 0x95, 0xB9, 0x95,
    0x51, 0x8C, 0x8E, 0x73, 0x51, 0x8C, 0xEF, 0x7B, 0x17, 0x85, 0x17, 0x85, 0xF6, 0x7C, 0x58, 0x8D,
    0x99, 0x95, 0x99, 0x95, 0xFA, 0x9D, 0x37, 0x8D, 0x8E, 0x73, 0x0C, 0x63, 0x10, 0x84, 0xEF, 0x7B,
    0xD3, 0x9C, 0x92, 0x8C, 0x71, 0x8C, 0x92, 0x94, 0x71, 0x8C, 0xD3, 0x94, 0xD3, 0x94, 0x30, 0x84,
    0x2C, 0x63, 0xCF, 0x7B, 0xCF, 0x7B, 0x6D, 0x6B, 0xEF, 0x7B, 0x4D, 0x6B, 0x6D, 0x6B, 0x8E, 0x73,
    0x4D, 0x6B, 0x8E, 0x73, 0x8E, 0x73, 0x8E, 0x73, 0xEF, 0x7B, 0xEF, 0x7B, 0xEF, 0x7B, 0x2C, 0x63,
    0x92, 0x94, 0x10, 0x84, 0x30, 0x84, 0x10, 0x84, 0xEF, 0x7B, 0xEF, 0x7B, 0x10, 0x84, 0x10, 0x84,
    0xEF, 0x7B, 0x30, 0x84, 0x10, 0x84, 0x6D, 0x6B, 0x30, 0x84, 0xCF, 0x7B, 0xCF, 0x7B, 0xCF, 0x7B,
    0xCF, 0x7B, 0xCF, 0x7B, 0xCF, 0x7B, 0xAE, 0x73, 0xCF, 0x7B, 0xCF, 0x7B, 0xCF, 0x7B, 0x8E, 0x73,
    0xB2, 0x94, 0x71, 0x8C, 0x71, 0x8C, 0x92, 0x94, 0x71, 0x8C, 0x71, 0x8C, 0x71, 0x8C, 0x92, 0x94,
    0x30, 0x84, 0xB2, 0x94, 0x71, 0x8C, 0xEF, 0x7B, 0x30, 0x84, 0x10, 0x84, 0xEF, 0x7B, 0x30, 0x84,
    0x10, 0x84, 0x30, 0x84, 0xEF, 0x7B, 0x10, 0x84, 0xEF, 0x7B, 0x30, 0x84, 0x10, 0x84, 0xCF, 0x7B,
    0xF3, 0x9C, 0x51, 0x8C, 0x30, 0x84, 0x71, 0x8C, 0x71, 0x8C, 0x51, 0x8C, 0x10, 0x84, 0x10, 0x84,
    0x10, 0x84, 0x30, 0x84, 0x30, 0x84, 0xAE, 0x73, 0x31, 0x84, 0x8E, 0x73, 0x4D, 0x6B, 0x6D, 0x6B,
    0x8E, 0x73, 0x10, 0x84, 0xEF, 0x7B, 0xEF, 0x7B, 0xEF, 0x7B, 0x10, 0x84, 0x30, 0x84, 0xCF, 0x7B,
    0x91, 0x4B, 0x71, 0x4B, 0x71, 0x4B, 0x91, 0x4B, 0x91, 0x53, 0x12, 0x6C, 0x10, 0x84, 0x8E, 0x73,
    0x30, 0x84, 0xEF, 0x7B, 0x30, 0x84, 0xAE, 0x73, 0x13, 0x64, 0x34, 0x64, 0x94, 0x74, 0x54, 0x6C,
    0x54, 0x6C, 0xB6, 0x74, 0x51, 0x84, 0x8E, 0x73, 0x30, 0x84, 0x30, 0x84, 0x10, 0x84, 0xCF, 0x7B,
    0xD6, 0x7C, 0xB6, 0x74, 0x17, 0x7D, 0x99, 0x95, 0x99, 0x95, 0x58, 0x8D, 0x71, 0x8C, 0x4D, 0x6B,
    0xCF, 0x7B, 0x10, 0x84, 0x51, 0x8C, 0xEF, 0x7B, 0x17, 0x85, 0x17, 0x85, 0xF6, 0x84, 0x79, 0x8D,
    0xFA, 0x9D, 0x98, 0x9D, 0x51, 0x84, 0x6D, 0x6B, 0x8E, 0x73, 0x8E, 0x73, 0x10, 0x84, 0xEF, 0x7B,
    0xD3, 0x9C, 0x92, 0x8C, 0x71, 0x8C, 0x92, 0x94, 0x72, 0x8C, 0x71, 0x8C, 0x6D, 0x6B, 0x10, 0x84,
    0xEF, 0x7B, 0xCF, 0x7B, 0xCF, 0x7B, 0x6D, 0x6B, 0xEF, 0x7B, 0x4D, 0x6B, 0x6D, 0x6B, 0x8E, 0x73,
    0x4D, 0x6B, 0x6D, 0x6B, 0x30, 0x84, 0x10, 0x84, 0xEF, 0x7B, 0xEF, 0x7B, 0xEF, 0x7B, 0x2C, 0x63,
    0x92, 0x94, 0x10, 0x84, 0x30, 0x84, 0x10, 0x84, 0xEF, 0x7B, 0xEF, 0x7B, 0x10, 0x84, 0x10, 0x84,
    0xEF, 0x7B, 0x30, 0x84, 0x10, 0x84, 0x6D, 0x6B, 0x30, 0x84, 0xCF, 0x7B, 0xCF, 0x7B, 0xCF, 0x7B,
    0xCF, 0x73, 0xCF, 0x7B, 0xCF, 0x73, 0xAF, 0x73, 0xCF, 0x7B, 0xCF, 0x7B, 0xEF, 0x7B, 0x8E, 0x73,
    0xB2, 0x94, 0xB2, 0x94, 0xF3, 0x9C, 0xF0, 0x7B, 0x50, 0x4B, 0x34, 0x64, 0xF7, 0x7C, 0x57, 0x8D,
    0xD3, 0x9C, 0xEF, 0x7B, 0x92, 0x94, 0x10, 0x84, 0x51, 0x8C, 0x10, 0x84, 0xB2, 0x94, 0x6E, 0x6B,
    0x91, 0x4B, 0x13, 0x5C, 0x37, 0x85, 0xF7, 0x84, 0x92, 0x94, 0xAE, 0x73, 0x10, 0x84, 0xAE, 0x73,
    0xEF, 0x7B, 0xEF, 0x7B, 0x51, 0x8C, 0x6E, 0x6B, 0x50, 0x4B, 0xF3, 0x5B, 0xF6, 0x7C, 0x95, 0x74,
    0x92, 0x94, 0xEF, 0x7B, 0x10, 0x84, 0x10, 0x84, 0x30, 0x84, 0xCF, 0x7B, 0x51, 0x8C, 0x6D, 0x6B,
    0x50, 0x43, 0xF2, 0x5B, 0xB6, 0x74, 0x54, 0x64, 0x11, 0x74, 0x8E, 0x73, 0x6E, 0x6B, 0x2C, 0x63,
    0xF3, 0x9C, 0x10, 0x84, 0x10, 0x84, 0x0C, 0x63, 0x30, 0x43, 0xD2, 0x5B, 0x95, 0x6C, 0x54, 0x6C,
    0xF3, 0x5B, 0xB1, 0x53, 0x91, 0x4B, 0x91, 0x4B, 0xD3, 0x9C, 0x51, 0x8C, 0x92, 0x94, 0x6D, 0x6B,
    0x50, 0x4B, 0xF3, 0x5B, 0x55, 0x6C, 0xB5, 0x74, 0xB6, 0x74, 0x54, 0x64, 0x34, 0x64, 0x74, 0x6C,
    0xB2, 0x94, 0x10, 0x84, 0xB2, 0x94, 0xAE, 0x73, 0x91, 0x53, 0xD2, 0x5B, 0x75, 0x6C, 0xD6, 0x7C,
    0xF7, 0x7C, 0xD6, 0x7C, 0xF6, 0x7C, 0x58, 0x8D, 0xB2, 0x94, 0x30, 0x84, 0x71, 0x8C, 0xAF, 0x73,
    0x71, 0x4B, 0xF3, 0x5B, 0x17, 0x85, 0x17, 0x85, 0x37, 0x85, 0x99, 0x95, 0xB9, 0x95, 0xB9, 0x95,
    0xD3, 0x9C, 0x30, 0x84, 0x71, 0x8C, 0x6D, 0x6B, 0x50, 0x43, 0xD2, 0x5B, 0x37, 0x85, 0x38, 0x85,
    0xD4, 0x8C, 0x71, 0x8C, 0xB2, 0x94, 0x92, 0x94, 0x92, 0x94, 0x30, 0x84, 0x92, 0x94, 0x6D, 0x6B,
    0x2F, 0x43, 0xB2, 0x53, 0x37, 0x85, 0xB9, 0x9D, 0x92, 0x94, 0x0C, 0x63, 0x4D, 0x6B, 0x0C, 0x63,
    0x92, 0x94, 0x10, 0x84, 0xB2, 0x94, 0x6D, 0x6B, 0x50, 0x43, 0xD2, 0x5B, 0xF7, 0x7C, 0xB9, 0x95,
    0xB2, 0x94, 0x6D, 0x6B, 0x10, 0x84, 0x4D, 0x6B, 0x10, 0x84, 0xAE, 0x73, 0x71, 0x8C, 0x2D, 0x63,
    0x71, 0x53, 0x74, 0x6C, 0xD6, 0x7C, 0x37, 0x8D, 0x51, 0x8C, 0x4D, 0x6B, 0xAE, 0x73, 0x6D, 0x6B,
    0xB2, 0x94, 0xB2, 0x94, 0x92, 0x94, 0x92, 0x94, 0x71, 0x8C, 0x92, 0x8C, 0xB2, 0x94, 0xB3, 0x94,
    0x72, 0x8C, 0x92, 0x94, 0x92, 0x94, 0x10, 0x84, 0x51, 0x8C, 0x10, 0x84, 0x30, 0x84, 0xEF, 0x7B,
    0x10, 0x84, 0x10, 0x84, 0xEF, 0x7B, 0xEF, 0x7B, 0x10, 0x84, 0x30, 0x84, 0x10, 0x84, 0xAE, 0x73,
    0xEF, 0x7B, 0xEF, 0x7B, 0xEF, 0x7B, 0xEF, 0x7B, 0xB2, 0x94, 0xB2, 0x94, 0x71, 0x8C, 0x30, 0x84,
    0x92, 0x94, 0x71, 0x8C, 0x30, 0x84, 0x10, 0x84, 0x30, 0x84, 0xCF, 0x7B, 0xEF, 0x7B, 0xB2, 0x94,
    0x51, 0x8C, 0xCF, 0x73, 0xAE, 0x73, 0x4D, 0x6B, 0x8E, 0x6B, 0x8E, 0x73, 0x6E, 0x6B, 0x2C, 0x63,
    0xF3, 0x9C, 0x10, 0x84, 0x10, 0x84, 0xCF, 0x7B, 0x70, 0x53, 0x30, 0x43, 0x51, 0x4B, 0x50, 0x4B,
    0x50, 0x4B, 0x50, 0x4B, 0x91, 0x4B, 0x71, 0x4B, 0xD3, 0x9C, 0x51, 0x8C, 0x92, 0x94, 0x6E, 0x6B,
    0x30, 0x43, 0x50, 0x43, 0xB2, 0x53, 0x13, 0x64, 0x54, 0x6C, 0x33, 0x64, 0x13, 0x64, 0x74, 0x6C,
    0xB2, 0x94, 0x10, 0x84, 0xB2, 0x94, 0xAE, 0x73, 0x71, 0x4B, 0x91, 0x4B, 0x34, 0x64, 0xB6, 0x74,
    0xD6, 0x7C, 0xB6, 0x74, 0xF6, 0x7C, 0x58, 0x8D, 0xB2, 0x94, 0x30, 0x84, 0x71, 0x8C, 0xAF, 0x73,
    0x71, 0x4B, 0xF3, 0x5B, 0x16, 0x7D, 0xF7, 0x7C, 0x37, 0x85, 0x99, 0x95, 0xB9, 0x95, 0xB9, 0x95,
    0xD3, 0x9C, 0x30, 0x84, 0x71, 0x8C, 0x6D, 0x6B, 0x50, 0x43, 0xD2, 0x5B, 0x37, 0x85, 0x38, 0x85,
    0xD4, 0x8C, 0x71, 0x8C, 0xB2, 0x94, 0x92, 0x94, 0x92, 0x94, 0x30, 0x84, 0x92, 0x94, 0x6D, 0x6B,
    0x2F, 0x43, 0xB2, 0x53, 0x37, 0x85, 0xB9, 0x9D, 0x92, 0x94, 0x0C, 0x63, 0x4D, 0x6B, 0x0C, 0x63,
    0x92, 0x94, 0x10, 0x84, 0xB2, 0x94, 0x6D, 0x6B, 0x50, 0x43, 0xD2, 0x5B, 0xF7, 0x7C, 0xB9, 0x95,
    0xB2, 0x94, 0x6D, 0x6B, 0x10, 0x84, 0x4D, 0x6B, 0x10, 0x84, 0xAE, 0x73, 0x71, 0x8C, 0x2C, 0x63,
    0x71, 0x4B, 0x54, 0x6C, 0xD6, 0x7C, 0x38, 0x8D, 0x51, 0x8C, 0x4D, 0x6B, 0xAE, 0x73, 0x6D, 0x6B,
    0xB2, 0x94, 0x71, 0x8C, 0xD3, 0x9C, 0xCF, 0x7B, 0x50, 0x43, 0x54, 0x64, 0xF7, 0x7C, 0x58, 0x8D,
    0x34, 0xA5, 0xCF, 0x7B, 0x10, 0x84, 0x10, 0x84, 0x92, 0x94, 0x10, 0x84, 0x30, 0x84, 0x8E, 0x6B,
    0x91, 0x4B, 0x14, 0x5C, 0x57, 0x8D, 0x58, 0x8D, 0xB2, 0x94, 0x4D, 0x6B, 0x10, 0x84, 0xAE, 0x73,
    0x92, 0x94, 0x30, 0x84, 0x71, 0x8C, 0x8E, 0x73, 0x50, 0x4B, 0xF3, 0x5B, 0x37, 0x85, 0x38, 0x8D,
    0x51, 0x8C, 0x4D, 0x6B, 0xEF, 0x7B, 0xAE, 0x73, 0x92, 0x94, 0x10, 0x84, 0x92, 0x94, 0x8E, 0x6B,
    0x50, 0x4B, 0xF3, 0x5B, 0xD6, 0x7C, 0xF6, 0x7C, 0x30, 0x84, 0x8E, 0x73, 0x30, 0x84, 0xAE, 0x73,
    0xB2, 0x94, 0xEF, 0x7B, 0x30, 0x84, 0x4D, 0x6B, 0x50, 0x4B, 0xF3, 0x5B, 0xD6, 0x74, 0xF7, 0x7C,
    0x51, 0x8C, 0x8E, 0x73, 0x10, 0x84, 0x8E, 0x73, 0xB2, 0x94, 0xEF, 0x7B, 0x71, 0x8C, 0xAE, 0x73,
    0x71, 0x4B, 0x13, 0x5C, 0xD6, 0x7C, 0x78, 0x8D, 0x92, 0x94, 0x8E, 0x73, 0x30, 0x84, 0xAE, 0x73,
    0x92, 0x94, 0x10, 0x84, 0xB2, 0x94, 0xAF, 0x73, 0x91, 0x53, 0xF3, 0x5B, 0xB6, 0x74, 0x78, 0x8D,
    0xB2, 0x94, 0x8E, 0x73, 0xEF, 0x7B, 0xAE, 0x73, 0x71, 0x8C, 0x10, 0x84, 0x92, 0x94, 0xAE, 0x73,
    0x71, 0x4B, 0xF3, 0x5B, 0x37, 0x85, 0x17, 0x85, 0x72, 0x8C, 0x8E, 0x73, 0x10, 0x84, 0xAE, 0x73,
    0xB2, 0x94, 0xEF, 0x7B, 0x51, 0x8C, 0x6D, 0x6B, 0x0F, 0x43, 0xB2, 0x53, 0x37, 0x85, 0x38, 0x8D,
    0x71, 0x8C, 0x8E, 0x73, 0xEF, 0x7B, 0x6D, 0x6B, 0x92, 0x94, 0x30, 0x84, 0x51, 0x8C, 0x6D, 0x6B,
    0xEF, 0x3A, 0xB2, 0x53, 0x37, 0x85, 0x78, 0x95, 0x72, 0x8C, 0xAE, 0x73, 0x30, 0x84, 0xCF, 0x7B,
    0xD3, 0x9C, 0x10, 0x84, 0x51, 0x8C, 0x4D, 0x63, 0x50, 0x43, 0x13, 0x5C, 0xF7, 0x7C, 0xB9, 0x95,
    0xB2, 0x94, 0x8E, 0x73, 0x10, 0x84, 0x8E, 0x73, 0x30, 0x84, 0x8E, 0x73, 0xAE, 0x73, 0x0C, 0x63,
    0x91, 0x53, 0x74, 0x74, 0xF7, 0x7C, 0x58, 0x8D, 0x71, 0x8C, 0x2C, 0x63, 0xCF, 0x7B, 0x6D, 0x6B,
    0x92, 0x94, 0x92, 0x94, 0x71, 0x8C, 0xB2, 0x94, 0x92, 0x94, 0xB2, 0x94, 0xD3, 0x9C, 0xF3, 0x9C,
    0x51, 0x84, 0xEF, 0x7B, 0x30, 0x84, 0x10, 0x84, 0x71, 0x8C, 0x10, 0x84, 0x30, 0x84, 0x30, 0x84,
    0x30, 0x84, 0x10, 0x84, 0x51, 0x8C, 0x10, 0x84, 0xCF, 0x7B, 0xEF, 0x7B, 0x10, 0x84, 0xCF, 0x7B,
    0xD3, 0x9C, 0x30, 0x84, 0x30, 0x84, 0x10, 0x84, 0xEF, 0x7B, 0x30, 0x84, 0x10, 0x84, 0x8E, 0x73,
    0xCF, 0x7B, 0xEF, 0x7B, 0x30, 0x84, 0xAE, 0x73, 0x51, 0x8C, 0xEF, 0x7B, 0x10, 0x84, 0xEF, 0x7B,
    0x30, 0x84, 0x30, 0x84, 0xCF, 0x7B, 0x8E, 0x73, 0xEF, 0x7B, 0xEF, 0x7B, 0xEF, 0x7B, 0xAE, 0x73,
    0x92, 0x94, 0x10, 0x84, 0x10, 0x84, 0x10, 0x84, 0x92, 0x94, 0x92, 0x94, 0x51, 0x8C, 0x51, 0x8C,
    0x30, 0x84, 0x10, 0x84, 0x10, 0x84, 0x8E, 0x73, 0x92, 0x94, 0xEF, 0x7B, 0x30, 0x84, 0x14, 0xA5,
    0x31, 0x84, 0x8E, 0x73, 0xAE, 0x73, 0x10, 0x84, 0x10, 0x84, 0x30, 0x84, 0x10, 0x84, 0xAE, 0x73,
    0x92, 0x94, 0x30, 0x84, 0xB2, 0x94, 0x30, 0x84, 0x4F, 0x53, 0x30, 0x43, 0x91, 0x53, 0x33, 0x6C,
    0x30, 0x84, 0x8E, 0x73, 0xEF, 0x7B, 0xCF, 0x7B, 0x71, 0x8C, 0x10, 0x84, 0x71, 0x8C, 0x6D, 0x6B,
    0x30, 0x43, 0x71, 0x4B, 0x75, 0x6C, 0x75, 0x74, 0x30, 0x84, 0x4D, 0x6B, 0xEF, 0x7B, 0xCF, 0x7B,
    0xB2, 0x94, 0x30, 0x84, 0x71, 0x8C, 0x4D, 0x6B, 0x30, 0x43, 0xB1, 0x53, 0x17, 0x85, 0xF7, 0x84,
    0x92, 0x94, 0x8E, 0x73, 0x10, 0x84, 0xAE, 0x73, 0x92, 0x94, 0xEF, 0x7B, 0x30, 0x84, 0x4D, 0x6B,
    0x2F, 0x43, 0xB2, 0x53, 0x17, 0x85, 0x98, 0x95, 0x72, 0x8C, 0x6D, 0x6B, 0x30, 0x84, 0xAE, 0x73,
    0x71, 0x8C, 0x10, 0x84, 0x51, 0x8C, 0x8E, 0x73, 0x50, 0x43, 0xF3, 0x5B, 0xD7, 0x7C, 0xB9, 0x95,
    0x92, 0x94, 0x4D, 0x6B, 0x10, 0x84, 0xAE, 0x73, 0x30, 0x84, 0x6D, 0x6B, 0x51, 0x8C, 0x8E, 0x73,
    0x71, 0x4B, 0x54, 0x6C, 0xF7, 0x7C, 0x17, 0x85, 0x31, 0x84, 0x2C, 0x63, 0xAE, 0x73, 0x8E, 0x73,
    0xB2, 0x94, 0x71, 0x8C, 0xD3, 0x9C, 0xCF, 0x7B, 0x50, 0x43, 0x54, 0x64, 0xF7, 0x7C, 0x58, 0x8D,
    0x34, 0xA5, 0xCF, 0x7B, 0x30, 0x84, 0x10, 0x84, 0x92, 0x94, 0x10, 0x84, 0x30, 0x84, 0x8E, 0x6B,
    0x91, 0x4B, 0x14, 0x5C, 0x57, 0x8D, 0x37, 0x85, 0xB2, 0x94, 0x6D, 0x6B, 0x10, 0x84, 0xAE, 0x73,
    0x92, 0x94, 0x30, 0x84, 0x71, 0x8C, 0x8E, 0x73, 0x50, 0x4B, 0xF3, 0x5B, 0xF6, 0x7C, 0xD6, 0x7C,
    0x51, 0x8C, 0xAE, 0x73, 0x51, 0x8C, 0x30, 0x84, 0x92, 0x94, 0x10, 0x84, 0x92, 0x94, 0x8E, 0x6B,
    0x50, 0x4B, 0xF2, 0x5B, 0x95, 0x6C, 0x34, 0x6C, 0xD0, 0x73, 0x6E, 0x6B, 0xAE, 0x73, 0x4D, 0x63,
    0xB2, 0x94, 0xEF, 0x7B, 0x30, 0x84, 0x4D, 0x6B, 0x50, 0x4B, 0xD2, 0x5B, 0x55, 0x6C, 0x33, 0x64,
    0xD2, 0x5B, 0xB1, 0x53, 0x91, 0x4B, 0x91, 0x4B, 0xB2, 0x94, 0xEF, 0x7B, 0x71, 0x8C, 0xAE, 0x73,
    0x91, 0x53, 0x13, 0x5C, 0x75, 0x6C, 0xB6, 0x74, 0x95, 0x74, 0x54, 0x6C, 0x34, 0x64, 0x54, 0x6C,
    0x92, 0x94, 0x10, 0x84, 0xB2, 0x94, 0x10, 0x7C, 0x33, 0x64, 0x13, 0x64, 0x96, 0x74, 0x37, 0x85,
    0xF7, 0x7C, 0xB6, 0x74, 0xD6, 0x74, 0x57, 0x8D, 0x71, 0x8C, 0x10, 0x84, 0x71, 0x8C, 0x30, 0x84,
    0x54, 0x74, 0x75, 0x6C, 0x58, 0x8D, 0xF7, 0x7C, 0x17, 0x85, 0x38, 0x8D, 0x78, 0x95, 0x98, 0x95,
    0xB2, 0x94, 0xEF, 0x7B, 0xEF, 0x7B, 0xCF, 0x7B, 0x8E, 0x73, 0x10, 0x7C, 0x92, 0x94, 0xB2, 0x94,
    0x71, 0x8C, 0x92, 0x94, 0x51, 0x8C, 0xEF, 0x7B, 0x92, 0x94, 0x30, 0x84, 0xEF, 0x7B, 0xCF, 0x7B,
    0x0C, 0x63, 0x8E, 0x73, 0x8E, 0x73, 0x6D, 0x6B, 0x8E, 0x73, 0xAE, 0x73, 0x8E, 0x73, 0x4D, 0x6B,
    0xD3, 0x9C, 0x10, 0x84, 0xEF, 0x7B, 0xCF, 0x7B, 0x10, 0x84, 0x51, 0x8C, 0x10, 0x84, 0x30, 0x84,
    0x30, 0x84, 0x30, 0x84, 0x10, 0x84, 0x8E, 0x73, 0x30, 0x84, 0x8E, 0x73, 0x4D, 0x6B, 0x8E, 0x73,
    0x10, 0x84, 0xEF, 0x7B, 0xEF, 0x7B, 0xCF, 0x7B, 0xEF, 0x7B, 0xCF, 0x7B, 0xCF, 0x7B, 0x6D, 0x6B,
    0xB2, 0x94, 0xB2, 0x94, 0x92, 0x94, 0x92, 0x94, 0x71, 0x8C, 0x71, 0x8C, 0x92, 0x94, 0xB2, 0x94,
    0x71, 0x8C, 0x92, 0x94, 0x92, 0x94, 0x10, 0x84, 0x51, 0x8C, 0x10, 0x84, 0x30, 0x84, 0xEF, 0x7B,
    0x10, 0x84, 0x10, 0x84, 0xEF, 0x7B, 0xEF, 0x7B, 0x10, 0x84, 0x30, 0x84, 0x10, 0x84, 0xAE, 0x73,
    0xEF, 0x7B, 0xEF, 0x7B, 0xEF, 0x7B, 0xEF, 0x7B, 0x10, 0x84, 0x51, 0x8C, 0x92, 0x94, 0x30, 0x84,
    0x92, 0x94, 0x71, 0x8C, 0x30, 0x84, 0x10, 0x84, 0x30, 0x84, 0xCF, 0x7B, 0xCF, 0x7B, 0xEF, 0x7B,
    0x30, 0x84, 0x14, 0xA5, 0x51, 0x8C, 0x6D, 0x6B, 0x8E, 0x73, 0x8E, 0x73, 0x8E, 0x73, 0x2D, 0x63,
    0xF3, 0x9C, 0x10, 0x84, 0x8E, 0x73, 0x8E, 0x73, 0x92, 0x94, 0x31, 0x84, 0x4F, 0x53, 0x0F, 0x43,
    0x30, 0x43, 0x50, 0x4B, 0x91, 0x4B, 0x71, 0x4B, 0xD3, 0x9C, 0x51, 0x8C, 0x10, 0x84, 0xCF, 0x7B,
    0x51, 0x8C, 0x8E, 0x73, 0x50, 0x43, 0xD2, 0x53, 0x34, 0x64, 0x33, 0x64, 0x13, 0x64, 0x74, 0x6C,
    0xB2, 0x94, 0x10, 0x84, 0x30, 0x84, 0x30, 0x84, 0x92, 0x94, 0xAE, 0x73, 0xB1, 0x53, 0x34, 0x64,
    0x95, 0x74, 0xB5, 0x74, 0xF6, 0x7C, 0x58, 0x8D, 0xB2, 0x94, 0x30, 0x84, 0xEF, 0x7B, 0x30, 0x84,
    0x51, 0x8C, 0x10, 0x84, 0x53, 0x74, 0x54, 0x6C, 0xB5, 0x74, 0x38, 0x8D, 0x99, 0x95, 0xB9, 0x95,
    0xD3, 0x9C, 0x30, 0x84, 0x10, 0x84, 0xEF, 0x7B, 0x10, 0x84, 0xEF, 0x7B, 0x10, 0x84, 0x10, 0x84,
    0x30, 0x84, 0x51, 0x8C, 0xB2, 0x94, 0x92, 0x94, 0x92, 0x94, 0x30, 0x84, 0x30, 0x84, 0x10, 0x84,
    0x10, 0x84, 0x10, 0x84, 0x8E, 0x73, 0x8E, 0x73, 0x8E, 0x73, 0x4D, 0x6B, 0x4D, 0x6B, 0x0C, 0x63,
    0x92, 0x94, 0x10, 0x84, 0x30, 0x84, 0xEF, 0x7B, 0x10, 0x84, 0xEF, 0x7B, 0x30, 0x84, 0x10, 0x84,
    0x30, 0x84, 0xEF, 0x7B, 0x10, 0x84, 0x4D, 0x6B, 0x10, 0x84, 0xAE, 0x73, 0xEF, 0x7B, 0x8E, 0x73,
    0xAF, 0x73, 0xAE, 0x73, 0xAE, 0x73, 0xAF, 0x73, 0xCF, 0x7B, 0xCF, 0x7B, 0xAE, 0x73, 0x6D, 0x6B,
    0xB2, 0x94, 0x71, 0x8C, 0xD3, 0x9C, 0xEF, 0x7B, 0x50, 0x4B, 0x54, 0x64, 0xF6, 0x7C, 0x58, 0x8D,
    0x14, 0xA5, 0xCF, 0x7B, 0x10, 0x84, 0x10, 0x84, 0x92, 0x94, 0x10, 0x84, 0x30, 0x84, 0x8E, 0x73,
    0x91, 0x4B, 0x14, 0x5C, 0x57, 0x8D, 0x58, 0x8D, 0x92, 0x94, 0x4D, 0x6B, 0x10, 0x84, 0xAE, 0x73,
    0x92, 0x94, 0x30, 0x84, 0x71, 0x8C, 0x8E, 0x73, 0x50, 0x4B, 0xF3, 0x5B, 0x37, 0x85, 0x38, 0x8D,
    0x51, 0x8C, 0x4D, 0x6B, 0xEF, 0x7B, 0xAE, 0x73, 0x92, 0x94, 0x10, 0x84, 0x92, 0x94, 0x8E, 0x73,
    0x71, 0x4B, 0x13, 0x64, 0x17, 0x85, 0x17, 0x85, 0x30, 0x84, 0x8E, 0x73, 0x30, 0x84, 0xAE, 0x73,
    0xB2, 0x94, 0xEF, 0x7B, 0x30, 0x84, 0x8E, 0x73, 0xB2, 0x53, 0x54, 0x6C, 0x58, 0x85, 0x78, 0x8D,
    0x71, 0x8C, 0x8E, 0x73, 0x10, 0x84, 0x8E, 0x73, 0xB2, 0x94, 0xEF, 0x7B, 0x51, 0x8C, 0x30, 0x84,
    0x33, 0x6C, 0xB6, 0x74, 0x79, 0x8D, 0x98, 0x9D, 0x31, 0x84, 0x8E, 0x73, 0x30, 0x84, 0xAE, 0x73,
    0x92, 0x94, 0x10, 0x84, 0x30, 0x84, 0x10, 0x84, 0x10, 0x84, 0x31, 0x84, 0x72, 0x8C, 0x31, 0x84,
    0x4D, 0x6B, 0x10, 0x84, 0xEF, 0x7B, 0xAE, 0x73, 0x71, 0x8C, 0x10, 0x84, 0x10, 0x84, 0x10, 0x84,
    0x8E, 0x73, 0x4D, 0x6B, 0x8E, 0x73, 0x6D, 0x6B, 0xEF, 0x7B, 0x10, 0x84, 0x10, 0x84, 0xAE, 0x73,
    0xB2, 0x94, 0xEF, 0x7B, 0xEF, 0x7B, 0xEF, 0x7B, 0x8E, 0x73, 0xCF, 0x7B, 0x30, 0x84, 0x30, 0x84,
    0xEF, 0x7B, 0x10, 0x84, 0xEF, 0x7B, 0x6D, 0x6B, 0x92, 0x94, 0x30, 0x84, 0xEF, 0x7B, 0xCF, 0x7B,
    0x8E, 0x73, 0x10, 0x84, 0x30, 0x84, 0xEF, 0x7B, 0x10, 0x84, 0x30, 0x84, 0x30, 0x84, 0xCF, 0x7B,
    0xD3, 0x9C, 0x10, 0x84, 0xEF, 0x7B, 0xCF, 0x7B, 0x10, 0x84, 0x51, 0x8C, 0x10, 0x84, 0x30, 0x84,
    0x30, 0x84, 0x30, 0x84, 0x10, 0x84, 0x8E, 0x73, 0x30, 0x84, 0x8E, 0x73, 0x4D, 0x6B, 0x8E, 0x73,
    0x10, 0x84, 0xEF, 0x7B, 0xEF, 0x7B, 0xCF, 0x7B, 0xEF, 0x7B, 0xCF, 0x7B, 0xCF, 0x7B, 0x6D, 0x6B,
    0xB2, 0x94, 0xB2, 0x94, 0x92, 0x94, 0x92, 0x94, 0x71, 0x8C, 0x71, 0x8C, 0x92, 0x94, 0x92, 0x94,
    0x30, 0x84, 0xB2, 0x94, 0x71, 0x8C, 0xEF, 0x7B, 0x51, 0x8C, 0x10, 0x84, 0x30, 0x84, 0xEF, 0x7B,
    0xEF, 0x7B, 0x10, 0x84, 0xEF, 0x7B, 0x10, 0x84, 0xEF, 0x7B, 0x30, 0x84, 0x10, 0x84, 0xCF, 0x7B,
    0x10, 0x84, 0xEF, 0x7B, 0xCF, 0x7B, 0xEF, 0x7B, 0xEF, 0x7B, 0x10, 0x84, 0x10, 0x84, 0x10, 0x84,
    0x10, 0x84, 0x30, 0x84, 0x30, 0x84, 0xAE, 0x73, 0x51, 0x8C, 0xCF, 0x7B, 0xCF, 0x7B, 0xCF, 0x7B,
    0xEF, 0x7B, 0xCF, 0x7B, 0x30, 0x84, 0x10, 0x84, 0xEF, 0x7B, 0xEF, 0x7B, 0x30, 0x84, 0xCF, 0x7B,
    0xF3, 0x9C, 0xEF, 0x7B, 0xAE, 0x73, 0xAE, 0x73, 0xAE, 0x73, 0xCF, 0x7B, 0x10, 0x84, 0x10, 0x84,
    0x30, 0x84, 0xEF, 0x7B, 0x30, 0x84, 0xAE, 0x73, 0xD3, 0x9C, 0x51, 0x8C, 0x10, 0x84, 0xAE, 0x73,
    0xCF, 0x7B, 0xEF, 0x7B, 0x30, 0x84, 0x30, 0x84, 0x10, 0x84, 0xEF, 0x7B, 0x10, 0x84, 0xCF, 0x7B,
    0xB2, 0x94, 0x10, 0x84, 0x30, 0x84, 0x10, 0x84, 0xEF, 0x7B, 0xCF, 0x7B, 0x10, 0x84, 0x10, 0x84,
    0xCF, 0x7B, 0x10, 0x84, 0x51, 0x8C, 0xEF, 0x7B, 0xB2, 0x94, 0x30, 0x84, 0xEF, 0x7B, 0x30, 0x84,
    0x10, 0x84, 0xCF, 0x7B, 0xEF, 0x7B, 0xCF, 0x7B, 0xCF, 0x7B, 0xEF, 0x7B, 0x10, 0x84, 0xCF, 0x7B,
    0xD3, 0x9C, 0x30, 0x84, 0x10, 0x84, 0xEF, 0x7B, 0xCF, 0x7B, 0xCF, 0x7B, 0xEF, 0x7B, 0x30, 0x84,
    0xEF, 0x7B, 0xEF, 0x7B, 0xEF, 0x7B, 0x6D, 0x6B, 0x92, 0x94, 0x30, 0x84, 0x30, 0x84, 0xEF, 0x7B,
    0xCF, 0x7B, 0xEF, 0x7B, 0x30, 0x84, 0xEF, 0x7B, 0xEF, 0x7B, 0x10, 0x84, 0x30, 0x84, 0xCF, 0x7B,
    0x92, 0x94, 0x10, 0x84, 0x30, 0x84, 0xEF, 0x7B, 0x10, 0x84, 0x30, 0x84, 0x10, 0x84, 0x30, 0x84,
    0x10, 0x84, 0x30, 0x84, 0x10, 0x84, 0x8E, 0x73, 0x10, 0x84, 0xAE, 0x73, 0xEF, 0x7B, 0x8E, 0x73,
    0xCF, 0x7B, 0xEF, 0x7B, 0xCF, 0x7B, 0xCF, 0x73, 0xEF, 0x7B, 0xAE, 0x73, 0xCF, 0x7B, 0x6D, 0x6B,
    0xF3, 0x9C, 0x92, 0x94, 0xF3, 0x9C, 0xF0, 0x7B, 0xD2, 0x5B, 0x54, 0x6C, 0xB6, 0x7C, 0x37, 0x8D,
    0xD3, 0x9C, 0x10, 0x84, 0xB2, 0x94, 0x30, 0x84, 0x51, 0x8C, 0x10, 0x84, 0x71, 0x8C, 0xAF, 0x73,
    0xF3, 0x5B, 0x34, 0x64, 0x17, 0x85, 0xF6, 0x7C, 0x92, 0x94, 0xAE, 0x73, 0x10, 0x84, 0x8E, 0x73,
    0x14, 0xA5, 0x51, 0x8C, 0x71, 0x8C, 0x8E, 0x6B, 0x13, 0x64, 0x33, 0x64, 0xF6, 0x7C, 0x95, 0x74,
    0x92, 0x94, 0xEF, 0x7B, 0x10, 0x84, 0x10, 0x84, 0x30, 0x84, 0x8E, 0x73, 0x4D, 0x63, 0x2E, 0x5B,
    0x34, 0x64, 0x13, 0x64, 0xB6, 0x74, 0x54, 0x6C, 0x11, 0x74, 0x8E, 0x73, 0x6E, 0x6B, 0x2C, 0x63,
    0x71, 0x4B, 0x71, 0x4B, 0x71, 0x4B, 0x13, 0x5C, 0x91, 0x53, 0x71, 0x4B, 0xB2, 0x53, 0x13, 0x64,
    0xF3, 0x5B, 0xB1, 0x53, 0x91, 0x4B, 0x71, 0x4B, 0x13, 0x64, 0x34, 0x64, 0x95, 0x74, 0x75, 0x6C,
    0x70, 0x4B, 0xCF, 0x32, 0xCE, 0x32, 0x13, 0x64, 0xB6, 0x74, 0x54, 0x64, 0x34, 0x64, 0x74, 0x6C,
    0xD6, 0x7C, 0xB6, 0x74, 0xD6, 0x7C, 0xB6, 0x74, 0xD2, 0x53, 0xEF, 0x3A, 0xAE, 0x32, 0x34, 0x64,
    0xF7, 0x7C, 0xD6, 0x7C, 0xF6, 0x7C, 0x58, 0x8D, 0x17, 0x85, 0xF7, 0x84, 0x95, 0x74, 0x75, 0x6C,
    0x34, 0x64, 0xF3, 0x5B, 0x74, 0x6C, 0xD6, 0x7C, 0x37, 0x85, 0x99, 0x95, 0xB9, 0x95, 0xB9, 0x95,
    0xD3, 0x9C, 0x92, 0x8C, 0x71, 0x8C, 0x31, 0x7C, 0xB5, 0x74, 0x74, 0x6C, 0x37, 0x85, 0x38, 0x85,
    0xB4, 0x8C, 0x71, 0x8C, 0xB2, 0x94, 0x92, 0x8C, 0x10, 0x84, 0x6D, 0x6B, 0xEF, 0x7B, 0x8E, 0x73,
    0xB5, 0x74, 0xD6, 0x7C, 0x37, 0x85, 0xD9, 0x9D, 0x92, 0x94, 0x0C, 0x63, 0x4D, 0x6B, 0x0C, 0x63,
    0xB2, 0x94, 0x10, 0x84, 0x92, 0x94, 0xAE, 0x73, 0x75, 0x74, 0xD6, 0x7C, 0x17, 0x85, 0xB9, 0x95,
    0xB2, 0x94, 0x6D, 0x6B, 0x10, 0x84, 0x4D, 0x6B, 0x51, 0x8C, 0xAE, 0x73, 0x51, 0x8C, 0x6D, 0x6B,
    0x33, 0x6C, 0x95, 0x74, 0xD6, 0x7C, 0x38, 0x8D, 0x51, 0x8C, 0x4D, 0x6B, 0xAE, 0x73, 0x6D, 0x6B,
    0xD3, 0x9C, 0xB2, 0x94, 0xB2, 0x94, 0xD3, 0x9C, 0xB3, 0x94, 0xD3, 0x94, 0xF3, 0x9C, 0x14, 0x9D,
    0x71, 0x8C, 0x10, 0x84, 0x51, 0x8C, 0x10, 0x84, 0x92, 0x94, 0x10, 0x84, 0x30, 0x84, 0x30, 0x84,
    0x30, 0x84, 0x10, 0x84, 0x51, 0x8C, 0x10, 0x84, 0xCF, 0x7B, 0xEF, 0x7B, 0x10, 0x84, 0xAE, 0x73,
    0x34, 0xA5, 0xB2, 0x94, 0x92, 0x94, 0x71, 0x8C, 0x71, 0x8C, 0xB2, 0x94, 0x92, 0x94, 0x10, 0x84,
    0x51, 0x8C, 0x51, 0x8C, 0xB2, 0x94, 0x30, 0x84, 0xCF, 0x73, 0x6D, 0x6B, 0x6D, 0x6B, 0x6D, 0x6B,
    0xAF, 0x73, 0x8E, 0x73, 0x6D, 0x6B, 0x2C, 0x63, 0x6D, 0x6B, 0x6D, 0x6B, 0x6E, 0x6B, 0x4D, 0x63,
    0x71, 0x4B, 0x71, 0x4B, 0x71, 0x4B, 0x91, 0x4B, 0x30, 0x43, 0x30, 0x43, 0x51, 0x43, 0x70, 0x4B,
    0x50, 0x4B, 0x70, 0x4B, 0x71, 0x4B, 0x91, 0x4B, 0x13, 0x64, 0x34, 0x64, 0x94, 0x74, 0x33, 0x64,
    0x71, 0x4B, 0xCE, 0x32, 0xCE, 0x32, 0xF3, 0x5B, 0x54, 0x64, 0x34, 0x64, 0x13, 0x64, 0x74, 0x6C,
    0xD6, 0x74, 0xD6, 0x74, 0xD6, 0x7C, 0xD6, 0x7C, 0xD2, 0x5B, 0xAE, 0x32, 0xAE, 0x32, 0x54, 0x64,
    0xF7, 0x7C, 0xB5, 0x74, 0xD6, 0x7C, 0x78, 0x8D, 0x37, 0x85, 0xF6, 0x7C, 0x95, 0x74, 0x54, 0x6C,
    0x34, 0x64, 0xD2, 0x53, 0x95, 0x74, 0x17, 0x85, 0x38, 0x8D, 0x37, 0x8D, 0x78, 0x8D, 0xB9, 0x95,
    0x14, 0x9D, 0xB2, 0x94, 0x92, 0x94, 0xF1, 0x73, 0xD2, 0x5B, 0x13, 0x64, 0x78, 0x8D, 0x99, 0x95,
    0x15, 0x95, 0x92, 0x94, 0x92, 0x94, 0x30, 0x84, 0x10, 0x84, 0x8E, 0x73, 0xAE, 0x73, 0x4D, 0x63,
    0x70, 0x4B, 0xF2, 0x5B, 0x37, 0x85, 0xD9, 0x9D, 0x92, 0x8C, 0x4D, 0x6B, 0x8E, 0x73, 0x2C, 0x63,
    0xB2, 0x94, 0x10, 0x84, 0x30, 0x84, 0x8E, 0x73, 0x50, 0x4B, 0xF3, 0x5B, 0xF7, 0x7C, 0xD9, 0x9D,
    0x92, 0x94, 0x4D, 0x6B, 0x10, 0x84, 0x8E, 0x73, 0x30, 0x84, 0x6D, 0x6B, 0x51, 0x8C, 0x8E, 0x6B,
    0x71, 0x4B, 0x54, 0x6C, 0xF7, 0x7C, 0x37, 0x85, 0x30, 0x84, 0x2C, 0x63, 0xAE, 0x73, 0x6D, 0x6B,
    0xF3, 0x9C, 0x92, 0x94, 0xF3, 0x9C, 0xEF, 0x7B, 0x50, 0x4B, 0x34, 0x64, 0xF6, 0x7C, 0x38, 0x8D,
    0xB2, 0x94, 0x30, 0x84, 0x92, 0x94, 0x10, 0x84, 0x51, 0x8C, 0x10, 0x84, 0x71, 0x8C, 0xAE, 0x73,
    0x71, 0x4B, 0x14, 0x64, 0x37, 0x85, 0x37, 0x85, 0x51, 0x8C, 0x8E, 0x73, 0x10, 0x84, 0xAE, 0x73,
    0x14, 0xA5, 0x51, 0x8C, 0x71, 0x8C, 0x6E, 0x6B, 0x50, 0x43, 0xF3, 0x5B, 0x17, 0x85, 0x37, 0x85,
    0x92, 0x94, 0xAE, 0x73, 0x30, 0x84, 0x8E, 0x73, 0x30, 0x84, 0x8E, 0x73, 0x4D, 0x63, 0x2D, 0x5B,
    0x50, 0x43, 0x13, 0x5C, 0xF7, 0x7C, 0x17, 0x85, 0x71, 0x8C, 0x8E, 0x73, 0x30, 0x84, 0xAE, 0x73,
    0x71, 0x4B, 0x71, 0x4B, 0x50, 0x4B, 0x91, 0x4B, 0x50, 0x4B, 0x51, 0x43, 0xD2, 0x53, 0x95, 0x74,
    0xB2, 0x94, 0x6D, 0x6B, 0x30, 0x84, 0x8E, 0x73, 0x13, 0x64, 0x34, 0x64, 0x94, 0x74, 0x54, 0x64,
    0x50, 0x4B, 0xCE, 0x32, 0xCE, 0x32, 0x54, 0x6C, 0x92, 0x94, 0x8E, 0x73, 0x10, 0x84, 0xAE, 0x73,
    0xD6, 0x7C, 0xB6, 0x74, 0xD6, 0x7C, 0xF6, 0x7C, 0xD2, 0x5B, 0xAE, 0x32, 0xAE, 0x32, 0x34, 0x64,
    0x51, 0x84, 0x8E, 0x73, 0x51, 0x8C, 0xCF, 0x7B, 0x17, 0x85, 0xF7, 0x84, 0x95, 0x74, 0x95, 0x6C,
    0x54, 0x6C, 0xF3, 0x5B, 0x95, 0x74, 0xD6, 0x7C, 0x10, 0x7C, 0x0C, 0x63, 0x10, 0x84, 0xCF, 0x7B,
    0xD3, 0x9C, 0x92, 0x8C, 0x71, 0x8C, 0x31, 0x7C, 0xF2, 0x5B, 0x34, 0x64, 0x58, 0x8D, 0x37, 0x85,
    0x51, 0x8C, 0x4D, 0x6B, 0xCF, 0x7B, 0x4D, 0x6B, 0x10, 0x84, 0x6D, 0x6B, 0xEF, 0x7B, 0x8E, 0x73,
    0x50, 0x4B, 0xD2, 0x5B, 0x38, 0x85, 0x99, 0x95, 0x51, 0x8C, 0x4D, 0x6B, 0xEF, 0x7B, 0x2C, 0x63,
    0xB2, 0x94, 0x10, 0x84, 0x92, 0x94, 0x8E, 0x73, 0x50, 0x43, 0xD2, 0x5B, 0xF7, 0x7C, 0x98, 0x95,
    0x72, 0x8C, 0xAE, 0x73, 0x10, 0x84, 0x6D, 0x6B, 0x51, 0x8C, 0xAE, 0x73, 0x51, 0x8C, 0x6D, 0x6B,
    0x91, 0x53, 0x74, 0x6C, 0xF6, 0x7C, 0x38, 0x8D, 0x51, 0x8C, 0x4D, 0x6B, 0xCF, 0x7B, 0x6D, 0x6B,
    0xD3, 0x9C, 0xB2, 0x94, 0xB2, 0x94, 0xD3, 0x9C, 0xB3, 0x94, 0xD3, 0x94, 0xF3, 0x9C, 0x14, 0x9D,
    0x71, 0x8C, 0x10, 0x84, 0x51, 0x8C, 0x10, 0x84, 0x92, 0x94, 0x10, 0x84, 0x30, 0x84, 0x30, 0x84,
    0x30, 0x84, 0x10, 0x84, 0x51, 0x8C, 0x10, 0x84, 0xCF, 0x7B, 0xEF, 0x7B, 0x10, 0x84, 0xAE, 0x73,
    0x34, 0xA5, 0xB2, 0x94, 0x92, 0x94, 0x71, 0x8C, 0x71, 0x8C, 0xB2, 0x94, 0x92, 0x94, 0xEF, 0x7B,
    0xCF, 0x7B, 0xEF, 0x7B, 0x30, 0x84, 0xAE, 0x73, 0xCF, 0x73, 0x6D, 0x6B, 0x6D, 0x6B, 0x6D, 0x6B,
    0xAF, 0x73, 0xAE, 0x73, 0xAE, 0x73, 0x8E, 0x73, 0xCF, 0x7B, 0xEF, 0x7B, 0xEF, 0x7B, 0xAE, 0x73,
    0x71, 0x4B, 0x71, 0x4B, 0x71, 0x4B, 0x91, 0x4B, 0x30, 0x43, 0x30, 0x43, 0x71, 0x4B, 0xF2, 0x6B,
    0x10, 0x84, 0xAE, 0x73, 0x10, 0x84, 0x8E, 0x73, 0x13, 0x64, 0x34, 0x64, 0x94, 0x74, 0x33, 0x64,
    0x71, 0x4B, 0xCE, 0x32, 0xCE, 0x32, 0x13, 0x64, 0x51, 0x8C, 0x8E, 0x73, 0x10, 0x84, 0xAE, 0x73,
    0xD6, 0x74, 0xD6, 0x74, 0xD6, 0x7C, 0xD6, 0x7C, 0xD2, 0x5B, 0xAE, 0x32, 0xAE, 0x32, 0x54, 0x6C,
    0xB3, 0x94, 0x8E, 0x73, 0xEF, 0x7B, 0xAE, 0x73, 0x37, 0x85, 0xF6, 0x7C, 0x95, 0x74, 0x54, 0x6C,
    0x34, 0x64, 0xD2, 0x53, 0x95, 0x74, 0xF6, 0x7C, 0x71, 0x8C, 0x4D, 0x6B, 0xEF, 0x7B, 0xAE, 0x73,
    0x14, 0x9D, 0xB2, 0x94, 0x92, 0x94, 0xF1, 0x73, 0xD2, 0x5B, 0x13, 0x64, 0x78, 0x8D, 0x37, 0x85,
    0x92, 0x94, 0x8E, 0x73, 0x10, 0x84, 0xAE, 0x73, 0x10, 0x84, 0x8E, 0x73, 0xAE, 0x73, 0x4D, 0x63,
    0x70, 0x4B, 0xF2, 0x5B, 0x37, 0x85, 0x99, 0x95, 0x72, 0x8C, 0x6D, 0x6B, 0x30, 0x84, 0x8E, 0x73,
    0xB2, 0x94, 0x10, 0x84, 0x30, 0x84, 0x8E, 0x73, 0x50, 0x4B, 0xF3, 0x5B, 0xD6, 0x7C, 0xB9, 0x95,
    0x92, 0x94, 0x4D, 0x6B, 0x10, 0x84, 0x8E, 0x73, 0x30, 0x84, 0x6D, 0x6B, 0x51, 0x8C, 0x8E, 0x6B,
    0x71, 0x4B, 0x54, 0x6C, 0xF7, 0x7C, 0x37, 0x85, 0x31, 0x84, 0x0C, 0x63, 0xAE, 0x73, 0x6D, 0x6B,
    0xF3, 0x9C, 0xB2, 0x94, 0xD3, 0x9C, 0xCF, 0x7B, 0x50, 0x43, 0x54, 0x64, 0xF7, 0x7C, 0x58, 0x8D,
    0x34, 0xA5, 0xEF, 0x7B, 0x30, 0x84, 0x10, 0x84, 0xD3, 0x9C, 0x10, 0x84, 0x30, 0x84, 0x8E, 0x6B,
    0x91, 0x4B, 0x13, 0x5C, 0x57, 0x8D, 0x37, 0x85, 0xB2, 0x94, 0x6D, 0x6B, 0x10, 0x84, 0x8E, 0x73,
    0x14, 0xA5, 0xB2, 0x94, 0xD3, 0x9C, 0x8E, 0x73, 0x50, 0x43, 0xF3, 0x5B, 0xF6, 0x7C, 0xD6, 0x7C,
    0x51, 0x8C, 0xAE, 0x73, 0x51, 0x8C, 0x30, 0x84, 0x10, 0x7C, 0x8E, 0x73, 0x8E, 0x73, 0x4E, 0x5B,
    0x71, 0x4B, 0xF3, 0x5B, 0x95, 0x74, 0x34, 0x64, 0xD0, 0x6B, 0x6E, 0x6B, 0xAE, 0x73, 0x4D, 0x63,
    0x71, 0x4B, 0x50, 0x43, 0x30, 0x43, 0x91, 0x4B, 0x91, 0x4B, 0x50, 0x43, 0xB2, 0x4B, 0xF3, 0x5B,
    0xD2, 0x5B, 0xB1, 0x53, 0x91, 0x4B, 0x91, 0x4B, 0x13, 0x64, 0x34, 0x64, 0x94, 0x74, 0x74, 0x6C,
    0x71, 0x4B, 0xCE, 0x32, 0xCE, 0x32, 0x13, 0x64, 0x95, 0x74, 0x54, 0x6C, 0x34, 0x64, 0x54, 0x6C,
    0xD6, 0x74, 0xB6, 0x74, 0x37, 0x85, 0x58, 0x8D, 0xF3, 0x5B, 0xAE, 0x32, 0xAE, 0x32, 0x54, 0x6C,
    0xF7, 0x7C, 0xB6, 0x74, 0xD6, 0x74, 0x57, 0x8D, 0x37, 0x85, 0xF6, 0x84, 0xF6, 0x84, 0x38, 0x85,
    0xD6, 0x7C, 0xF3, 0x5B, 0x95, 0x74, 0xD6, 0x7C, 0x17, 0x85, 0x38, 0x8D, 0x78, 0x95, 0x98, 0x95,
    0x14, 0x9D, 0x71, 0x8C, 0x51, 0x8C, 0x51, 0x8C, 0x10, 0x7C, 0x31, 0x84, 0x92, 0x94, 0xB2, 0x94,
    0x71, 0x8C, 0x92, 0x94, 0x51, 0x8C, 0xF0, 0x7B, 0x30, 0x84, 0xAE, 0x73, 0x4D, 0x6B, 0x4D, 0x6B,
    0x0C, 0x63, 0x8E, 0x73, 0x8E, 0x73, 0x6D, 0x6B, 0x8E, 0x73, 0xAE, 0x73, 0x8E, 0x73, 0x2C, 0x63,
    0xF3, 0x9C, 0x10, 0x84, 0xEF, 0x7B, 0xCF, 0x7B, 0x10, 0x84, 0x51, 0x8C, 0x10, 0x84, 0x30, 0x84,
    0x30, 0x84, 0x30, 0x84, 0x10, 0x84, 0x8E, 0x73, 0x30, 0x84, 0x8E, 0x73, 0x4D, 0x6B, 0x8E, 0x73,
    0xEF, 0x7B, 0xEF, 0x7B, 0xCF, 0x7B, 0xAE, 0x73, 0xCF, 0x7B, 0xAE, 0x73, 0xCF, 0x7B, 0x4D, 0x6B,
    0xF3, 0x9C, 0xD3, 0x9C, 0xB2, 0x94, 0xB2, 0x94, 0x92, 0x94, 0x92, 0x94, 0xB2, 0x94, 0xD3, 0x9C,
    0x92, 0x94, 0xB2, 0x94, 0xB2, 0x94, 0x30, 0x84, 0x71, 0x8C, 0x10, 0x84, 0x30, 0x84, 0xEF, 0x7B,
    0x10, 0x84, 0x10, 0x84, 0xEF, 0x7B, 0xEF, 0x7B, 0x10, 0x84, 0x30, 0x84, 0x10, 0x84, 0x8E, 0x73,
    0x71, 0x8C, 0x51, 0x8C, 0x51, 0x8C, 0x51, 0x8C, 0x92, 0x94, 0xB2, 0x94, 0x71, 0x8C, 0x30, 0x84,
    0x92, 0x94, 0x71, 0x8C, 0x30, 0x84, 0x10, 0x84, 0x8E, 0x73, 0x4D, 0x63, 0x6D, 0x6B, 0x6D, 0x6B,
    0xAE, 0x73, 0xAE, 0x73, 0xAE, 0x73, 0x4D, 0x6B, 0x8E, 0x6B, 0x8E, 0x73, 0x6E, 0x6B, 0x2C, 0x63,
    0x91, 0x53, 0x71, 0x4B, 0x30, 0x43, 0x51, 0x4B, 0x30, 0x43, 0x30, 0x43, 0x71, 0x4B, 0x71, 0x4B,
    0x50, 0x4B, 0x70, 0x4B, 0x91, 0x4B, 0x71, 0x4B, 0x34, 0x64, 0x54, 0x64, 0x94, 0x74, 0x33, 0x64,
    0x50, 0x4B, 0xCE, 0x32, 0xCE, 0x32, 0xF3, 0x5B, 0x54, 0x6C, 0x33, 0x64, 0x13, 0x64, 0x74, 0x6C,
    0xD6, 0x7C, 0xD6, 0x7C, 0x17, 0x85, 0x37, 0x85, 0xF3, 0x5B, 0xAE, 0x32, 0xAE, 0x32, 0x34, 0x64,
    0xD6, 0x7C, 0xB5, 0x74, 0xF6, 0x7C, 0x58, 0x8D, 0x38, 0x8D, 0x17, 0x85, 0xD6, 0x7C, 0x58, 0x8D,
    0xD6, 0x7C, 0x13, 0x64, 0x95, 0x74, 0xB6, 0x74, 0xF6, 0x7C, 0x58, 0x8D, 0x99, 0x95, 0xB9, 0x95,
    0x14, 0xA5, 0xB2, 0x94, 0x72, 0x8C, 0x71, 0x8C, 0x72, 0x8C, 0x92, 0x94, 0x92, 0x94, 0x51, 0x8C,
    0x30, 0x84, 0x71, 0x8C, 0xB2, 0x94, 0x92, 0x94, 0x10, 0x84, 0x8E, 0x73, 0xAE, 0x73, 0x8E, 0x73,
    0x8E, 0x73, 0x8E, 0x73, 0x8E, 0x73, 0x8E, 0x73, 0x8E, 0x73, 0x4D, 0x6B, 0x4D, 0x6B, 0x0C, 0x63,
    0xB2, 0x94, 0x10, 0x84, 0x30, 0x84, 0xEF, 0x7B, 0x10, 0x84, 0xEF, 0x7B, 0x30, 0x84, 0x10, 0x84,
    0x30, 0x84, 0xEF, 0x7B, 0x10, 0x84, 0x4D, 0x6B, 0x30, 0x84, 0xAE, 0x73, 0xCF, 0x7B, 0x6D, 0x6B,
    0xAE, 0x73, 0xAE, 0x73, 0x8E, 0x73, 0xAE, 0x73, 0xAE, 0x73, 0xAE, 0x73, 0xAE, 0x73, 0x6D, 0x6B,
    0xF3, 0x9C, 0x92, 0x94, 0xF3, 0x9C, 0xEF, 0x7B, 0x50, 0x4B, 0x34, 0x64, 0xD6, 0x7C, 0x37, 0x8D,
    0x92, 0x94, 0x30, 0x84, 0x92, 0x94, 0x10, 0x84, 0x51, 0x8C, 0x10, 0x84, 0x71, 0x8C, 0xAE, 0x73,
    0x71, 0x4B, 0x14, 0x64, 0x37, 0x85, 0x37, 0x85, 0x51, 0x8C, 0x8E, 0x73, 0x10, 0x84, 0xAE, 0x73,
    0x14, 0xA5, 0x51, 0x8C, 0x71, 0x8C, 0x6E, 0x6B, 0x50, 0x43, 0xF3, 0x5B, 0x17, 0x85, 0x37, 0x85,
    0x92, 0x94, 0xAE, 0x73, 0x30, 0x84, 0x8E, 0x73, 0x30, 0x84, 0x8E, 0x73, 0x4D, 0x63, 0x2D, 0x5B,
    0x50, 0x43, 0x13, 0x5C, 0xF7, 0x7C, 0x17, 0x85, 0x71, 0x8C, 0x8E, 0x73, 0x30, 0x84, 0xAE, 0x73,
    0x71, 0x4B, 0x71, 0x4B, 0x70, 0x4B, 0x91, 0x4B, 0x50, 0x4B, 0x51, 0x43, 0xD2, 0x53, 0x95, 0x74,
    0xB2, 0x94, 0x6D, 0x6B, 0x30, 0x84, 0x8E, 0x73, 0x13, 0x64, 0x34, 0x64, 0x94, 0x74, 0x54, 0x6C,
    0x71, 0x4B, 0xCE, 0x32, 0xCE, 0x32, 0x54, 0x6C, 0x92, 0x94, 0x8E, 0x73, 0x10, 0x84, 0xAE, 0x73,
    0xD6, 0x7C, 0xD6, 0x74, 0xF7, 0x7C, 0x78, 0x8D, 0xF3, 0x5B, 0xAE, 0x32, 0xAE, 0x32, 0x34, 0x6C,
    0x51, 0x8C, 0x8E, 0x73, 0x51, 0x8C, 0xCF, 0x7B, 0x17, 0x85, 0x17, 0x85, 0xF6, 0x84, 0x58, 0x8D,
    0xF7, 0x7C, 0x33, 0x64, 0x95, 0x74, 0xB5, 0x84, 0x8E, 0x73, 0x0C, 0x63, 0x10, 0x84, 0xCF, 0x7B,
    0xD3, 0x9C, 0x92, 0x8C, 0x71, 0x8C, 0x92, 0x94, 0x71, 0x8C, 0xB3, 0x94, 0xB3, 0x94, 0x30, 0x84,
    0x2C, 0x63, 0xCF, 0x7B, 0xCF, 0x7B, 0x4D, 0x6B, 0x10, 0x84, 0x4D, 0x6B, 0x6D, 0x6B, 0x8E, 0x73,
    0x4D, 0x6B, 0x8E, 0x73, 0x8E, 0x73, 0x8E, 0x73, 0xEF, 0x7B, 0xEF, 0x7B, 0xEF, 0x7B, 0x2C, 0x63,
    0xB2, 0x94, 0x10, 0x84, 0x30, 0x84, 0x10, 0x84, 0xEF, 0x7B, 0xEF, 0x7B, 0x10, 0x84, 0x10, 0x84,
    0xEF, 0x7B, 0x30, 0x84, 0x10, 0x84, 0x6D, 0x6B, 0x51, 0x8C, 0xAE, 0x73, 0xAE, 0x73, 0xAE, 0x73,
    0xAE, 0x73, 0xCF, 0x7B, 0xAE, 0x73, 0x8E, 0x73, 0xAE, 0x73, 0xCF, 0x7B, 0xCF, 0x7B, 0x6D, 0x6B,
    0xB2, 0x94, 0x71, 0x8C, 0x71, 0x8C, 0x92, 0x94, 0x71, 0x8C, 0x71, 0x8C, 0x71, 0x8C, 0x71, 0x8C,
    0x30, 0x84, 0xB2, 0x94, 0x71, 0x8C, 0xEF, 0x7B, 0x30, 0x84, 0x10, 0x84, 0xEF, 0x7B, 0x30, 0x84,
    0x10, 0x84, 0x30, 0x84, 0xEF, 0x7B, 0x10, 0x84, 0xEF, 0x7B, 0x30, 0x84, 0x10, 0x84, 0xCF, 0x7B,
    0xF3, 0x9C, 0x51, 0x8C, 0x30, 0x84, 0x71, 0x8C, 0x71, 0x8C, 0x51, 0x8C, 0x10, 0x84, 0x10, 0x84,
    0x10, 0x84, 0x30, 0x84, 0x30, 0x84, 0xAE, 0x73, 0x31, 0x84, 0x8E, 0x73, 0x4D, 0x6B, 0x6D, 0x6B,
    0x8E, 0x73, 0x10, 0x84, 0xEF, 0x7B, 0xEF, 0x7B, 0xEF, 0x7B, 0x10, 0x84, 0x30, 0x84, 0xCF, 0x7B,
    0x91, 0x4B, 0x71, 0x4B, 0x30, 0x43, 0x30, 0x43, 0x71, 0x4B, 0xF2, 0x6B, 0x10, 0x84, 0x8E, 0x73,
    0x30, 0x84, 0xEF, 0x7B, 0x30, 0x84, 0xAE, 0x73, 0x13, 0x64, 0x34, 0x64, 0x71, 0x4B, 0xCE, 0x32,
    0xCE, 0x32, 0x13, 0x64, 0x51, 0x84, 0x8E, 0x73, 0x30, 0x84, 0x30, 0x84, 0x10, 0x84, 0xCF, 0x7B,
    0xD6, 0x7C, 0xB6, 0x74, 0xD2, 0x53, 0xAE, 0x32, 0xAE, 0x32, 0x54, 0x6C, 0x71, 0x8C, 0x4D, 0x6B,
    0xCF, 0x7B, 0x10, 0x84, 0x51, 0x8C, 0xEF, 0x7B, 0x17, 0x85, 0x17, 0x85, 0x95, 0x74, 0x95, 0x74,
    0xF6, 0x7C, 0x16, 0x8D, 0x31, 0x84, 0x6D, 0x6B, 0x8E, 0x73, 0x8E, 0x73, 0x10, 0x84, 0xEF, 0x7B,
    0xD3, 0x9C, 0x92, 0x8C, 0x71, 0x8C, 0x92, 0x94, 0x72, 0x8C, 0x71, 0x8C, 0x6D, 0x6B, 0x10, 0x84,
    0xEF, 0x7B, 0xCF, 0x7B, 0xCF, 0x7B, 0x6D, 0x6B, 0xEF, 0x7B, 0x4D, 0x6B, 0x6D, 0x6B, 0x8E, 0x73,
    0x4D, 0x6B, 0x6D, 0x6B, 0x30, 0x84, 0x10, 0x84, 0xEF, 0x7B, 0xEF, 0x7B, 0xEF, 0x7B, 0x2C, 0x63,
    0x92, 0x94, 0x10, 0x84, 0x30, 0x84, 0x10, 0x84, 0xEF, 0x7B, 0xEF, 0x7B, 0x10, 0x84, 0x10, 0x84,
    0xEF, 0x7B, 0x30, 0x84, 0x10, 0x84, 0x6D, 0x6B, 0x30, 0x84, 0xCF, 0x7B, 0xCF, 0x7B, 0xCF, 0x7B,
    0xCF, 0x73, 0xCF, 0x7B, 0xCF, 0x73, 0xAF, 0x73, 0xCF, 0x7B, 0xCF, 0x7B, 0xEF, 0x7B, 0x8E, 0x73,
    0xF3, 0x9C, 0xD3, 0x9C, 0xF3, 0x9C, 0xF0, 0x7B, 0x50, 0x4B, 0x34, 0x64, 0xF6, 0x7C, 0x37, 0x8D,
    0xD3, 0x9C, 0x10, 0x84, 0xB2, 0x94, 0x30, 0x84, 0x71, 0x8C, 0x10, 0x84, 0xB2, 0x94, 0x6E, 0x6B,
    0x91, 0x4B, 0x13, 0x5C, 0x37, 0x85, 0xF7, 0x84, 0x92, 0x94, 0xAE, 0x73, 0x10, 0x84, 0x8E, 0x73,
    0x10, 0x84, 0xEF, 0x7B, 0x51, 0x8C, 0x6E, 0x6B, 0x50, 0x4B, 0xF3, 0x5B, 0xF6, 0x7C, 0x95, 0x74,
    0x92, 0x94, 0xEF, 0x7B, 0x10, 0x84, 0x10, 0x84, 0x71, 0x8C, 0xCF, 0x7B, 0x51, 0x8C, 0x6D, 0x6B,
    0x50, 0x43, 0xD2, 0x5B, 0xB6, 0x74, 0x54, 0x6C, 0x11, 0x74, 0x8E, 0x73, 0x6E, 0x6B, 0x2C, 0x63,
    0x14, 0xA5, 0x10, 0x84, 0x10, 0x84, 0x2C, 0x63, 0x30, 0x43, 0x50, 0x43, 0xB2, 0x53, 0x13, 0x64,
    0xF3, 0x5B, 0xB1, 0x53, 0x91, 0x4B, 0x71, 0x4B, 0xF3, 0x9C, 0x51, 0x8C, 0x92, 0x94, 0x6D, 0x6B,
    0x30, 0x43, 0xCE, 0x32, 0xCE, 0x32, 0x13, 0x64, 0xB6, 0x74, 0x54, 0x64, 0x34, 0x64, 0x74, 0x6C,
    0xD3, 0x9C, 0x10, 0x84, 0xB2, 0x94, 0xAE, 0x73, 0x91, 0x53, 0xAE, 0x32, 0xAE, 0x32, 0x34, 0x64,
    0xF7, 0x7C, 0xD6, 0x7C, 0xF6, 0x7C, 0x58, 0x8D, 0xD3, 0x9C, 0x30, 0x84, 0x71, 0x8C, 0xAF, 0x73,
    0x91, 0x53, 0xD2, 0x53, 0x75, 0x6C, 0xD6, 0x7C, 0x37, 0x85, 0x99, 0x95, 0xB9, 0x95, 0xB9, 0x95,
    0xF3, 0x9C, 0x30, 0x84, 0x71, 0x8C, 0x6D, 0x6B, 0x50, 0x43, 0xD2, 0x5B, 0x37, 0x85, 0x38, 0x85,
    0xB4, 0x8C, 0x71, 0x8C, 0xB2, 0x94, 0x92, 0x8C, 0xB2, 0x94, 0x30, 0x84, 0x92, 0x94, 0x6D, 0x6B,
    0x2F, 0x43, 0xB2, 0x53, 0x37, 0x85, 0xD9, 0x9D, 0x92, 0x94, 0x0C, 0x63, 0x4D, 0x6B, 0x0C, 0x63,
    0xB2, 0x94, 0x10, 0x84, 0xB2, 0x94, 0x6D, 0x6B, 0x50, 0x43, 0xD2, 0x5B, 0xF7, 0x7C, 0xB9, 0x95,
    0xB2, 0x94, 0x6D, 0x6B, 0x10, 0x84, 0x4D, 0x6B, 0x30, 0x84, 0xAE, 0x73, 0x71, 0x8C, 0x4D, 0x63,
    0x91, 0x53, 0x74, 0x6C, 0xD6, 0x7C, 0x38, 0x8D, 0x51, 0x8C, 0x4D, 0x6B, 0xAE, 0x73, 0x6D, 0x6B,
    0xF3, 0x9C, 0xD3, 0x9C, 0xB2, 0x94, 0xB2, 0x94, 0x92, 0x94, 0xB2, 0x94, 0xD3, 0x94, 0xD3, 0x9C,
    0xB2, 0x94, 0xB2, 0x94, 0xB2, 0x94, 0x30, 0x84, 0x71, 0x8C, 0x10, 0x84, 0x30, 0x84, 0xEF, 0x7B,
    0x10, 0x84, 0x10, 0x84, 0xEF, 0x7B, 0xEF, 0x7B, 0x10, 0x84, 0x30, 0x84, 0x10, 0x84, 0x8E, 0x73,
    0x10, 0x84, 0xEF, 0x7B, 0xEF, 0x7B, 0xEF, 0x7B, 0xB2, 0x94, 0xB2, 0x94, 0x71, 0x8C, 0x30, 0x84,
    0x92, 0x94, 0x71, 0x8C, 0x30, 0x84, 0x10, 0x84, 0x71, 0x8C, 0xCF, 0x7B, 0xEF, 0x7B, 0xB2, 0x94,
    0x51, 0x8C, 0xCF, 0x73, 0xAE, 0x73, 0x4D, 0x6B, 0x8E, 0x6B, 0x8E, 0x73, 0x6E, 0x6B, 0x2C, 0x63,
    0x14, 0xA5, 0x10, 0x84, 0x10, 0x84, 0xCF, 0x7B, 0x4F, 0x53, 0x30, 0x43, 0x71, 0x4B, 0x71, 0x4B,
    0x50, 0x4B, 0x70, 0x4B, 0x91, 0x4B, 0x71, 0x4B, 0xF3, 0x9C, 0x51, 0x8C, 0x92, 0x94, 0x6E, 0x6B,
    0x30, 0x43, 0xCE, 0x32, 0xCE, 0x32, 0xF3, 0x5B, 0x54, 0x6C, 0x33, 0x64, 0x13, 0x64, 0x74, 0x6C,
    0xD3, 0x9C, 0x10, 0x84, 0xB2, 0x94, 0xAE, 0x73, 0x91, 0x53, 0xAE, 0x32, 0xAE, 0x32, 0x34, 0x64,
    0xD6, 0x7C, 0xD6, 0x7C, 0xF6, 0x7C, 0x58, 0x8D, 0xD3, 0x9C, 0x30, 0x84, 0x71, 0x8C, 0xAF, 0x73,
    0x91, 0x53, 0xD2, 0x53, 0x75, 0x6C, 0xD6, 0x7C, 0x37, 0x85, 0x99, 0x95, 0xB9, 0x95, 0xB9, 0x95,
    0xF3, 0x9C, 0x30, 0x84, 0x71, 0x8C, 0x6D, 0x6B, 0x50, 0x43, 0xD2, 0x5B, 0x37, 0x85, 0x38, 0x85,
    0xB4, 0x8C, 0x71, 0x8C, 0xB2, 0x94, 0x92, 0x8C, 0xB2, 0x94, 0x30, 0x84, 0x92, 0x94, 0x6D, 0x6B,
    0x2F, 0x43, 0xB2, 0x53, 0x37, 0x85, 0xD9, 0x9D, 0x92, 0x94, 0x0C, 0x63, 0x4D, 0x6B, 0x0C, 0x63,
    0xB2, 0x94, 0x10, 0x84, 0xB2, 0x94, 0x6D, 0x6B, 0x50, 0x43, 0xD2, 0x5B, 0xF7, 0x7C, 0xB9, 0x95,
    0xB2, 0x94, 0x6D, 0x6B, 0x10, 0x84, 0x4D, 0x6B, 0x30, 0x84, 0xAE, 0x73, 0x71, 0x8C, 0x2C, 0x63,
    0x71, 0x4B, 0x54, 0x6C, 0xD6, 0x7C, 0x38, 0x85, 0x51, 0x8C, 0x4D, 0x6B, 0xAE, 0x73, 0x6D, 0x6B,
    0xF3, 0x9C, 0xB2, 0x94, 0xD3, 0x9C, 0xCF, 0x7B, 0x50, 0x43, 0x54, 0x64, 0xF7, 0x7C, 0x58, 0x8D,
    0x34, 0xA5, 0xEF, 0x7B, 0x30, 0x84, 0x10, 0x84, 0xD3, 0x9C, 0x10, 0x84, 0x30, 0x84, 0x8E, 0x6B,
    0x91, 0x4B, 0x13, 0x5C, 0x57, 0x8D, 0x58, 0x8D, 0xB2, 0x94, 0x4D, 0x6B, 0x10, 0x84, 0x8E, 0x73,
    0xD3, 0x9C, 0x30, 0x84, 0x71, 0x8C, 0x8E, 0x73, 0x50, 0x43, 0xF3, 0x5B, 0x37, 0x85, 0x38, 0x8D,
    0x51, 0x8C, 0x4D, 0x6B, 0xEF, 0x7B, 0xAE, 0x73, 0xB2, 0x94, 0x10, 0x84, 0x92, 0x94, 0x8E, 0x6B,
    0x50, 0x4B, 0xF3, 0x5B, 0xD6, 0x7C, 0xF6, 0x7C, 0x30, 0x84, 0x8E, 0x73, 0x30, 0x84, 0x8E, 0x73,
    0xD3, 0x9C, 0xEF, 0x7B, 0x30, 0x84, 0x4D, 0x6B, 0x50, 0x43, 0x50, 0x43, 0xB2, 0x53, 0x75, 0x6C,
    0x51, 0x8C, 0x8E, 0x73, 0x10, 0x84, 0x8E, 0x73, 0xD3, 0x9C, 0xEF, 0x7B, 0x71, 0x8C, 0xAE, 0x73,
    0x30, 0x43, 0xCE, 0x32, 0xCE, 0x32, 0x34, 0x6C, 0x92, 0x8C, 0x8E, 0x73, 0x30, 0x84, 0x8E, 0x73,
    0xB2, 0x94, 0x10, 0x84, 0xB2, 0x94, 0xAF, 0x73, 0x91, 0x53, 0xAE, 0x32, 0xAE, 0x32, 0x54, 0x6C,
    0x92, 0x94, 0x8E, 0x73, 0xEF, 0x7B, 0x8E, 0x73, 0xB2, 0x94, 0x10, 0x84, 0x92, 0x94, 0xAE, 0x73,
    0xB2, 0x53, 0xB2, 0x53, 0x95, 0x74, 0xD6, 0x7C, 0x72, 0x8C, 0x8E, 0x73, 0x10, 0x84, 0xAE, 0x73,
    0xD3, 0x9C, 0xEF, 0x7B, 0x51, 0x8C, 0x6D, 0x6B, 0x30, 0x43, 0xB2, 0x53, 0x37, 0x85, 0x38, 0x8D,
    0x71, 0x8C, 0x8E, 0x73, 0xEF, 0x7B, 0x6D, 0x6B, 0xB2, 0x94, 0x30, 0x84, 0x51, 0x8C, 0x6D, 0x6B,
    0xEF, 0x3A, 0xB2, 0x53, 0x37, 0x85, 0x78, 0x95, 0x72, 0x8C, 0xAE, 0x73, 0x30, 0x84, 0xAE, 0x73,
    0xF3, 0x9C, 0x10, 0x84, 0x51, 0x8C, 0x4D, 0x63, 0x50, 0x43, 0xF3, 0x5B, 0xF7, 0x7C, 0x99, 0x95,
    0xB2, 0x94, 0x8E, 0x73, 0x10, 0x84, 0x8E, 0x73, 0x30, 0x84, 0x6D, 0x6B, 0xAE, 0x73, 0x0C, 0x63,
    0x91, 0x53, 0x74, 0x6C, 0xF7, 0x7C, 0x58, 0x8D, 0x71, 0x8C, 0x2C, 0x63, 0xCF, 0x7B, 0x4D, 0x6B,
    0x92, 0x94, 0x92, 0x94, 0x71, 0x8C, 0xB2, 0x94, 0x92, 0x94, 0xB2, 0x94, 0xD3, 0x9C, 0xF3, 0x9C,
    0x51, 0x84, 0xEF, 0x7B, 0x30, 0x84, 0x10, 0x84, 0x71, 0x8C, 0x10, 0x84, 0x30, 0x84, 0x30, 0x84,
    0x30, 0x84, 0x10, 0x84, 0x51, 0x8C, 0x10, 0x84, 0xCF, 0x7B, 0xEF, 0x7B, 0x10, 0x84, 0xCF, 0x7B,
    0xD3, 0x9C, 0x30, 0x84, 0x30, 0x84, 0x10, 0x84, 0xEF, 0x7B, 0x30, 0x84, 0x10, 0x84, 0x8E, 0x73,
    0xCF, 0x7B, 0xEF, 0x7B, 0x30, 0x84, 0xAE, 0x73, 0x51, 0x8C, 0xEF, 0x7B, 0x10, 0x84, 0xEF, 0x7B,
    0x30, 0x84, 0x30, 0x84, 0xCF, 0x7B, 0x8E, 0x73, 0xEF, 0x7B, 0xEF, 0x7B, 0xEF, 0x7B, 0xAE, 0x73,
    0x92, 0x94, 0x10, 0x84, 0x10, 0x84, 0x10, 0x84, 0x92, 0x94, 0x92, 0x94, 0x51, 0x8C, 0x51, 0x8C,
    0x30, 0x84, 0x10, 0x84, 0x10, 0x84, 0x8E, 0x73, 0x92, 0x94, 0xEF, 0x7B, 0x30, 0x84, 0x14, 0xA5,
    0x51, 0x84, 0x8E, 0x73, 0xAE, 0x73, 0x10, 0x84, 0x10, 0x84, 0x30, 0x84, 0x10, 0x84, 0xAE, 0x73,
    0x92, 0x94, 0x30, 0x84, 0xB2, 0x94, 0x30, 0x84, 0x70, 0x5B, 0x30, 0x43, 0x91, 0x4B, 0x12, 0x6C,
    0x30, 0x84, 0x8E, 0x73, 0xEF, 0x7B, 0xCF, 0x7B, 0x71, 0x8C, 0x10, 0x84, 0x71, 0x8C, 0x6D, 0x6B,
    0x50, 0x43, 0xCE, 0x32, 0xCE, 0x32, 0x13, 0x64, 0x31, 0x84, 0x4D, 0x6B, 0xEF, 0x7B, 0xCF, 0x7B,
    0xB2, 0x94, 0x30, 0x84, 0x71, 0x8C, 0x6D, 0x6B, 0x71, 0x4B, 0xCE, 0x32, 0x0F, 0x3B, 0x95, 0x74,
    0x92, 0x94, 0x8E, 0x73, 0x10, 0x84, 0xAE, 0x73, 0x92, 0x94, 0xEF, 0x7B, 0x30, 0x84, 0x4D, 0x6B,
    0x50, 0x4B, 0x54, 0x6C, 0xF6, 0x7C, 0x78, 0x95, 0x72, 0x8C, 0x6D, 0x6B, 0x30, 0x84, 0xAE, 0x73,
    0x71, 0x8C, 0x10, 0x84, 0x51, 0x8C, 0x8E, 0x73, 0x50, 0x4B, 0x13, 0x64, 0x17, 0x85, 0x99, 0x95,
    0x92, 0x8C, 0x4D, 0x6B, 0x10, 0x84, 0xAE, 0x73, 0x30, 0x84, 0x6D, 0x6B, 0x51, 0x8C, 0x8E, 0x73,
    0x71, 0x4B, 0x54, 0x6C, 0xD6, 0x7C, 0x37, 0x85, 0x31, 0x84, 0x2C, 0x63, 0xAE, 0x73, 0x8E, 0x73,
    0xF3, 0x9C, 0xB2, 0x94, 0xD3, 0x9C, 0xCF, 0x7B, 0x50, 0x4B, 0x54, 0x64, 0xF7, 0x7C, 0x58, 0x8D,
    0x34, 0xA5, 0xEF, 0x7B, 0x30, 0x84, 0x10, 0x84, 0xD3, 0x9C, 0x10, 0x84, 0x30, 0x84, 0x8E, 0x6B,
    0x91, 0x4B, 0x13, 0x64, 0x17, 0x85, 0x37, 0x85, 0xB2, 0x94, 0x6D, 0x6B, 0x10, 0x84, 0x8E, 0x73,
    0xD3, 0x9C, 0x30, 0x84, 0x71, 0x8C, 0x8E, 0x73, 0x50, 0x43, 0xF3, 0x5B, 0xF6, 0x7C, 0xD6, 0x7C,
    0x51, 0x8C, 0xAE, 0x73, 0x51, 0x8C, 0x30, 0x84, 0xB2, 0x94, 0x10, 0x84, 0x92, 0x94, 0x8E, 0x6B,
    0x50, 0x4B, 0xF2, 0x5B, 0x95, 0x6C, 0x34, 0x64, 0xD0, 0x6B, 0x6E, 0x6B, 0xAE, 0x73, 0x4D, 0x63,
    0xD3, 0x9C, 0xEF, 0x7B, 0x30, 0x84, 0x4D, 0x6B, 0x50, 0x43, 0x50, 0x43, 0x92, 0x4B, 0xF3, 0x5B,
    0xD2, 0x5B, 0xB1, 0x53, 0x91, 0x4B, 0x91, 0x4B, 0xD3, 0x9C, 0xEF, 0x7B, 0x71, 0x8C, 0xAE, 0x73,
    0x50, 0x43, 0xCE, 0x32, 0xCE, 0x32, 0x13, 0x64, 0x95, 0x74, 0x54, 0x6C, 0x34, 0x64, 0x54, 0x6C,
    0xB2, 0x94, 0x10, 0x84, 0xB2, 0x94, 0xF0, 0x7B, 0xB2, 0x53, 0xAE, 0x32, 0xAE, 0x32, 0x54, 0x6C,
    0xF7, 0x7C, 0xB6, 0x74, 0xD6, 0x74, 0x57, 0x8D, 0xB2, 0x94, 0x10, 0x84, 0x71, 0x8C, 0x30, 0x84,
    0x13, 0x6C, 0xD2, 0x5B, 0x94, 0x74, 0xD6, 0x7C, 0x17, 0x85, 0x38, 0x8D, 0x78, 0x95, 0x98, 0x95,
    0xD3, 0x9C, 0xEF, 0x7B, 0xEF, 0x7B, 0xCF, 0x7B, 0x8E, 0x73, 0xF0, 0x7B, 0x92, 0x94, 0xB2, 0x94,
    0x71, 0x8C, 0x92, 0x94, 0x51, 0x8C, 0xF0, 0x7B, 0xB2, 0x94, 0x30, 0x84, 0xEF, 0x7B, 0xCF, 0x7B,
    0x0C, 0x63, 0x8E, 0x73, 0x8E, 0x73, 0x6D, 0x6B, 0x8E, 0x73, 0xAE, 0x73, 0x8E, 0x73, 0x2C, 0x63,
    0xF3, 0x9C, 0x10, 0x84, 0xEF, 0x7B, 0xCF, 0x7B, 0x10, 0x84, 0x51, 0x8C, 0x10, 0x84, 0x30, 0x84,
    0x30, 0x84, 0x30, 0x84, 0x10, 0x84, 0x8E, 0x73, 0x30, 0x84, 0x8E, 0x73, 0x4D, 0x6B, 0x6D, 0x6B,
    0xEF, 0x7B, 0xEF, 0x7B, 0xCF, 0x7B, 0xAE, 0x73, 0xCF, 0x7B, 0xAE, 0x73, 0xCF, 0x7B, 0x4D, 0x6B,
    0xB2, 0x94, 0xB2, 0x94, 0x92, 0x94, 0x92, 0x94, 0x71, 0x8C, 0x71, 0x8C, 0x92, 0x94, 0xB2, 0x94,
    0x71, 0x8C, 0x92, 0x94, 0x92, 0x94, 0x10, 0x84, 0x51, 0x8C, 0x10, 0x84, 0x30, 0x84, 0xEF, 0x7B,
    0x10, 0x84, 0x10, 0x84, 0xEF, 0x7B, 0xEF, 0x7B, 0x10, 0x84, 0x30, 0x84, 0x10, 0x84, 0xAE, 0x73,
    0xEF, 0x7B, 0xEF, 0x7B, 0xEF, 0x7B, 0xEF, 0x7B, 0x10, 0x84, 0x51, 0x8C, 0x92, 0x94, 0x30, 0x84,
    0x92, 0x94, 0x71, 0x8C, 0x30, 0x84, 0x10, 0x84, 0x30, 0x84, 0xCF, 0x7B, 0xCF, 0x7B, 0xEF, 0x7B,
    0x30, 0x84, 0x14, 0xA5, 0x71, 0x8C, 0x8E, 0x6B, 0xAF, 0x73, 0xAE, 0x73, 0x8E, 0x73, 0x2D, 0x63,
    0xF3, 0x9C, 0x10, 0x84, 0x8E, 0x73, 0x8E, 0x73, 0x92, 0x94, 0x51, 0x84, 0xF1, 0x6B, 0xD2, 0x5B,
    0x13, 0x64, 0x95, 0x74, 0x53, 0x6C, 0x91, 0x4B, 0xD3, 0x9C, 0x51, 0x8C, 0x10, 0x84, 0xCF, 0x7B,
    0x51, 0x8C, 0x8E, 0x73, 0x91, 0x53, 0xCE, 0x32, 0xAE, 0x32, 0x33, 0x64, 0xB5, 0x74, 0x54, 0x6C,
    0xB2, 0x94, 0x10, 0x84, 0x30, 0x84, 0x30, 0x84, 0x92, 0x94, 0xAF, 0x73, 0xB1, 0x53, 0xEF, 0x3A,
    0xAE, 0x32, 0x54, 0x6C, 0x17, 0x85, 0x57, 0x8D, 0xB2, 0x94, 0x30, 0x84, 0xEF, 0x7B, 0x30, 0x84,
    0x51, 0x8C, 0x10, 0x84, 0xD1, 0x63, 0xF3, 0x5B, 0x33, 0x64, 0xB5, 0x74, 0xF6, 0x7C, 0x37, 0x8D,
    0xD3, 0x9C, 0x30, 0x84, 0x10, 0x84, 0xEF, 0x7B, 0x10, 0x84, 0xEF, 0x7B, 0x10, 0x84, 0x30, 0x84,
    0x51, 0x84, 0x71, 0x8C, 0x92, 0x94, 0x92, 0x8C, 0x92, 0x94, 0x30, 0x84, 0x30, 0x84, 0x10, 0x84,
    0x10, 0x84, 0x10, 0x84, 0x8E, 0x73, 0x8E, 0x73, 0x8E, 0x73, 0x4D, 0x6B, 0x4D, 0x6B, 0x0C, 0x63,
    0x92, 0x94, 0x10, 0x84, 0x30, 0x84, 0xEF, 0x7B, 0x10, 0x84, 0xEF, 0x7B, 0x30, 0x84, 0x10, 0x84,
    0x30, 0x84, 0xEF, 0x7B, 0x10, 0x84, 0x4D, 0x6B, 0x10, 0x84, 0xAE, 0x73, 0xEF, 0x7B, 0x8E, 0x73,
    0xCF, 0x73, 0xAF, 0x73, 0xAF, 0x73, 0xAF, 0x73, 0xCF, 0x7B, 0xCF, 0x7B, 0xAE, 0x73, 0x6D, 0x6B,
    0xB2, 0x94, 0x71, 0x8C, 0xD3, 0x9C, 0xEF, 0x7B, 0x13, 0x64, 0x95, 0x74, 0x17, 0x85, 0x58, 0x8D,
    0x14, 0xA5, 0xCF, 0x7B, 0x10, 0x84, 0x10, 0x84, 0x92, 0x94, 0x10, 0x84, 0x30, 0x84, 0x8E, 0x73,
    0x95, 0x74, 0x95, 0x74, 0x58, 0x8D, 0x58, 0x8D, 0x92, 0x94, 0x4D, 0x6B, 0x10, 0x84, 0xAE, 0x73,
    0x92, 0x94, 0x30, 0x84, 0x71, 0x8C, 0xAE, 0x73, 0x54, 0x6C, 0xD2, 0x53, 0x95, 0x6C, 0x17, 0x85,
    0x51, 0x8C, 0x4D, 0x6B, 0xEF, 0x7B, 0xAE, 0x73, 0x92, 0x94, 0x10, 0x84, 0x92, 0x94, 0xAE, 0x73,
    0xD2, 0x53, 0xAE, 0x32, 0xAE, 0x32, 0x54, 0x6C, 0x30, 0x84, 0x8E, 0x73, 0x30, 0x84, 0xAE, 0x73,
    0xB2, 0x94, 0xEF, 0x7B, 0x30, 0x84, 0x8E, 0x73, 0x50, 0x4B, 0xCE, 0x32, 0xCE, 0x32, 0x33, 0x64,
    0x51, 0x8C, 0x8E, 0x73, 0x10, 0x84, 0x8E, 0x73, 0xB2, 0x94, 0xEF, 0x7B, 0x51, 0x8C, 0x30, 0x84,
    0x70, 0x5B, 0x50, 0x4B, 0x91, 0x53, 0x12, 0x6C, 0x30, 0x84, 0x8E, 0x73, 0x30, 0x84, 0xAE, 0x73,
    0x92, 0x94, 0x10, 0x84, 0x30, 0x84, 0x10, 0x84, 0x10, 0x84, 0x30, 0x84, 0x71, 0x8C, 0x30, 0x84,
    0x4D, 0x6B, 0x10, 0x84, 0xEF, 0x7B, 0xAE, 0x73, 0x71, 0x8C, 0x10, 0x84, 0x10, 0x84, 0x10, 0x84,
    0x8E, 0x73, 0x4D, 0x6B, 0x8E, 0x73, 0x6D, 0x6B, 0xEF, 0x7B, 0x10, 0x84, 0x10, 0x84, 0xAE, 0x73,
    0xB2, 0x94, 0xEF, 0x7B, 0xEF, 0x7B, 0xEF, 0x7B, 0x8E, 0x73, 0xCF, 0x7B, 0x30, 0x84, 0x30, 0x84,
    0xEF, 0x7B, 0x10, 0x84, 0xEF, 0x7B, 0x6D, 0x6B, 0x92, 0x94, 0x30, 0x84, 0xEF, 0x7B, 0xCF, 0x7B,
    0x8E, 0x73, 0x10, 0x84, 0x30, 0x84, 0xEF, 0x7B, 0x10, 0x84, 0x30, 0x84, 0x30, 0x84, 0xCF, 0x7B,
    0xD3, 0x9C, 0x10, 0x84, 0xEF, 0x7B, 0xCF, 0x7B, 0x10, 0x84, 0x51, 0x8C, 0x10, 0x84, 0x30, 0x84,
    0x30, 0x84, 0x30, 0x84, 0x10, 0x84, 0x8E, 0x73, 0x30, 0x84, 0x8E, 0x73, 0x4D, 0x6B, 0x8E, 0x73,
    0x10, 0x84, 0xEF, 0x7B, 0xEF, 0x7B, 0xCF, 0x7B, 0xEF, 0x7B, 0xCF, 0x7B, 0xCF, 0x7B, 0x6D, 0x6B,
    0xB2, 0x94, 0xB2, 0x94, 0x92, 0x94, 0x92, 0x94, 0x71, 0x8C, 0x71, 0x8C, 0x92, 0x94, 0x92, 0x94,
    0x30, 0x84, 0xB2, 0x94, 0x71, 0x8C, 0xEF, 0x7B, 0x51, 0x8C, 0x10, 0x84, 0x30, 0x84, 0xEF, 0x7B,
    0xEF, 0x7B, 0x10, 0x84, 0xEF, 0x7B, 0x10, 0x84, 0xEF, 0x7B, 0x30, 0x84, 0x10, 0x84, 0xCF, 0x7B,
    0x10, 0x84, 0xEF, 0x7B, 0xCF, 0x7B, 0xEF, 0x7B, 0xEF, 0x7B, 0x10, 0x84, 0x10, 0x84, 0x10, 0x84,
    0x10, 0x84, 0x30, 0x84, 0x30, 0x84, 0xAE, 0x73, 0x51, 0x8C, 0xCF, 0x7B, 0xCF, 0x7B, 0xCF, 0x7B,
    0xEF, 0x7B, 0xCF, 0x7B, 0x30, 0x84, 0x10, 0x84, 0xEF, 0x7B, 0xEF, 0x7B, 0x30, 0x84, 0xCF, 0x7B,
    0xF3, 0x9C, 0xEF, 0x7B, 0xAE, 0x73, 0xAE, 0x73, 0xAE, 0x73, 0xCF, 0x7B, 0x10, 0x84, 0x10, 0x84,
    0x30, 0x84, 0xEF, 0x7B, 0x30, 0x84, 0xAE, 0x73, 0xD3, 0x9C, 0x51, 0x8C, 0x10, 0x84, 0xAE, 0x73,
    0xCF, 0x7B, 0xEF, 0x7B, 0x30, 0x84, 0x30, 0x84, 0x10, 0x84, 0xEF, 0x7B, 0x10, 0x84, 0xCF, 0x7B,
    0xB2, 0x94, 0x10, 0x84, 0x30, 0x84, 0x10, 0x84, 0xEF, 0x7B, 0xCF, 0x7B, 0x10, 0x84, 0x10, 0x84,
    0xCF, 0x7B, 0x10, 0x84, 0x51, 0x8C, 0xEF, 0x7B, 0xB2, 0x94, 0x30, 0x84, 0xEF, 0x7B, 0x30, 0x84,
    0x10, 0x84, 0xCF, 0x7B, 0xEF, 0x7B, 0xCF, 0x7B, 0xCF, 0x7B, 0xEF, 0x7B, 0x10, 0x84, 0xCF, 0x7B,
    0xD3, 0x9C, 0x30, 0x84, 0x10, 0x84, 0xEF, 0x7B, 0xCF, 0x7B, 0xCF, 0x7B, 0xEF, 0x7B, 0x30, 0x84,
    0xEF, 0x7B, 0xEF, 0x7B, 0xEF, 0x7B, 0x6D, 0x6B, 0x92, 0x94, 0x30, 0x84, 0x30, 0x84, 0xEF, 0x7B,
    0xCF, 0x7B, 0xEF, 0x7B, 0x30, 0x84, 0xEF, 0x7B, 0xEF, 0x7B, 0x10, 0x84, 0x30, 0x84, 0xCF, 0x7B,
    0x92, 0x94, 0x10, 0x84, 0x30, 0x84, 0xEF, 0x7B, 0x10, 0x84, 0x30, 0x84, 0x10, 0x84, 0x30, 0x84,
    0x10, 0x84, 0x30, 0x84, 0x10, 0x84, 0x8E, 0x73, 0x10, 0x84, 0xAE, 0x73, 0xEF, 0x7B, 0x8E, 0x73,
    0xCF, 0x7B, 0xEF, 0x7B, 0xEF, 0x7B, 0xCF, 0x7B, 0xEF, 0x7B, 0xCF, 0x7B, 0xCF, 0x7B, 0x6D, 0x6B,
    0xB2, 0x94, 0xB2, 0x94, 0x92, 0x94, 0x92, 0x94, 0x71, 0x8C, 0x71, 0x8C, 0x92, 0x94, 0x92, 0x94,
    0x30, 0x84, 0xB2, 0x94, 0x71, 0x8C, 0xEF, 0x7B, 0x51, 0x8C, 0x10, 0x84, 0x30, 0x84, 0xEF, 0x7B,
    0xEF, 0x7B, 0x10, 0x84, 0xEF, 0x7B, 0x10, 0x84, 0xEF, 0x7B, 0x30, 0x84, 0x10, 0x84, 0xCF, 0x7B,
    0x10, 0x84, 0xEF, 0x7B, 0xCF, 0x7B, 0xEF, 0x7B, 0xEF, 0x7B, 0x10, 0x84, 0x10, 0x84, 0x10, 0x84,
    0x10, 0x84, 0x30, 0x84, 0x30, 0x84, 0xAE, 0x73, 0x51, 0x8C, 0xCF, 0x7B, 0xCF, 0x7B, 0xCF, 0x7B,
    0xEF, 0x7B, 0xCF, 0x7B, 0x30, 0x84, 0x10, 0x84, 0xEF, 0x7B, 0xEF, 0x7B, 0x30, 0x84, 0xCF, 0x7B,
    0xF3, 0x9C, 0xEF, 0x7B, 0xAE, 0x73, 0xAE, 0x73, 0xAE, 0x73, 0xCF, 0x7B, 0x10, 0x84, 0x10, 0x84,
    0x30, 0x84, 0xEF, 0x7B, 0x30, 0x84, 0xAE, 0x73, 0xD3, 0x9C, 0x51, 0x8C, 0x10, 0x84, 0xAE, 0x73,
    0xCF, 0x7B, 0xEF, 0x7B, 0x30, 0x84, 0x30, 0x84, 0x10, 0x84, 0xEF, 0x7B, 0x10, 0x84, 0xCF, 0x7B,
    0xB2, 0x94, 0x10, 0x84, 0x30, 0x84, 0x10, 0x84, 0xEF, 0x7B, 0xCF, 0x7B, 0x10, 0x84, 0x10, 0x84,
    0xCF, 0x7B, 0x10, 0x84, 0x51, 0x8C, 0xEF, 0x7B, 0xB2, 0x94, 0x30, 0x84, 0xEF, 0x7B, 0x30, 0x84,
    0x10, 0x84, 0xCF, 0x7B, 0xEF, 0x7B, 0xCF, 0x7B, 0xCF, 0x7B, 0xEF, 0x7B, 0x10, 0x84, 0xCF, 0x7B,
    0xD3, 0x9C, 0x30, 0x84, 0x10, 0x84, 0xEF, 0x7B, 0xCF, 0x7B, 0xCF, 0x7B, 0xEF, 0x7B, 0x30, 0x84,
    0xEF, 0x7B, 0xEF, 0x7B, 0xEF, 0x7B, 0x6D, 0x6B, 0x92, 0x94, 0x30, 0x84, 0x30, 0x84, 0xEF, 0x7B,
    0xCF, 0x7B, 0xEF, 0x7B, 0x30, 0x84, 0xEF, 0x7B, 0xEF, 0x7B, 0x10, 0x84, 0x30, 0x84, 0xCF, 0x7B,
    0x92, 0x94, 0x10, 0x84, 0x30, 0x84, 0xEF, 0x7B, 0x10, 0x84, 0x30, 0x84, 0x10, 0x84, 0x30, 0x84,
    0x10, 0x84, 0x30, 0x84, 0x10, 0x84, 0x8E, 0x73, 0x10, 0x84, 0xAE, 0x73, 0xEF, 0x7B, 0x8E, 0x73,
    0xCF, 0x7B, 0xEF, 0x7B, 0xEF, 0x7B, 0xCF, 0x7B, 0xEF, 0x7B, 0xCF, 0x7B, 0xCF, 0x7B, 0x6D, 0x6B,
    0xB2, 0x94, 0xB2, 0x94, 0x92, 0x94, 0x92, 0x94, 0x71, 0x8C, 0x71, 0x8C, 0x92, 0x94, 0x92, 0x94,
    0x30, 0x84, 0xB2, 0x94, 0x71, 0x8C, 0xEF, 0x7B, 0x51, 0x8C, 0x10, 0x84, 0x30, 0x84, 0xEF, 0x7B,
    0xEF, 0x7B, 0x10, 0x84, 0xEF, 0x7B, 0x10, 0x84, 0xEF, 0x7B, 0x30, 0x84, 0x10, 0x84, 0xCF, 0x7B,
    0x10, 0x84, 0xEF, 0x7B, 0xCF, 0x7B, 0xEF, 0x7B, 0xEF, 0x7B, 0x10, 0x84, 0x10, 0x84, 0x10, 0x84,
    0x10, 0x84, 0x30, 0x84, 0x30, 0x84, 0xAE, 0x73, 0x51, 0x8C, 0xCF, 0x7B, 0xCF, 0x7B, 0xCF, 0x7B,
    0xEF, 0x7B, 0xCF, 0x7B, 0x30, 0x84, 0x10, 0x84, 0xEF, 0x7B, 0xEF, 0x7B, 0x30, 0x84, 0xCF, 0x7B,
    0xF3, 0x9C, 0xEF, 0x7B, 0xAE, 0x73, 0xAE, 0x73, 0xAE, 0x73, 0xCF, 0x7B, 0x10, 0x84, 0x10, 0x84,
    0x30, 0x84, 0xEF, 0x7B, 0x30, 0x84, 0xAE, 0x73, 0xD3, 0x9C, 0x51, 0x8C, 0x10, 0x84, 0xAE, 0x73,
    0xCF, 0x7B, 0xEF, 0x7B, 0x30, 0x84, 0x30, 0x84, 0x10, 0x84, 0xEF, 0x7B, 0x10, 0x84, 0xCF, 0x7B,
    0xB2, 0x94, 0x10, 0x84, 0x30, 0x84, 0x10, 0x84, 0xEF, 0x7B, 0xCF, 0x7B, 0x10, 0x84, 0x10, 0x84,
    0xCF, 0x7B, 0x10, 0x84, 0x51, 0x8C, 0xEF, 0x7B, 0xB2, 0x94, 0x30, 0x84, 0xEF, 0x7B, 0x30, 0x84,
    0x10, 0x84, 0xCF, 0x7B, 0xEF, 0x7B, 0xCF, 0x7B, 0xCF, 0x7B, 0xEF, 0x7B, 0x10, 0x84, 0xCF, 0x7B,
    0xD3, 0x9C, 0x30, 0x84, 0x10, 0x84, 0xEF, 0x7B, 0xCF, 0x7B, 0xCF, 0x7B, 0xEF, 0x7B, 0x30, 0x84,
    0xEF, 0x7B, 0xEF, 0x7B, 0xEF, 0x7B, 0x6D, 0x6B, 0x92, 0x94, 0x30, 0x84, 0x30, 0x84, 0xEF, 0x7B,
    0xCF, 0x7B, 0xEF, 0x7B, 0x30, 0x84, 0xEF, 0x7B, 0xEF, 0x7B, 0x10, 0x84, 0x30, 0x84, 0xCF, 0x7B,
    0x92, 0x94, 0x10, 0x84, 0x30, 0x84, 0xEF, 0x7B, 0x10, 0x84, 0x30, 0x84, 0x10, 0x84, 0x30, 0x84,
    0x10, 0x84, 0x30, 0x84, 0x10, 0x84, 0x8E, 0x73, 0x10, 0x84, 0x8E, 0x73, 0xCF, 0x7B, 0x8E, 0x73,
    0xCF, 0x7B, 0xEF, 0x7B, 0xCF, 0x7B, 0xAE, 0x73, 0xCF, 0x7B, 0xAE, 0x73, 0xCF, 0x7B, 0x6D, 0x6B,
    0xEF, 0x7B, 0xEF, 0x7B, 0xEF, 0x7B, 0xEF, 0x7B, 0xEF, 0x7B, 0xEF, 0x7B, 0xEF, 0x7B, 0xEF, 0x7B,
    0xEF, 0x7B, 0xEF, 0x7B, 0xEF, 0x7B, 0xEF, 0x7B, 0x75, 0xAD, 0x75, 0xAD, 0x75, 0xAD, 0xF3, 0x9C,
    0x75, 0xAD, 0x75, 0xAD, 0x75, 0xAD, 0xF3, 0x9C, 0x75, 0xAD, 0x75, 0xAD, 0x75, 0xAD, 0xF3, 0x9C,
    0x18, 0xC6, 0x9A, 0xD6, 0x38, 0xC6, 0x9A, 0xD6, 0x38, 0xC6, 0x9A, 0xD6, 0x38, 0xC6, 0x9A, 0xD6,
    0x38, 0xC6, 0x9A, 0xD6, 0x38, 0xC6, 0x9A, 0xD6, 0x79, 0xCE, 0x38, 0xC6, 0x9A, 0xD6, 0x38, 0xC6,
    0x79, 0xCE, 0x38, 0xC6, 0x9A, 0xD6, 0x38, 0xC6, 0x79, 0xCE, 0x38, 0xC6, 0x9A, 0xD6, 0x18, 0xC6,
    0x18, 0xC6, 0x79, 0xCE, 0x38, 0xC6, 0x9A, 0xD6, 0x38, 0xC6, 0x79, 0xCE, 0x38, 0xC6, 0x9A, 0xD6,
    0x38, 0xC6, 0x79, 0xCE, 0x38, 0xC6, 0x9A, 0xD6, 0x79, 0xCE, 0x38, 0xC6, 0x9A, 0xD6, 0x38, 0xC6,
    0x9A, 0xD6, 0x38, 0xC6, 0x9A, 0xD6, 0x38, 0xC6, 0x9A, 0xD6, 0x38, 0xC6, 0x9A, 0xD6, 0x38, 0xC6,
    0x18, 0xC6, 0x9A, 0xD6, 0x38, 0xC6, 0x9A, 0xD6, 0x38, 0xC6, 0x9A, 0xD6, 0x38, 0xC6, 0x9A, 0xD6,
    0x38, 0xC6, 0x9A, 0xD6, 0x38, 0xC6, 0x9A, 0xD6, 0x79, 0xCE, 0x38, 0xC6, 0x9A, 0xD6, 0x38, 0xC6,
    0x79, 0xCE, 0x38, 0xC6, 0x9A, 0xD6, 0x38, 0xC6, 0x79, 0xCE, 0x38, 0xC6, 0x9A, 0xD6, 0x18, 0xC6,
    0x18, 0xC6, 0x79, 0xCE, 0x38, 0xC6, 0x9A, 0xD6, 0x38, 0xC6, 0x79, 0xCE, 0x38, 0xC6, 0x9A, 0xD6,
    0x38, 0xC6, 0x79, 0xCE, 0x38, 0xC6, 0x9A, 0xD6, 0x79, 0xCE, 0x38, 0xC6, 0x9A, 0xD6, 0x38, 0xC6,
    0x9A, 0xD6, 0x38, 0xC6, 0x9A, 0xD6, 0x38, 0xC6, 0x9A, 0xD6, 0x38, 0xC6, 0x9A, 0xD6, 0x38, 0xC6,
    0x18, 0xC6, 0x9A, 0xD6, 0x38, 0xC6, 0x9A, 0xD6, 0x38, 0xC6, 0x9A, 0xD6, 0x38, 0xC6, 0x9A, 0xD6,
    0x38, 0xC6, 0x9A, 0xD6, 0x38, 0xC6, 0x9A, 0xD6, 0x79, 0xCE, 0x38, 0xC6, 0x9A, 0xD6, 0x38, 0xC6,
    0x79, 0xCE, 0x38, 0xC6, 0x9A, 0xD6, 0x38, 0xC6, 0x79, 0xCE, 0x38, 0xC6, 0x79, 0xCE, 0x18, 0xC6,
    0x18, 0xC6, 0x79, 0xCE, 0x38, 0xC6, 0x9A, 0xD6, 0x38, 0xC6, 0x79, 0xCE, 0x38, 0xC6, 0x9A, 0xD6,
    0x38, 0xC6, 0x79, 0xCE, 0xF3, 0x9C, 0x10, 0x84, 0x79, 0xCE, 0x38, 0xC6, 0x9A, 0xD6, 0x38, 0xC6,
    0x9A, 0xD6, 0x38, 0xC6, 0x9A, 0xD6, 0x38, 0xC6, 0x9A, 0xD6, 0x38, 0xC6, 0x75, 0xAD, 0xEF, 0x7B,
    0x18, 0xC6, 0x9A, 0xD6, 0x38, 0xC6, 0x9A, 0xD6, 0x38, 0xC6, 0x9A, 0xD6, 0x38, 0xC6, 0x9A, 0xD6,
    0x38, 0xC6, 0x9A, 0xD6, 0xF3, 0x9C, 0xEF, 0x7B, 0x79, 0xCE, 0x38, 0xC6, 0x9A, 0xD6, 0x38, 0xC6,
    0x79, 0xCE, 0x38, 0xC6, 0x9A, 0xD6, 0x38, 0xC6, 0x79, 0xCE, 0x38, 0xC6, 0x55, 0xAD, 0xEF, 0x7B,
    0x18, 0xC6, 0x79, 0xCE, 0x38, 0xC6, 0x9A, 0xD6, 0x38, 0xC6, 0x79, 0xCE, 0x38, 0xC6, 0x9A, 0xD6,
    0x38, 0xC6, 0x79, 0xCE, 0xF3, 0x9C, 0xEF, 0x7B, 0x79, 0xCE, 0x38, 0xC6, 0x9A, 0xD6, 0x38, 0xC6,
    0x9A, 0xD6, 0x38, 0xC6, 0x9A, 0xD6, 0x38, 0xC6, 0x9A, 0xD6, 0x38, 0xC6, 0x75, 0xAD, 0xEF, 0x7B,
    0x18, 0xC6, 0x9A, 0xD6, 0x38, 0xC6, 0x9A, 0xD6, 0x38, 0xC6, 0x9A, 0xD6, 0x38, 0xC6, 0x9A, 0xD6,
    0x38, 0xC6, 0x9A, 0xD6, 0xF3, 0x9C, 0xEF, 0x7B, 0x79, 0xCE, 0x38, 0xC6, 0x9A, 0xD6, 0x38, 0xC6,
    0x79, 0xCE, 0x38, 0xC6, 0x9A, 0xD6, 0x38, 0xC6, 0x79, 0xCE, 0x38, 0xC6, 0x55, 0xAD, 0xEF, 0x7B,
    0x18, 0xC6, 0x79, 0xCE, 0x38, 0xC6, 0x9A, 0xD6, 0x38, 0xC6, 0x79, 0xCE, 0x38, 0xC6, 0x9A, 0xD6,
    0x38, 0xC6, 0x79, 0xCE, 0xF3, 0x9C, 0xEF, 0x7B, 0x79, 0xCE, 0x38, 0xC6, 0x9A, 0xD6, 0x38, 0xC6,
    0x9A, 0xD6, 0x38, 0xC6, 0x9A, 0xD6, 0x38, 0xC6, 0x9A, 0xD6, 0x38, 0xC6, 0x75, 0xAD, 0xEF, 0x7B,
    0x18, 0xC6, 0x9A, 0xD6, 0x38, 0xC6, 0x9A, 0xD6, 0x38, 0xC6, 0x9A, 0xD6, 0x38, 0xC6, 0x9A, 0xD6,
    0x38, 0xC6, 0x9A, 0xD6, 0xF3, 0x9C, 0xEF, 0x7B, 0x79, 0xCE, 0x38, 0xC6, 0x9A, 0xD6, 0x38, 0xC6,
    0x79, 0xCE, 0x38, 0xC6, 0x9A, 0xD6, 0x38, 0xC6, 0x79, 0xCE, 0x38, 0xC6, 0x75, 0xAD, 0x10, 0x84,
    0x18, 0xC6, 0x79, 0xCE, 0x38, 0xC6, 0x9A, 0xD6, 0x38, 0xC6, 0x79, 0xCE, 0x38, 0xC6, 0x9A, 0xD6,
    0x38, 0xC6, 0x79, 0xCE, 0x18, 0xC6, 0x79, 0xCE, 0x79, 0xCE, 0x38, 0xC6, 0x9A, 0xD6, 0x38, 0xC6,
    0x9A, 0xD6, 0x38, 0xC6, 0x9A, 0xD6, 0x38, 0xC6, 0x9A, 0xD6, 0x38, 0xC6, 0x9A, 0xD6, 0x38, 0xC6,
    0x18, 0xC6, 0x9A, 0xD6, 0x38, 0xC6, 0x9A, 0xD6, 0x38, 0xC6, 0x9A, 0xD6, 0x38, 0xC6, 0x9A, 0xD6,
    0x38, 0xC6, 0x9A, 0xD6, 0x38, 0xC6, 0x9A, 0xD6, 0x79, 0xCE, 0x38, 0xC6, 0x9A, 0xD6, 0x38, 0xC6,
    0x79, 0xCE, 0x38, 0xC6, 0x9A, 0xD6, 0x38, 0xC6, 0x79, 0xCE, 0x38, 0xC6, 0x9A, 0xD6, 0x18, 0xC6,
    0x18, 0xC6, 0x79, 0xCE, 0x38, 0xC6, 0x9A, 0xD6, 0x38, 0xC6, 0x79, 0xCE, 0x38, 0xC6, 0x9A, 0xD6,
    0x38, 0xC6, 0x79, 0xCE, 0x38, 0xC6, 0x9A, 0xD6, 0x79, 0xCE, 0x38, 0xC6, 0x9A, 0xD6, 0x38, 0xC6,
    0x9A, 0xD6, 0x38, 0xC6, 0x9A, 0xD6, 0x38, 0xC6, 0x9A, 0xD6, 0x38, 0xC6, 0x9A, 0xD6, 0x38, 0xC6,
    0x18, 0xC6, 0x9A, 0xD6, 0x38, 0xC6, 0x9A, 0xD6, 0x38, 0xC6, 0x9A, 0xD6, 0x38, 0xC6, 0x9A, 0xD6,
    0x38, 0xC6, 0x9A, 0xD6, 0x38, 0xC6, 0x9A, 0xD6, 0x79, 0xCE, 0x38, 0xC6, 0x9A, 0xD6, 0x38, 0xC6,
    0x79, 0xCE, 0x38, 0xC6, 0x9A, 0xD6, 0x38, 0xC6, 0x79, 0xCE, 0x38, 0xC6, 0x9A, 0xD6, 0x18, 0xC6,
    0x18, 0xC6, 0x79, 0xCE, 0x38, 0xC6, 0x9A, 0xD6, 0x38, 0xC6, 0x79, 0xCE, 0x38, 0xC6, 0x9A, 0xD6,
    0x38, 0xC6, 0x79, 0xCE, 0x38, 0xC6, 0x9A, 0xD6, 0x79, 0xCE, 0x38, 0xC6, 0x9A, 0xD6, 0x38, 0xC6,
    0x9A, 0xD6, 0x38, 0xC6, 0x9A, 0xD6, 0x38, 0xC6, 0x9A, 0xD6, 0x38, 0xC6, 0x9A, 0xD6, 0x38, 0xC6,
    0xD3, 0x9C, 0x75, 0xAD, 0x75, 0xAD, 0x55, 0xAD, 0xF3, 0x9C, 0x75, 0xAD, 0x75, 0xAD, 0x55, 0xAD,
    0xF3, 0x9C, 0x75, 0xAD, 0x75, 0xAD, 0x75, 0xAD, 0xEF, 0x7B, 0xEF, 0x7B, 0x10, 0x84, 0x10, 0x84,
    0x10, 0x84, 0x10, 0x84, 0x10, 0x84, 0x10, 0x84, 0x10, 0x84, 0x10, 0x84, 0x10, 0x84, 0x10, 0x84,
    0xEF, 0x7B, 0x55, 0xAD, 0x18, 0xC6, 0x79, 0xCE, 0x18, 0xC6, 0x79, 0xCE, 0x18, 0xC6, 0x79, 0xCE,
    0x18, 0xC6, 0x79, 0xCE, 0x18, 0xC6, 0x79, 0xCE, 0xEF, 0x7B, 0x75, 0xAD, 0x9A, 0xD6, 0x38, 0xC6,
    0x9A, 0xD6, 0x38, 0xC6, 0x9A, 0xD6, 0x38, 0xC6, 0x9A, 0xD6, 0x38, 0xC6, 0x9A, 0xD6, 0x38, 0xC6,
    0xEF, 0x7B, 0x75, 0xAD, 0x38, 0xC6, 0x9A, 0xD6, 0x38, 0xC6, 0x9A, 0xD6, 0x38, 0xC6, 0x9A, 0xD6,
    0x38, 0xC6, 0x9A, 0xD6, 0x38, 0xC6, 0x9A, 0xD6, 0xEF, 0x7B, 0x75, 0xAD, 0x9A, 0xD6, 0x38, 0xC6,
    0x79, 0xCE, 0x38, 0xC6, 0x9A, 0xD6, 0x38, 0xC6, 0x79, 0xCE, 0x38, 0xC6, 0x9A, 0xD6, 0x18, 0xC6,
    0xEF, 0x7B, 0x75, 0xAD, 0x38, 0xC6, 0x9A, 0xD6, 0x38, 0xC6, 0x79, 0xCE, 0x38, 0xC6, 0x9A, 0xD6,
    0x38, 0xC6, 0x79, 0xCE, 0x38, 0xC6, 0x9A, 0xD6, 0xEF, 0x7B, 0x75, 0xAD, 0x9A, 0xD6, 0x38, 0xC6,
    0x9A, 0xD6, 0x38, 0xC6, 0x9A, 0xD6, 0x38, 0xC6, 0x9A, 0xD6, 0x38, 0xC6, 0x9A, 0xD6, 0x38, 0xC6,
    0xEF, 0x7B, 0x75, 0xAD, 0x38, 0xC6, 0x9A, 0xD6, 0x38, 0xC6, 0x9A, 0xD6, 0x38, 0xC6, 0x9A, 0xD6,
    0x38, 0xC6, 0x9A, 0xD6, 0x38, 0xC6, 0x9A, 0xD6, 0xEF, 0x7B, 0x75, 0xAD, 0x9A, 0xD6, 0x38, 0xC6,
    0x79, 0xCE, 0x38, 0xC6, 0x9A, 0xD6, 0x38, 0xC6, 0x79, 0xCE, 0x38, 0xC6, 0x9A, 0xD6, 0x18, 0xC6,
    0xEF, 0x7B, 0x75, 0xAD, 0x38, 0xC6, 0x9A, 0xD6, 0x38, 0xC6, 0x79, 0xCE, 0x38, 0xC6, 0x9A, 0xD6,
    0x38, 0xC6, 0x79, 0xCE, 0x38, 0xC6, 0x9A, 0xD6, 0xEF, 0x7B, 0x75, 0xAD, 0x9A, 0xD6, 0x38, 0xC6,
    0x9A, 0xD6, 0x38, 0xC6, 0x9A, 0xD6, 0x38, 0xC6, 0x9A, 0xD6, 0x38, 0xC6, 0x9A, 0xD6, 0x38, 0xC6,
    0xEF, 0x7B, 0x75, 0xAD, 0x38, 0xC6, 0x9A, 0xD6, 0x38, 0xC6, 0x9A, 0xD6, 0x38, 0xC6, 0x9A, 0xD6,
    0x38, 0xC6, 0x9A, 0xD6, 0x38, 0xC6, 0x9A, 0xD6, 0xEF, 0x7B, 0x75, 0xAD, 0x79, 0xCE, 0x18, 0xC6,
    0x79, 0xCE, 0x18, 0xC6, 0x79, 0xCE, 0x18, 0xC6, 0x79, 0xCE, 0x18, 0xC6, 0x79, 0xCE, 0x18, 0xC6,
    0xEF, 0x7B, 0x10, 0x84, 0x10, 0x84, 0x10, 0x84, 0x10, 0x84, 0x10, 0x84, 0x10, 0x84, 0x10, 0x84,
    0x10, 0x84, 0x10, 0x84, 0x10, 0x84, 0x10, 0x84, 0xEF, 0x7B, 0xD3, 0x9C, 0x75, 0xAD, 0xF3, 0x9C,
    0x75, 0xAD, 0x75, 0xAD, 0x75, 0xAD, 0xF3, 0x9C, 0x75, 0xAD, 0x75, 0xAD, 0x75, 0xAD, 0xF3, 0x9C,
    0xEF, 0x7B, 0x75, 0xAD, 0x38, 0xC6, 0x9A, 0xD6, 0x38, 0xC6, 0x9A, 0xD6, 0x38, 0xC6, 0x9A, 0xD6,
    0x38, 0xC6, 0x9A, 0xD6, 0x38, 0xC6, 0x9A, 0xD6, 0xEF, 0x7B, 0x75, 0xAD, 0x9A, 0xD6, 0x38, 0xC6,
    0x79, 0xCE, 0x38, 0xC6, 0x9A, 0xD6, 0x38, 0xC6, 0x79, 0xCE, 0x38, 0xC6, 0x9A, 0xD6, 0x18, 0xC6,
    0xEF, 0x7B, 0x75, 0xAD, 0x38, 0xC6, 0x9A, 0xD6, 0x38, 0xC6, 0x79, 0xCE, 0x38, 0xC6, 0x9A, 0xD6,
    0x38, 0xC6, 0x79, 0xCE, 0x38, 0xC6, 0x9A, 0xD6, 0xEF, 0x7B, 0x75, 0xAD, 0x9A, 0xD6, 0x38, 0xC6,
    0x9A, 0xD6, 0x38, 0xC6, 0x9A, 0xD6, 0x38, 0xC6, 0x9A, 0xD6, 0x38, 0xC6, 0x9A, 0xD6, 0x38, 0xC6,
    0xEF, 0x7B, 0x75, 0xAD, 0x38, 0xC6, 0x9A, 0xD6, 0x38, 0xC6, 0x9A, 0xD6, 0x38, 0xC6, 0x9A, 0xD6,
    0x38, 0xC6, 0x9A, 0xD6, 0x38, 0xC6, 0x9A, 0xD6, 0xEF, 0x7B, 0x75, 0xAD, 0x9A, 0xD6, 0x38, 0xC6,
    0x79, 0xCE, 0x38, 0xC6, 0x9A, 0xD6, 0x38, 0xC6, 0x79, 0xCE, 0x38, 0xC6, 0x9A, 0xD6, 0x18, 0xC6,
    0xEF, 0x7B, 0x75, 0xAD, 0x38, 0xC6, 0x9A, 0xD6, 0x38, 0xC6, 0x79, 0xCE, 0x38, 0xC6, 0x9A, 0xD6,
    0x38, 0xC6, 0x79, 0xCE, 0x38, 0xC6, 0x9A, 0xD6, 0xEF, 0x7B, 0x75, 0xAD, 0x9A, 0xD6, 0x38, 0xC6,
    0x9A, 0xD6, 0x38, 0xC6, 0x9A, 0xD6, 0x38, 0xC6, 0x9A, 0xD6, 0x38, 0xC6, 0x9A, 0xD6, 0x38, 0xC6,
    0xEF, 0x7B, 0x75, 0xAD, 0x38, 0xC6, 0x9A, 0xD6, 0x38, 0xC6, 0x9A, 0xD6, 0x38, 0xC6, 0x9A, 0xD6,
    0x38, 0xC6, 0x9A, 0xD6, 0x38, 0xC6, 0x9A, 0xD6, 0xEF, 0x7B, 0x75, 0xAD, 0x79, 0xCE, 0x18, 0xC6,
    0x79, 0xCE, 0x18, 0xC6, 0x79, 0xCE, 0x18, 0xC6, 0x79, 0xCE, 0x18, 0xC6, 0x79, 0xCE, 0x18, 0xC6,
    0xEF, 0x7B, 0x10, 0x84, 0x10, 0x84, 0x10, 0x84, 0x10, 0x84, 0x10, 0x84, 0x10, 0x84, 0x10, 0x84,
    0x10, 0x84, 0x10, 0x84, 0x10, 0x84, 0x10, 0x84, 0x75, 0xAD, 0x75, 0xAD, 0x75, 0xAD, 0xF3, 0x9C,
    0x75, 0xAD, 0x75, 0xAD, 0x75, 0xAD, 0xF3, 0x9C, 0x75, 0xAD, 0x75, 0xAD, 0xD3, 0x9C, 0xEF, 0x7B,
    0x18, 0xC6, 0x9A, 0xD6, 0x38, 0xC6, 0x9A, 0xD6, 0x38, 0xC6, 0x9A, 0xD6, 0x38, 0xC6, 0x9A, 0xD6,
    0x38, 0xC6, 0x9A, 0xD6, 0xF3, 0x9C, 0xEF, 0x7B, 0x79, 0xCE, 0x38, 0xC6, 0x9A, 0xD6, 0x38, 0xC6,
    0x79, 0xCE, 0x38, 0xC6, 0x9A, 0xD6, 0x38, 0xC6, 0x79, 0xCE, 0x38, 0xC6, 0x55, 0xAD, 0xEF, 0x7B,
    0x18, 0xC6, 0x79, 0xCE, 0x38, 0xC6, 0x9A, 0xD6, 0x38, 0xC6, 0x79, 0xCE, 0x38, 0xC6, 0x9A, 0xD6,
    0x38, 0xC6, 0x79, 0xCE, 0xF3, 0x9C, 0xEF, 0x7B, 0x79, 0xCE, 0x38, 0xC6, 0x9A, 0xD6, 0x38, 0xC6,
    0x9A, 0xD6, 0x38, 0xC6, 0x9A, 0xD6, 0x38, 0xC6, 0x9A, 0xD6, 0x38, 0xC6, 0x75, 0xAD, 0xEF, 0x7B,
    0x18, 0xC6, 0x9A, 0xD6, 0x38, 0xC6, 0x9A, 0xD6, 0x38, 0xC6, 0x9A, 0xD6, 0x38, 0xC6, 0x9A, 0xD6,
    0x38, 0xC6, 0x9A, 0xD6, 0xF3, 0x9C, 0xEF, 0x7B, 0x79, 0xCE, 0x38, 0xC6, 0x9A, 0xD6, 0x38, 0xC6,
    0x79, 0xCE, 0x38, 0xC6, 0x9A, 0xD6, 0x38, 0xC6, 0x79, 0xCE, 0x38, 0xC6, 0x55, 0xAD, 0xEF, 0x7B,
    0x18, 0xC6, 0x79, 0xCE, 0x38, 0xC6, 0x9A, 0xD6, 0x38, 0xC6, 0x79, 0xCE, 0x38, 0xC6, 0x9A, 0xD6,
    0x38, 0xC6, 0x79, 0xCE, 0xF3, 0x9C, 0xEF, 0x7B, 0x79, 0xCE, 0x38, 0xC6, 0x9A, 0xD6, 0x38, 0xC6,
    0x9A, 0xD6, 0x38, 0xC6, 0x9A, 0xD6, 0x38, 0xC6, 0x9A, 0xD6, 0x38, 0xC6, 0x75, 0xAD, 0xEF, 0x7B,
    0x18, 0xC6, 0x9A, 0xD6, 0x38, 0xC6, 0x9A, 0xD6, 0x38, 0xC6, 0x9A, 0xD6, 0x38, 0xC6, 0x9A, 0xD6,
    0x38, 0xC6, 0x9A, 0xD6, 0xF3, 0x9C, 0xEF, 0x7B, 0x79, 0xCE, 0x38, 0xC6, 0x9A, 0xD6, 0x38, 0xC6,
    0x79, 0xCE, 0x38, 0xC6, 0x9A, 0xD6, 0x38, 0xC6, 0x79, 0xCE, 0x38, 0xC6, 0x55, 0xAD, 0xEF, 0x7B,
    0x18, 0xC6, 0x79, 0xCE, 0x38, 0xC6, 0x9A, 0xD6, 0x38, 0xC6, 0x79, 0xCE, 0x38, 0xC6, 0x9A, 0xD6,
    0x38, 0xC6, 0x79, 0xCE, 0xF3, 0x9C, 0xEF, 0x7B, 0x79, 0xCE, 0x38, 0xC6, 0x9A, 0xD6, 0x38, 0xC6,
    0x9A, 0xD6, 0x38, 0xC6, 0x9A, 0xD6, 0x38, 0xC6, 0x9A, 0xD6, 0x38, 0xC6, 0x75, 0xAD, 0xEF, 0x7B,
    0x18, 0xC6, 0x9A, 0xD6, 0x38, 0xC6, 0x9A, 0xD6, 0x38, 0xC6, 0x9A, 0xD6, 0x38, 0xC6, 0x9A, 0xD6,
    0x38, 0xC6, 0x9A, 0xD6, 0xF3, 0x9C, 0xEF, 0x7B, 0x79, 0xCE, 0x38, 0xC6, 0x9A, 0xD6, 0x38, 0xC6,
    0x79, 0xCE, 0x38, 0xC6, 0x9A, 0xD6, 0x38, 0xC6, 0x79, 0xCE, 0x38, 0xC6, 0x55, 0xAD, 0xEF, 0x7B,
    0x18, 0xC6, 0x79, 0xCE, 0x38, 0xC6, 0x9A, 0xD6, 0x38, 0xC6, 0x79, 0xCE, 0x38, 0xC6, 0x9A, 0xD6,
    0x38, 0xC6, 0x79, 0xCE, 0xF3, 0x9C, 0xEF, 0x7B, 0x79, 0xCE, 0x38, 0xC6, 0x9A, 0xD6, 0x38, 0xC6,
    0x9A, 0xD6, 0x38, 0xC6, 0x9A, 0xD6, 0x38, 0xC6, 0x9A, 0xD6, 0x38, 0xC6, 0x75, 0xAD, 0xEF, 0x7B,
    0x18, 0xC6, 0x9A, 0xD6, 0x38, 0xC6, 0x9A, 0xD6, 0x38, 0xC6, 0x9A, 0xD6, 0x38, 0xC6, 0x9A, 0xD6,
    0x38, 0xC6, 0x9A, 0xD6, 0xF3, 0x9C, 0xEF, 0x7B, 0x79, 0xCE, 0x38, 0xC6, 0x9A, 0xD6, 0x38, 0xC6,
    0x79, 0xCE, 0x38, 0xC6, 0x9A, 0xD6, 0x38, 0xC6, 0x79, 0xCE, 0x38, 0xC6, 0x55, 0xAD, 0xEF, 0x7B,
    0x18, 0xC6, 0x79, 0xCE, 0x38, 0xC6, 0x9A, 0xD6, 0x38, 0xC6, 0x79, 0xCE, 0x38, 0xC6, 0x9A, 0xD6,
    0x38, 0xC6, 0x79, 0xCE, 0xF3, 0x9C, 0xEF, 0x7B, 0x79, 0xCE, 0x38, 0xC6, 0x9A, 0xD6, 0x38, 0xC6,
    0x9A, 0xD6, 0x38, 0xC6, 0x9A, 0xD6, 0x38, 0xC6, 0x9A, 0xD6, 0x38, 0xC6, 0x75, 0xAD, 0xEF, 0x7B,
    0xD3, 0x9C, 0x75, 0xAD, 0x75, 0xAD, 0x55, 0xAD, 0xF3, 0x9C, 0x75, 0xAD, 0x75, 0xAD, 0x55, 0xAD,
    0xF3, 0x9C, 0x75, 0xAD, 0xD3, 0x9C, 0xEF, 0x7B, 0xEF, 0x7B, 0xEF, 0x7B, 0x10, 0x84, 0x10, 0x84,
    0x10, 0x84, 0x10, 0x84, 0x10, 0x84, 0x10, 0x84, 0x10, 0x84, 0x10, 0x84, 0x10, 0x84, 0x10, 0x84,
    0xEF, 0x7B, 0x55, 0xAD, 0x18, 0xC6, 0x79, 0xCE, 0x18, 0xC6, 0x79, 0xCE, 0x18, 0xC6, 0x79, 0xCE,
    0x18, 0xC6, 0x79, 0xCE, 0x18, 0xC6, 0x79, 0xCE, 0xEF, 0x7B, 0x75, 0xAD, 0x9A, 0xD6, 0x38, 0xC6,
    0x9A, 0xD6, 0x38, 0xC6, 0x9A, 0xD6, 0x38, 0xC6, 0x9A, 0xD6, 0x38, 0xC6, 0x9A, 0xD6, 0x38, 0xC6,
    0xEF, 0x7B, 0x75, 0xAD, 0x38, 0xC6, 0x9A, 0xD6, 0x38, 0xC6, 0x9A, 0xD6, 0x38, 0xC6, 0x9A, 0xD6,
    0x38, 0xC6, 0x9A, 0xD6, 0x38, 0xC6, 0x9A, 0xD6, 0xEF, 0x7B, 0x75, 0xAD, 0x9A, 0xD6, 0x38, 0xC6,
    0x79, 0xCE, 0x38, 0xC6, 0x9A, 0xD6, 0x38, 0xC6, 0x79, 0xCE, 0x38, 0xC6, 0x9A, 0xD6, 0x18, 0xC6,
    0xEF, 0x7B, 0x75, 0xAD, 0x38, 0xC6, 0x9A, 0xD6, 0x38, 0xC6, 0x79, 0xCE, 0x38, 0xC6, 0x9A, 0xD6,
    0x38, 0xC6, 0x79, 0xCE, 0x38, 0xC6, 0x9A, 0xD6, 0xEF, 0x7B, 0x75, 0xAD, 0x9A, 0xD6, 0x38, 0xC6,
    0x9A, 0xD6, 0x38, 0xC6, 0x9A, 0xD6, 0x38, 0xC6, 0x9A, 0xD6, 0x38, 0xC6, 0x9A, 0xD6, 0x38, 0xC6,
    0xEF, 0x7B, 0x75, 0xAD, 0x38, 0xC6, 0x9A, 0xD6, 0x38, 0xC6, 0x9A, 0xD6, 0x38, 0xC6, 0x9A, 0xD6,
    0x38, 0xC6, 0x9A, 0xD6, 0x38, 0xC6, 0x9A, 0xD6, 0xEF, 0x7B, 0x75, 0xAD, 0x9A, 0xD6, 0x38, 0xC6,
    0x79, 0xCE, 0x38, 0xC6, 0x9A, 0xD6, 0x38, 0xC6, 0x79, 0xCE, 0x38, 0xC6, 0x9A, 0xD6, 0x18, 0xC6,
    0xEF, 0x7B, 0x75, 0xAD, 0x38, 0xC6, 0x9A, 0xD6, 0x38, 0xC6, 0x79, 0xCE, 0x38, 0xC6, 0x9A, 0xD6,
    0x38, 0xC6, 0x79, 0xCE, 0x38, 0xC6, 0x9A, 0xD6, 0xEF, 0x7B, 0x75, 0xAD, 0x9A, 0xD6, 0x38, 0xC6,
    0x9A, 0xD6, 0x38, 0xC6, 0x9A, 0xD6, 0x38, 0xC6, 0x9A, 0xD6, 0x38, 0xC6, 0x9A, 0xD6, 0x38, 0xC6,
    0xEF, 0x7B, 0xD3, 0x9C, 0x75, 0xAD, 0x55, 0xAD, 0xF3, 0x9C, 0x75, 0xAD, 0x75, 0xAD, 0x55, 0xAD,
    0xF3, 0x9C, 0x75, 0xAD, 0x75, 0xAD, 0x75, 0xAD, 0xEF, 0x7B, 0xEF, 0x7B, 0xEF, 0x7B, 0xEF, 0x7B,
    0xEF, 0x7B, 0xEF, 0x7B, 0xEF, 0x7B, 0xEF, 0x7B, 0xEF, 0x7B, 0xEF, 0x7B, 0xEF, 0x7B, 0xEF, 0x7B,
    0xEF, 0x7B, 0xEF, 0x7B, 0xEF, 0x7B, 0xEF, 0x7B, 0xEF, 0x7B, 0xEF, 0x7B, 0xEF, 0x7B, 0xEF, 0x7B,
    0xEF, 0x7B, 0xEF, 0x7B, 0xEF, 0x7B, 0xEF, 0x7B, 0xEF, 0x7B, 0xEF, 0x7B, 0xEF, 0x7B, 0xEF, 0x7B,
    0xEF, 0x7B, 0xEF, 0x7B, 0xEF, 0x7B, 0xEF, 0x7B, 0xEF, 0x7B, 0xEF, 0x7B, 0xEF, 0x7B, 0xEF, 0x7B,
    0xEF, 0x7B, 0xEF, 0x7B, 0xEF, 0x7B, 0xEF, 0x7B, 0xEF, 0x7B, 0xEF, 0x7B, 0xEF, 0x7B, 0xEF, 0x7B,
    0xEF, 0x7B, 0xEF, 0x7B, 0xEF, 0x7B, 0xEF, 0x7B, 0xEF, 0x7B, 0xEF, 0x7B, 0xEF, 0x7B, 0xEF, 0x7B,
    0xEF, 0x7B, 0xEF, 0x7B, 0xEF, 0x7B, 0xEF, 0x7B, 0xEF, 0x7B, 0xEF, 0x7B, 0xEF, 0x7B, 0xEF, 0x7B,
    0xEF, 0x7B, 0xEF, 0x7B, 0xEF, 0x7B, 0xEF, 0x7B, 0xEF, 0x7B, 0xEF, 0x7B, 0xEF, 0x7B, 0xEF, 0x7B,
    0xEF, 0x7B, 0xEF, 0x7B, 0xEF, 0x7B, 0xEF, 0x7B, 0xEF, 0x7B, 0xEF, 0x7B, 0xEF, 0x7B, 0xEF, 0x7B,
    0xEF, 0x7B, 0xEF, 0x7B, 0xEF, 0x7B, 0xEF, 0x7B, 0xEF, 0x7B, 0xEF, 0x7B, 0xEF, 0x7B, 0xEF, 0x7B,
    0xEF, 0x7B, 0xEF, 0x7B, 0xEF, 0x7B, 0xEF, 0x7B, 0xEF, 0x7B, 0xEF, 0x7B, 0xEF, 0x7B, 0xEF, 0x7B,
    0xEF, 0x7B, 0xEF, 0x7B, 0xEF, 0x7B, 0xEF, 0x7B, 0xEF, 0x7B, 0xEF, 0x7B, 0xEF, 0x7B, 0xEF, 0x7B,
    0xEF, 0x7B, 0xEF, 0x7B, 0xEF, 0x7B, 0xEF, 0x7B, 0xEF, 0x7B, 0xEF, 0x7B, 0xEF, 0x7B, 0xEF, 0x7B,
    0xEF, 0x7B, 0xEF, 0x7B, 0xEF, 0x7B, 0xEF, 0x7B, 0xEF, 0x7B, 0xEF, 0x7B, 0xEF, 0x7B, 0xEF, 0x7B,
    0xEF, 0x7B, 0xEF, 0x7B, 0xEF, 0x7B, 0xEF, 0x7B, 0xEF, 0x7B, 0xEF, 0x7B, 0xEF, 0x7B, 0xEF, 0x7B,
    0xEF, 0x7B, 0xEF, 0x7B, 0xEF, 0x7B, 0xEF, 0x7B, 0xEF, 0x7B, 0xEF, 0x7B, 0xEF, 0x7B, 0xEF, 0x7B,
    0xEF, 0x7B, 0xEF, 0x7B, 0xEF, 0x7B, 0xEF, 0x7B, 0xEF, 0x7B, 0xEF, 0x7B, 0xEF, 0x7B, 0xEF, 0x7B,
    0xEF, 0x7B, 0xEF, 0x7B, 0xEF, 0x7B, 0xEF, 0x7B, 0xEF, 0x7B, 0xEF, 0x7B, 0xEF, 0x7B, 0xEF, 0x7B,
    0xEF, 0x7B, 0xEF, 0x7B, 0xEF, 0x7B, 0xEF, 0x7B, 0xEF, 0x7B, 0xEF, 0x7B, 0xEF, 0x7B, 0xEF, 0x7B,
    0xEF, 0x7B, 0xEF, 0x7B, 0xEF, 0x7B, 0xEF, 0x7B, 0xEF, 0x7B, 0xEF, 0x7B, 0xEF, 0x7B, 0xEF, 0x7B,
    0xEF, 0x7B, 0xEF, 0x7B, 0xEF, 0x7B, 0xEF, 0x7B, 0xEF, 0x7B, 0xEF, 0x7B, 0xEF, 0x7B, 0xEF, 0x7B,
    0xEF, 0x7B, 0xEF, 0x7B, 0xEF, 0x7B, 0xEF, 0x7B, 0xEF, 0x7B, 0xEF, 0x7B, 0xEF, 0x7B, 0xEF, 0x7B,
    0xEF, 0x7B, 0xEF, 0x7B, 0xEF, 0x7B, 0xEF, 0x7B, 0xEF, 0x7B, 0xEF, 0x7B, 0xEF, 0x7B, 0xEF, 0x7B,
    0xEF, 0x7B, 0xEF, 0x7B, 0xEF, 0x7B, 0xEF, 0x7B, 0xEF, 0x7B, 0xEF, 0x7B, 0xEF, 0x7B, 0xEF, 0x7B,
    0xEF, 0x7B, 0xEF, 0x7B, 0xEF, 0x7B, 0xEF, 0x7B, 0xEF, 0x7B, 0xEF, 0x7B, 0xEF, 0x7B, 0xEF, 0x7B,
    0xEF, 0x7B, 0xEF, 0x7B, 0xEF, 0x7B, 0xEF, 0x7B, 0xEF, 0x7B, 0xEF, 0x7B, 0xEF, 0x7B, 0xEF, 0x7B,
    0xEF, 0x7B, 0xEF, 0x7B, 0xEF, 0x7B, 0xEF, 0x7B, 0xEF, 0x7B, 0xEF, 0x7B, 0xEF, 0x7B, 0xEF, 0x7B,
    0xEF, 0x7B, 0xEF, 0x7B, 0xEF, 0x7B, 0xEF, 0x7B, 0xEF, 0x7B, 0xEF, 0x7B, 0xEF, 0x7B, 0xEF, 0x7B,
    0xEF, 0x7B, 0xEF, 0x7B, 0xEF, 0x7B, 0xEF, 0x7B, 0xEF, 0x7B, 0xEF, 0x7B, 0xEF, 0x7B, 0xEF, 0x7B,
    0xEF, 0x7B, 0xEF, 0x7B, 0xEF, 0x7B, 0xEF, 0x7B, 0xEF, 0x7B, 0xEF, 0x7B, 0xEF, 0x7B, 0xEF, 0x7B,
    0xEF, 0x7B, 0xEF, 0x7B, 0xEF, 0x7B, 0xEF, 0x7B, 0xEF, 0x7B, 0xEF, 0x7B, 0xEF, 0x7B, 0xEF, 0x7B,
    0xEF, 0x7B, 0xEF, 0x7B, 0xEF, 0x7B, 0xEF, 0x7B, 0xEF, 0x7B, 0xEF, 0x7B, 0xEF, 0x7B, 0xEF, 0x7B,
    0xEF, 0x7B, 0xEF, 0x7B, 0xEF, 0x7B, 0xEF, 0x7B, 0xEF, 0x7B, 0xEF, 0x7B, 0xEF, 0x7B, 0xEF, 0x7B,
    0xEF, 0x7B, 0xEF, 0x7B, 0xEF, 0x7B, 0xEF, 0x7B, 0xEF, 0x7B, 0xEF, 0x7B, 0xEF, 0x7B, 0xEF, 0x7B,
    0xEF, 0x7B, 0xEF, 0x7B, 0xEF, 0x7B, 0xEF, 0x7B, 0xEF, 0x7B, 0xEF, 0x7B, 0xEF, 0x7B, 0xEF, 0x7B,
    0xEF, 0x7B, 0xEF, 0x7B, 0xEF, 0x7B, 0xEF, 0x7B, 0xEF, 0x7B, 0xEF, 0x7B, 0xEF, 0x7B, 0xEF, 0x7B,
    0xEF, 0x7B, 0xEF, 0x7B, 0xEF, 0x7B, 0xEF, 0x7B, 0xEF, 0x7B, 0xEF, 0x7B, 0xEF, 0x7B, 0xEF, 0x7B,
    0xEF, 0x7B, 0xEF, 0x7B, 0xEF, 0x7B, 0xEF, 0x7B, 0xEF, 0x7B, 0xEF, 0x7B, 0xEF, 0x7B, 0xEF, 0x7B,
    0xEF, 0x7B, 0xEF, 0x7B, 0xEF, 0x7B, 0xEF, 0x7B, 0xEF, 0x7B, 0xEF, 0x7B, 0xEF, 0x7B, 0xEF, 0x7B,
    0xEF, 0x7B, 0xEF, 0x7B, 0xEF, 0x7B, 0xEF, 0x7B, 0xEF, 0x7B, 0xEF, 0x7B, 0xEF, 0x7B, 0xEF, 0x7B,
    0xEF, 0x7B, 0xEF, 0x7B, 0xEF, 0x7B, 0xEF, 0x7B, 0xEF, 0x7B, 0xEF, 0x7B, 0xEF, 0x7B, 0xEF, 0x7B,
    0xEF, 0x7B, 0xEF, 0x7B, 0xEF, 0x7B, 0xEF, 0x7B, 0xEF, 0x7B, 0xEF, 0x7B, 0xEF, 0x7B, 0xEF, 0x7B,
    0xEF, 0x7B, 0xEF, 0x7B, 0xEF, 0x7B, 0xEF, 0x7B, 0xEF, 0x7B, 0xEF, 0x7B, 0xEF, 0x7B, 0xEF, 0x7B,
    0xEF, 0x7B, 0xEF, 0x7B, 0xEF, 0x7B, 0xEF, 0x7B, 0xEF, 0x7B, 0xEF, 0x7B, 0xEF, 0x7B, 0xEF, 0x7B,
    0xEF, 0x7B, 0xEF, 0x7B, 0xEF, 0x7B, 0xEF, 0x7B, 0xEF, 0x7B, 0xEF, 0x7B, 0xEF, 0x7B, 0xEF, 0x7B,
    0xEF, 0x7B, 0xEF, 0x7B, 0xEF, 0x7B, 0xEF, 0x7B, 0xEF, 0x7B, 0xEF, 0x7B, 0xEF, 0x7B, 0xEF, 0x7B,
    0xEF, 0x7B, 0xEF, 0x7B, 0xEF, 0x7B, 0xEF, 0x7B, 0xEF, 0x7B, 0xEF, 0x7B, 0xEF, 0x7B, 0xEF, 0x7B,
    0xEF, 0x7B, 0xEF, 0x7B, 0xEF, 0x7B, 0xEF, 0x7B, 0xEF, 0x7B, 0xEF, 0x7B, 0xEF, 0x7B, 0xEF, 0x7B,
    0xEF, 0x7B, 0xEF, 0x7B, 0xEF, 0x7B, 0xEF, 0x7B, 0xEF, 0x7B, 0xEF, 0x7B, 0xEF, 0x7B, 0xEF, 0x7B,
    0xEF, 0x7B, 0xEF, 0x7B, 0xEF, 0x7B, 0xEF, 0x7B, 0xEF, 0x7B, 0xEF, 0x7B, 0xEF, 0x7B, 0xEF, 0x7B,
    0xEF, 0x7B, 0xEF, 0x7B, 0xEF, 0x7B, 0xEF, 0x7B, 0xEF, 0x7B, 0xEF, 0x7B, 0xEF, 0x7B, 0xEF, 0x7B,
    0xEF, 0x7B, 0xEF, 0x7B, 0xEF, 0x7B, 0xEF, 0x7B, 0xEF, 0x7B, 0xEF, 0x7B, 0xEF, 0x7B, 0xEF, 0x7B,
    0xEF, 0x7B, 0xEF, 0x7B, 0xEF, 0x7B, 0xEF, 0x7B, 0xEF, 0x7B, 0xEF, 0x7B, 0xEF, 0x7B, 0xEF, 0x7B,
    0xEF, 0x7B, 0xEF, 0x7B, 0xEF, 0x7B, 0xEF, 0x7B, 0xEF, 0x7B, 0xEF, 0x7B, 0xEF, 0x7B, 0xEF, 0x7B,
    0xEF, 0x7B, 0xEF, 0x7B, 0xEF, 0x7B, 0xEF, 0x7B, 0xEF, 0x7B, 0xEF, 0x7B, 0xEF, 0x7B, 0xEF, 0x7B,
    0xEF, 0x7B, 0xEF, 0x7B, 0xEF, 0x7B, 0xEF, 0x7B, 0xEF, 0x7B, 0xEF, 0x7B, 0xEF, 0x7B, 0xEF, 0x7B,
    0xEF, 0x7B, 0xEF, 0x7B, 0xEF, 0x7B, 0xEF, 0x7B, 0xEF, 0x7B, 0xEF, 0x7B, 0xEF, 0x7B, 0xEF, 0x7B,
    0xEF, 0x7B, 0xEF, 0x7B, 0xEF, 0x7B, 0xEF, 0x7B, 0xEF, 0x7B, 0xEF, 0x7B, 0xEF, 0x7B, 0xEF, 0x7B,
    0xEF, 0x7B, 0xEF, 0x7B, 0xEF, 0x7B, 0xEF, 0x7B, 0xEF, 0x7B, 0xEF, 0x7B, 0xEF, 0x7B, 0xEF, 0x7B,
    0xEF, 0x7B, 0xEF, 0x7B, 0xEF, 0x7B, 0xEF, 0x7B, 0xEF, 0x7B, 0xEF, 0x7B, 0xEF, 0x7B, 0xEF, 0x7B,
    0xEF, 0x7B, 0xEF, 0x7B, 0xEF, 0x7B, 0xEF, 0x7B, 0xEF, 0x7B, 0xEF, 0x7B, 0xEF, 0x7B, 0xEF, 0x7B,
    0xEF, 0x7B, 0xEF, 0x7B, 0xEF, 0x7B, 0xEF, 0x7B, 0xEF, 0x7B, 0xEF, 0x7B, 0xEF, 0x7B, 0xEF, 0x7B,
    0xEF, 0x7B, 0xEF, 0x7B, 0xEF, 0x7B, 0xEF, 0x7B, 0xEF, 0x7B, 0xEF, 0x7B, 0xEF, 0x7B, 0xEF, 0x7B,
    0xEF, 0x7B, 0xEF, 0x7B, 0xEF, 0x7B, 0xEF, 0x7B, 0xEF, 0x7B, 0xEF, 0x7B, 0xEF, 0x7B, 0xEF, 0x7B,
    0xEF, 0x7B, 0xEF, 0x7B, 0xEF, 0x7B, 0xEF, 0x7B, 0xEF, 0x7B, 0xEF, 0x7B, 0xEF, 0x7B, 0xEF, 0x7B,
    0xEF, 0x7B, 0xEF, 0x7B, 0xEF, 0x7B, 0xEF, 0x7B, 0xEF, 0x7B, 0xEF, 0x7B, 0xEF, 0x7B, 0xEF, 0x7B,
    0xEF, 0x7B, 0xEF, 0x7B, 0xEF, 0x7B, 0xEF, 0x7B, 0xEF, 0x7B, 0xEF, 0x7B, 0xEF, 0x7B, 0xEF, 0x7B,
    0xEF, 0x7B, 0xEF, 0x7B, 0xEF, 0x7B, 0xEF, 0x7B, 0xEF, 0x7B, 0xEF, 0x7B, 0xEF, 0x7B, 0xEF, 0x7B,
    0xEF, 0x7B, 0xEF, 0x7B, 0xEF, 0x7B, 0xEF, 0x7B, 0xEF, 0x7B, 0xEF, 0x7B, 0xEF, 0x7B, 0xEF, 0x7B,
    0xEF, 0x7B, 0xEF, 0x7B, 0xEF, 0x7B, 0xEF, 0x7B, 0xEF, 0x7B, 0xEF, 0x7B, 0xEF, 0x7B, 0xEF, 0x7B,
    0xEF, 0x7B, 0xEF, 0x7B, 0xEF, 0x7B, 0xEF, 0x7B, 0xEF, 0x7B, 0xEF, 0x7B, 0xEF, 0x7B, 0xEF, 0x7B,
    0xEF, 0x7B, 0xEF, 0x7B, 0xEF, 0x7B, 0xEF, 0x7B, 0xEF, 0x7B, 0xEF, 0x7B, 0xEF, 0x7B, 0xEF, 0x7B,
    0xEF, 0x7B, 0xEF, 0x7B, 0xEF, 0x7B, 0xEF, 0x7B, 0xEF, 0x7B, 0xEF, 0x7B, 0xEF, 0x7B, 0xEF, 0x7B,
    0x79, 0xCE, 0x79, 0xCE, 0x79, 0xCE, 0x79, 0xCE, 0x79, 0xCE, 0x79, 0xCE, 0x79, 0xCE, 0x79, 0xCE,
    0x79, 0xCE, 0x79, 0xCE, 0x79, 0xCE, 0x79, 0xCE, 0x75, 0xAD, 0x75, 0xAD, 0x75, 0xAD, 0x75, 0xAD,
    0x75, 0xAD, 0x75, 0xAD, 0x75, 0xAD, 0x75, 0xAD, 0x75, 0xAD, 0x75, 0xAD, 0x75, 0xAD, 0x75, 0xAD,
    0xEF, 0x7B, 0xEF, 0x7B, 0xEF, 0x7B, 0xEF, 0x7B, 0xEF, 0x7B, 0xEF, 0x7B, 0xEF, 0x7B, 0xEF, 0x7B,
    0xEF, 0x7B, 0xEF, 0x7B, 0xEF, 0x7B, 0xEF, 0x7B, 0xEF, 0x7B, 0xEF, 0x7B, 0xEF, 0x7B, 0xEF, 0x7B,
    0xEF, 0x7B, 0xEF, 0x7B, 0xEF, 0x7B, 0xEF, 0x7B, 0xEF, 0x7B, 0xEF, 0x7B, 0xEF, 0x7B, 0xEF, 0x7B,
    0xEF, 0x7B, 0xEF, 0x7B, 0xEF, 0x7B, 0xEF, 0x7B, 0xEF, 0x7B, 0xEF, 0x7B, 0xEF, 0x7B, 0xEF, 0x7B,
    0xEF, 0x7B, 0xEF, 0x7B, 0xEF, 0x7B, 0xEF, 0x7B, 0xEF, 0x7B, 0xEF, 0x7B, 0xEF, 0x7B, 0xEF, 0x7B,
    0xEF, 0x7B, 0xEF, 0x7B, 0xEF, 0x7B, 0xEF, 0x7B, 0xEF, 0x7B, 0xEF, 0x7B, 0xEF, 0x7B, 0xEF, 0x7B,
    0xEF, 0x7B, 0xEF, 0x7B, 0xEF, 0x7B, 0xEF, 0x7B, 0xEF, 0x7B, 0xEF, 0x7B, 0xEF, 0x7B, 0xEF, 0x7B,
    0xEF, 0x7B, 0xEF, 0x7B, 0xEF, 0x7B, 0xEF, 0x7B, 0xEF, 0x7B, 0xEF, 0x7B, 0xEF, 0x7B, 0xEF, 0x7B,
    0xEF, 0x7B, 0xEF, 0x7B, 0xEF, 0x7B, 0xEF, 0x7B, 0xEF, 0x7B, 0xEF, 0x7B, 0xEF, 0x7B, 0xEF, 0x7B,
    0xEF, 0x7B, 0xEF, 0x7B, 0xEF, 0x7B, 0xEF, 0x7B, 0xEF, 0x7B, 0xEF, 0x7B, 0xEF, 0x7B, 0xEF, 0x7B,
    0xEF, 0x7B, 0xEF, 0x7B, 0xEF, 0x7B, 0xEF, 0x7B, 0xEF, 0x7B, 0xEF, 0x7B, 0xEF, 0x7B, 0xEF, 0x7B,
    0xEF, 0x7B, 0xEF, 0x7B, 0xEF, 0x7B, 0xEF, 0x7B, 0xEF, 0x7B, 0xEF, 0x7B, 0xEF, 0x7B, 0xEF, 0x7B,
    0xEF, 0x7B, 0xEF, 0x7B, 0xEF, 0x7B, 0xEF, 0x7B, 0xEF, 0x7B, 0xEF, 0x7B, 0xEF, 0x7B, 0xEF, 0x7B,
    0xEF, 0x7B, 0xEF, 0x7B, 0xEF, 0x7B, 0xEF, 0x7B, 0xEF, 0x7B, 0xEF, 0x7B, 0xEF, 0x7B, 0xEF, 0x7B,
    0xEF, 0x7B, 0xEF, 0x7B, 0xEF, 0x7B, 0xEF, 0x7B, 0xEF, 0x7B, 0xEF, 0x7B, 0xEF, 0x7B, 0xEF, 0x7B,
    0xEF, 0x7B, 0xEF, 0x7B, 0xEF, 0x7B, 0xEF, 0x7B, 0xEF, 0x7B, 0xEF, 0x7B, 0xEF, 0x7B, 0xEF, 0x7B,
    0xEF, 0x7B, 0xEF, 0x7B, 0x75, 0xAD, 0x79, 0xCE, 0xEF, 0x7B, 0xEF, 0x7B, 0xEF, 0x7B, 0xEF, 0x7B,
    0xEF, 0x7B, 0xEF, 0x7B, 0xEF, 0x7B, 0xEF, 0x7B, 0xEF, 0x7B, 0xEF, 0x7B, 0x75, 0xAD, 0x9A, 0xD6,
    0xEF, 0x7B, 0xEF, 0x7B, 0xEF, 0x7B, 0xEF, 0x7B, 0xEF, 0x7B, 0xEF, 0x7B, 0xEF, 0x7B, 0xEF, 0x7B,
    0xEF, 0x7B, 0xEF, 0x7B, 0x75, 0xAD, 0x9A, 0xD6, 0xEF, 0x7B, 0xEF, 0x7B, 0xEF, 0x7B, 0xEF, 0x7B,
    0xEF, 0x7B, 0xEF, 0x7B, 0xEF, 0x7B, 0xEF, 0x7B, 0xEF, 0x7B, 0xEF, 0x7B, 0x75, 0xAD, 0x9A, 0xD6,
    0xEF, 0x7B, 0xEF, 0x7B, 0xEF, 0x7B, 0xEF, 0x7B, 0xEF, 0x7B, 0xEF, 0x7B, 0xEF, 0x7B, 0xEF, 0x7B,
    0xEF, 0x7B, 0xEF, 0x7B, 0x75, 0xAD, 0x9A, 0xD6, 0xEF, 0x7B, 0xEF, 0x7B, 0xEF, 0x7B, 0xEF, 0x7B,
    0xEF, 0x7B, 0xEF, 0x7B, 0xEF, 0x7B, 0xEF, 0x7B, 0xEF, 0x7B, 0xEF, 0x7B, 0x75, 0xAD, 0x9A, 0xD6,
    0xEF, 0x7B, 0xEF, 0x7B, 0xEF, 0x7B, 0xEF, 0x7B, 0xEF, 0x7B, 0xEF, 0x7B, 0xEF, 0x7B, 0xEF, 0x7B,
    0xEF, 0x7B, 0xEF, 0x7B, 0x75, 0xAD, 0x9A, 0xD6, 0xEF, 0x7B, 0xEF, 0x7B, 0xEF, 0x7B, 0xEF, 0x7B,
    0xEF, 0x7B, 0xEF, 0x7B, 0xEF, 0x7B, 0xEF, 0x7B, 0xEF, 0x7B, 0xEF, 0x7B, 0x75, 0xAD, 0x9A, 0xD6,
    0xEF, 0x7B, 0xEF, 0x7B, 0xEF, 0x7B, 0xEF, 0x7B, 0xEF, 0x7B, 0xEF, 0x7B, 0xEF, 0x7B, 0xEF, 0x7B,
    0xEF, 0x7B, 0xEF, 0x7B, 0x75, 0xAD, 0x9A, 0xD6, 0xEF, 0x7B, 0xEF, 0x7B, 0xEF, 0x7B, 0xEF, 0x7B,
    0xEF, 0x7B, 0xEF, 0x7B, 0xEF, 0x7B, 0xEF, 0x7B, 0xEF, 0x7B, 0xEF, 0x7B, 0x75, 0xAD, 0x9A, 0xD6,
    0xEF, 0x7B, 0xEF, 0x7B, 0xEF, 0x7B, 0xEF, 0x7B, 0xEF, 0x7B, 0xEF, 0x7B, 0xEF, 0x7B, 0xEF, 0x7B,
    0xEF, 0x7B, 0xEF, 0x7B, 0x75, 0xAD, 0x9A, 0xD6, 0xEF, 0x7B, 0xEF, 0x7B, 0xEF, 0x7B, 0xEF, 0x7B,
    0xEF, 0x7B, 0xEF, 0x7B, 0xEF, 0x7B, 0xEF, 0x7B, 0xEF, 0x7B, 0xEF, 0x7B, 0x96, 0xB5, 0x9A, 0xD6,
    0x79, 0xCE, 0x79, 0xCE, 0x79, 0xCE, 0x79, 0xCE, 0x79, 0xCE, 0x79, 0xCE, 0x79, 0xCE, 0x79, 0xCE,
    0x79, 0xCE, 0x79, 0xCE, 0x9A, 0xD6, 0x9A, 0xD6, 0x75, 0xAD, 0x75, 0xAD, 0x75, 0xAD, 0x75, 0xAD,
    0x75, 0xAD, 0x75, 0xAD, 0x75, 0xAD, 0x75, 0xAD, 0x75, 0xAD, 0x75, 0xAD, 0x18, 0xC6, 0x9A, 0xD6,
    0xEF, 0x7B, 0xEF, 0x7B, 0xEF, 0x7B, 0xEF, 0x7B, 0xEF, 0x7B, 0xEF, 0x7B, 0xEF, 0x7B, 0xEF, 0x7B,
    0xEF, 0x7B, 0xEF, 0x7B, 0x75, 0xAD, 0x9A, 0xD6, 0xEF, 0x7B, 0xEF, 0x7B, 0xEF, 0x7B, 0xEF, 0x7B,
    0xEF, 0x7B, 0xEF, 0x7B, 0xEF, 0x7B, 0xEF, 0x7B, 0xEF, 0x7B, 0xEF, 0x7B, 0x75, 0xAD, 0x9A, 0xD6,
    0xEF, 0x7B, 0xEF, 0x7B, 0xEF, 0x7B, 0xEF, 0x7B, 0xEF, 0x7B, 0xEF, 0x7B, 0xEF, 0x7B, 0xEF, 0x7B,
    0xEF, 0x7B, 0xEF, 0x7B, 0x75, 0xAD, 0x9A, 0xD6, 0xEF, 0x7B, 0xEF, 0x7B, 0xEF, 0x7B, 0xEF, 0x7B,
    0xEF, 0x7B, 0xEF, 0x7B, 0xEF, 0x7B, 0xEF, 0x7B, 0xEF, 0x7B, 0xEF, 0x7B, 0x75, 0xAD, 0x9A, 0xD6,
    0xEF, 0x7B, 0xEF, 0x7B, 0xEF, 0x7B, 0xEF, 0x7B, 0xEF, 0x7B, 0xEF, 0x7B, 0xEF, 0x7B, 0xEF, 0x7B,
    0xEF, 0x7B, 0xEF, 0x7B, 0x75, 0xAD, 0x9A, 0xD6, 0xEF, 0x7B, 0xEF, 0x7B, 0xEF, 0x7B, 0xEF, 0x7B,
    0xEF, 0x7B, 0xEF, 0x7B, 0xEF, 0x7B, 0xEF, 0x7B, 0xEF, 0x7B, 0xEF, 0x7B, 0x75, 0xAD, 0x9A, 0xD6,
    0xEF, 0x7B, 0xEF, 0x7B, 0xEF, 0x7B, 0xEF, 0x7B, 0xEF, 0x7B, 0xEF, 0x7B, 0xEF, 0x7B, 0xEF, 0x7B,
    0xEF, 0x7B, 0xEF, 0x7B, 0x75, 0xAD, 0x9A, 0xD6, 0xEF, 0x7B, 0xEF, 0x7B, 0xEF, 0x7B, 0xEF, 0x7B,
    0xEF, 0x7B, 0xEF, 0x7B, 0xEF, 0x7B, 0xEF, 0x7B, 0xEF, 0x7B, 0xEF, 0x7B, 0x75, 0xAD, 0x9A, 0xD6,
    0xEF, 0x7B, 0xEF, 0x7B, 0xEF, 0x7B, 0xEF, 0x7B, 0xEF, 0x7B, 0xEF, 0x7B, 0xEF, 0x7B, 0xEF, 0x7B,
    0xEF, 0x7B, 0xEF, 0x7B, 0x75, 0xAD, 0x9A, 0xD6, 0xEF, 0x7B, 0xEF, 0x7B, 0xEF, 0x7B, 0xEF, 0x7B,
    0xEF, 0x7B, 0xEF, 0x7B, 0xEF, 0x7B, 0xEF, 0x7B, 0xEF, 0x7B, 0xEF, 0x7B, 0x75, 0xAD, 0x79, 0xCE,
    0xEF, 0x7B, 0xEF, 0x7B, 0xEF, 0x7B, 0xEF, 0x7B, 0xEF, 0x7B, 0xEF, 0x7B, 0xEF, 0x7B, 0xEF, 0x7B,
    0xEF, 0x7B, 0xEF, 0x7B, 0xEF, 0x7B, 0xEF, 0x7B, 0xEF, 0x7B, 0xEF, 0x7B, 0xEF, 0x7B, 0xEF, 0x7B,
    0xEF, 0x7B, 0xEF, 0x7B, 0xEF, 0x7B, 0xEF, 0x7B, 0xEF, 0x7B, 0xEF, 0x7B, 0xEF, 0x7B, 0xEF, 0x7B,
    0xEF, 0x7B, 0xEF, 0x7B, 0xEF, 0x7B, 0xEF, 0x7B, 0xEF, 0x7B, 0xEF, 0x7B, 0xEF, 0x7B, 0xEF, 0x7B,
    0xEF, 0x7B, 0xEF, 0x7B, 0xEF, 0x7B, 0xEF, 0x7B, 0xEF, 0x7B, 0xEF, 0x7B, 0xEF, 0x7B, 0xEF, 0x7B,
    0xEF, 0x7B, 0xEF, 0x7B, 0xEF, 0x7B, 0xEF, 0x7B, 0xEF, 0x7B, 0xEF, 0x7B, 0xEF, 0x7B, 0xEF, 0x7B,
    0xEF, 0x7B, 0xEF, 0x7B, 0xEF, 0x7B, 0xEF, 0x7B, 0xEF, 0x7B, 0xEF, 0x7B, 0xEF, 0x7B, 0xEF, 0x7B,
    0xEF, 0x7B, 0xEF, 0x7B, 0xEF, 0x7B, 0xEF, 0x7B, 0xEF, 0x7B, 0xEF, 0x7B, 0xEF, 0x7B, 0xEF, 0x7B,
    0xEF, 0x7B, 0xEF, 0x7B, 0xEF, 0x7B, 0xEF, 0x7B, 0xEF, 0x7B, 0xEF, 0x7B, 0xEF, 0x7B, 0xEF, 0x7B,
    0xEF, 0x7B, 0xEF, 0x7B, 0xEF, 0x7B, 0xEF, 0x7B, 0xEF, 0x7B, 0xEF, 0x7B, 0xEF, 0x7B, 0xEF, 0x7B,
    0xEF, 0x7B, 0xEF, 0x7B, 0xEF, 0x7B, 0xEF, 0x7B, 0xEF, 0x7B, 0xEF, 0x7B, 0xEF, 0x7B, 0xEF, 0x7B,
    0xEF, 0x7B, 0xEF, 0x7B, 0xEF, 0x7B, 0xEF, 0x7B, 0xEF, 0x7B, 0xEF, 0x7B, 0xEF, 0x7B, 0xEF, 0x7B,
    0xEF, 0x7B, 0xEF, 0x7B, 0xEF, 0x7B, 0xEF, 0x7B, 0xEF, 0x7B, 0xEF, 0x7B, 0xEF, 0x7B, 0xEF, 0x7B,
    0xEF, 0x7B, 0xEF, 0x7B, 0xEF, 0x7B, 0xEF, 0x7B, 0xEF, 0x7B, 0xEF, 0x7B, 0xEF, 0x7B, 0xEF, 0x7B,
    0xEF, 0x7B, 0xEF, 0x7B, 0xEF, 0x7B, 0xEF, 0x7B, 0xEF, 0x7B, 0xEF, 0x7B, 0xEF, 0x7B, 0xEF, 0x7B,
    0x75, 0xAD, 0x75, 0xAD, 0x75, 0xAD, 0x75, 0xAD, 0x75, 0xAD, 0x75, 0xAD, 0x75, 0xAD, 0x75, 0xAD,
    0x75, 0xAD, 0x75, 0xAD, 0x75, 0xAD, 0x75, 0xAD, 0x9A, 0xD6, 0x9A, 0xD6, 0x9A, 0xD6, 0x9A, 0xD6,
    0x9A, 0xD6, 0x9A, 0xD6, 0x9A, 0xD6, 0x9A, 0xD6, 0x9A, 0xD6, 0x9A, 0xD6, 0x9A, 0xD6, 0x9A, 0xD6,
    0x9A, 0xD6, 0x9A, 0xD6, 0x9A, 0xD6, 0x9A, 0xD6, 0x9A, 0xD6, 0x9A, 0xD6, 0x9A, 0xD6, 0x9A, 0xD6,
    0x9A, 0xD6, 0x9A, 0xD6, 0x9A, 0xD6, 0x9A, 0xD6, 0x75, 0xAD, 0x75, 0xAD, 0x75, 0xAD, 0x75, 0xAD,
    0x75, 0xAD, 0x75, 0xAD, 0x75, 0xAD, 0x75, 0xAD, 0x75, 0xAD, 0x75, 0xAD, 0x75, 0xAD, 0x75, 0xAD,
    0xEF, 0x7B, 0xEF, 0x7B, 0xEF, 0x7B, 0xEF, 0x7B, 0xEF, 0x7B, 0xEF, 0x7B, 0xEF, 0x7B, 0xEF, 0x7B,
    0xEF, 0x7B, 0xEF, 0x7B, 0xEF, 0x7B, 0xEF, 0x7B, 0xEF, 0x7B, 0xEF, 0x7B, 0xEF, 0x7B, 0xEF, 0x7B,
    0xEF, 0x7B, 0xEF, 0x7B, 0xEF, 0x7B, 0xEF, 0x7B, 0xEF, 0x7B, 0xEF, 0x7B, 0xEF, 0x7B, 0xEF, 0x7B,
    0xEF, 0x7B, 0xEF, 0x7B, 0xEF, 0x7B, 0xEF, 0x7B, 0xEF, 0x7B, 0xEF, 0x7B, 0xEF, 0x7B, 0xEF, 0x7B,
    0xEF, 0x7B, 0xEF, 0x7B, 0xEF, 0x7B, 0xEF, 0x7B, 0xEF, 0x7B, 0xEF, 0x7B, 0xEF, 0x7B, 0xEF, 0x7B,
    0xEF, 0x7B, 0xEF, 0x7B, 0xEF, 0x7B, 0xEF, 0x7B, 0xEF, 0x7B, 0xEF, 0x7B, 0xEF, 0x7B, 0xEF, 0x7B,
    0xEF, 0x7B, 0xEF, 0x7B, 0xEF, 0x7B, 0xEF, 0x7B, 0xEF, 0x7B, 0xEF, 0x7B, 0xEF, 0x7B, 0xEF, 0x7B,
    0xEF, 0x7B, 0xEF, 0x7B, 0xEF, 0x7B, 0xEF, 0x7B, 0xEF, 0x7B, 0xEF, 0x7B, 0xEF, 0x7B, 0xEF, 0x7B,
    0xEF, 0x7B, 0xEF, 0x7B, 0xEF, 0x7B, 0xEF, 0x7B, 0xEF, 0x7B, 0xEF, 0x7B, 0xEF, 0x7B, 0xEF, 0x7B,
    0xEF, 0x7B, 0xEF, 0x7B, 0xEF, 0x7B, 0xEF, 0x7B, 0xEF, 0x7B, 0xEF, 0x7B, 0xEF, 0x7B, 0xEF, 0x7B,
    0xEF, 0x7B, 0xEF, 0x7B, 0xEF, 0x7B, 0xEF, 0x7B, 0xEF, 0x7B, 0xEF, 0x7B, 0xEF, 0x7B, 0xEF, 0x7B,
    0xEF, 0x7B, 0xEF, 0x7B, 0xEF, 0x7B, 0xEF, 0x7B, 0xEF, 0x7B, 0xEF, 0x7B, 0xEF, 0x7B, 0xEF, 0x7B,
    0x75, 0xAD, 0x75, 0xAD, 0x75, 0xAD, 0x75, 0xAD, 0x75, 0xAD, 0x75, 0xAD, 0x75, 0xAD, 0x75, 0xAD,
    0x75, 0xAD, 0x75, 0xAD, 0x75, 0xAD, 0x75, 0xAD, 0x79, 0xCE, 0x79, 0xCE, 0x79, 0xCE, 0x79, 0xCE,
    0x79, 0xCE, 0x79, 0xCE, 0x79, 0xCE, 0x79, 0xCE, 0x79, 0xCE, 0x79, 0xCE, 0x9A, 0xD6, 0x9A, 0xD6,
    0xEF, 0x7B, 0xEF, 0x7B, 0xEF, 0x7B, 0xEF, 0x7B, 0xEF, 0x7B, 0xEF, 0x7B, 0xEF, 0x7B, 0xEF, 0x7B,
    0xEF, 0x7B, 0xEF, 0x7B, 0x96, 0xB5, 0x9A, 0xD6, 0xEF, 0x7B, 0xEF, 0x7B, 0xEF, 0x7B, 0xEF, 0x7B,
    0xEF, 0x7B, 0xEF, 0x7B, 0xEF, 0x7B, 0xEF, 0x7B, 0xEF, 0x7B, 0xEF, 0x7B, 0x75, 0xAD, 0x9A, 0xD6,
    0xEF, 0x7B, 0xEF, 0x7B, 0xEF, 0x7B, 0xEF, 0x7B, 0xEF, 0x7B, 0xEF, 0x7B, 0xEF, 0x7B, 0xEF, 0x7B,
    0xEF, 0x7B, 0xEF, 0x7B, 0x75, 0xAD, 0x9A, 0xD6, 0xEF, 0x7B, 0xEF, 0x7B, 0xEF, 0x7B, 0xEF, 0x7B,
    0xEF, 0x7B, 0xEF, 0x7B, 0xEF, 0x7B, 0xEF, 0x7B, 0xEF, 0x7B, 0xEF, 0x7B, 0x75, 0xAD, 0x9A, 0xD6,
    0xEF, 0x7B, 0xEF, 0x7B, 0xEF, 0x7B, 0xEF, 0x7B, 0xEF, 0x7B, 0xEF, 0x7B, 0xEF, 0x7B, 0xEF, 0x7B,
    0xEF, 0x7B, 0xEF, 0x7B, 0x75, 0xAD, 0x9A, 0xD6, 0xEF, 0x7B, 0xEF, 0x7B, 0xEF, 0x7B, 0xEF, 0x7B,
    0xEF, 0x7B, 0xEF, 0x7B, 0xEF, 0x7B, 0xEF, 0x7B, 0xEF, 0x7B, 0xEF, 0x7B, 0x75, 0xAD, 0x9A, 0xD6,
    0xEF, 0x7B, 0xEF, 0x7B, 0xEF, 0x7B, 0xEF, 0x7B, 0xEF, 0x7B, 0xEF, 0x7B, 0xEF, 0x7B, 0xEF, 0x7B,
    0xEF, 0x7B, 0xEF, 0x7B, 0x75, 0xAD, 0x9A, 0xD6, 0xEF, 0x7B, 0xEF, 0x7B, 0xEF, 0x7B, 0xEF, 0x7B,
    0xEF, 0x7B, 0xEF, 0x7B, 0xEF, 0x7B, 0xEF, 0x7B, 0xEF, 0x7B, 0xEF, 0x7B, 0x75, 0xAD, 0x9A, 0xD6,
    0xEF, 0x7B, 0xEF, 0x7B, 0xEF, 0x7B, 0xEF, 0x7B, 0xEF, 0x7B, 0xEF, 0x7B, 0xEF, 0x7B, 0xEF, 0x7B,
    0xEF, 0x7B, 0xEF, 0x7B, 0x75, 0xAD, 0x9A, 0xD6, 0xEF, 0x7B, 0xEF, 0x7B, 0xEF, 0x7B, 0xEF, 0x7B,
    0xEF, 0x7B, 0xEF, 0x7B, 0xEF, 0x7B, 0xEF, 0x7B, 0xEF, 0x7B, 0xEF, 0x7B, 0x75, 0xAD, 0x9A, 0xD6,
    0x75, 0xAD, 0x75, 0xAD, 0x75, 0xAD, 0x75, 0xAD, 0x75, 0xAD, 0x75, 0xAD, 0x75, 0xAD, 0x75, 0xAD,
    0x75, 0xAD, 0x75, 0xAD, 0x18, 0xC6, 0x9A, 0xD6, 0x9A, 0xD6, 0x9A, 0xD6, 0x9A, 0xD6, 0x9A, 0xD6,
    0x9A, 0xD6, 0x9A, 0xD6, 0x9A, 0xD6, 0x9A, 0xD6, 0x9A, 0xD6, 0x9A, 0xD6, 0x9A, 0xD6, 0x9A, 0xD6,
    0x9A, 0xD6, 0x9A, 0xD6, 0x9A, 0xD6, 0x9A, 0xD6, 0x9A, 0xD6, 0x9A, 0xD6, 0x9A, 0xD6, 0x9A, 0xD6,
    0x9A, 0xD6, 0x9A, 0xD6, 0x9A, 0xD6, 0x9A, 0xD6, 0x75, 0xAD, 0x75, 0xAD, 0x75, 0xAD, 0x75, 0xAD,
    0x75, 0xAD, 0x75, 0xAD, 0x75, 0xAD, 0x75, 0xAD, 0x75, 0xAD, 0x75, 0xAD, 0x18, 0xC6, 0x9A, 0xD6,
    0xEF, 0x7B, 0xEF, 0x7B, 0xEF, 0x7B, 0xEF, 0x7B, 0xEF, 0x7B, 0xEF, 0x7B, 0xEF, 0x7B, 0xEF, 0x7B,
    0xEF, 0x7B, 0xEF, 0x7B, 0x75, 0xAD, 0x9A, 0xD6, 0xEF, 0x7B, 0xEF, 0x7B, 0xEF, 0x7B, 0xEF, 0x7B,
    0xEF, 0x7B, 0xEF, 0x7B, 0xEF, 0x7B, 0xEF, 0x7B, 0xEF, 0x7B, 0xEF, 0x7B, 0x75, 0xAD, 0x9A, 0xD6,
    0xEF, 0x7B, 0xEF, 0x7B, 0xEF, 0x7B, 0xEF, 0x7B, 0xEF, 0x7B, 0xEF, 0x7B, 0xEF, 0x7B, 0xEF, 0x7B,
    0xEF, 0x7B, 0xEF, 0x7B, 0x75, 0xAD, 0x9A, 0xD6, 0xEF, 0x7B, 0xEF, 0x7B, 0xEF, 0x7B, 0xEF, 0x7B,
    0xEF, 0x7B, 0xEF, 0x7B, 0xEF, 0x7B, 0xEF, 0x7B, 0xEF, 0x7B, 0xEF, 0x7B, 0x75, 0xAD, 0x9A, 0xD6,
    0xEF, 0x7B, 0xEF, 0x7B, 0xEF, 0x7B, 0xEF, 0x7B, 0xEF, 0x7B, 0xEF, 0x7B, 0xEF, 0x7B, 0xEF, 0x7B,
    0xEF, 0x7B, 0xEF, 0x7B, 0x75, 0xAD, 0x9A, 0xD6, 0xEF, 0x7B, 0xEF, 0x7B, 0xEF, 0x7B, 0xEF, 0x7B,
    0xEF, 0x7B, 0xEF, 0x7B, 0xEF, 0x7B, 0xEF, 0x7B, 0xEF, 0x7B, 0xEF, 0x7B, 0x75, 0xAD, 0x9A, 0xD6,
    0xEF, 0x7B, 0xEF, 0x7B, 0xEF, 0x7B, 0xEF, 0x7B, 0xEF, 0x7B, 0xEF, 0x7B, 0xEF, 0x7B, 0xEF, 0x7B,
    0xEF, 0x7B, 0xEF, 0x7B, 0x75, 0xAD, 0x9A, 0xD6, 0xEF, 0x7B, 0xEF, 0x7B, 0xEF, 0x7B, 0xEF, 0x7B,
    0xEF, 0x7B, 0xEF, 0x7B, 0xEF, 0x7B, 0xEF, 0x7B, 0xEF, 0x7B, 0xEF, 0x7B, 0x75, 0xAD, 0x9A, 0xD6,
    0x75, 0xAD, 0x75, 0xAD, 0x75, 0xAD, 0x75, 0xAD, 0x75, 0xAD, 0x75, 0xAD, 0x75, 0xAD, 0x75, 0xAD,
    0x75, 0xAD, 0x75, 0xAD, 0x18, 0xC6, 0x9A, 0xD6, 0x9A, 0xD6, 0x9A, 0xD6, 0x79, 0xCE, 0x79, 0xCE,
    0x79, 0xCE, 0x79, 0xCE, 0x79, 0xCE, 0x79, 0xCE, 0x79, 0xCE, 0x79, 0xCE, 0x79, 0xCE, 0x79, 0xCE,
    0x9A, 0xD6, 0x96, 0xB5, 0xEF, 0x7B, 0xEF, 0x7B, 0xEF, 0x7B, 0xEF, 0x7B, 0xEF, 0x7B, 0xEF, 0x7B,
    0xEF, 0x7B, 0xEF, 0x7B, 0xEF, 0x7B, 0xEF, 0x7B, 0x9A, 0xD6, 0x75, 0xAD, 0xEF, 0x7B, 0xEF, 0x7B,
    0xEF, 0x7B, 0xEF, 0x7B, 0xEF, 0x7B, 0xEF, 0x7B, 0xEF, 0x7B, 0xEF, 0x7B, 0xEF, 0x7B, 0xEF, 0x7B,
    0x9A, 0xD6, 0x75, 0xAD, 0xEF, 0x7B, 0xEF, 0x7B, 0xEF, 0x7B, 0xEF, 0x7B, 0xEF, 0x7B, 0xEF, 0x7B,
    0xEF, 0x7B, 0xEF, 0x7B, 0xEF, 0x7B, 0xEF, 0x7B, 0x9A, 0xD6, 0x75, 0xAD, 0xEF, 0x7B, 0xEF, 0x7B,
    0xEF, 0x7B, 0xEF, 0x7B, 0xEF, 0x7B, 0xEF, 0x7B, 0xEF, 0x7B, 0xEF, 0x7B, 0xEF, 0x7B, 0xEF, 0x7B,
    0x9A, 0xD6, 0x75, 0xAD, 0xEF, 0x7B, 0xEF, 0x7B, 0xEF, 0x7B, 0xEF, 0x7B, 0xEF, 0x7B, 0xEF, 0x7B,
    0xEF, 0x7B, 0xEF, 0x7B, 0xEF, 0x7B, 0xEF, 0x7B, 0x9A, 0xD6, 0x75, 0xAD, 0xEF, 0x7B, 0xEF, 0x7B,
    0xEF, 0x7B, 0xEF, 0x7B, 0xEF, 0x7B, 0xEF, 0x7B, 0xEF, 0x7B, 0xEF, 0x7B, 0xEF, 0x7B, 0xEF, 0x7B,
    0x9A, 0xD6, 0x75, 0xAD, 0xEF, 0x7B, 0xEF, 0x7B, 0xEF, 0x7B, 0xEF, 0x7B, 0xEF, 0x7B, 0xEF, 0x7B,
    0xEF, 0x7B, 0xEF, 0x7B, 0xEF, 0x7B, 0xEF, 0x7B, 0x9A, 0xD6, 0x75, 0xAD, 0xEF, 0x7B, 0xEF, 0x7B,
    0xEF, 0x7B, 0xEF, 0x7B, 0xEF, 0x7B, 0xEF, 0x7B, 0xEF, 0x7B, 0xEF, 0x7B, 0xEF, 0x7B, 0xEF, 0x7B,
    0x9A, 0xD6, 0x75, 0xAD, 0xEF, 0x7B, 0xEF, 0x7B, 0xEF, 0x7B, 0xEF, 0x7B, 0xEF, 0x7B, 0xEF, 0x7B,
    0xEF, 0x7B, 0xEF, 0x7B, 0xEF, 0x7B, 0xEF, 0x7B, 0x9A, 0xD6, 0x75, 0xAD, 0xEF, 0x7B, 0xEF, 0x7B,
    0xEF, 0x7B, 0xEF, 0x7B, 0xEF, 0x7B, 0xEF, 0x7B, 0xEF, 0x7B, 0xEF, 0x7B, 0xEF, 0x7B, 0xEF, 0x7B,
    0x9A, 0xD6, 0x75, 0xAD, 0xEF, 0x7B, 0xEF, 0x7B, 0xEF, 0x7B, 0xEF, 0x7B, 0xEF, 0x7B, 0xEF, 0x7B,
    0xEF, 0x7B, 0xEF, 0x7B, 0xEF, 0x7B, 0xEF, 0x7B, 0x9A, 0xD6, 0x96, 0xB5, 0xEF, 0x7B, 0xEF, 0x7B,
    0xEF, 0x7B, 0xEF, 0x7B, 0xEF, 0x7B, 0xEF, 0x7B, 0xEF, 0x7B, 0xEF, 0x7B, 0xEF, 0x7B, 0xEF, 0x7B,
    0x9A, 0xD6, 0x9A, 0xD6, 0x79, 0xCE, 0x79, 0xCE, 0x79, 0xCE, 0x79, 0xCE, 0x79, 0xCE, 0x79, 0xCE,
    0x79, 0xCE, 0x79, 0xCE, 0x79, 0xCE, 0x79, 0xCE, 0x9A, 0xD6, 0x18, 0xC6, 0x75, 0xAD, 0x75, 0xAD,
    0x75, 0xAD, 0x75, 0xAD, 0x75, 0xAD, 0x75, 0xAD, 0x75, 0xAD, 0x75, 0xAD, 0x75, 0xAD, 0x75, 0xAD,
    0x9A, 0xD6, 0x75, 0xAD, 0xEF, 0x7B, 0xEF, 0x7B, 0xEF, 0x7B, 0xEF, 0x7B, 0xEF, 0x7B, 0xEF, 0x7B,
    0xEF, 0x7B, 0xEF, 0x7B, 0xEF, 0x7B, 0xEF, 0x7B, 0x9A, 0xD6, 0x75, 0xAD, 0xEF, 0x7B, 0xEF, 0x7B,
    0xEF, 0x7B, 0xEF, 0x7B, 0xEF, 0x7B, 0xEF, 0x7B, 0xEF, 0x7B, 0xEF, 0x7B, 0xEF, 0x7B, 0xEF, 0x7B,
    0x9A, 0xD6, 0x75, 0xAD, 0xEF, 0x7B, 0xEF, 0x7B, 0xEF, 0x7B, 0xEF, 0x7B, 0xEF, 0x7B, 0xEF, 0x7B,
    0xEF, 0x7B, 0xEF, 0x7B, 0xEF, 0x7B, 0xEF, 0x7B, 0x9A, 0xD6, 0x75, 0xAD, 0xEF, 0x7B, 0xEF, 0x7B,
    0xEF, 0x7B, 0xEF, 0x7B, 0xEF, 0x7B, 0xEF, 0x7B, 0xEF, 0x7B, 0xEF, 0x7B, 0xEF, 0x7B, 0xEF, 0x7B,
    0x9A, 0xD6, 0x75, 0xAD, 0xEF, 0x7B, 0xEF, 0x7B, 0xEF, 0x7B, 0xEF, 0x7B, 0xEF, 0x7B, 0xEF, 0x7B,
    0xEF, 0x7B, 0xEF, 0x7B, 0xEF, 0x7B, 0xEF, 0x7B, 0x9A, 0xD6, 0x75, 0xAD, 0xEF, 0x7B, 0xEF, 0x7B,
    0xEF, 0x7B, 0xEF, 0x7B, 0xEF, 0x7B, 0xEF, 0x7B, 0xEF, 0x7B, 0xEF, 0x7B, 0xEF, 0x7B, 0xEF, 0x7B,
    0x9A, 0xD6, 0x75, 0xAD, 0xEF, 0x7B, 0xEF, 0x7B, 0xEF, 0x7B, 0xEF, 0x7B, 0xEF, 0x7B, 0xEF, 0x7B,
    0xEF, 0x7B, 0xEF, 0x7B, 0xEF, 0x7B, 0xEF, 0x7B, 0x9A, 0xD6, 0x75, 0xAD, 0xEF, 0x7B, 0xEF, 0x7B,
    0xEF, 0x7B, 0xEF, 0x7B, 0xEF, 0x7B, 0xEF, 0x7B, 0xEF, 0x7B, 0xEF, 0x7B, 0xEF, 0x7B, 0xEF, 0x7B,
    0x9A, 0xD6, 0x75, 0xAD, 0xEF, 0x7B, 0xEF, 0x7B, 0xEF, 0x7B, 0xEF, 0x7B, 0xEF, 0x7B, 0xEF, 0x7B,
    0xEF, 0x7B, 0xEF, 0x7B, 0xEF, 0x7B, 0xEF, 0x7B, 0x9A, 0xD6, 0x75, 0xAD, 0xEF, 0x7B, 0xEF, 0x7B,
    0xEF, 0x7B, 0xEF, 0x7B, 0xEF, 0x7B, 0xEF, 0x7B, 0xEF, 0x7B, 0xEF, 0x7B, 0xEF, 0x7B, 0xEF, 0x7B,
    0x9A, 0xD6, 0x75, 0xAD, 0xEF, 0x7B, 0xEF, 0x7B, 0xEF, 0x7B, 0xEF, 0x7B, 0xEF, 0x7B, 0xEF, 0x7B,
    0xEF, 0x7B, 0xEF, 0x7B, 0x75, 0xAD, 0x79, 0xCE, 0x9A, 0xD6, 0x75, 0xAD, 0xEF, 0x7B, 0xEF, 0x7B,
    0xEF, 0x7B, 0xEF, 0x7B, 0xEF, 0x7B, 0xEF, 0x7B, 0xEF, 0x7B, 0xEF, 0x7B, 0x75, 0xAD, 0x9A, 0xD6,
    0x9A, 0xD6, 0x75, 0xAD, 0xEF, 0x7B, 0xEF, 0x7B, 0xEF, 0x7B, 0xEF, 0x7B, 0xEF, 0x7B, 0xEF, 0x7B,
    0xEF, 0x7B, 0xEF, 0x7B, 0x75, 0xAD, 0x9A, 0xD6, 0x9A, 0xD6, 0x75, 0xAD, 0xEF, 0x7B, 0xEF, 0x7B,
    0xEF, 0x7B, 0xEF, 0x7B, 0xEF, 0x7B, 0xEF, 0x7B, 0xEF, 0x7B, 0xEF, 0x7B, 0x75, 0xAD, 0x9A, 0xD6,
    0x9A, 0xD6, 0x75, 0xAD, 0xEF, 0x7B, 0xEF, 0x7B, 0xEF, 0x7B, 0xEF, 0x7B, 0xEF, 0x7B, 0xEF, 0x7B,
    0xEF, 0x7B, 0xEF, 0x7B, 0x75, 0xAD, 0x9A, 0xD6, 0x9A, 0xD6, 0x75, 0xAD, 0xEF, 0x7B, 0xEF, 0x7B,
    0xEF, 0x7B, 0xEF, 0x7B, 0xEF, 0x7B, 0xEF, 0x7B, 0xEF, 0x7B, 0xEF, 0x7B, 0x75, 0xAD, 0x9A, 0xD6,
    0x9A, 0xD6, 0x75, 0xAD, 0xEF, 0x7B, 0xEF, 0x7B, 0xEF, 0x7B, 0xEF, 0x7B, 0xEF, 0x7B, 0xEF, 0x7B,
    0xEF, 0x7B, 0xEF, 0x7B, 0x75, 0xAD, 0x9A, 0xD6, 0x9A, 0xD6, 0x75, 0xAD, 0xEF, 0x7B, 0xEF, 0x7B,
    0xEF, 0x7B, 0xEF, 0x7B, 0xEF, 0x7B, 0xEF, 0x7B, 0xEF, 0x7B, 0xEF, 0x7B, 0x75, 0xAD, 0x9A, 0xD6,
    0x9A, 0xD6, 0x75, 0xAD, 0xEF, 0x7B, 0xEF, 0x7B, 0xEF, 0x7B, 0xEF, 0x7B, 0xEF, 0x7B, 0xEF, 0x7B,
    0xEF, 0x7B, 0xEF, 0x7B, 0x75, 0xAD, 0x9A, 0xD6, 0x9A, 0xD6, 0x75, 0xAD, 0xEF, 0x7B, 0xEF, 0x7B,
    0xEF, 0x7B, 0xEF, 0x7B, 0xEF, 0x7B, 0xEF, 0x7B, 0xEF, 0x7B, 0xEF, 0x7B, 0x75, 0xAD, 0x9A, 0xD6,
    0x9A, 0xD6, 0x75, 0xAD, 0xEF, 0x7B, 0xEF, 0x7B, 0xEF, 0x7B, 0xEF, 0x7B, 0xEF, 0x7B, 0xEF, 0x7B,
    0xEF, 0x7B, 0xEF, 0x7B, 0x75, 0xAD, 0x9A, 0xD6, 0x9A, 0xD6, 0x96, 0xB5, 0xEF, 0x7B, 0xEF, 0x7B,
    0xEF, 0x7B, 0xEF, 0x7B, 0xEF, 0x7B, 0xEF, 0x7B, 0xEF, 0x7B, 0xEF, 0x7B, 0x96, 0xB5, 0x9A, 0xD6,
    0x9A, 0xD6, 0x9A, 0xD6, 0x79, 0xCE, 0x79, 0xCE, 0x79, 0xCE, 0x79, 0xCE, 0x79, 0xCE, 0x79, 0xCE,
    0x79, 0xCE, 0x79, 0xCE, 0x9A, 0xD6, 0x9A, 0xD6, 0x9A, 0xD6, 0x18, 0xC6, 0x75, 0xAD, 0x75, 0xAD,
    0x75, 0xAD, 0x75, 0xAD, 0x75, 0xAD, 0x75, 0xAD, 0x75, 0xAD, 0x75, 0xAD, 0x18, 0xC6, 0x9A, 0xD6,
    0x9A, 0xD6, 0x75, 0xAD, 0xEF, 0x7B, 0xEF, 0x7B, 0xEF, 0x7B, 0xEF, 0x7B, 0xEF, 0x7B, 0xEF, 0x7B,
    0xEF, 0x7B, 0xEF, 0x7B, 0x75, 0xAD, 0x9A, 0xD6, 0x9A, 0xD6, 0x75, 0xAD, 0xEF, 0x7B, 0xEF, 0x7B,
    0xEF, 0x7B, 0xEF, 0x7B, 0xEF, 0x7B, 0xEF, 0x7B, 0xEF, 0x7B, 0xEF, 0x7B, 0x75, 0xAD, 0x9A, 0xD6,
    0x9A, 0xD6, 0x75, 0xAD, 0xEF, 0x7B, 0xEF, 0x7B, 0xEF, 0x7B, 0xEF, 0x7B, 0xEF, 0x7B, 0xEF, 0x7B,
    0xEF, 0x7B, 0xEF, 0x7B, 0x75, 0xAD, 0x9A, 0xD6, 0x9A, 0xD6, 0x75, 0xAD, 0xEF, 0x7B, 0xEF, 0x7B,
    0xEF, 0x7B, 0xEF, 0x7B, 0xEF, 0x7B, 0xEF, 0x7B, 0xEF, 0x7B, 0xEF, 0x7B, 0x75, 0xAD, 0x9A, 0xD6,
    0x9A, 0xD6, 0x75, 0xAD, 0xEF, 0x7B, 0xEF, 0x7B, 0xEF, 0x7B, 0xEF, 0x7B, 0xEF, 0x7B, 0xEF, 0x7B,
    0xEF, 0x7B, 0xEF, 0x7B, 0x75, 0xAD, 0x9A, 0xD6, 0x9A, 0xD6, 0x75, 0xAD, 0xEF, 0x7B, 0xEF, 0x7B,
    0xEF, 0x7B, 0xEF, 0x7B, 0xEF, 0x7B, 0xEF, 0x7B, 0xEF, 0x7B, 0xEF, 0x7B, 0x75, 0xAD, 0x9A, 0xD6,
    0x9A, 0xD6, 0x75, 0xAD, 0xEF, 0x7B, 0xEF, 0x7B, 0xEF, 0x7B, 0xEF, 0x7B, 0xEF, 0x7B, 0xEF, 0x7B,
    0xEF, 0x7B, 0xEF, 0x7B, 0x75, 0xAD, 0x9A, 0xD6, 0x9A, 0xD6, 0x75, 0xAD, 0xEF, 0x7B, 0xEF, 0x7B,
    0xEF, 0x7B, 0xEF, 0x7B, 0xEF, 0x7B, 0xEF, 0x7B, 0xEF, 0x7B, 0xEF, 0x7B, 0x75, 0xAD, 0x9A, 0xD6,
    0x9A, 0xD6, 0x75, 0xAD, 0xEF, 0x7B, 0xEF, 0x7B, 0xEF, 0x7B, 0xEF, 0x7B, 0xEF, 0x7B, 0xEF, 0x7B,
    0xEF, 0x7B, 0xEF, 0x7B, 0x75, 0xAD, 0x9A, 0xD6, 0x9A, 0xD6, 0x75, 0xAD, 0xEF, 0x7B, 0xEF, 0x7B,
    0xEF, 0x7B, 0xEF, 0x7B, 0xEF, 0x7B, 0xEF, 0x7B, 0xEF, 0x7B, 0xEF, 0x7B, 0x75, 0xAD, 0x79, 0xCE,
    0x9A, 0xD6, 0x75, 0xAD, 0xEF, 0x7B, 0xEF, 0x7B, 0xEF, 0x7B, 0xEF, 0x7B, 0xEF, 0x7B, 0xEF, 0x7B,
    0xEF, 0x7B, 0xEF, 0x7B, 0xEF, 0x7B, 0xEF, 0x7B, 0x9A, 0xD6, 0x75, 0xAD, 0xEF, 0x7B, 0xEF, 0x7B,
    0xEF, 0x7B, 0xEF, 0x7B, 0xEF, 0x7B, 0xEF, 0x7B, 0xEF, 0x7B, 0xEF, 0x7B, 0xEF, 0x7B, 0xEF, 0x7B,
    0x9A, 0xD6, 0x75, 0xAD, 0xEF, 0x7B, 0xEF, 0x7B, 0xEF, 0x7B, 0xEF, 0x7B, 0xEF, 0x7B, 0xEF, 0x7B,
    0xEF, 0x7B, 0xEF, 0x7B, 0xEF, 0x7B, 0xEF, 0x7B, 0x9A, 0xD6, 0x75, 0xAD, 0xEF, 0x7B, 0xEF, 0x7B,
    0xEF, 0x7B, 0xEF, 0x7B, 0xEF, 0x7B, 0xEF, 0x7B, 0xEF, 0x7B, 0xEF, 0x7B, 0xEF, 0x7B, 0xEF, 0x7B,
    0x9A, 0xD6, 0x75, 0xAD, 0xEF, 0x7B, 0xEF, 0x7B, 0xEF, 0x7B, 0xEF, 0x7B, 0xEF, 0x7B, 0xEF, 0x7B,
    0xEF, 0x7B, 0xEF, 0x7B, 0xEF, 0x7B, 0xEF, 0x7B, 0x9A, 0xD6, 0x75, 0xAD, 0xEF, 0x7B, 0xEF, 0x7B,
    0xEF, 0x7B, 0xEF, 0x7B, 0xEF, 0x7B, 0xEF, 0x7B, 0xEF, 0x7B, 0xEF, 0x7B, 0xEF, 0x7B, 0xEF, 0x7B,
    0x9A, 0xD6, 0x75, 0xAD, 0xEF, 0x7B, 0xEF, 0x7B, 0xEF, 0x7B, 0xEF, 0x7B, 0xEF, 0x7B, 0xEF, 0x7B,
    0xEF, 0x7B, 0xEF, 0x7B, 0xEF, 0x7B, 0xEF, 0x7B, 0x9A, 0xD6, 0x75, 0xAD, 0xEF, 0x7B, 0xEF, 0x7B,
    0xEF, 0x7B, 0xEF, 0x7B, 0xEF, 0x7B, 0xEF, 0x7B, 0xEF, 0x7B, 0xEF, 0x7B, 0xEF, 0x7B, 0xEF, 0x7B,
    0x9A, 0xD6, 0x75, 0xAD, 0xEF, 0x7B, 0xEF, 0x7B, 0xEF, 0x7B, 0xEF, 0x7B, 0xEF, 0x7B, 0xEF, 0x7B,
    0xEF, 0x7B, 0xEF, 0x7B, 0xEF, 0x7B, 0xEF, 0x7B, 0x9A, 0xD6, 0x75, 0xAD, 0xEF, 0x7B, 0xEF, 0x7B,
    0xEF, 0x7B, 0xEF, 0x7B, 0xEF, 0x7B, 0xEF, 0x7B, 0xEF, 0x7B, 0xEF, 0x7B, 0xEF, 0x7B, 0xEF, 0x7B,
    0x9A, 0xD6, 0x18, 0xC6, 0x75, 0xAD, 0x75, 0xAD, 0x75, 0xAD, 0x75, 0xAD, 0x75, 0xAD, 0x75, 0xAD,
    0x75, 0xAD, 0x75, 0xAD, 0x75, 0xAD, 0x75, 0xAD, 0x9A, 0xD6, 0x9A, 0xD6, 0x9A, 0xD6, 0x9A, 0xD6,
    0x9A, 0xD6, 0x9A, 0xD6, 0x9A, 0xD6, 0x9A, 0xD6, 0x9A, 0xD6, 0x9A, 0xD6, 0x9A, 0xD6, 0x9A, 0xD6,
    0x9A, 0xD6, 0x9A, 0xD6, 0x9A, 0xD6, 0x9A, 0xD6, 0x9A, 0xD6, 0x9A, 0xD6, 0x9A, 0xD6, 0x9A, 0xD6,
    0x9A, 0xD6, 0x9A, 0xD6, 0x9A, 0xD6, 0x9A, 0xD6, 0x9A, 0xD6, 0x18, 0xC6, 0x75, 0xAD, 0x75, 0xAD,
    0x75, 0xAD, 0x75, 0xAD, 0x75, 0xAD, 0x75, 0xAD, 0x75, 0xAD, 0x75, 0xAD, 0x75, 0xAD, 0x75, 0xAD,
    0x9A, 0xD6, 0x75, 0xAD, 0xEF, 0x7B, 0xEF, 0x7B, 0xEF, 0x7B, 0xEF, 0x7B, 0xEF, 0x7B, 0xEF, 0x7B,
    0xEF, 0x7B, 0xEF, 0x7B, 0xEF, 0x7B, 0xEF, 0x7B, 0x9A, 0xD6, 0x75, 0xAD, 0xEF, 0x7B, 0xEF, 0x7B,
    0xEF, 0x7B, 0xEF, 0x7B, 0xEF, 0x7B, 0xEF, 0x7B, 0xEF, 0x7B, 0xEF, 0x7B, 0xEF, 0x7B, 0xEF, 0x7B,
    0x9A, 0xD6, 0x75, 0xAD, 0xEF, 0x7B, 0xEF, 0x7B, 0xEF, 0x7B, 0xEF, 0x7B, 0xEF, 0x7B, 0xEF, 0x7B,
    0xEF, 0x7B, 0xEF, 0x7B, 0xEF, 0x7B, 0xEF, 0x7B, 0x9A, 0xD6, 0x75, 0xAD, 0xEF, 0x7B, 0xEF, 0x7B,
    0xEF, 0x7B, 0xEF, 0x7B, 0xEF, 0x7B, 0xEF, 0x7B, 0xEF, 0x7B, 0xEF, 0x7B, 0xEF, 0x7B, 0xEF, 0x7B,
    0x9A, 0xD6, 0x75, 0xAD, 0xEF, 0x7B, 0xEF, 0x7B, 0xEF, 0x7B, 0xEF, 0x7B, 0xEF, 0x7B, 0xEF, 0x7B,
    0xEF, 0x7B, 0xEF, 0x7B, 0xEF, 0x7B, 0xEF, 0x7B, 0x9A, 0xD6, 0x75, 0xAD, 0xEF, 0x7B, 0xEF, 0x7B,
    0xEF, 0x7B, 0xEF, 0x7B, 0xEF, 0x7B, 0xEF, 0x7B, 0xEF, 0x7B, 0xEF, 0x7B, 0xEF, 0x7B, 0xEF, 0x7B,
    0x9A, 0xD6, 0x75, 0xAD, 0xEF, 0x7B, 0xEF, 0x7B, 0xEF, 0x7B, 0xEF, 0x7B, 0xEF, 0x7B, 0xEF, 0x7B,
    0xEF, 0x7B, 0xEF, 0x7B, 0xEF, 0x7B, 0xEF, 0x7B, 0x9A, 0xD6, 0x75, 0xAD, 0xEF, 0x7B, 0xEF, 0x7B,
    0xEF, 0x7B, 0xEF, 0x7B, 0xEF, 0x7B, 0xEF, 0x7B, 0xEF, 0x7B, 0xEF, 0x7B, 0xEF, 0x7B, 0xEF, 0x7B,
    0x9A, 0xD6, 0x18, 0xC6, 0x75, 0xAD, 0x75, 0xAD, 0x75, 0xAD, 0x75, 0xAD, 0x75, 0xAD, 0x75, 0xAD,
    0x75, 0xAD, 0x75, 0xAD, 0x75, 0xAD, 0x75, 0xAD, 0x9A, 0xD6, 0x9A, 0xD6, 0x79, 0xCE, 0x79, 0xCE,
    0x79, 0xCE, 0x79, 0xCE, 0x79, 0xCE, 0x79, 0xCE, 0x79, 0xCE, 0x79, 0xCE, 0x9A, 0xD6, 0x9A, 0xD6,
    0x9A, 0xD6, 0x96, 0xB5, 0x10, 0x84, 0x10, 0x84, 0x10, 0x84, 0x10, 0x84, 0x10, 0x84, 0x10, 0x84,
    0x10, 0x84, 0x10, 0x84, 0x96, 0xB5, 0x9A, 0xD6, 0x9A, 0xD6, 0x75, 0xAD, 0xEF, 0x7B, 0xEF, 0x7B,
    0xEF, 0x7B, 0xEF, 0x7B, 0xEF, 0x7B, 0xEF, 0x7B, 0xEF, 0x7B, 0xEF, 0x7B, 0x75, 0xAD, 0x9A, 0xD6,
    0x9A, 0xD6, 0x75, 0xAD, 0xEF, 0x7B, 0xEF, 0x7B, 0xEF, 0x7B, 0xEF, 0x7B, 0xEF, 0x7B, 0xEF, 0x7B,
    0xEF, 0x7B, 0xEF, 0x7B, 0x75, 0xAD, 0x9A, 0xD6, 0x9A, 0xD6, 0x75, 0xAD, 0xEF, 0x7B, 0xEF, 0x7B,
    0xEF, 0x7B, 0xEF, 0x7B, 0xEF, 0x7B, 0xEF, 0x7B, 0xEF, 0x7B, 0xEF, 0x7B, 0x75, 0xAD, 0x9A, 0xD6,
    0x9A, 0xD6, 0x75, 0xAD, 0xEF, 0x7B, 0xEF, 0x7B, 0xEF, 0x7B, 0xEF, 0x7B, 0xEF, 0x7B, 0xEF, 0x7B,
    0xEF, 0x7B, 0xEF, 0x7B, 0x75, 0xAD, 0x9A, 0xD6, 0x9A, 0xD6, 0x75, 0xAD, 0xEF, 0x7B, 0xEF, 0x7B,
    0xEF, 0x7B, 0xEF, 0x7B, 0xEF, 0x7B, 0xEF, 0x7B, 0xEF, 0x7B, 0xEF, 0x7B, 0x75, 0xAD, 0x9A, 0xD6,
    0x9A, 0xD6, 0x75, 0xAD, 0xEF, 0x7B, 0xEF, 0x7B, 0xEF, 0x7B, 0xEF, 0x7B, 0xEF, 0x7B, 0xEF, 0x7B,
    0xEF, 0x7B, 0xEF, 0x7B, 0x75, 0xAD, 0x9A, 0xD6, 0x9A, 0xD6, 0x75, 0xAD, 0xEF, 0x7B, 0xEF, 0x7B,
    0xEF, 0x7B, 0xEF, 0x7B, 0xEF, 0x7B, 0xEF, 0x7B, 0xEF, 0x7B, 0xEF, 0x7B, 0x75, 0xAD, 0x9A, 0xD6,
    0x9A, 0xD6, 0x75, 0xAD, 0xEF, 0x7B, 0xEF, 0x7B, 0xEF, 0x7B, 0xEF, 0x7B, 0xEF, 0x7B, 0xEF, 0x7B,
    0xEF, 0x7B, 0xEF, 0x7B, 0x75, 0xAD, 0x9A, 0xD6, 0x9A, 0xD6, 0x75, 0xAD, 0xEF, 0x7B, 0xEF, 0x7B,
    0xEF, 0x7B, 0xEF, 0x7B, 0xEF, 0x7B, 0xEF, 0x7B, 0xEF, 0x7B, 0xEF, 0x7B, 0x75, 0xAD, 0x9A, 0xD6,
    0x9A, 0xD6, 0x18, 0xC6, 0x75, 0xAD, 0x75, 0xAD, 0x75, 0xAD, 0x75, 0xAD, 0x75, 0xAD, 0x75, 0xAD,
    0x75, 0xAD, 0x75, 0xAD, 0x18, 0xC6, 0x9A, 0xD6, 0x79, 0xCE, 0x79, 0xCE, 0x79, 0xCE, 0x79, 0xCE,
    0x79, 0xCE, 0x79, 0xCE, 0x79, 0xCE, 0x79, 0xCE, 0x79, 0xCE, 0x79, 0xCE, 0x79, 0xCE, 0x79, 0xCE,
    0xEF, 0x7B, 0xEF, 0x7B, 0xEF, 0x7B, 0xEF, 0x7B, 0xEF, 0x7B, 0xEF, 0x7B, 0xEF, 0x7B, 0xEF, 0x7B,
    0xEF, 0x7B, 0xEF, 0x7B, 0xEF, 0x7B, 0xEF, 0x7B, 0xEF, 0x7B, 0xEF, 0x7B, 0xEF, 0x7B, 0xEF, 0x7B,
    0xEF, 0x7B, 0xEF, 0x7B, 0xEF, 0x7B, 0xEF, 0x7B, 0xEF, 0x7B, 0xEF, 0x7B, 0xEF, 0x7B, 0xEF, 0x7B,
    0xEF, 0x7B, 0xEF, 0x7B, 0xEF, 0x7B, 0xEF, 0x7B, 0xEF, 0x7B, 0xEF, 0x7B, 0xEF, 0x7B, 0xEF, 0x7B,
    0xEF, 0x7B, 0xEF, 0x7B, 0xEF, 0x7B, 0xEF, 0x7B, 0xEF, 0x7B, 0xEF, 0x7B, 0xEF, 0x7B, 0xEF, 0x7B,
    0xEF, 0x7B, 0xEF, 0x7B, 0xEF, 0x7B, 0xEF, 0x7B, 0xEF, 0x7B, 0xEF, 0x7B, 0xEF, 0x7B, 0xEF, 0x7B,
    0xEF, 0x7B, 0xEF, 0x7B, 0xEF, 0x7B, 0xEF, 0x7B, 0xEF, 0x7B, 0xEF, 0x7B, 0xEF, 0x7B, 0xEF, 0x7B,
    0xEF, 0x7B, 0xEF, 0x7B, 0xEF, 0x7B, 0xEF, 0x7B, 0xEF, 0x7B, 0xEF, 0x7B, 0xEF, 0x7B, 0xEF, 0x7B,
    0xEF, 0x7B, 0xEF, 0x7B, 0xEF, 0x7B, 0xEF, 0x7B, 0xEF, 0x7B, 0xEF, 0x7B, 0xEF, 0x7B, 0xEF, 0x7B,
    0xEF, 0x7B, 0xEF, 0x7B, 0xEF, 0x7B, 0xEF, 0x7B, 0xEF, 0x7B, 0xEF, 0x7B, 0xEF, 0x7B, 0xEF, 0x7B,
    0xEF, 0x7B, 0xEF, 0x7B, 0xEF, 0x7B, 0xEF, 0x7B, 0xEF, 0x7B, 0xEF, 0x7B, 0xEF, 0x7B, 0xEF, 0x7B,
    0xEF, 0x7B, 0xEF, 0x7B, 0xEF, 0x7B, 0xEF, 0x7B, 0xEF, 0x7B, 0xEF, 0x7B, 0xEF, 0x7B, 0xEF, 0x7B,
    0xEF, 0x7B, 0xEF, 0x7B, 0xEF, 0x7B, 0xEF, 0x7B, 0xEF, 0x7B, 0xEF, 0x7B, 0xEF, 0x7B, 0xEF, 0x7B,
    0xEF, 0x7B, 0xEF, 0x7B, 0xEF, 0x7B, 0xEF, 0x7B, 0xEF, 0x7B, 0xEF, 0x7B, 0xEF, 0x7B, 0xEF, 0x7B,
    0xEF, 0x7B, 0xEF, 0x7B, 0xEF, 0x7B, 0xEF, 0x7B, 0xEF, 0x7B, 0xEF, 0x7B, 0xEF, 0x7B, 0xEF, 0x7B,
    0xEF, 0x7B, 0xEF, 0x7B, 0xEF, 0x7B, 0xEF, 0x7B, 0xEF, 0x7B, 0xEF, 0x7B, 0xEF, 0x7B, 0xEF, 0x7B,
    0xEF, 0x7B, 0xEF, 0x7B, 0xEF, 0x7B, 0xEF, 0x7B, 0xEF, 0x7B, 0xEF, 0x7B, 0xEF, 0x7B, 0xEF, 0x7B,
    0xEF, 0x7B, 0xEF, 0x7B, 0xEF, 0x7B, 0xEF, 0x7B, 0xEF, 0x7B, 0xEF, 0x7B, 0xEF, 0x7B, 0xEF, 0x7B,
    0x79, 0xCE, 0x79, 0xCE, 0x79, 0xCE, 0x10, 0x84, 0xEF, 0x7B, 0xEF, 0x7B, 0xEF, 0x7B, 0xEF, 0x7B,
    0xEF, 0x7B, 0xEF, 0x7B, 0xEF, 0x7B, 0xEF, 0x7B, 0x75, 0xAD, 0x75, 0xAD, 0x75, 0xAD, 0x75, 0xAD,
    0xD3, 0x9C, 0xEF, 0x7B, 0xEF, 0x7B, 0xEF, 0x7B, 0x10, 0x84, 0x75, 0xAD, 0xD3, 0x9C, 0xEF, 0x7B,
    0xEF, 0x7B, 0x10, 0x84, 0x30, 0x84, 0x79, 0xCE, 0x75, 0xAD, 0xEF, 0x7B, 0xEF, 0x7B, 0x10, 0x84,
    0x30, 0x84, 0x79, 0xCE, 0x75, 0xAD, 0xEF, 0x7B, 0xEF, 0x7B, 0x75, 0xAD, 0x79, 0xCE, 0x30, 0x84,
    0x10, 0x84, 0xEF, 0x7B, 0xEF, 0x7B, 0x75, 0xAD, 0x79, 0xCE, 0x30, 0x84, 0x10, 0x84, 0xEF, 0x7B,
    0x75, 0xAD, 0x18, 0xC6, 0x9A, 0xD6, 0x96, 0xB5, 0xD3, 0x9C, 0x10, 0x84, 0x75, 0xAD, 0x75, 0xAD,
    0x75, 0xAD, 0x10, 0x84, 0xEF, 0x7B, 0xEF, 0x7B, 0x79, 0xCE, 0x79, 0xCE, 0x79, 0xCE, 0x79, 0xCE,
    0x75, 0xAD, 0x30, 0x84, 0x79, 0xCE, 0x75, 0xAD, 0x10, 0x84, 0x10, 0x84, 0x10, 0x84, 0xEF, 0x7B,
    0x10, 0x84, 0x10, 0x84, 0x10, 0x84, 0x10, 0x84, 0x75, 0xAD, 0x79, 0xCE, 0x30, 0x84, 0x75, 0xAD,
    0x79, 0xCE, 0x79, 0xCE, 0x75, 0xAD, 0xEF, 0x7B, 0xEF, 0x7B, 0xEF, 0x7B, 0x10, 0x84, 0x75, 0xAD,
    0x75, 0xAD, 0x75, 0xAD, 0x10, 0x84, 0xD3, 0x9C, 0x75, 0xAD, 0x75, 0xAD, 0x75, 0xAD, 0x75, 0xAD,
    0xEF, 0x7B, 0x10, 0x84, 0x30, 0x84, 0x79, 0xCE, 0x75, 0xAD, 0xEF, 0x7B, 0xEF, 0x7B, 0xEF, 0x7B,
    0xEF, 0x7B, 0x10, 0x84, 0x75, 0xAD, 0x79, 0xCE, 0xEF, 0x7B, 0x75, 0xAD, 0x79, 0xCE, 0x30, 0x84,
    0x10, 0x84, 0xEF, 0x7B, 0xEF, 0x7B, 0xEF, 0x7B, 0x10, 0x84, 0x79, 0xCE, 0x75, 0xAD, 0x10, 0x84,
    0xEF, 0x7B, 0xD3, 0x9C, 0x75, 0xAD, 0x10, 0x84, 0xEF, 0x7B, 0xEF, 0x7B, 0xEF, 0x7B, 0xD3, 0x9C,
    0x96, 0xB5, 0x9A, 0xD6, 0x18, 0xC6, 0x75, 0xAD, 0xEF, 0x7B, 0x10, 0x84, 0x10, 0x84, 0xEF, 0x7B,
    0xEF, 0x7B, 0xEF, 0x7B, 0xEF, 0x7B, 0x75, 0xAD, 0x79, 0xCE, 0x79, 0xCE, 0x79, 0xCE, 0x79, 0xCE,
    0xEF, 0x7B, 0x75, 0xAD, 0x79, 0xCE, 0x10, 0x84, 0xEF, 0x7B, 0xEF, 0x7B, 0xEF, 0x7B, 0x10, 0x84,
    0x10, 0x84, 0x10, 0x84, 0x10, 0x84, 0x10, 0x84, 0xEF, 0x7B, 0x75, 0xAD, 0x79, 0xCE, 0x10, 0x84,
    0xEF, 0x7B, 0xEF, 0x7B, 0xEF, 0x7B, 0xEF, 0x7B, 0x10, 0x84, 0x75, 0xAD, 0xD3, 0x9C, 0xEF, 0x7B,
    0xEF, 0x7B, 0x75, 0xAD, 0x79, 0xCE, 0x10, 0x84, 0xEF, 0x7B, 0xEF, 0x7B, 0xEF, 0x7B, 0x10, 0x84,
    0x30, 0x84, 0x79, 0xCE, 0x75, 0xAD, 0xEF, 0x7B, 0xEF, 0x7B, 0x75, 0xAD, 0x79, 0xCE, 0x10, 0x84,
    0xEF, 0x7B, 0xEF, 0x7B, 0xEF, 0x7B, 0x75, 0xAD, 0x79, 0xCE, 0x30, 0x84, 0x10, 0x84, 0xEF, 0x7B,
    0xEF, 0x7B, 0x75, 0xAD, 0x79, 0xCE, 0x10, 0x84, 0xEF, 0x7B, 0x10, 0x84, 0x75, 0xAD, 0x75, 0xAD,
    0x75, 0xAD, 0x10, 0x84, 0xEF, 0x7B, 0xEF, 0x7B, 0xEF, 0x7B, 0x75, 0xAD, 0x79, 0xCE, 0x10, 0x84,
    0x10, 0x84, 0x30, 0x84, 0x79, 0xCE, 0x75, 0xAD, 0x10, 0x84, 0x10, 0x84, 0x10, 0x84, 0xEF, 0x7B,
    0xEF, 0x7B, 0x10, 0x84, 0x10, 0x84, 0xEF, 0x7B, 0x75, 0xAD, 0x79, 0xCE, 0x30, 0x84, 0x75, 0xAD,
    0x79, 0xCE, 0x79, 0xCE, 0x75, 0xAD, 0xEF, 0x7B, 0xEF, 0x7B, 0xEF, 0x7B, 0x10, 0x84, 0x75, 0xAD,
    0x75, 0xAD, 0x75, 0xAD, 0x10, 0x84, 0xD3, 0x9C, 0x75, 0xAD, 0x75, 0xAD, 0x75, 0xAD, 0x75, 0xAD,
    0xEF, 0x7B, 0x10, 0x84, 0x30, 0x84, 0x79, 0xCE, 0x75, 0xAD, 0xEF, 0x7B, 0xEF, 0x7B, 0xEF, 0x7B,
    0xEF, 0x7B, 0x10, 0x84, 0x75, 0xAD, 0x79, 0xCE, 0xEF, 0x7B, 0x75, 0xAD, 0x79, 0xCE, 0x30, 0x84,
    0x10, 0x84, 0xEF, 0x7B, 0xEF, 0x7B, 0xEF, 0x7B, 0x10, 0x84, 0x79, 0xCE, 0x75, 0xAD, 0x10, 0x84,
    0xEF, 0x7B, 0xD3, 0x9C, 0x75, 0xAD, 0x10, 0x84, 0xEF, 0x7B, 0xEF, 0x7B, 0xEF, 0x7B, 0xD3, 0x9C,
    0x96, 0xB5, 0x9A, 0xD6, 0x18, 0xC6, 0x75, 0xAD, 0xEF, 0x7B, 0xEF, 0x7B, 0xEF, 0x7B, 0xEF, 0x7B,
    0xEF, 0x7B, 0xEF, 0x7B, 0xEF, 0x7B, 0x75, 0xAD, 0x79, 0xCE, 0x79, 0xCE, 0x79, 0xCE, 0x79, 0xCE,
    0xEF, 0x7B, 0xEF, 0x7B, 0xEF, 0x7B, 0xEF, 0x7B, 0xEF, 0x7B, 0xEF, 0x7B, 0xEF, 0x7B, 0xEF, 0x7B,
    0xEF, 0x7B, 0xEF, 0x7B, 0xEF, 0x7B, 0xEF, 0x7B, 0xEF, 0x7B, 0xEF, 0x7B, 0xEF, 0x7B, 0xEF, 0x7B,
    0xEF, 0x7B, 0xEF, 0x7B, 0xEF, 0x7B, 0xEF, 0x7B, 0xEF, 0x7B, 0xEF, 0x7B, 0xEF, 0x7B, 0xEF, 0x7B,
    0xEF, 0x7B, 0xEF, 0x7B, 0xEF, 0x7B, 0xEF, 0x7B, 0xEF, 0x7B, 0xEF, 0x7B, 0xEF, 0x7B, 0xEF, 0x7B,
    0xEF, 0x7B, 0xEF, 0x7B, 0xEF, 0x7B, 0xEF, 0x7B, 0xEF, 0x7B, 0xEF, 0x7B, 0xEF, 0x7B, 0xEF, 0x7B,
    0xEF, 0x7B, 0xEF, 0x7B, 0xEF, 0x7B, 0xEF, 0x7B, 0xEF, 0x7B, 0xEF, 0x7B, 0xEF, 0x7B, 0xEF, 0x7B,
    0xEF, 0x7B, 0xEF, 0x7B, 0xEF, 0x7B, 0xEF, 0x7B, 0xEF, 0x7B, 0xEF, 0x7B, 0xEF, 0x7B, 0xEF, 0x7B,
    0xEF, 0x7B, 0xEF, 0x7B, 0xEF, 0x7B, 0xEF, 0x7B, 0xEF, 0x7B, 0xEF, 0x7B, 0xEF, 0x7B, 0xEF, 0x7B,
    0xEF, 0x7B, 0xEF, 0x7B, 0xEF, 0x7B, 0xEF, 0x7B, 0xEF, 0x7B, 0xEF, 0x7B, 0xEF, 0x7B, 0xEF, 0x7B,
    0xEF, 0x7B, 0xEF, 0x7B, 0xEF, 0x7B, 0xEF, 0x7B, 0xEF, 0x7B, 0xEF, 0x7B, 0xEF, 0x7B, 0xEF, 0x7B,
    0xEF, 0x7B, 0xEF, 0x7B, 0xEF, 0x7B, 0xEF, 0x7B, 0xEF, 0x7B, 0xEF, 0x7B, 0xEF, 0x7B, 0xEF, 0x7B,
    0xEF, 0x7B, 0xEF, 0x7B, 0xEF, 0x7B, 0xEF, 0x7B, 0xEF, 0x7B, 0xEF, 0x7B, 0xEF, 0x7B, 0xEF, 0x7B,
    0xEF, 0x7B, 0xEF, 0x7B, 0xEF, 0x7B, 0xEF, 0x7B, 0xEF, 0x7B, 0xEF, 0x7B, 0xEF, 0x7B, 0xEF, 0x7B,
    0xEF, 0x7B, 0xEF, 0x7B, 0xEF, 0x7B, 0xEF, 0x7B, 0xEF, 0x7B, 0xEF, 0x7B, 0xEF, 0x7B, 0xEF, 0x7B,
    0xEF, 0x7B, 0xEF, 0x7B, 0xEF, 0x7B, 0xEF, 0x7B, 0xEF, 0x7B, 0xEF, 0x7B, 0xEF, 0x7B, 0xEF, 0x7B,
    0xEF, 0x7B, 0xEF, 0x7B, 0xEF, 0x7B, 0xEF, 0x7B, 0xEF, 0x7B, 0xEF, 0x7B, 0xEF, 0x7B, 0xEF, 0x7B,
    0xEF, 0x7B, 0xEF, 0x7B, 0xEF, 0x7B, 0xEF, 0x7B, 0xEF, 0x7B, 0xEF, 0x7B, 0xEF, 0x7B, 0xEF, 0x7B,
    0xEF, 0x7B, 0xEF, 0x7B, 0xEF, 0x7B, 0xEF, 0x7B, 0xEF, 0x7B, 0xEF, 0x7B, 0xEF, 0x7B, 0xEF, 0x7B,
    0xEF, 0x7B, 0xEF, 0x7B, 0x10, 0x84, 0x79, 0xCE, 0x79, 0xCE, 0x79, 0xCE, 0x79, 0xCE, 0x79, 0xCE,
    0x79, 0xCE, 0x10, 0x84, 0xEF, 0x7B, 0xEF, 0x7B, 0xEF, 0x7B, 0xD3, 0x9C, 0x96, 0xB5, 0x9A, 0xD6,
    0x9A, 0xD6, 0x9A, 0xD6, 0x9A, 0xD6, 0x9A, 0xD6, 0x9A, 0xD6, 0x96, 0xB5, 0xD3, 0x9C, 0xEF, 0x7B,
    0xEF, 0x7B, 0x75, 0xAD, 0x9A, 0xD6, 0x9A, 0xD6, 0x9A, 0xD6, 0x79, 0xCE, 0x79, 0xCE, 0x9A, 0xD6,
    0x9A, 0xD6, 0x9A, 0xD6, 0x75, 0xAD, 0xEF, 0x7B, 0xEF, 0x7B, 0x75, 0xAD, 0x9A, 0xD6, 0x9A, 0xD6,
    0x96, 0xB5, 0x10, 0x84, 0x10, 0x84, 0x96, 0xB5, 0x9A, 0xD6, 0x9A, 0xD6, 0x75, 0xAD, 0xEF, 0x7B,
    0xEF, 0x7B, 0x75, 0xAD, 0x9A, 0xD6, 0x9A, 0xD6, 0x75, 0xAD, 0xEF, 0x7B, 0xEF, 0x7B, 0x75, 0xAD,
    0x9A, 0xD6, 0x9A, 0xD6, 0x75, 0xAD, 0xEF, 0x7B, 0xEF, 0x7B, 0x75, 0xAD, 0x9A, 0xD6, 0x9A, 0xD6,
    0x75, 0xAD, 0xEF, 0x7B, 0xEF, 0x7B, 0x75, 0xAD, 0x9A, 0xD6, 0x9A, 0xD6, 0x75, 0xAD, 0xEF, 0x7B,
    0xEF, 0x7B, 0x75, 0xAD, 0x9A, 0xD6, 0x9A, 0xD6, 0x75, 0xAD, 0xEF, 0x7B, 0xEF, 0x7B, 0x75, 0xAD,
    0x9A, 0xD6, 0x9A, 0xD6, 0x75, 0xAD, 0xEF, 0x7B, 0xEF, 0x7B, 0x75, 0xAD, 0x9A, 0xD6, 0x9A, 0xD6,
    0x18, 0xC6, 0x75, 0xAD, 0x75, 0xAD, 0x18, 0xC6, 0x9A, 0xD6, 0x9A, 0xD6, 0x75, 0xAD, 0xEF, 0x7B,
    0xEF, 0x7B, 0x75, 0xAD, 0x79, 0xCE, 0x9A, 0xD6, 0x9A, 0xD6, 0x9A, 0xD6, 0x9A, 0xD6, 0x9A, 0xD6,
    0x9A, 0xD6, 0x79, 0xCE, 0x75, 0xAD, 0xEF, 0x7B, 0xEF, 0x7B, 0x10, 0x84, 0x30, 0x84, 0x79, 0xCE,
    0x9A, 0xD6, 0x9A, 0xD6, 0x9A, 0xD6, 0x9A, 0xD6, 0x79, 0xCE, 0x30, 0x84, 0x10, 0x84, 0xEF, 0x7B,
    0xEF, 0x7B, 0xEF, 0x7B, 0x10, 0x84, 0x75, 0xAD, 0x75, 0xAD, 0x75, 0xAD, 0x75, 0xAD, 0x75, 0xAD,
    0x75, 0xAD, 0x10, 0x84, 0xEF, 0x7B, 0xEF, 0x7B, 0xEF, 0x7B, 0xEF, 0x7B, 0xEF, 0x7B, 0xEF, 0x7B,
    0x10, 0x84, 0x10, 0x84, 0x10, 0x84, 0x10, 0x84, 0xEF, 0x7B, 0xEF, 0x7B, 0xEF, 0x7B, 0xEF, 0x7B,
    0xEF, 0x7B, 0xEF, 0x7B, 0xEF, 0x7B, 0xEF, 0x7B, 0x75, 0xAD, 0x79, 0xCE, 0x79, 0xCE, 0x75, 0xAD,
    0xEF, 0x7B, 0xEF, 0x7B, 0xEF, 0x7B, 0xEF, 0x7B, 0xEF, 0x7B, 0xEF, 0x7B, 0xEF, 0x7B, 0xEF, 0x7B,
    0x75, 0xAD, 0x9A, 0xD6, 0x9A, 0xD6, 0x75, 0xAD, 0xEF, 0x7B, 0xEF, 0x7B, 0xEF, 0x7B, 0xEF, 0x7B,
    0xEF, 0x7B, 0xEF, 0x7B, 0xEF, 0x7B, 0xEF, 0x7B, 0x75, 0xAD, 0x9A, 0xD6, 0x9A, 0xD6, 0x75, 0xAD,
    0xEF, 0x7B, 0xEF, 0x7B, 0xEF, 0x7B, 0xEF, 0x7B, 0xEF, 0x7B, 0xEF, 0x7B, 0xEF, 0x7B, 0xEF, 0x7B,
    0x75, 0xAD, 0x9A, 0xD6, 0x9A, 0xD6, 0x75, 0xAD, 0xEF, 0x7B, 0xEF, 0x7B, 0xEF, 0x7B, 0xEF, 0x7B,
    0xEF, 0x7B, 0xEF, 0x7B, 0xEF, 0x7B, 0xEF, 0x7B, 0x75, 0xAD, 0x9A, 0xD6, 0x9A, 0xD6, 0x75, 0xAD,
    0xEF, 0x7B, 0xEF, 0x7B, 0xEF, 0x7B, 0xEF, 0x7B, 0xEF, 0x7B, 0xEF, 0x7B, 0xEF, 0x7B, 0xEF, 0x7B,
    0x75, 0xAD, 0x9A, 0xD6, 0x9A, 0xD6, 0x75, 0xAD, 0xEF, 0x7B, 0xEF, 0x7B, 0xEF, 0x7B, 0xEF, 0x7B,
    0xEF, 0x7B, 0xEF, 0x7B, 0xEF, 0x7B, 0xEF, 0x7B, 0x75, 0xAD, 0x9A, 0xD6, 0x9A, 0xD6, 0x75, 0xAD,
    0xEF, 0x7B, 0xEF, 0x7B, 0xEF, 0x7B, 0xEF, 0x7B, 0xEF, 0x7B, 0xEF, 0x7B, 0xEF, 0x7B, 0xEF, 0x7B,
    0x75, 0xAD, 0x9A, 0xD6, 0x9A, 0xD6, 0x75, 0xAD, 0xEF, 0x7B, 0xEF, 0x7B, 0xEF, 0x7B, 0xEF, 0x7B,
    0xEF, 0x7B, 0xEF, 0x7B, 0xEF, 0x7B, 0xEF, 0x7B, 0x75, 0xAD, 0x9A, 0xD6, 0x9A, 0xD6, 0x75, 0xAD,
    0xEF, 0x7B, 0xEF, 0x7B, 0xEF, 0x7B, 0xEF, 0x7B, 0xEF, 0x7B, 0xEF, 0x7B, 0xEF, 0x7B, 0xEF, 0x7B,
    0x75, 0xAD, 0x9A, 0xD6, 0x9A, 0xD6, 0x75, 0xAD, 0xEF, 0x7B, 0xEF, 0x7B, 0xEF, 0x7B, 0xEF, 0x7B,
    0xEF, 0x7B, 0xEF, 0x7B, 0xEF, 0x7B, 0xEF, 0x7B, 0xD3, 0x9C, 0x75, 0xAD, 0x75, 0xAD, 0xD3, 0x9C,
    0xEF, 0x7B, 0xEF, 0x7B, 0xEF, 0x7B, 0xEF, 0x7B, 0xEF, 0x7B, 0x10, 0x84, 0x10, 0x84, 0x10, 0x84,
    0x10, 0x84, 0x10, 0x84, 0x10, 0x84, 0x10, 0x84, 0x10, 0x84, 0xEF, 0x7B, 0xEF, 0x7B, 0xEF, 0x7B,
    0xEF, 0x7B, 0x75, 0xAD, 0x79, 0xCE, 0x79, 0xCE, 0x79, 0xCE, 0x79, 0xCE, 0x79, 0xCE, 0x79, 0xCE,
    0x79, 0xCE, 0x10, 0x84, 0xEF, 0x7B, 0xEF, 0x7B, 0xEF, 0x7B, 0x75, 0xAD, 0x9A, 0xD6, 0x9A, 0xD6,
    0x9A, 0xD6, 0x9A, 0xD6, 0x9A, 0xD6, 0x9A, 0xD6, 0x79, 0xCE, 0x10, 0x84, 0xEF, 0x7B, 0xEF, 0x7B,
    0xEF, 0x7B, 0x75, 0xAD, 0x79, 0xCE, 0x79, 0xCE, 0x79, 0xCE, 0x79, 0xCE, 0x9A, 0xD6, 0x9A, 0xD6,
    0x79, 0xCE, 0x10, 0x84, 0xEF, 0x7B, 0xEF, 0x7B, 0xEF, 0x7B, 0x10, 0x84, 0x10, 0x84, 0x10, 0x84,
    0x10, 0x84, 0x30, 0x84, 0x79, 0xCE, 0x9A, 0xD6, 0x79, 0xCE, 0x10, 0x84, 0xEF, 0x7B, 0xEF, 0x7B,
    0xEF, 0x7B, 0xD3, 0x9C, 0x75, 0xAD, 0x75, 0xAD, 0x75, 0xAD, 0x96, 0xB5, 0x9A, 0xD6, 0x9A, 0xD6,
    0x79, 0xCE, 0x10, 0x84, 0xEF, 0x7B, 0xEF, 0x7B, 0xEF, 0x7B, 0x75, 0xAD, 0x9A, 0xD6, 0x9A, 0xD6,
    0x9A, 0xD6, 0x79, 0xCE, 0x79, 0xCE, 0x79, 0xCE, 0x79, 0xCE, 0x10, 0x84, 0xEF, 0x7B, 0xEF, 0x7B,
    0xEF, 0x7B, 0x75, 0xAD, 0x9A, 0xD6, 0x9A, 0xD6, 0x96, 0xB5, 0x10, 0x84, 0x10, 0x84, 0x10, 0x84,
    0x10, 0x84, 0xEF, 0x7B, 0xEF, 0x7B, 0xEF, 0x7B, 0xEF, 0x7B, 0x75, 0xAD, 0x9A, 0xD6, 0x9A, 0xD6,
    0x18, 0xC6, 0x75, 0xAD, 0x75, 0xAD, 0x75, 0xAD, 0x75, 0xAD, 0x10, 0x84, 0xEF, 0x7B, 0xEF, 0x7B,
    0xEF, 0x7B, 0x75, 0xAD, 0x9A, 0xD6, 0x9A, 0xD6, 0x9A, 0xD6, 0x9A, 0xD6, 0x9A, 0xD6, 0x9A, 0xD6,
    0x79, 0xCE, 0x10, 0x84, 0xEF, 0x7B, 0xEF, 0x7B, 0xEF, 0x7B, 0x75, 0xAD, 0x9A, 0xD6, 0x9A, 0xD6,
    0x9A, 0xD6, 0x9A, 0xD6, 0x9A, 0xD6, 0x9A, 0xD6, 0x79, 0xCE, 0x10, 0x84, 0xEF, 0x7B, 0xEF, 0x7B,
    0xEF, 0x7B, 0xD3, 0x9C, 0x75, 0xAD, 0x75, 0xAD, 0x75, 0xAD, 0x75, 0xAD, 0x75, 0xAD, 0x75, 0xAD,
    0x75, 0xAD, 0x10, 0x84, 0xEF, 0x7B, 0xEF, 0x7B, 0xEF, 0x7B, 0x10, 0x84, 0x10, 0x84, 0x10, 0x84,
    0x10, 0x84, 0x10, 0x84, 0x10, 0x84, 0x10, 0x84, 0x10, 0x84, 0xEF, 0x7B, 0xEF, 0x7B, 0xEF, 0x7B,
    0xEF, 0x7B, 0x75, 0xAD, 0x79, 0xCE, 0x79, 0xCE, 0x79, 0xCE, 0x79, 0xCE, 0x79, 0xCE, 0x79, 0xCE,
    0x79, 0xCE, 0x10, 0x84, 0xEF, 0x7B, 0xEF, 0x7B, 0xEF, 0x7B, 0x75, 0xAD, 0x9A, 0xD6, 0x9A, 0xD6,
    0x9A, 0xD6, 0x9A, 0xD6, 0x9A, 0xD6, 0x9A, 0xD6, 0x79, 0xCE, 0x10, 0x84, 0xEF, 0x7B, 0xEF, 0x7B,
    0xEF, 0x7B, 0x75, 0xAD, 0x79, 0xCE, 0x79, 0xCE, 0x79, 0xCE, 0x79, 0xCE, 0x9A, 0xD6, 0x9A, 0xD6,
    0x79, 0xCE, 0x10, 0x84, 0xEF, 0x7B, 0xEF, 0x7B, 0xEF, 0x7B, 0x10, 0x84, 0x10, 0x84, 0x10, 0x84,
    0x10, 0x84, 0x30, 0x84, 0x79, 0xCE, 0x9A, 0xD6, 0x79, 0xCE, 0x10, 0x84, 0xEF, 0x7B, 0xEF, 0x7B,
    0xEF, 0x7B, 0xD3, 0x9C, 0x75, 0xAD, 0x75, 0xAD, 0x75, 0xAD, 0x96, 0xB5, 0x9A, 0xD6, 0x9A, 0xD6,
    0x79, 0xCE, 0x10, 0x84, 0xEF, 0x7B, 0xEF, 0x7B, 0xEF, 0x7B, 0x75, 0xAD, 0x79, 0xCE, 0x79, 0xCE,
    0x79, 0xCE, 0x79, 0xCE, 0x9A, 0xD6, 0x9A, 0xD6, 0x79, 0xCE, 0x10, 0x84, 0xEF, 0x7B, 0xEF, 0x7B,
    0xEF, 0x7B, 0x10, 0x84, 0x10, 0x84, 0x10, 0x84, 0x10, 0x84, 0x30, 0x84, 0x79, 0xCE, 0x9A, 0xD6,
    0x79, 0xCE, 0x10, 0x84, 0xEF, 0x7B, 0xEF, 0x7B, 0xEF, 0x7B, 0xD3, 0x9C, 0x75, 0xAD, 0x75, 0xAD,
    0x75, 0xAD, 0x96, 0xB5, 0x9A, 0xD6, 0x9A, 0xD6, 0x79, 0xCE, 0x10, 0x84, 0xEF, 0x7B, 0xEF, 0x7B,
    0xEF, 0x7B, 0x75, 0xAD, 0x9A, 0xD6, 0x9A, 0xD6, 0x9A, 0xD6, 0x9A, 0xD6, 0x9A, 0xD6, 0x9A, 0xD6,
    0x79, 0xCE, 0x10, 0x84, 0xEF, 0x7B, 0xEF, 0x7B, 0xEF, 0x7B, 0x75, 0xAD, 0x9A, 0xD6, 0x9A, 0xD6,
    0x9A, 0xD6, 0x9A, 0xD6, 0x9A, 0xD6, 0x9A, 0xD6, 0x79, 0xCE, 0x10, 0x84, 0xEF, 0x7B, 0xEF, 0x7B,
    0xEF, 0x7B, 0xD3, 0x9C, 0x75, 0xAD, 0x75, 0xAD, 0x75, 0xAD, 0x75, 0xAD, 0x75, 0xAD, 0x75, 0xAD,
    0x75, 0xAD, 0x10, 0x84, 0xEF, 0x7B, 0xEF, 0x7B, 0xEF, 0x7B, 0xEF, 0x7B, 0xEF, 0x7B, 0xEF, 0x7B,
    0xEF, 0x7B, 0xEF, 0x7B, 0x10, 0x84, 0x10, 0x84, 0x10, 0x84, 0xEF, 0x7B, 0xEF, 0x7B, 0xEF, 0x7B,
    0xEF, 0x7B, 0xEF, 0x7B, 0xEF, 0x7B, 0xEF, 0x7B, 0xEF, 0x7B, 0x10, 0x84, 0x79, 0xCE, 0x79, 0xCE,
    0x79, 0xCE, 0x10, 0x84, 0xEF, 0x7B, 0xEF, 0x7B, 0xEF, 0x7B, 0xEF, 0x7B, 0xEF, 0x7B, 0xEF, 0x7B,
    0xD3, 0x9C, 0x96, 0xB5, 0x9A, 0xD6, 0x9A, 0xD6, 0x79, 0xCE, 0x10, 0x84, 0xEF, 0x7B, 0xEF, 0x7B,
    0xEF, 0x7B, 0xEF, 0x7B, 0xEF, 0x7B, 0x10, 0x84, 0x96, 0xB5, 0x9A, 0xD6, 0x9A, 0xD6, 0x9A, 0xD6,
    0x79, 0xCE, 0x10, 0x84, 0xEF, 0x7B, 0xEF, 0x7B, 0xEF, 0x7B, 0xEF, 0x7B, 0x10, 0x84, 0x79, 0xCE,
    0x9A, 0xD6, 0x9A, 0xD6, 0x9A, 0xD6, 0x9A, 0xD6, 0x79, 0xCE, 0x10, 0x84, 0xEF, 0x7B, 0xEF, 0x7B,
    0xEF, 0x7B, 0xD3, 0x9C, 0x96, 0xB5, 0x9A, 0xD6, 0x18, 0xC6, 0x96, 0xB5, 0x9A, 0xD6, 0x9A, 0xD6,
    0x79, 0xCE, 0x10, 0x84, 0xEF, 0x7B, 0xEF, 0x7B, 0xEF, 0x7B, 0x75, 0xAD, 0x9A, 0xD6, 0x9A, 0xD6,
    0x96, 0xB5, 0x30, 0x84, 0x79, 0xCE, 0x9A, 0xD6, 0x79, 0xCE, 0x10, 0x84, 0xEF, 0x7B, 0xEF, 0x7B,
    0xEF, 0x7B, 0x75, 0xAD, 0x9A, 0xD6, 0x9A, 0xD6, 0x9A, 0xD6, 0x79, 0xCE, 0x9A, 0xD6, 0x9A, 0xD6,
    0x79, 0xCE, 0x10, 0x84, 0xEF, 0x7B, 0xEF, 0x7B, 0xEF, 0x7B, 0xD3, 0x9C, 0x75, 0xAD, 0x75, 0xAD,
    0x75, 0xAD, 0x96, 0xB5, 0x9A, 0xD6, 0x9A, 0xD6, 0x79, 0xCE, 0x10, 0x84, 0xEF, 0x7B, 0xEF, 0x7B,
    0xEF, 0x7B, 0xEF, 0x7B, 0xEF, 0x7B, 0xEF, 0x7B, 0xEF, 0x7B, 0x10, 0x84, 0x79, 0xCE, 0x9A, 0xD6,
    0x79, 0xCE, 0x10, 0x84, 0xEF, 0x7B, 0xEF, 0x7B, 0xEF, 0x7B, 0xEF, 0x7B, 0xEF, 0x7B, 0xEF, 0x7B,
    0xEF, 0x7B, 0x10, 0x84, 0x79, 0xCE, 0x9A, 0xD6, 0x79, 0xCE, 0x10, 0x84, 0xEF, 0x7B, 0xEF, 0x7B,
    0xEF, 0x7B, 0xEF, 0x7B, 0xEF, 0x7B, 0xEF, 0x7B, 0xEF, 0x7B, 0x10, 0x84, 0x75, 0xAD, 0x75, 0xAD,
    0x75, 0xAD, 0x10, 0x84, 0xEF, 0x7B, 0xEF, 0x7B, 0xEF, 0x7B, 0x10, 0x84, 0x10, 0x84, 0x10, 0x84,
    0x10, 0x84, 0x10, 0x84, 0x10, 0x84, 0x10, 0x84, 0x10, 0x84, 0xEF, 0x7B, 0xEF, 0x7B, 0xEF, 0x7B,
    0xEF, 0x7B, 0x75, 0xAD, 0x79, 0xCE, 0x79, 0xCE, 0x79, 0xCE, 0x79, 0xCE, 0x79, 0xCE, 0x79, 0xCE,
    0x79, 0xCE, 0x10, 0x84, 0xEF, 0x7B, 0xEF, 0x7B, 0xEF, 0x7B, 0x75, 0xAD, 0x9A, 0xD6, 0x9A, 0xD6,
    0x9A, 0xD6, 0x9A, 0xD6, 0x9A, 0xD6, 0x9A, 0xD6, 0x79, 0xCE, 0x10, 0x84, 0xEF, 0x7B, 0xEF, 0x7B,
    0xEF, 0x7B, 0x75, 0xAD, 0x9A, 0xD6, 0x9A, 0xD6, 0x9A, 0xD6, 0x79, 0xCE, 0x79, 0xCE, 0x79, 0xCE,
    0x79, 0xCE, 0x10, 0x84, 0xEF, 0x7B, 0xEF, 0x7B, 0xEF, 0x7B, 0x75, 0xAD, 0x9A, 0xD6, 0x9A, 0xD6,
    0x96, 0xB5, 0x10, 0x84, 0x10, 0x84, 0x10, 0x84, 0x10, 0x84, 0xEF, 0x7B, 0xEF, 0x7B, 0xEF, 0x7B,
    0xEF, 0x7B, 0x75, 0xAD, 0x9A, 0xD6, 0x9A, 0xD6, 0x18, 0xC6, 0x75, 0xAD, 0x75, 0xAD, 0x75, 0xAD,
    0x75, 0xAD, 0x10, 0x84, 0xEF, 0x7B, 0xEF, 0x7B, 0xEF, 0x7B, 0x75, 0xAD, 0x79, 0xCE, 0x79, 0xCE,
    0x79, 0xCE, 0x79, 0xCE, 0x9A, 0xD6, 0x9A, 0xD6, 0x79, 0xCE, 0x10, 0x84, 0xEF, 0x7B, 0xEF, 0x7B,
    0xEF, 0x7B, 0x10, 0x84, 0x10, 0x84, 0x10, 0x84, 0x10, 0x84, 0x30, 0x84, 0x79, 0xCE, 0x9A, 0xD6,
    0x79, 0xCE, 0x10, 0x84, 0xEF, 0x7B, 0xEF, 0x7B, 0xEF, 0x7B, 0xD3, 0x9C, 0x75, 0xAD, 0x75, 0xAD,
    0x75, 0xAD, 0x96, 0xB5, 0x9A, 0xD6, 0x9A, 0xD6, 0x79, 0xCE, 0x10, 0x84, 0xEF, 0x7B, 0xEF, 0x7B,
    0xEF, 0x7B, 0x75, 0xAD, 0x9A, 0xD6, 0x9A, 0xD6, 0x9A, 0xD6, 0x9A, 0xD6, 0x9A, 0xD6, 0x9A, 0xD6,
    0x79, 0xCE, 0x10, 0x84, 0xEF, 0x7B, 0xEF, 0x7B, 0xEF, 0x7B, 0x75, 0xAD, 0x9A, 0xD6, 0x9A, 0xD6,
    0x9A, 0xD6, 0x9A, 0xD6, 0x9A, 0xD6, 0x9A, 0xD6, 0x79, 0xCE, 0x10, 0x84, 0xEF, 0x7B, 0xEF, 0x7B,
    0xEF, 0x7B, 0xD3, 0x9C, 0x75, 0xAD, 0x75, 0xAD, 0x75, 0xAD, 0x75, 0xAD, 0x75, 0xAD, 0x75, 0xAD,
    0x75, 0xAD, 0x10, 0x84, 0xEF, 0x7B, 0xEF, 0x7B, 0xEF, 0x7B, 0x10, 0x84, 0x10, 0x84, 0x10, 0x84,
    0x10, 0x84, 0xEF, 0x7B, 0xEF, 0x7B, 0xEF, 0x7B, 0xEF, 0x7B, 0xEF, 0x7B, 0xEF, 0x7B, 0xEF, 0x7B,
    0xEF, 0x7B, 0x75, 0xAD, 0x79, 0xCE, 0x79, 0xCE, 0x75, 0xAD, 0xEF, 0x7B, 0xEF, 0x7B, 0xEF, 0x7B,
    0xEF, 0x7B, 0xEF, 0x7B, 0xEF, 0x7B, 0xEF, 0x7B, 0xEF, 0x7B, 0x75, 0xAD, 0x9A, 0xD6, 0x9A, 0xD6,
    0x75, 0xAD, 0xEF, 0x7B, 0xEF, 0x7B, 0xEF, 0x7B, 0xEF, 0x7B, 0xEF, 0x7B, 0xEF, 0x7B, 0xEF, 0x7B,
    0xEF, 0x7B, 0x75, 0xAD, 0x9A, 0xD6, 0x9A, 0xD6, 0x96, 0xB5, 0x10, 0x84, 0x10, 0x84, 0x10, 0x84,
    0x10, 0x84, 0xEF, 0x7B, 0xEF, 0x7B, 0xEF, 0x7B, 0xEF, 0x7B, 0x75, 0xAD, 0x9A, 0xD6, 0x9A, 0xD6,
    0x9A, 0xD6, 0x79, 0xCE, 0x79, 0xCE, 0x79, 0xCE, 0x79, 0xCE, 0x10, 0x84, 0xEF, 0x7B, 0xEF, 0x7B,
    0xEF, 0x7B, 0x75, 0xAD, 0x9A, 0xD6, 0x9A, 0xD6, 0x9A, 0xD6, 0x9A, 0xD6, 0x9A, 0xD6, 0x9A, 0xD6,
    0x79, 0xCE, 0x10, 0x84, 0xEF, 0x7B, 0xEF, 0x7B, 0xEF, 0x7B, 0x75, 0xAD, 0x9A, 0xD6, 0x9A, 0xD6,
    0x9A, 0xD6, 0x79, 0xCE, 0x9A, 0xD6, 0x9A, 0xD6, 0x79, 0xCE, 0x10, 0x84, 0xEF, 0x7B, 0xEF, 0x7B,
    0xEF, 0x7B, 0x75, 0xAD, 0x9A, 0xD6, 0x9A, 0xD6, 0x96, 0xB5, 0x30, 0x84, 0x79, 0xCE, 0x9A, 0xD6,
    0x79, 0xCE, 0x10, 0x84, 0xEF, 0x7B, 0xEF, 0x7B, 0xEF, 0x7B, 0x75, 0xAD, 0x9A, 0xD6, 0x9A, 0xD6,
    0x18, 0xC6, 0x96, 0xB5, 0x9A, 0xD6, 0x9A, 0xD6, 0x79, 0xCE, 0x10, 0x84, 0xEF, 0x7B, 0xEF, 0x7B,
    0xEF, 0x7B, 0x75, 0xAD, 0x9A, 0xD6, 0x9A, 0xD6, 0x9A, 0xD6, 0x9A, 0xD6, 0x9A, 0xD6, 0x9A, 0xD6,
    0x79, 0xCE, 0x10, 0x84, 0xEF, 0x7B, 0xEF, 0x7B, 0xEF, 0x7B, 0x75, 0xAD, 0x9A, 0xD6, 0x9A, 0xD6,
    0x9A, 0xD6, 0x9A, 0xD6, 0x9A, 0xD6, 0x9A, 0xD6, 0x79, 0xCE, 0x10, 0x84, 0xEF, 0x7B, 0xEF, 0x7B,
    0xEF, 0x7B, 0xD3, 0x9C, 0x75, 0xAD, 0x75, 0xAD, 0x75, 0xAD, 0x75, 0xAD, 0x75, 0xAD, 0x75, 0xAD,
    0x75, 0xAD, 0x10, 0x84, 0xEF, 0x7B, 0xEF, 0x7B, 0xEF, 0x7B, 0x10, 0x84, 0x10, 0x84, 0x10, 0x84,
    0x10, 0x84, 0x10, 0x84, 0x10, 0x84, 0x10, 0x84, 0x10, 0x84, 0xEF, 0x7B, 0xEF, 0x7B, 0xEF, 0x7B,
    0xEF, 0x7B, 0x75, 0xAD, 0x79, 0xCE, 0x79, 0xCE, 0x79, 0xCE, 0x79, 0xCE, 0x79, 0xCE, 0x79, 0xCE,
    0x79, 0xCE, 0x10, 0x84, 0xEF, 0x7B, 0xEF, 0x7B, 0xEF, 0x7B, 0x75, 0xAD, 0x9A, 0xD6, 0x9A, 0xD6,
    0x9A, 0xD6, 0x9A, 0xD6, 0x9A, 0xD6, 0x9A, 0xD6, 0x79, 0xCE, 0x10, 0x84, 0xEF, 0x7B, 0xEF, 0x7B,
    0xEF, 0x7B, 0x75, 0xAD, 0x79, 0xCE, 0x79, 0xCE, 0x79, 0xCE, 0x79, 0xCE, 0x9A, 0xD6, 0x9A, 0xD6,
    0x79, 0xCE, 0x10, 0x84, 0xEF, 0x7B, 0xEF, 0x7B, 0xEF, 0x7B, 0x10, 0x84, 0x10, 0x84, 0x10, 0x84,
    0x10, 0x84, 0x30, 0x84, 0x79, 0xCE, 0x9A, 0xD6, 0x79, 0xCE, 0x10, 0x84, 0xEF, 0x7B, 0xEF, 0x7B,
    0xEF, 0x7B, 0xEF, 0x7B, 0xEF, 0x7B, 0xEF, 0x7B, 0xD3, 0x9C, 0x96, 0xB5, 0x9A, 0xD6, 0x18, 0xC6,
    0x75, 0xAD, 0x10, 0x84, 0xEF, 0x7B, 0xEF, 0x7B, 0xEF, 0x7B, 0xEF, 0x7B, 0xEF, 0x7B, 0x10, 0x84,
    0x96, 0xB5, 0x9A, 0xD6, 0x79, 0xCE, 0x75, 0xAD, 0xEF, 0x7B, 0xEF, 0x7B, 0xEF, 0x7B, 0xEF, 0x7B,
    0xEF, 0x7B, 0xEF, 0x7B, 0x10, 0x84, 0x79, 0xCE, 0x9A, 0xD6, 0x79, 0xCE, 0x30, 0x84, 0x10, 0x84,
    0xEF, 0x7B, 0xEF, 0x7B, 0xEF, 0x7B, 0xEF, 0x7B, 0xEF, 0x7B, 0xEF, 0x7B, 0x10, 0x84, 0x79, 0xCE,
    0x9A, 0xD6, 0x79, 0xCE, 0x10, 0x84, 0xEF, 0x7B, 0xEF, 0x7B, 0xEF, 0x7B, 0xEF, 0x7B, 0xEF, 0x7B,
    0xEF, 0x7B, 0xEF, 0x7B, 0x10, 0x84, 0x79, 0xCE, 0x9A, 0xD6, 0x79, 0xCE, 0x10, 0x84, 0xEF, 0x7B,
    0xEF, 0x7B, 0xEF, 0x7B, 0xEF, 0x7B, 0xEF, 0x7B, 0xEF, 0x7B, 0xEF, 0x7B, 0x10, 0x84, 0x79, 0xCE,
    0x9A, 0xD6, 0x79, 0xCE, 0x10, 0x84, 0xEF, 0x7B, 0xEF, 0x7B, 0xEF, 0x7B, 0xEF, 0x7B, 0xEF, 0x7B,
    0xEF, 0x7B, 0xEF, 0x7B, 0x10, 0x84, 0x75, 0xAD, 0x75, 0xAD, 0x75, 0xAD, 0x10, 0x84, 0xEF, 0x7B,
    0xEF, 0x7B, 0xEF, 0x7B, 0xEF, 0x7B, 0xEF, 0x7B, 0xEF, 0x7B, 0x10, 0x84, 0x10, 0x84, 0x10, 0x84,
    0x10, 0x84, 0x10, 0x84, 0x10, 0x84, 0x10, 0x84, 0x10, 0x84, 0xEF, 0x7B, 0xEF, 0x7B, 0xEF, 0x7B,
    0xEF, 0x7B, 0x75, 0xAD, 0x79, 0xCE, 0x79, 0xCE, 0x79, 0xCE, 0x79, 0xCE, 0x79, 0xCE, 0x79, 0xCE,
    0x79, 0xCE, 0x10, 0x84, 0xEF, 0x7B, 0xEF, 0x7B, 0xEF, 0x7B, 0x75, 0xAD, 0x9A, 0xD6, 0x9A, 0xD6,
    0x9A, 0xD6, 0x9A, 0xD6, 0x9A, 0xD6, 0x9A, 0xD6, 0x79, 0xCE, 0x10, 0x84, 0xEF, 0x7B, 0xEF, 0x7B,
    0xEF, 0x7B, 0x75, 0xAD, 0x9A, 0xD6, 0x9A, 0xD6, 0x9A, 0xD6, 0x79, 0xCE, 0x9A, 0xD6, 0x9A, 0xD6,
    0x79, 0xCE, 0x10, 0x84, 0xEF, 0x7B, 0xEF, 0x7B, 0xEF, 0x7B, 0x75, 0xAD, 0x9A, 0xD6, 0x9A, 0xD6,
    0x96, 0xB5, 0x30, 0x84, 0x79, 0xCE, 0x9A, 0xD6, 0x79, 0xCE, 0x10, 0x84, 0xEF, 0x7B, 0xEF, 0x7B,
    0xEF, 0x7B, 0x75, 0xAD, 0x9A, 0xD6, 0x9A, 0xD6, 0x18, 0xC6, 0x96, 0xB5, 0x9A, 0xD6, 0x9A, 0xD6,
    0x79, 0xCE, 0x10, 0x84, 0xEF, 0x7B, 0xEF, 0x7B, 0xEF, 0x7B, 0x75, 0xAD, 0x9A, 0xD6, 0x9A, 0xD6,
    0x9A, 0xD6, 0x79, 0xCE, 0x9A, 0xD6, 0x9A, 0xD6, 0x79, 0xCE, 0x10, 0x84, 0xEF, 0x7B, 0xEF, 0x7B,
    0xEF, 0x7B, 0x75, 0xAD, 0x9A, 0xD6, 0x9A, 0xD6, 0x96, 0xB5, 0x30, 0x84, 0x79, 0xCE, 0x9A, 0xD6,
    0x79, 0xCE, 0x10, 0x84, 0xEF, 0x7B, 0xEF, 0x7B, 0xEF, 0x7B, 0x75, 0xAD, 0x9A, 0xD6, 0x9A, 0xD6,
    0x18, 0xC6, 0x96, 0xB5, 0x9A, 0xD6, 0x9A, 0xD6, 0x79, 0xCE, 0x10, 0x84, 0xEF, 0x7B, 0xEF, 0x7B,
    0xEF, 0x7B, 0x75, 0xAD, 0x9A, 0xD6, 0x9A, 0xD6, 0x9A, 0xD6, 0x9A, 0xD6, 0x9A, 0xD6, 0x9A, 0xD6,
    0x79, 0xCE, 0x10, 0x84, 0xEF, 0x7B, 0xEF, 0x7B, 0xEF, 0x7B, 0x75, 0xAD, 0x9A, 0xD6, 0x9A, 0xD6,
    0x9A, 0xD6, 0x9A, 0xD6, 0x9A, 0xD6, 0x9A, 0xD6, 0x79, 0xCE, 0x10, 0x84, 0xEF, 0x7B, 0xEF, 0x7B,
    0xEF, 0x7B, 0xD3, 0x9C, 0x75, 0xAD, 0x75, 0xAD, 0x75, 0xAD, 0x75, 0xAD, 0x75, 0xAD, 0x75, 0xAD,
    0x75, 0xAD, 0x10, 0x84, 0xEF, 0x7B, 0xEF, 0x7B, 0xEF, 0x7B, 0x10, 0x84, 0x10, 0x84, 0x10, 0x84,
    0x10, 0x84, 0x10, 0x84, 0x10, 0x84, 0x10, 0x84, 0x10, 0x84, 0xEF, 0x7B, 0xEF, 0x7B, 0xEF, 0x7B,
    0xEF, 0x7B, 0x75, 0xAD, 0x79, 0xCE, 0x79, 0xCE, 0x79, 0xCE, 0x79, 0xCE, 0x79, 0xCE, 0x79, 0xCE,
    0x79, 0xCE, 0x10, 0x84, 0xEF, 0x7B, 0xEF, 0x7B, 0xEF, 0x7B, 0x75, 0xAD, 0x9A, 0xD6, 0x9A, 0xD6,
    0x9A, 0xD6, 0x9A, 0xD6, 0x9A, 0xD6, 0x9A, 0xD6, 0x79, 0xCE, 0x10, 0x84, 0xEF, 0x7B, 0xEF, 0x7B,
    0xEF, 0x7B, 0x75, 0xAD, 0x9A, 0xD6, 0x9A, 0xD6, 0x9A, 0xD6, 0x79, 0xCE, 0x9A, 0xD6, 0x9A, 0xD6,
    0x79, 0xCE, 0x10, 0x84, 0xEF, 0x7B, 0xEF, 0x7B, 0xEF, 0x7B, 0x75, 0xAD, 0x9A, 0xD6, 0x9A, 0xD6,
    0x96, 0xB5, 0x30, 0x84, 0x79, 0xCE, 0x9A, 0xD6, 0x79, 0xCE, 0x10, 0x84, 0xEF, 0x7B, 0xEF, 0x7B,
    0xEF, 0x7B, 0x75, 0xAD, 0x9A, 0xD6, 0x9A, 0xD6, 0x18, 0xC6, 0x96, 0xB5, 0x9A, 0xD6, 0x9A, 0xD6,
    0x79, 0xCE, 0x10, 0x84, 0xEF, 0x7B, 0xEF, 0x7B, 0xEF, 0x7B, 0x75, 0xAD, 0x79, 0xCE, 0x79, 0xCE,
    0x79, 0xCE, 0x79, 0xCE, 0x9A, 0xD6, 0x9A, 0xD6, 0x79, 0xCE, 0x10, 0x84, 0xEF, 0x7B, 0xEF, 0x7B,
    0xEF, 0x7B, 0x10, 0x84, 0x10, 0x84, 0x10, 0x84, 0x10, 0x84, 0x30, 0x84, 0x79, 0xCE, 0x9A, 0xD6,
    0x79, 0xCE, 0x10, 0x84, 0xEF, 0x7B, 0xEF, 0x7B, 0xEF, 0x7B, 0xD3, 0x9C, 0x75, 0xAD, 0x75, 0xAD,
    0x75, 0xAD, 0x96, 0xB5, 0x9A, 0xD6, 0x9A, 0xD6, 0x79, 0xCE, 0x10, 0x84, 0xEF, 0x7B, 0xEF, 0x7B,
    0xEF, 0x7B, 0x75, 0xAD, 0x9A, 0xD6, 0x9A, 0xD6, 0x9A, 0xD6, 0x9A, 0xD6, 0x9A, 0xD6, 0x9A, 0xD6,
    0x79, 0xCE, 0x10, 0x84, 0xEF, 0x7B, 0xEF, 0x7B, 0xEF, 0x7B, 0x75, 0xAD, 0x9A, 0xD6, 0x9A, 0xD6,
    0x9A, 0xD6, 0x9A, 0xD6, 0x9A, 0xD6, 0x9A, 0xD6, 0x79, 0xCE, 0x10, 0x84, 0xEF, 0x7B, 0xEF, 0x7B,
    0xEF, 0x7B, 0xD3, 0x9C, 0x75, 0xAD, 0x75, 0xAD, 0x75, 0xAD, 0x75, 0xAD, 0x75, 0xAD, 0x75, 0xAD,
    0x75, 0xAD, 0x10, 0x84, 0xEF, 0x7B, 0xEF, 0x7B, 0xEF, 0x7B, 0x10, 0x84, 0x10, 0x84, 0x10, 0x84,
    0x10, 0x84, 0x10, 0x84, 0x10, 0x84, 0x10, 0x84, 0x10, 0x84, 0x10, 0x84, 0x10, 0x84, 0xEF, 0x7B,
    0xEF, 0x7B, 0x75, 0xAD, 0x79, 0xCE, 0x79, 0xCE, 0x79, 0xCE, 0x79, 0xCE, 0x79, 0xCE, 0x79, 0xCE,
    0x79, 0xCE, 0x79, 0xCE, 0x75, 0xAD, 0xEF, 0x7B, 0xEF, 0x7B, 0x75, 0xAD, 0x9A, 0xD6, 0x9A, 0xD6,
    0x9A, 0xD6, 0x9A, 0xD6, 0x9A, 0xD6, 0x9A, 0xD6, 0x9A, 0xD6, 0x9A, 0xD6, 0x75, 0xAD, 0xEF, 0x7B,
    0xEF, 0x7B, 0x75, 0xAD, 0x9A, 0xD6, 0x9A, 0xD6, 0x9A, 0xD6, 0x79, 0xCE, 0x79, 0xCE, 0x9A, 0xD6,
    0x9A, 0xD6, 0x9A, 0xD6, 0x75, 0xAD, 0xEF, 0x7B, 0xEF, 0x7B, 0x75, 0xAD, 0x9A, 0xD6, 0x9A, 0xD6,
    0x96, 0xB5, 0x10, 0x84, 0x10, 0x84, 0x96, 0xB5, 0x9A, 0xD6, 0x9A, 0xD6, 0x75, 0xAD, 0xEF, 0x7B,
    0xEF, 0x7B, 0x75, 0xAD, 0x9A, 0xD6, 0x9A, 0xD6, 0x18, 0xC6, 0x75, 0xAD, 0x75, 0xAD, 0x18, 0xC6,
    0x9A, 0xD6, 0x9A, 0xD6, 0x75, 0xAD, 0xEF, 0x7B, 0xEF, 0x7B, 0x75, 0xAD, 0x9A, 0xD6, 0x9A, 0xD6,
    0x9A, 0xD6, 0x9A, 0xD6, 0x9A, 0xD6, 0x9A, 0xD6, 0x9A, 0xD6, 0x9A, 0xD6, 0x75, 0xAD, 0xEF, 0x7B,
    0xEF, 0x7B, 0x75, 0xAD, 0x9A, 0xD6, 0x9A, 0xD6, 0x9A, 0xD6, 0x9A, 0xD6, 0x9A, 0xD6, 0x9A, 0xD6,
    0x9A, 0xD6, 0x9A, 0xD6, 0x75, 0xAD, 0xEF, 0x7B, 0xEF, 0x7B, 0x75, 0xAD, 0x9A, 0xD6, 0x9A, 0xD6,
    0x18, 0xC6, 0x75, 0xAD, 0x75, 0xAD, 0x18, 0xC6, 0x9A, 0xD6, 0x9A, 0xD6, 0x75, 0xAD, 0xEF, 0x7B,
    0xEF, 0x7B, 0x75, 0xAD, 0x9A, 0xD6, 0x9A, 0xD6, 0x75, 0xAD, 0xEF, 0x7B, 0xEF, 0x7B, 0x75, 0xAD,
    0x9A, 0xD6, 0x9A, 0xD6, 0x75, 0xAD, 0xEF, 0x7B, 0xEF, 0x7B, 0x75, 0xAD, 0x9A, 0xD6, 0x9A, 0xD6,
    0x75, 0xAD, 0xEF, 0x7B, 0xEF, 0x7B, 0x75, 0xAD, 0x9A, 0xD6, 0x9A, 0xD6, 0x75, 0xAD, 0xEF, 0x7B,
    0xEF, 0x7B, 0xD3, 0x9C, 0x75, 0xAD, 0x75, 0xAD, 0xD3, 0x9C, 0xEF, 0x7B, 0xEF, 0x7B, 0xD3, 0x9C,
    0x75, 0xAD, 0x75, 0xAD, 0xD3, 0x9C, 0xEF, 0x7B, 0xEF, 0x7B, 0x10, 0x84, 0x10, 0x84, 0x10, 0x84,
    0x10, 0x84, 0x10, 0x84, 0x10, 0x84, 0x10, 0x84, 0x10, 0x84, 0xEF, 0x7B, 0xEF, 0x7B, 0xEF, 0x7B,
    0xEF, 0x7B, 0x75, 0xAD, 0x79, 0xCE, 0x79, 0xCE, 0x79, 0xCE, 0x79, 0xCE, 0x79, 0xCE, 0x79, 0xCE,
    0x79, 0xCE, 0x10, 0x84, 0xEF, 0x7B, 0xEF, 0x7B, 0xEF, 0x7B, 0x75, 0xAD, 0x9A, 0xD6, 0x9A, 0xD6,
    0x9A, 0xD6, 0x9A, 0xD6, 0x9A, 0xD6, 0x9A, 0xD6, 0x9A, 0xD6, 0x96, 0xB5, 0xD3, 0x9C, 0xEF, 0x7B,
    0xEF, 0x7B, 0x75, 0xAD, 0x9A, 0xD6, 0x9A, 0xD6, 0x9A, 0xD6, 0x79, 0xCE, 0x79, 0xCE, 0x9A, 0xD6,
    0x9A, 0xD6, 0x9A, 0xD6, 0x75, 0xAD, 0xEF, 0x7B, 0xEF, 0x7B, 0x75, 0xAD, 0x9A, 0xD6, 0x9A, 0xD6,
    0x96, 0xB5, 0x10, 0x84, 0x10, 0x84, 0x96, 0xB5, 0x9A, 0xD6, 0x9A, 0xD6, 0x75, 0xAD, 0xEF, 0x7B,
    0xEF, 0x7B, 0x75, 0xAD, 0x9A, 0xD6, 0x9A, 0xD6, 0x75, 0xAD, 0x10, 0x84, 0x75, 0xAD, 0x18, 0xC6,
    0x9A, 0xD6, 0x96, 0xB5, 0xD3, 0x9C, 0xEF, 0x7B, 0xEF, 0x7B, 0x75, 0xAD, 0x9A, 0xD6, 0x9A, 0xD6,
    0x75, 0xAD, 0x10, 0x84, 0x79, 0xCE, 0x9A, 0xD6, 0x79, 0xCE, 0x30, 0x84, 0x10, 0x84, 0xEF, 0x7B,
    0xEF, 0x7B, 0x75, 0xAD, 0x9A, 0xD6, 0x9A, 0xD6, 0x75, 0xAD, 0xEF, 0x7B, 0x10, 0x84, 0x96, 0xB5,
    0x9A, 0xD6, 0x79, 0xCE, 0x75, 0xAD, 0xEF, 0x7B, 0xEF, 0x7B, 0x75, 0xAD, 0x9A, 0xD6, 0x9A, 0xD6,
    0x18, 0xC6, 0x75, 0xAD, 0x75, 0xAD, 0x18, 0xC6, 0x9A, 0xD6, 0x9A, 0xD6, 0x75, 0xAD, 0xEF, 0x7B,
    0xEF, 0x7B, 0x75, 0xAD, 0x9A, 0xD6, 0x9A, 0xD6, 0x9A, 0xD6, 0x9A, 0xD6, 0x9A, 0xD6, 0x9A, 0xD6,
    0x9A, 0xD6, 0x79, 0xCE, 0x75, 0xAD, 0xEF, 0x7B, 0xEF, 0x7B, 0x75, 0xAD, 0x9A, 0xD6, 0x9A, 0xD6,
    0x9A, 0xD6, 0x9A, 0xD6, 0x9A, 0xD6, 0x9A, 0xD6, 0x79, 0xCE, 0x30, 0x84, 0x10, 0x84, 0xEF, 0x7B,
    0xEF, 0x7B, 0xD3, 0x9C, 0x75, 0xAD, 0x75, 0xAD, 0x75, 0xAD, 0x75, 0xAD, 0x75, 0xAD, 0x75, 0xAD,
    0x75, 0xAD, 0x10, 0x84, 0xEF, 0x7B, 0xEF, 0x7B, 0xEF, 0x7B, 0x10, 0x84, 0x10, 0x84, 0x10, 0x84,
    0x10, 0x84, 0x10, 0x84, 0x10, 0x84, 0x10, 0x84, 0x10, 0x84, 0xEF, 0x7B, 0xEF, 0x7B, 0xEF, 0x7B,
    0xEF, 0x7B, 0x75, 0xAD, 0x79, 0xCE, 0x79, 0xCE, 0x79, 0xCE, 0x79, 0xCE, 0x79, 0xCE, 0x79, 0xCE,
    0x79, 0xCE, 0x10, 0x84, 0xEF, 0x7B, 0xEF, 0x7B, 0xEF, 0x7B, 0x75, 0xAD, 0x9A, 0xD6, 0x9A, 0xD6,
    0x9A, 0xD6, 0x9A, 0xD6, 0x9A, 0xD6, 0x9A, 0xD6, 0x79, 0xCE, 0x10, 0x84, 0xEF, 0x7B, 0xEF, 0x7B,
    0xEF, 0x7B, 0x75, 0xAD, 0x9A, 0xD6, 0x9A, 0xD6, 0x9A, 0xD6, 0x79, 0xCE, 0x79, 0xCE, 0x79, 0xCE,
    0x79, 0xCE, 0x10, 0x84, 0xEF, 0x7B, 0xEF, 0x7B, 0xEF, 0x7B, 0x75, 0xAD, 0x9A, 0xD6, 0x9A, 0xD6,
    0x96, 0xB5, 0x10, 0x84, 0x10, 0x84, 0x10, 0x84, 0x10, 0x84, 0xEF, 0x7B, 0xEF, 0x7B, 0xEF, 0x7B,
    0xEF, 0x7B, 0x75, 0xAD, 0x9A, 0xD6, 0x9A, 0xD6, 0x75, 0xAD, 0xEF, 0x7B, 0xEF, 0x7B, 0xEF, 0x7B,
    0xEF, 0x7B, 0xEF, 0x7B, 0xEF, 0x7B, 0xEF, 0x7B, 0xEF, 0x7B, 0x75, 0xAD, 0x9A, 0xD6, 0x9A, 0xD6,
    0x75, 0xAD, 0xEF, 0x7B, 0xEF, 0x7B, 0xEF, 0x7B, 0xEF, 0x7B, 0xEF, 0x7B, 0xEF, 0x7B, 0xEF, 0x7B,
    0xEF, 0x7B, 0x75, 0xAD, 0x9A, 0xD6, 0x9A, 0xD6, 0x75, 0xAD, 0xEF, 0x7B, 0xEF, 0x7B, 0xEF, 0x7B,
    0xEF, 0x7B, 0xEF, 0x7B, 0xEF, 0x7B, 0xEF, 0x7B, 0xEF, 0x7B, 0x75, 0xAD, 0x9A, 0xD6, 0x9A, 0xD6,
    0x18, 0xC6, 0x75, 0xAD, 0x75, 0xAD, 0x75, 0xAD, 0x75, 0xAD, 0x10, 0x84, 0xEF, 0x7B, 0xEF, 0x7B,
    0xEF, 0x7B, 0x75, 0xAD, 0x9A, 0xD6, 0x9A, 0xD6, 0x9A, 0xD6, 0x9A, 0xD6, 0x9A, 0xD6, 0x9A, 0xD6,
    0x79, 0xCE, 0x10, 0x84, 0xEF, 0x7B, 0xEF, 0x7B, 0xEF, 0x7B, 0x75, 0xAD, 0x9A, 0xD6, 0x9A, 0xD6,
    0x9A, 0xD6, 0x9A, 0xD6, 0x9A, 0xD6, 0x9A, 0xD6, 0x79, 0xCE, 0x10, 0x84, 0xEF, 0x7B, 0xEF, 0x7B,
    0xEF, 0x7B, 0xD3, 0x9C, 0x75, 0xAD, 0x75, 0xAD, 0x75, 0xAD, 0x75, 0xAD, 0x75, 0xAD, 0x75, 0xAD,
    0x75, 0xAD, 0x10, 0x84, 0xEF, 0x7B, 0xEF, 0x7B, 0xEF, 0x7B, 0x10, 0x84, 0x10, 0x84, 0x10, 0x84,
    0x10, 0x84, 0x10, 0x84, 0x10, 0x84, 0x10, 0x84, 0xEF, 0x7B, 0xEF, 0x7B, 0xEF, 0x7B, 0xEF, 0x7B,
    0xEF, 0x7B, 0x75, 0xAD, 0x79, 0xCE, 0x79, 0xCE, 0x79, 0xCE, 0x79, 0xCE, 0x79, 0xCE, 0x75, 0xAD,
    0xEF, 0x7B, 0xEF, 0x7B, 0xEF, 0x7B, 0xEF, 0x7B, 0xEF, 0x7B, 0x75, 0xAD, 0x9A, 0xD6, 0x9A, 0xD6,
    0x9A, 0xD6, 0x9A, 0xD6, 0x9A, 0xD6, 0x18, 0xC6, 0x75, 0xAD, 0x10, 0x84, 0xEF, 0x7B, 0xEF, 0x7B,
    0xEF, 0x7B, 0x75, 0xAD, 0x9A, 0xD6, 0x9A, 0xD6, 0x9A, 0xD6, 0x79, 0xCE, 0x79, 0xCE, 0x9A, 0xD6,
    0x79, 0xCE, 0x30, 0x84, 0x10, 0x84, 0xEF, 0x7B, 0xEF, 0x7B, 0x75, 0xAD, 0x9A, 0xD6, 0x9A, 0xD6,
    0x96, 0xB5, 0x10, 0x84, 0x10, 0x84, 0x96, 0xB5, 0x9A, 0xD6, 0x79, 0xCE, 0x75, 0xAD, 0xEF, 0x7B,
    0xEF, 0x7B, 0x75, 0xAD, 0x9A, 0xD6, 0x9A, 0xD6, 0x75, 0xAD, 0xEF, 0x7B, 0xEF, 0x7B, 0x75, 0xAD,
    0x9A, 0xD6, 0x9A, 0xD6, 0x75, 0xAD, 0xEF, 0x7B, 0xEF, 0x7B, 0x75, 0xAD, 0x9A, 0xD6, 0x9A, 0xD6,
    0x75, 0xAD, 0xEF, 0x7B, 0xEF, 0x7B, 0x75, 0xAD, 0x9A, 0xD6, 0x9A, 0xD6, 0x75, 0xAD, 0xEF, 0x7B,
    0xEF, 0x7B, 0x75, 0xAD, 0x9A, 0xD6, 0x9A, 0xD6, 0x75, 0xAD, 0xEF, 0x7B, 0xEF, 0x7B, 0x75, 0xAD,
    0x9A, 0xD6, 0x9A, 0xD6, 0x75, 0xAD, 0xEF, 0x7B, 0xEF, 0x7B, 0x75, 0xAD, 0x9A, 0xD6, 0x9A, 0xD6,
    0x18, 0xC6, 0x75, 0xAD, 0x75, 0xAD, 0x18, 0xC6, 0x9A, 0xD6, 0x96, 0xB5, 0xD3, 0x9C, 0xEF, 0x7B,
    0xEF, 0x7B, 0x75, 0xAD, 0x9A, 0xD6, 0x9A, 0xD6, 0x9A, 0xD6, 0x9A, 0xD6, 0x9A, 0xD6, 0x9A, 0xD6,
    0x79, 0xCE, 0x10, 0x84, 0xEF, 0x7B, 0xEF, 0x7B, 0xEF, 0x7B, 0x75, 0xAD, 0x9A, 0xD6, 0x9A, 0xD6,
    0x9A, 0xD6, 0x9A, 0xD6, 0x9A, 0xD6, 0x96, 0xB5, 0x10, 0x84, 0xEF, 0x7B, 0xEF, 0x7B, 0xEF, 0x7B,
    0xEF, 0x7B, 0xD3, 0x9C, 0x75, 0xAD, 0x75, 0xAD, 0x75, 0xAD, 0x75, 0xAD, 0x75, 0xAD, 0xD3, 0x9C,
    0xEF, 0x7B, 0xEF, 0x7B, 0xEF, 0x7B, 0xEF, 0x7B, 0xEF, 0x7B, 0x10, 0x84, 0x10, 0x84, 0x10, 0x84,
    0x10, 0x84, 0x10, 0x84, 0x10, 0x84, 0x10, 0x84, 0x10, 0x84, 0xEF, 0x7B, 0xEF, 0x7B, 0xEF, 0x7B,
    0xEF, 0x7B, 0x75, 0xAD, 0x79, 0xCE, 0x79, 0xCE, 0x79, 0xCE, 0x79, 0xCE, 0x79, 0xCE, 0x79, 0xCE,
    0x79, 0xCE, 0x10, 0x84, 0xEF, 0x7B, 0xEF, 0x7B, 0xEF, 0x7B, 0x75, 0xAD, 0x9A, 0xD6, 0x9A, 0xD6,
    0x9A, 0xD6, 0x9A, 0xD6, 0x9A, 0xD6, 0x9A, 0xD6, 0x79, 0xCE, 0x10, 0x84, 0xEF, 0x7B, 0xEF, 0x7B,
    0xEF, 0x7B, 0x75, 0xAD, 0x9A, 0xD6, 0x9A, 0xD6, 0x9A, 0xD6, 0x79, 0xCE, 0x79, 0xCE, 0x79, 0xCE,
    0x79, 0xCE, 0x10, 0x84, 0xEF, 0x7B, 0xEF, 0x7B, 0xEF, 0x7B, 0x75, 0xAD, 0x9A, 0xD6, 0x9A, 0xD6,
    0x96, 0xB5, 0x10, 0x84, 0x10, 0x84, 0x10, 0x84, 0x10, 0x84, 0xEF, 0x7B, 0xEF, 0x7B, 0xEF, 0x7B,
    0xEF, 0x7B, 0x75, 0xAD, 0x9A, 0xD6, 0x9A, 0xD6, 0x18, 0xC6, 0x75, 0xAD, 0x75, 0xAD, 0x75, 0xAD,
    0x75, 0xAD, 0x10, 0x84, 0xEF, 0x7B, 0xEF, 0x7B, 0xEF, 0x7B, 0x75, 0xAD, 0x9A, 0xD6, 0x9A, 0xD6,
    0x9A, 0xD6, 0x79, 0xCE, 0x79, 0xCE, 0x79, 0xCE, 0x79, 0xCE, 0x10, 0x84, 0xEF, 0x7B, 0xEF, 0x7B,
    0xEF, 0x7B, 0x75, 0xAD, 0x9A, 0xD6, 0x9A, 0xD6, 0x96, 0xB5, 0x10, 0x84, 0x10, 0x84, 0x10, 0x84,
    0x10, 0x84, 0xEF, 0x7B, 0xEF, 0x7B, 0xEF, 0x7B, 0xEF, 0x7B, 0x75, 0xAD, 0x9A, 0xD6, 0x9A, 0xD6,
    0x18, 0xC6, 0x75, 0xAD, 0x75, 0xAD, 0x75, 0xAD, 0x75, 0xAD, 0x10, 0x84, 0xEF, 0x7B, 0xEF, 0x7B,
    0xEF, 0x7B, 0x75, 0xAD, 0x9A, 0xD6, 0x9A, 0xD6, 0x9A, 0xD6, 0x9A, 0xD6, 0x9A, 0xD6, 0x9A, 0xD6,
    0x79, 0xCE, 0x10, 0x84, 0xEF, 0x7B, 0xEF, 0x7B, 0xEF, 0x7B, 0x75, 0xAD, 0x9A, 0xD6, 0x9A, 0xD6,
    0x9A, 0xD6, 0x9A, 0xD6, 0x9A, 0xD6, 0x9A, 0xD6, 0x79, 0xCE, 0x10, 0x84, 0xEF, 0x7B, 0xEF, 0x7B,
    0xEF, 0x7B, 0xD3, 0x9C, 0x75, 0xAD, 0x75, 0xAD, 0x75, 0xAD, 0x75, 0xAD, 0x75, 0xAD, 0x75, 0xAD,
    0x75, 0xAD, 0x10, 0x84, 0xEF, 0x7B, 0xEF, 0x7B, 0xEF, 0x7B, 0x10, 0x84, 0x10, 0x84, 0x10, 0x84,
    0x10, 0x84, 0x10, 0x84, 0x10, 0x84, 0x10, 0x84, 0x10, 0x84, 0xEF, 0x7B, 0xEF, 0x7B, 0xEF, 0x7B,
    0xEF, 0x7B, 0x75, 0xAD, 0x79, 0xCE, 0x79, 0xCE, 0x79, 0xCE, 0x79, 0xCE, 0x79, 0xCE, 0x79, 0xCE,
    0x79, 0xCE, 0x10, 0x84, 0xEF, 0x7B, 0xEF, 0x7B, 0xEF, 0x7B, 0x75, 0xAD, 0x9A, 0xD6, 0x9A, 0xD6,
    0x9A, 0xD6, 0x9A, 0xD6, 0x9A, 0xD6, 0x9A, 0xD6, 0x79, 0xCE, 0x10, 0x84, 0xEF, 0x7B, 0xEF, 0x7B,
    0xEF, 0x7B, 0x75, 0xAD, 0x9A, 0xD6, 0x9A, 0xD6, 0x9A, 0xD6, 0x79, 0xCE, 0x79, 0xCE, 0x79, 0xCE,
    0x79, 0xCE, 0x10, 0x84, 0xEF, 0x7B, 0xEF, 0x7B, 0xEF, 0x7B, 0x75, 0xAD, 0x9A, 0xD6, 0x9A, 0xD6,
    0x96, 0xB5, 0x10, 0x84, 0x10, 0x84, 0x10, 0x84, 0x10, 0x84, 0xEF, 0x7B, 0xEF, 0x7B, 0xEF, 0x7B,
    0xEF, 0x7B, 0x75, 0xAD, 0x9A, 0xD6, 0x9A, 0xD6, 0x18, 0xC6, 0x75, 0xAD, 0x75, 0xAD, 0xD3, 0x9C,
    0xEF, 0x7B, 0xEF, 0x7B, 0xEF, 0x7B, 0xEF, 0x7B, 0xEF, 0x7B, 0x75, 0xAD, 0x9A, 0xD6, 0x9A, 0xD6,
    0x9A, 0xD6, 0x9A, 0xD6, 0x9A, 0xD6, 0x75, 0xAD, 0xEF, 0x7B, 0xEF, 0x7B, 0xEF, 0x7B, 0xEF, 0x7B,
    0xEF, 0x7B, 0x75, 0xAD, 0x9A, 0xD6, 0x9A, 0xD6, 0x9A, 0xD6, 0x9A, 0xD6, 0x9A, 0xD6, 0x75, 0xAD,
    0xEF, 0x7B, 0xEF, 0x7B, 0xEF, 0x7B, 0xEF, 0x7B, 0xEF, 0x7B, 0x75, 0xAD, 0x9A, 0xD6, 0x9A, 0xD6,
    0x18, 0xC6, 0x75, 0xAD, 0x75, 0xAD, 0xD3, 0x9C, 0xEF, 0x7B, 0xEF, 0x7B, 0xEF, 0x7B, 0xEF, 0x7B,
    0xEF, 0x7B, 0x75, 0xAD, 0x9A, 0xD6, 0x9A, 0xD6, 0x75, 0xAD, 0xEF, 0x7B, 0xEF, 0x7B, 0xEF, 0x7B,
    0xEF, 0x7B, 0xEF, 0x7B, 0xEF, 0x7B, 0xEF, 0x7B, 0xEF, 0x7B, 0x75, 0xAD, 0x9A, 0xD6, 0x9A, 0xD6,
    0x75, 0xAD, 0xEF, 0x7B, 0xEF, 0x7B, 0xEF, 0x7B, 0xEF, 0x7B, 0xEF, 0x7B, 0xEF, 0x7B, 0xEF, 0x7B,
    0xEF, 0x7B, 0xD3, 0x9C, 0x75, 0xAD, 0x75, 0xAD, 0xD3, 0x9C, 0xEF, 0x7B, 0xEF, 0x7B, 0xEF, 0x7B,
    0xEF, 0x7B, 0xEF, 0x7B, 0xEF, 0x7B, 0xEF, 0x7B, 0xEF, 0x7B, 0xEF, 0x7B, 0xEF, 0x7B, 0x10, 0x84,
    0x10, 0x84, 0x10, 0x84, 0x10, 0x84, 0x10, 0x84, 0x10, 0x84, 0x10, 0x84, 0x10, 0x84, 0xEF, 0x7B,
    0xEF, 0x7B, 0xEF, 0x7B, 0x10, 0x84, 0x79, 0xCE, 0x79, 0xCE, 0x79, 0xCE, 0x79, 0xCE, 0x79, 0xCE,
    0x79, 0xCE, 0x79, 0xCE, 0x75, 0xAD, 0xEF, 0x7B, 0xEF, 0x7B, 0xD3, 0x9C, 0x96, 0xB5, 0x9A, 0xD6,
    0x9A, 0xD6, 0x9A, 0xD6, 0x9A, 0xD6, 0x9A, 0xD6, 0x9A, 0xD6, 0x9A, 0xD6, 0x75, 0xAD, 0xEF, 0x7B,
    0xEF, 0x7B, 0x75, 0xAD, 0x9A, 0xD6, 0x9A, 0xD6, 0x9A, 0xD6, 0x79, 0xCE, 0x79, 0xCE, 0x79, 0xCE,
    0x79, 0xCE, 0x79, 0xCE, 0x75, 0xAD, 0xEF, 0x7B, 0xEF, 0x7B, 0x75, 0xAD, 0x9A, 0xD6, 0x9A, 0xD6,
    0x96, 0xB5, 0x10, 0x84, 0x10, 0x84, 0x10, 0x84, 0x10, 0x84, 0x10, 0x84, 0x10, 0x84, 0xEF, 0x7B,
    0xEF, 0x7B, 0x75, 0xAD, 0x9A, 0xD6, 0x9A, 0xD6, 0x75, 0xAD, 0x10, 0x84, 0x75, 0xAD, 0x75, 0xAD,
    0x75, 0xAD, 0x75, 0xAD, 0xD3, 0x9C, 0xEF, 0x7B, 0xEF, 0x7B, 0x75, 0xAD, 0x9A, 0xD6, 0x9A, 0xD6,
    0x75, 0xAD, 0x10, 0x84, 0x79, 0xCE, 0x9A, 0xD6, 0x9A, 0xD6, 0x9A, 0xD6, 0x75, 0xAD, 0xEF, 0x7B,
    0xEF, 0x7B, 0x75, 0xAD, 0x9A, 0xD6, 0x9A, 0xD6, 0x75, 0xAD, 0xEF, 0x7B, 0x10, 0x84, 0x96, 0xB5,
    0x9A, 0xD6, 0x9A, 0xD6, 0x75, 0xAD, 0xEF, 0x7B, 0xEF, 0x7B, 0x75, 0xAD, 0x9A, 0xD6, 0x9A, 0xD6,
    0x18, 0xC6, 0x75, 0xAD, 0x75, 0xAD, 0x18, 0xC6, 0x9A, 0xD6, 0x9A, 0xD6, 0x75, 0xAD, 0xEF, 0x7B,
    0xEF, 0x7B, 0x75, 0xAD, 0x79, 0xCE, 0x9A, 0xD6, 0x9A, 0xD6, 0x9A, 0xD6, 0x9A, 0xD6, 0x9A, 0xD6,
    0x9A, 0xD6, 0x79, 0xCE, 0x75, 0xAD, 0xEF, 0x7B, 0xEF, 0x7B, 0x10, 0x84, 0x30, 0x84, 0x79, 0xCE,
    0x9A, 0xD6, 0x9A, 0xD6, 0x9A, 0xD6, 0x9A, 0xD6, 0x79, 0xCE, 0x30, 0x84, 0x10, 0x84, 0xEF, 0x7B,
    0xEF, 0x7B, 0xEF, 0x7B, 0x10, 0x84, 0x75, 0xAD, 0x75, 0xAD, 0x75, 0xAD, 0x75, 0xAD, 0x75, 0xAD,
    0x75, 0xAD, 0x10, 0x84, 0xEF, 0x7B, 0xEF, 0x7B, 0xEF, 0x7B, 0x10, 0x84, 0x10, 0x84, 0x10, 0x84,
    0x10, 0x84, 0xEF, 0x7B, 0x10, 0x84, 0x10, 0x84, 0x10, 0x84, 0xEF, 0x7B, 0xEF, 0x7B, 0xEF, 0x7B,
    0xEF, 0x7B, 0x75, 0xAD, 0x79, 0xCE, 0x79, 0xCE, 0x75, 0xAD, 0x10, 0x84, 0x79, 0xCE, 0x79, 0xCE,
    0x79, 0xCE, 0x10, 0x84, 0xEF, 0x7B, 0xEF, 0x7B, 0xEF, 0x7B, 0x75, 0xAD, 0x9A, 0xD6, 0x9A, 0xD6,
    0x75, 0xAD, 0x10, 0x84, 0x79, 0xCE, 0x9A, 0xD6, 0x79, 0xCE, 0x10, 0x84, 0xEF, 0x7B, 0xEF, 0x7B,
    0xEF, 0x7B, 0x75, 0xAD, 0x9A, 0xD6, 0x9A, 0xD6, 0x96, 0xB5, 0x30, 0x84, 0x79, 0xCE, 0x9A, 0xD6,
    0x79, 0xCE, 0x10, 0x84, 0xEF, 0x7B, 0xEF, 0x7B, 0xEF, 0x7B, 0x75, 0xAD, 0x9A, 0xD6, 0x9A, 0xD6,
    0x9A, 0xD6, 0x79, 0xCE, 0x9A, 0xD6, 0x9A, 0xD6, 0x79, 0xCE, 0x10, 0x84, 0xEF, 0x7B, 0xEF, 0x7B,
    0xEF, 0x7B, 0x75, 0xAD, 0x9A, 0xD6, 0x9A, 0xD6, 0x9A, 0xD6, 0x9A, 0xD6, 0x9A, 0xD6, 0x9A, 0xD6,
    0x79, 0xCE, 0x10, 0x84, 0xEF, 0x7B, 0xEF, 0x7B, 0xEF, 0x7B, 0x75, 0xAD, 0x9A, 0xD6, 0x9A, 0xD6,
    0x9A, 0xD6, 0x79, 0xCE, 0x9A, 0xD6, 0x9A, 0xD6, 0x79, 0xCE, 0x10, 0x84, 0xEF, 0x7B, 0xEF, 0x7B,
    0xEF, 0x7B, 0x75, 0xAD, 0x9A, 0xD6, 0x9A, 0xD6, 0x96, 0xB5, 0x30, 0x84, 0x79, 0xCE, 0x9A, 0xD6,
    0x79, 0xCE, 0x10, 0x84, 0xEF, 0x7B, 0xEF, 0x7B, 0xEF, 0x7B, 0x75, 0xAD, 0x9A, 0xD6, 0x9A, 0xD6,
    0x75, 0xAD, 0x10, 0x84, 0x79, 0xCE, 0x9A, 0xD6, 0x79, 0xCE, 0x10, 0x84, 0xEF, 0x7B, 0xEF, 0x7B,
    0xEF, 0x7B, 0x75, 0xAD, 0x9A, 0xD6, 0x9A, 0xD6, 0x75, 0xAD, 0x10, 0x84, 0x79, 0xCE, 0x9A, 0xD6,
    0x79, 0xCE, 0x10, 0x84, 0xEF, 0x7B, 0xEF, 0x7B, 0xEF, 0x7B, 0x75, 0xAD, 0x9A, 0xD6, 0x9A, 0xD6,
    0x75, 0xAD, 0x10, 0x84, 0x79, 0xCE, 0x9A, 0xD6, 0x79, 0xCE, 0x10, 0x84, 0xEF, 0x7B, 0xEF, 0x7B,
    0xEF, 0x7B, 0xD3, 0x9C, 0x75, 0xAD, 0x75, 0xAD, 0xD3, 0x9C, 0x10, 0x84, 0x75, 0xAD, 0x75, 0xAD,
    0x75, 0xAD, 0x10, 0x84, 0xEF, 0x7B, 0xEF, 0x7B, 0xEF, 0x7B, 0xEF, 0x7B, 0xEF, 0x7B, 0xEF, 0x7B,
    0x10, 0x84, 0x10, 0x84, 0x10, 0x84, 0x10, 0x84, 0xEF, 0x7B, 0xEF, 0x7B, 0xEF, 0x7B, 0xEF, 0x7B,
    0xEF, 0x7B, 0xEF, 0x7B, 0xEF, 0x7B, 0xEF, 0x7B, 0x75, 0xAD, 0x79, 0xCE, 0x79, 0xCE, 0x75, 0xAD,
    0xEF, 0x7B, 0xEF, 0x7B, 0xEF, 0x7B, 0xEF, 0x7B, 0xEF, 0x7B, 0xEF, 0x7B, 0xEF, 0x7B, 0xEF, 0x7B,
    0x75, 0xAD, 0x9A, 0xD6, 0x9A, 0xD6, 0x75, 0xAD, 0xEF, 0x7B, 0xEF, 0x7B, 0xEF, 0x7B, 0xEF, 0x7B,
    0xEF, 0x7B, 0xEF, 0x7B, 0xEF, 0x7B, 0xEF, 0x7B, 0x75, 0xAD, 0x9A, 0xD6, 0x9A, 0xD6, 0x75, 0xAD,
    0xEF, 0x7B, 0xEF, 0x7B, 0xEF, 0x7B, 0xEF, 0x7B, 0xEF, 0x7B, 0xEF, 0x7B, 0xEF, 0x7B, 0xEF, 0x7B,
    0x75, 0xAD, 0x9A, 0xD6, 0x9A, 0xD6, 0x75, 0xAD, 0xEF, 0x7B, 0xEF, 0x7B, 0xEF, 0x7B, 0xEF, 0x7B,
    0xEF, 0x7B, 0xEF, 0x7B, 0xEF, 0x7B, 0xEF, 0x7B, 0x75, 0xAD, 0x9A, 0xD6, 0x9A, 0xD6, 0x75, 0xAD,
    0xEF, 0x7B, 0xEF, 0x7B, 0xEF, 0x7B, 0xEF, 0x7B, 0xEF, 0x7B, 0xEF, 0x7B, 0xEF, 0x7B, 0xEF, 0x7B,
    0x75, 0xAD, 0x9A, 0xD6, 0x9A, 0xD6, 0x75, 0xAD, 0xEF, 0x7B, 0xEF, 0x7B, 0xEF, 0x7B, 0xEF, 0x7B,
    0xEF, 0x7B, 0xEF, 0x7B, 0xEF, 0x7B, 0xEF, 0x7B, 0x75, 0xAD, 0x9A, 0xD6, 0x9A, 0xD6, 0x75, 0xAD,
    0xEF, 0x7B, 0xEF, 0x7B, 0xEF, 0x7B, 0xEF, 0x7B, 0xEF, 0x7B, 0xEF, 0x7B, 0xEF, 0x7B, 0xEF, 0x7B,
    0x75, 0xAD, 0x9A, 0xD6, 0x9A, 0xD6, 0x75, 0xAD, 0xEF, 0x7B, 0xEF, 0x7B, 0xEF, 0x7B, 0xEF, 0x7B,
    0xEF, 0x7B, 0xEF, 0x7B, 0xEF, 0x7B, 0xEF, 0x7B, 0x75, 0xAD, 0x9A, 0xD6, 0x9A, 0xD6, 0x75, 0xAD,
    0xEF, 0x7B, 0xEF, 0x7B, 0xEF, 0x7B, 0xEF, 0x7B, 0xEF, 0x7B, 0xEF, 0x7B, 0xEF, 0x7B, 0xEF, 0x7B,
    0x75, 0xAD, 0x9A, 0xD6, 0x9A, 0xD6, 0x75, 0xAD, 0xEF, 0x7B, 0xEF, 0x7B, 0xEF, 0x7B, 0xEF, 0x7B,
    0xEF, 0x7B, 0xEF, 0x7B, 0xEF, 0x7B, 0xEF, 0x7B, 0xD3, 0x9C, 0x75, 0xAD, 0x75, 0xAD, 0xD3, 0x9C,
    0xEF, 0x7B, 0xEF, 0x7B, 0xEF, 0x7B, 0xEF, 0x7B, 0xEF, 0x7B, 0xEF, 0x7B, 0xEF, 0x7B, 0x10, 0x84,
    0x10, 0x84, 0x10, 0x84, 0x10, 0x84, 0x10, 0x84, 0x10, 0x84, 0x10, 0x84, 0x10, 0x84, 0xEF, 0x7B,
    0xEF, 0x7B, 0xEF, 0x7B, 0x10, 0x84, 0x79, 0xCE, 0x79, 0xCE, 0x79, 0xCE, 0x79, 0xCE, 0x79, 0xCE,
    0x79, 0xCE, 0x79, 0xCE, 0x75, 0xAD, 0xEF, 0x7B, 0xEF, 0x7B, 0xEF, 0x7B, 0x10, 0x84, 0x79, 0xCE,
    0x9A, 0xD6, 0x9A, 0xD6, 0x9A, 0xD6, 0x9A, 0xD6, 0x9A, 0xD6, 0x9A, 0xD6, 0x75, 0xAD, 0xEF, 0x7B,
    0xEF, 0x7B, 0xEF, 0x7B, 0x10, 0x84, 0x79, 0xCE, 0x79, 0xCE, 0x79, 0xCE, 0x9A, 0xD6, 0x9A, 0xD6,
    0x9A, 0xD6, 0x79, 0xCE, 0x75, 0xAD, 0xEF, 0x7B, 0xEF, 0x7B, 0xEF, 0x7B, 0xEF, 0x7B, 0x10, 0x84,
    0x10, 0x84, 0x30, 0x84, 0x79, 0xCE, 0x9A, 0xD6, 0x79, 0xCE, 0x30, 0x84, 0x10, 0x84, 0xEF, 0x7B,
    0xEF, 0x7B, 0xEF, 0x7B, 0xEF, 0x7B, 0xEF, 0x7B, 0xEF, 0x7B, 0x10, 0x84, 0x79, 0xCE, 0x9A, 0xD6,
    0x79, 0xCE, 0x10, 0x84, 0xEF, 0x7B, 0xEF, 0x7B, 0xEF, 0x7B, 0x10, 0x84, 0x10, 0x84, 0x10, 0x84,
    0x10, 0x84, 0x10, 0x84, 0x79, 0xCE, 0x9A, 0xD6, 0x79, 0xCE, 0x10, 0x84, 0xEF, 0x7B, 0xEF, 0x7B,
    0xEF, 0x7B, 0x75, 0xAD, 0x79, 0xCE, 0x79, 0xCE, 0x75, 0xAD, 0x10, 0x84, 0x79, 0xCE, 0x9A, 0xD6,
    0x79, 0xCE, 0x10, 0x84, 0xEF, 0x7B, 0xEF, 0x7B, 0xEF, 0x7B, 0x75, 0xAD, 0x9A, 0xD6, 0x9A, 0xD6,
    0x18, 0xC6, 0x96, 0xB5, 0x9A, 0xD6, 0x9A, 0xD6, 0x79, 0xCE, 0x10, 0x84, 0xEF, 0x7B, 0xEF, 0x7B,
    0xEF, 0x7B, 0x75, 0xAD, 0x79, 0xCE, 0x9A, 0xD6, 0x9A, 0xD6, 0x9A, 0xD6, 0x9A, 0xD6, 0x9A, 0xD6,
    0x79, 0xCE, 0x10, 0x84, 0xEF, 0x7B, 0xEF, 0x7B, 0xEF, 0x7B, 0x10, 0x84, 0x30, 0x84, 0x79, 0xCE,
    0x9A, 0xD6, 0x9A, 0xD6, 0x9A, 0xD6, 0x96, 0xB5, 0x10, 0x84, 0xEF, 0x7B, 0xEF, 0x7B, 0xEF, 0x7B,
    0xEF, 0x7B, 0xEF, 0x7B, 0x10, 0x84, 0x75, 0xAD, 0x75, 0xAD, 0x75, 0xAD, 0x75, 0xAD, 0xD3, 0x9C,
    0xEF, 0x7B, 0xEF, 0x7B, 0xEF, 0x7B, 0xEF, 0x7B, 0xEF, 0x7B, 0x10, 0x84, 0x10, 0x84, 0x10, 0x84,
    0x10, 0x84, 0xEF, 0x7B, 0x10, 0x84, 0x10, 0x84, 0x10, 0x84, 0x10, 0x84, 0x10, 0x84, 0xEF, 0x7B,
    0xEF, 0x7B, 0x75, 0xAD, 0x79, 0xCE, 0x79, 0xCE, 0x75, 0xAD, 0x10, 0x84, 0x79, 0xCE, 0x79, 0xCE,
    0x79, 0xCE, 0x79, 0xCE, 0x75, 0xAD, 0xEF, 0x7B, 0xEF, 0x7B, 0x75, 0xAD, 0x9A, 0xD6, 0x9A, 0xD6,
    0x75, 0xAD, 0x10, 0x84, 0x79, 0xCE, 0x9A, 0xD6, 0x9A, 0xD6, 0x9A, 0xD6, 0x75, 0xAD, 0xEF, 0x7B,
    0xEF, 0x7B, 0x75, 0xAD, 0x9A, 0xD6, 0x9A, 0xD6, 0x96, 0xB5, 0x30, 0x84, 0x79, 0xCE, 0x9A, 0xD6,
    0x9A, 0xD6, 0x79, 0xCE, 0x75, 0xAD, 0xEF, 0x7B, 0xEF, 0x7B, 0x75, 0xAD, 0x9A, 0xD6, 0x9A, 0xD6,
    0x9A, 0xD6, 0x79, 0xCE, 0x9A, 0xD6, 0x9A, 0xD6, 0x79, 0xCE, 0x30, 0x84, 0x10, 0x84, 0xEF, 0x7B,
    0xEF, 0x7B, 0x75, 0xAD, 0x9A, 0xD6, 0x9A, 0xD6, 0x9A, 0xD6, 0x9A, 0xD6, 0x9A, 0xD6, 0x9A, 0xD6,
    0x79, 0xCE, 0x10, 0x84, 0xEF, 0x7B, 0xEF, 0x7B, 0xEF, 0x7B, 0x75, 0xAD, 0x9A, 0xD6, 0x9A, 0xD6,
    0x9A, 0xD6, 0x9A, 0xD6, 0x9A, 0xD6, 0x9A, 0xD6, 0x79, 0xCE, 0x10, 0x84, 0xEF, 0x7B, 0xEF, 0x7B,
    0xEF, 0x7B, 0x75, 0xAD, 0x9A, 0xD6, 0x9A, 0xD6, 0x9A, 0xD6, 0x9A, 0xD6, 0x9A, 0xD6, 0x9A, 0xD6,
    0x79, 0xCE, 0x10, 0x84, 0xEF, 0x7B, 0xEF, 0x7B, 0xEF, 0x7B, 0x75, 0xAD, 0x9A, 0xD6, 0x9A, 0xD6,
    0x18, 0xC6, 0x96, 0xB5, 0x9A, 0xD6, 0x9A, 0xD6, 0x9A, 0xD6, 0x96, 0xB5, 0xD3, 0x9C, 0xEF, 0x7B,
    0xEF, 0x7B, 0x75, 0xAD, 0x9A, 0xD6, 0x9A, 0xD6, 0x75, 0xAD, 0x10, 0x84, 0x79, 0xCE, 0x9A, 0xD6,
    0x9A, 0xD6, 0x9A, 0xD6, 0x75, 0xAD, 0xEF, 0x7B, 0xEF, 0x7B, 0x75, 0xAD, 0x9A, 0xD6, 0x9A, 0xD6,
    0x75, 0xAD, 0x10, 0x84, 0x79, 0xCE, 0x9A, 0xD6, 0x9A, 0xD6, 0x9A, 0xD6, 0x75, 0xAD, 0xEF, 0x7B,
    0xEF, 0x7B, 0xD3, 0x9C, 0x75, 0xAD, 0x75, 0xAD, 0xD3, 0x9C, 0x10, 0x84, 0x75, 0xAD, 0x75, 0xAD,
    0x75, 0xAD, 0x75, 0xAD, 0xD3, 0x9C, 0xEF, 0x7B, 0xEF, 0x7B, 0x10, 0x84, 0x10, 0x84, 0x10, 0x84,
    0x10, 0x84, 0xEF, 0x7B, 0xEF, 0x7B, 0xEF, 0x7B, 0xEF, 0x7B, 0xEF, 0x7B, 0xEF, 0x7B, 0xEF, 0x7B,
    0xEF, 0x7B, 0x75, 0xAD, 0x79, 0xCE, 0x79, 0xCE, 0x75, 0xAD, 0xEF, 0x7B, 0xEF, 0x7B, 0xEF, 0x7B,
    0xEF, 0x7B, 0xEF, 0x7B, 0xEF, 0x7B, 0xEF, 0x7B, 0xEF, 0x7B, 0x75, 0xAD, 0x9A, 0xD6, 0x9A, 0xD6,
    0x75, 0xAD, 0xEF, 0x7B, 0xEF, 0x7B, 0xEF, 0x7B, 0xEF, 0x7B, 0xEF, 0x7B, 0xEF, 0x7B, 0xEF, 0x7B,
    0xEF, 0x7B, 0x75, 0xAD, 0x9A, 0xD6, 0x9A, 0xD6, 0x75, 0xAD, 0xEF, 0x7B, 0xEF, 0x7B, 0xEF, 0x7B,
    0xEF, 0x7B, 0xEF, 0x7B, 0xEF, 0x7B, 0xEF, 0x7B, 0xEF, 0x7B, 0x75, 0xAD, 0x9A, 0xD6, 0x9A, 0xD6,
    0x75, 0xAD, 0xEF, 0x7B, 0xEF, 0x7B, 0xEF, 0x7B, 0xEF, 0x7B, 0xEF, 0x7B, 0xEF, 0x7B, 0xEF, 0x7B,
    0xEF, 0x7B, 0x75, 0xAD, 0x9A, 0xD6, 0x9A, 0xD6, 0x75, 0xAD, 0xEF, 0x7B, 0xEF, 0x7B, 0xEF, 0x7B,
    0xEF, 0x7B, 0xEF, 0x7B, 0xEF, 0x7B, 0xEF, 0x7B, 0xEF, 0x7B, 0x75, 0xAD, 0x9A, 0xD6, 0x9A, 0xD6,
    0x75, 0xAD, 0xEF, 0x7B, 0xEF, 0x7B, 0xEF, 0x7B, 0xEF, 0x7B, 0xEF, 0x7B, 0xEF, 0x7B, 0xEF, 0x7B,
    0xEF, 0x7B, 0x75, 0xAD, 0x9A, 0xD6, 0x9A, 0xD6, 0x75, 0xAD, 0xEF, 0x7B, 0xEF, 0x7B, 0xEF, 0x7B,
    0xEF, 0x7B, 0xEF, 0x7B, 0xEF, 0x7B, 0xEF, 0x7B, 0xEF, 0x7B, 0x75, 0xAD, 0x9A, 0xD6, 0x9A, 0xD6,
    0x18, 0xC6, 0x75, 0xAD, 0x75, 0xAD, 0x75, 0xAD, 0x75, 0xAD, 0x10, 0x84, 0xEF, 0x7B, 0xEF, 0x7B,
    0xEF, 0x7B, 0x75, 0xAD, 0x9A, 0xD6, 0x9A, 0xD6, 0x9A, 0xD6, 0x9A, 0xD6, 0x9A, 0xD6, 0x9A, 0xD6,
    0x79, 0xCE, 0x10, 0x84, 0xEF, 0x7B, 0xEF, 0x7B, 0xEF, 0x7B, 0x75, 0xAD, 0x9A, 0xD6, 0x9A, 0xD6,
    0x9A, 0xD6, 0x9A, 0xD6, 0x9A, 0xD6, 0x9A, 0xD6, 0x79, 0xCE, 0x10, 0x84, 0xEF, 0x7B, 0xEF, 0x7B,
    0xEF, 0x7B, 0xD3, 0x9C, 0x75, 0xAD, 0x75, 0xAD, 0x75, 0xAD, 0x75, 0xAD, 0x75, 0xAD, 0x75, 0xAD,
    0x75, 0xAD, 0x10, 0x84, 0xEF, 0x7B, 0xEF, 0x7B, 0xEF, 0x7B, 0x10, 0x84, 0x10, 0x84, 0xEF, 0x7B,
    0xEF, 0x7B, 0xEF, 0x7B, 0xEF, 0x7B, 0xEF, 0x7B, 0xEF, 0x7B, 0xEF, 0x7B, 0x10, 0x84, 0x10, 0x84,
    0xEF, 0x7B, 0x75, 0xAD, 0x79, 0xCE, 0x10, 0x84, 0xEF, 0x7B, 0xEF, 0x7B, 0xEF, 0x7B, 0xEF, 0x7B,
    0xEF, 0x7B, 0xEF, 0x7B, 0x75, 0xAD, 0x79, 0xCE, 0xEF, 0x7B, 0x75, 0xAD, 0x9A, 0xD6, 0x96, 0xB5,
    0xD3, 0x9C, 0xEF, 0x7B, 0xEF, 0x7B, 0xEF, 0x7B, 0x10, 0x84, 0x75, 0xAD, 0x18, 0xC6, 0x9A, 0xD6,
    0xEF, 0x7B, 0x75, 0xAD, 0x9A, 0xD6, 0x9A, 0xD6, 0x96, 0xB5, 0x10, 0x84, 0xEF, 0x7B, 0x10, 0x84,
    0x30, 0x84, 0x79, 0xCE, 0x9A, 0xD6, 0x9A, 0xD6, 0xEF, 0x7B, 0x75, 0xAD, 0x9A, 0xD6, 0x9A, 0xD6,
    0x9A, 0xD6, 0x79, 0xCE, 0x10, 0x84, 0x75, 0xAD, 0x79, 0xCE, 0x9A, 0xD6, 0x9A, 0xD6, 0x9A, 0xD6,
    0xEF, 0x7B, 0x75, 0xAD, 0x9A, 0xD6, 0x9A, 0xD6, 0x9A, 0xD6, 0x9A, 0xD6, 0x96, 0xB5, 0x18, 0xC6,
    0x9A, 0xD6, 0x9A, 0xD6, 0x9A, 0xD6, 0x9A, 0xD6, 0xEF, 0x7B, 0x75, 0xAD, 0x9A, 0xD6, 0x9A, 0xD6,
    0x9A, 0xD6, 0x79, 0xCE, 0x9A, 0xD6, 0x9A, 0xD6, 0x79, 0xCE, 0x9A, 0xD6, 0x9A, 0xD6, 0x9A, 0xD6,
    0xEF, 0x7B, 0x75, 0xAD, 0x9A, 0xD6, 0x9A, 0xD6, 0x96, 0xB5, 0x30, 0x84, 0x79, 0xCE, 0x96, 0xB5,
    0x30, 0x84, 0x79, 0xCE, 0x9A, 0xD6, 0x9A, 0xD6, 0xEF, 0x7B, 0x75, 0xAD, 0x9A, 0xD6, 0x9A, 0xD6,
    0x75, 0xAD, 0x10, 0x84, 0x75, 0xAD, 0xD3, 0x9C, 0x10, 0x84, 0x79, 0xCE, 0x9A, 0xD6, 0x9A, 0xD6,
    0xEF, 0x7B, 0x75, 0xAD, 0x9A, 0xD6, 0x9A, 0xD6, 0x75, 0xAD, 0xEF, 0x7B, 0xEF, 0x7B, 0xEF, 0x7B,
    0x10, 0x84, 0x79, 0xCE, 0x9A, 0xD6, 0x9A, 0xD6, 0xEF, 0x7B, 0x75, 0xAD, 0x9A, 0xD6, 0x9A, 0xD6,
    0x75, 0xAD, 0xEF, 0x7B, 0xEF, 0x7B, 0xEF, 0x7B, 0x10, 0x84, 0x79, 0xCE, 0x9A, 0xD6, 0x9A, 0xD6,
    0xEF, 0x7B, 0xD3, 0x9C, 0x75, 0xAD, 0x75, 0xAD, 0xD3, 0x9C, 0xEF, 0x7B, 0xEF, 0x7B, 0xEF, 0x7B,
    0x10, 0x84, 0x75, 0xAD, 0x75, 0xAD, 0x75, 0xAD, 0xEF, 0x7B, 0x10, 0x84, 0x10, 0x84, 0x10, 0x84,
    0x10, 0x84, 0xEF, 0x7B, 0xEF, 0x7B, 0x10, 0x84, 0x10, 0x84, 0x10, 0x84, 0x10, 0x84, 0xEF, 0x7B,
    0xEF, 0x7B, 0x75, 0xAD, 0x79, 0xCE, 0x79, 0xCE, 0x75, 0xAD, 0xEF, 0x7B, 0xEF, 0x7B, 0x75, 0xAD,
    0x79, 0xCE, 0x79, 0xCE, 0x75, 0xAD, 0xEF, 0x7B, 0xEF, 0x7B, 0x75, 0xAD, 0x9A, 0xD6, 0x9A, 0xD6,
    0x18, 0xC6, 0x75, 0xAD, 0x10, 0x84, 0x75, 0xAD, 0x9A, 0xD6, 0x9A, 0xD6, 0x75, 0xAD, 0xEF, 0x7B,
    0xEF, 0x7B, 0x75, 0xAD, 0x9A, 0xD6, 0x9A, 0xD6, 0x9A, 0xD6, 0x79, 0xCE, 0x30, 0x84, 0x96, 0xB5,
    0x9A, 0xD6, 0x9A, 0xD6, 0x75, 0xAD, 0xEF, 0x7B, 0xEF, 0x7B, 0x75, 0xAD, 0x9A, 0xD6, 0x9A, 0xD6,
    0x9A, 0xD6, 0x9A, 0xD6, 0x79, 0xCE, 0x9A, 0xD6, 0x9A, 0xD6, 0x9A, 0xD6, 0x75, 0xAD, 0xEF, 0x7B,
    0xEF, 0x7B, 0x75, 0xAD, 0x9A, 0xD6, 0x9A, 0xD6, 0x18, 0xC6, 0x96, 0xB5, 0x9A, 0xD6, 0x9A, 0xD6,
    0x9A, 0xD6, 0x9A, 0xD6, 0x75, 0xAD, 0xEF, 0x7B, 0xEF, 0x7B, 0x75, 0xAD, 0x9A, 0xD6, 0x9A, 0xD6,
    0x75, 0xAD, 0x10, 0x84, 0x79, 0xCE, 0x9A, 0xD6, 0x9A, 0xD6, 0x9A, 0xD6, 0x75, 0xAD, 0xEF, 0x7B,
    0xEF, 0x7B, 0x75, 0xAD, 0x9A, 0xD6, 0x9A, 0xD6, 0x75, 0xAD, 0xEF, 0x7B, 0x10, 0x84, 0x96, 0xB5,
    0x9A, 0xD6, 0x9A, 0xD6, 0x75, 0xAD, 0xEF, 0x7B, 0xEF, 0x7B, 0x75, 0xAD, 0x9A, 0xD6, 0x9A, 0xD6,
    0x75, 0xAD, 0xEF, 0x7B, 0xEF, 0x7B, 0x75, 0xAD, 0x9A, 0xD6, 0x9A, 0xD6, 0x75, 0xAD, 0xEF, 0x7B,
    0xEF, 0x7B, 0x75, 0xAD, 0x9A, 0xD6, 0x9A, 0xD6, 0x75, 0xAD, 0xEF, 0x7B, 0xEF, 0x7B, 0x75, 0xAD,
    0x9A, 0xD6, 0x9A, 0xD6, 0x75, 0xAD, 0xEF, 0x7B, 0xEF, 0x7B, 0x75, 0xAD, 0x9A, 0xD6, 0x9A, 0xD6,
    0x75, 0xAD, 0xEF, 0x7B, 0xEF, 0x7B, 0x75, 0xAD, 0x9A, 0xD6, 0x9A, 0xD6, 0x75, 0xAD, 0xEF, 0x7B,
    0xEF, 0x7B, 0xD3, 0x9C, 0x75, 0xAD, 0x75, 0xAD, 0xD3, 0x9C, 0xEF, 0x7B, 0xEF, 0x7B, 0xD3, 0x9C,
    0x75, 0xAD, 0x75, 0xAD, 0xD3, 0x9C, 0xEF, 0x7B, 0xEF, 0x7B, 0xEF, 0x7B, 0xEF, 0x7B, 0x10, 0x84,
    0x10, 0x84, 0x10, 0x84, 0x10, 0x84, 0x10, 0x84, 0xEF, 0x7B, 0xEF, 0x7B, 0xEF, 0x7B, 0xEF, 0x7B,
    0xEF, 0x7B, 0xEF, 0x7B, 0x10, 0x84, 0x79, 0xCE, 0x79, 0xCE, 0x79, 0xCE, 0x79, 0xCE, 0x75, 0xAD,
    0xEF, 0x7B, 0xEF, 0x7B, 0xEF, 0x7B, 0xEF, 0x7B, 0xEF, 0x7B, 0xD3, 0x9C, 0x96, 0xB5, 0x9A, 0xD6,
    0x9A, 0xD6, 0x9A, 0xD6, 0x9A, 0xD6, 0x18, 0xC6, 0x75, 0xAD, 0x10, 0x84, 0xEF, 0x7B, 0xEF, 0x7B,
    0xEF, 0x7B, 0x75, 0xAD, 0x9A, 0xD6, 0x9A, 0xD6, 0x9A, 0xD6, 0x79, 0xCE, 0x9A, 0xD6, 0x9A, 0xD6,
    0x79, 0xCE, 0x10, 0x84, 0xEF, 0x7B, 0xEF, 0x7B, 0xEF, 0x7B, 0x75, 0xAD, 0x9A, 0xD6, 0x9A, 0xD6,
    0x96, 0xB5, 0x30, 0x84, 0x79, 0xCE, 0x9A, 0xD6, 0x79, 0xCE, 0x10, 0x84, 0xEF, 0x7B, 0xEF, 0x7B,
    0xEF, 0x7B, 0x75, 0xAD, 0x9A, 0xD6, 0x9A, 0xD6, 0x75, 0xAD, 0x10, 0x84, 0x79, 0xCE, 0x9A, 0xD6,
    0x79, 0xCE, 0x10, 0x84, 0xEF, 0x7B, 0xEF, 0x7B, 0xEF, 0x7B, 0x75, 0xAD, 0x9A, 0xD6, 0x9A, 0xD6,
    0x75, 0xAD, 0x10, 0x84, 0x79, 0xCE, 0x9A, 0xD6, 0x79, 0xCE, 0x10, 0x84, 0xEF, 0x7B, 0xEF, 0x7B,
    0xEF, 0x7B, 0x75, 0xAD, 0x9A, 0xD6, 0x9A, 0xD6, 0x75, 0xAD, 0x10, 0x84, 0x79, 0xCE, 0x9A, 0xD6,
    0x79, 0xCE, 0x10, 0x84, 0xEF, 0x7B, 0xEF, 0x7B, 0xEF, 0x7B, 0x75, 0xAD, 0x9A, 0xD6, 0x9A, 0xD6,
    0x18, 0xC6, 0x96, 0xB5, 0x9A, 0xD6, 0x9A, 0xD6, 0x79, 0xCE, 0x10, 0x84, 0xEF, 0x7B, 0xEF, 0x7B,
    0xEF, 0x7B, 0x75, 0xAD, 0x79, 0xCE, 0x9A, 0xD6, 0x9A, 0xD6, 0x9A, 0xD6, 0x9A, 0xD6, 0x9A, 0xD6,
    0x79, 0xCE, 0x10, 0x84, 0xEF, 0x7B, 0xEF, 0x7B, 0xEF, 0x7B, 0x10, 0x84, 0x30, 0x84, 0x79, 0xCE,
    0x9A, 0xD6, 0x9A, 0xD6, 0x9A, 0xD6, 0x96, 0xB5, 0x10, 0x84, 0xEF, 0x7B, 0xEF, 0x7B, 0xEF, 0x7B,
    0xEF, 0x7B, 0xEF, 0x7B, 0x10, 0x84, 0x75, 0xAD, 0x75, 0xAD, 0x75, 0xAD, 0x75, 0xAD, 0xD3, 0x9C,
    0xEF, 0x7B, 0xEF, 0x7B, 0xEF, 0x7B, 0xEF, 0x7B, 0xEF, 0x7B, 0x10, 0x84, 0x10, 0x84, 0x10, 0x84,
    0x10, 0x84, 0x10, 0x84, 0x10, 0x84, 0x10, 0x84, 0xEF, 0x7B, 0xEF, 0x7B, 0xEF, 0x7B, 0xEF, 0x7B,
    0xEF, 0x7B, 0x75, 0xAD, 0x79, 0xCE, 0x79, 0xCE, 0x79, 0xCE, 0x79, 0xCE, 0x79, 0xCE, 0x75, 0xAD,
    0xEF, 0x7B, 0xEF, 0x7B, 0xEF, 0x7B, 0xEF, 0x7B, 0xEF, 0x7B, 0x75, 0xAD, 0x9A, 0xD6, 0x9A, 0xD6,
    0x9A, 0xD6, 0x9A, 0xD6, 0x9A, 0xD6, 0x18, 0xC6, 0x75, 0xAD, 0x10, 0x84, 0xEF, 0x7B, 0xEF, 0x7B,
    0xEF, 0x7B, 0x75, 0xAD, 0x9A, 0xD6, 0x9A, 0xD6, 0x9A, 0xD6, 0x79, 0xCE, 0x9A, 0xD6, 0x9A, 0xD6,
    0x79, 0xCE, 0x10, 0x84, 0xEF, 0x7B, 0xEF, 0x7B, 0xEF, 0x7B, 0x75, 0xAD, 0x9A, 0xD6, 0x9A, 0xD6,
    0x96, 0xB5, 0x30, 0x84, 0x79, 0xCE, 0x9A, 0xD6, 0x79, 0xCE, 0x10, 0x84, 0xEF, 0x7B, 0xEF, 0x7B,
    0xEF, 0x7B, 0x75, 0xAD, 0x9A, 0xD6, 0x9A, 0xD6, 0x18, 0xC6, 0x96, 0xB5, 0x9A, 0xD6, 0x9A, 0xD6,
    0x79, 0xCE, 0x10, 0x84, 0xEF, 0x7B, 0xEF, 0x7B, 0xEF, 0x7B, 0x75, 0xAD, 0x9A, 0xD6, 0x9A, 0xD6,
    0x9A, 0xD6, 0x9A, 0xD6, 0x9A, 0xD6, 0x9A, 0xD6, 0x79, 0xCE, 0x10, 0x84, 0xEF, 0x7B, 0xEF, 0x7B,
    0xEF, 0x7B, 0x75, 0xAD, 0x9A, 0xD6, 0x9A, 0xD6, 0x9A, 0xD6, 0x9A, 0xD6, 0x9A, 0xD6, 0x96, 0xB5,
    0x10, 0x84, 0xEF, 0x7B, 0xEF, 0x7B, 0xEF, 0x7B, 0xEF, 0x7B, 0x75, 0xAD, 0x9A, 0xD6, 0x9A, 0xD6,
    0x18, 0xC6, 0x75, 0xAD, 0x75, 0xAD, 0xD3, 0x9C, 0xEF, 0x7B, 0xEF, 0x7B, 0xEF, 0x7B, 0xEF, 0x7B,
    0xEF, 0x7B, 0x75, 0xAD, 0x9A, 0xD6, 0x9A, 0xD6, 0x75, 0xAD, 0xEF, 0x7B, 0xEF, 0x7B, 0xEF, 0x7B,
    0xEF, 0x7B, 0xEF, 0x7B, 0xEF, 0x7B, 0xEF, 0x7B, 0xEF, 0x7B, 0x75, 0xAD, 0x9A, 0xD6, 0x9A, 0xD6,
    0x75, 0xAD, 0xEF, 0x7B, 0xEF, 0x7B, 0xEF, 0x7B, 0xEF, 0x7B, 0xEF, 0x7B, 0xEF, 0x7B, 0xEF, 0x7B,
    0xEF, 0x7B, 0xD3, 0x9C, 0x75, 0xAD, 0x75, 0xAD, 0xD3, 0x9C, 0xEF, 0x7B, 0xEF, 0x7B, 0xEF, 0x7B,
    0xEF, 0x7B, 0xEF, 0x7B, 0xEF, 0x7B, 0xEF, 0x7B, 0xEF, 0x7B, 0xEF, 0x7B, 0xEF, 0x7B, 0x10, 0x84,
    0x10, 0x84, 0x10, 0x84, 0x10, 0x84, 0x10, 0x84, 0x10, 0x84, 0xEF, 0x7B, 0xEF, 0x7B, 0xEF, 0x7B,
    0xEF, 0x7B, 0xEF, 0x7B, 0x10, 0x84, 0x79, 0xCE, 0x79, 0xCE, 0x79, 0xCE, 0x79, 0xCE, 0x79, 0xCE,
    0x79, 0xCE, 0x10, 0x84, 0xEF, 0x7B, 0xEF, 0x7B, 0xEF, 0x7B, 0xD3, 0x9C, 0x96, 0xB5, 0x9A, 0xD6,
    0x9A, 0xD6, 0x9A, 0xD6, 0x9A, 0xD6, 0x9A, 0xD6, 0x9A, 0xD6, 0x96, 0xB5, 0xD3, 0x9C, 0xEF, 0x7B,
    0xEF, 0x7B, 0x75, 0xAD, 0x9A, 0xD6, 0x9A, 0xD6, 0x9A, 0xD6, 0x79, 0xCE, 0x79, 0xCE, 0x9A, 0xD6,
    0x9A, 0xD6, 0x9A, 0xD6, 0x75, 0xAD, 0xEF, 0x7B, 0xEF, 0x7B, 0x75, 0xAD, 0x9A, 0xD6, 0x9A, 0xD6,
    0x96, 0xB5, 0x10, 0x84, 0x10, 0x84, 0x96, 0xB5, 0x9A, 0xD6, 0x9A, 0xD6, 0x75, 0xAD, 0xEF, 0x7B,
    0xEF, 0x7B, 0x75, 0xAD, 0x9A, 0xD6, 0x9A, 0xD6, 0x75, 0xAD, 0xEF, 0x7B, 0xEF, 0x7B, 0x75, 0xAD,
    0x9A, 0xD6, 0x9A, 0xD6, 0x75, 0xAD, 0xEF, 0x7B, 0xEF, 0x7B, 0x75, 0xAD, 0x9A, 0xD6, 0x9A, 0xD6,
    0x75, 0xAD, 0xEF, 0x7B, 0xEF, 0x7B, 0x75, 0xAD, 0x9A, 0xD6, 0x9A, 0xD6, 0x75, 0xAD, 0xEF, 0x7B,
    0xEF, 0x7B, 0x75, 0xAD, 0x9A, 0xD6, 0x9A, 0xD6, 0x75, 0xAD, 0xEF, 0x7B, 0xEF, 0x7B, 0x75, 0xAD,
    0x9A, 0xD6, 0x9A, 0xD6, 0x75, 0xAD, 0xEF, 0x7B, 0xEF, 0x7B, 0x75, 0xAD, 0x9A, 0xD6, 0x9A, 0xD6,
    0x18, 0xC6, 0x75, 0xAD, 0x75, 0xAD, 0x18, 0xC6, 0x9A, 0xD6, 0x9A, 0xD6, 0x75, 0xAD, 0xEF, 0x7B,
    0xEF, 0x7B, 0x75, 0xAD, 0x79, 0xCE, 0x9A, 0xD6, 0x9A, 0xD6, 0x9A, 0xD6, 0x9A, 0xD6, 0x9A, 0xD6,
    0x9A, 0xD6, 0x9A, 0xD6, 0x75, 0xAD, 0xEF, 0x7B, 0xEF, 0x7B, 0x10, 0x84, 0x30, 0x84, 0x79, 0xCE,
    0x9A, 0xD6, 0x9A, 0xD6, 0x9A, 0xD6, 0x9A, 0xD6, 0x9A, 0xD6, 0x9A, 0xD6, 0x75, 0xAD, 0xEF, 0x7B,
    0xEF, 0x7B, 0xEF, 0x7B, 0x10, 0x84, 0x75, 0xAD, 0x75, 0xAD, 0x75, 0xAD, 0x75, 0xAD, 0x75, 0xAD,
    0x75, 0xAD, 0x75, 0xAD, 0xD3, 0x9C, 0xEF, 0x7B, 0xEF, 0x7B, 0x10, 0x84, 0x10, 0x84, 0x10, 0x84,
    0x10, 0x84, 0x10, 0x84, 0x10, 0x84, 0x10, 0x84, 0xEF, 0x7B, 0xEF, 0x7B, 0xEF, 0x7B, 0xEF, 0x7B,
    0xEF, 0x7B, 0x75, 0xAD, 0x79, 0xCE, 0x79, 0xCE, 0x79, 0xCE, 0x79, 0xCE, 0x79, 0xCE, 0x75, 0xAD,
    0xEF, 0x7B, 0xEF, 0x7B, 0xEF, 0x7B, 0xEF, 0x7B, 0xEF, 0x7B, 0x75, 0xAD, 0x9A, 0xD6, 0x9A, 0xD6,
    0x9A, 0xD6, 0x9A, 0xD6, 0x9A, 0xD6, 0x18, 0xC6, 0x75, 0xAD, 0x10, 0x84, 0xEF, 0x7B, 0xEF, 0x7B,
    0xEF, 0x7B, 0x75, 0xAD, 0x9A, 0xD6, 0x9A, 0xD6, 0x9A, 0xD6, 0x79, 0xCE, 0x9A, 0xD6, 0x9A, 0xD6,
    0x79, 0xCE, 0x10, 0x84, 0xEF, 0x7B, 0xEF, 0x7B, 0xEF, 0x7B, 0x75, 0xAD, 0x9A, 0xD6, 0x9A, 0xD6,
    0x96, 0xB5, 0x30, 0x84, 0x79, 0xCE, 0x9A, 0xD6, 0x79, 0xCE, 0x10, 0x84, 0xEF, 0x7B, 0xEF, 0x7B,
    0xEF, 0x7B, 0x75, 0xAD, 0x9A, 0xD6, 0x9A, 0xD6, 0x75, 0xAD, 0x10, 0x84, 0x79, 0xCE, 0x9A, 0xD6,
    0x79, 0xCE, 0x10, 0x84, 0xEF, 0x7B, 0xEF, 0x7B, 0xEF, 0x7B, 0x75, 0xAD, 0x9A, 0xD6, 0x9A, 0xD6,
    0x96, 0xB5, 0x30, 0x84, 0x79, 0xCE, 0x9A, 0xD6, 0x79, 0xCE, 0x10, 0x84, 0xEF, 0x7B, 0xEF, 0x7B,
    0xEF, 0x7B, 0x75, 0xAD, 0x9A, 0xD6, 0x9A, 0xD6, 0x9A, 0xD6, 0x79, 0xCE, 0x9A, 0xD6, 0x96, 0xB5,
    0x10, 0x84, 0xEF, 0x7B, 0xEF, 0x7B, 0xEF, 0x7B, 0xEF, 0x7B, 0x75, 0xAD, 0x9A, 0xD6, 0x9A, 0xD6,
    0x18, 0xC6, 0x96, 0xB5, 0x9A, 0xD6, 0x18, 0xC6, 0x75, 0xAD, 0x10, 0x84, 0xEF, 0x7B, 0xEF, 0x7B,
    0xEF, 0x7B, 0x75, 0xAD, 0x9A, 0xD6, 0x9A, 0xD6, 0x75, 0xAD, 0x10, 0x84, 0x79, 0xCE, 0x9A, 0xD6,
    0x79, 0xCE, 0x10, 0x84, 0xEF, 0x7B, 0xEF, 0x7B, 0xEF, 0x7B, 0x75, 0xAD, 0x9A, 0xD6, 0x9A, 0xD6,
    0x75, 0xAD, 0x10, 0x84, 0x79, 0xCE, 0x9A, 0xD6, 0x79, 0xCE, 0x10, 0x84, 0xEF, 0x7B, 0xEF, 0x7B,
    0xEF, 0x7B, 0xD3, 0x9C, 0x75, 0xAD, 0x75, 0xAD, 0xD3, 0x9C, 0x10, 0x84, 0x75, 0xAD, 0x75, 0xAD,
    0x75, 0xAD, 0x10, 0x84, 0xEF, 0x7B, 0xEF, 0x7B, 0xEF, 0x7B, 0xEF, 0x7B, 0xEF, 0x7B, 0x10, 0x84,
    0x10, 0x84, 0x10, 0x84, 0x10, 0x84, 0x10, 0x84, 0x10, 0x84, 0xEF, 0x7B, 0xEF, 0x7B, 0xEF, 0x7B,
    0xEF, 0x7B, 0xEF, 0x7B, 0x10, 0x84, 0x79, 0xCE, 0x79, 0xCE, 0x79, 0xCE, 0x79, 0xCE, 0x79, 0xCE,
    0x79, 0xCE, 0x10, 0x84, 0xEF, 0x7B, 0xEF, 0x7B, 0xEF, 0x7B, 0xD3, 0x9C, 0x96, 0xB5, 0x9A, 0xD6,
    0x9A, 0xD6, 0x9A, 0xD6, 0x9A, 0xD6, 0x9A, 0xD6, 0x79, 0xCE, 0x10, 0x84, 0xEF, 0x7B, 0xEF, 0x7B,
    0xEF, 0x7B, 0x75, 0xAD, 0x9A, 0xD6, 0x9A, 0xD6, 0x9A, 0xD6, 0x9A, 0xD6, 0x79, 0xCE, 0x79, 0xCE,
    0x79, 0xCE, 0x10, 0x84, 0xEF, 0x7B, 0xEF, 0x7B, 0xEF, 0x7B, 0x75, 0xAD, 0x9A, 0xD6, 0x9A, 0xD6,
    0x9A, 0xD6, 0x79, 0xCE, 0x30, 0x84, 0x10, 0x84, 0x10, 0x84, 0xEF, 0x7B, 0xEF, 0x7B, 0xEF, 0x7B,
    0xEF, 0x7B, 0xD3, 0x9C, 0x96, 0xB5, 0x9A, 0xD6, 0x9A, 0xD6, 0x9A, 0xD6, 0x96, 0xB5, 0xD3, 0x9C,
    0xEF, 0x7B, 0xEF, 0x7B, 0xEF, 0x7B, 0xEF, 0x7B, 0xEF, 0x7B, 0xEF, 0x7B, 0x10, 0x84, 0x79, 0xCE,
    0x79, 0xCE, 0x79, 0xCE, 0x9A, 0xD6, 0x96, 0xB5, 0x10, 0x84, 0xEF, 0x7B, 0xEF, 0x7B, 0xEF, 0x7B,
    0xEF, 0x7B, 0xEF, 0x7B, 0xEF, 0x7B, 0x10, 0x84, 0x10, 0x84, 0x30, 0x84, 0x79, 0xCE, 0x9A, 0xD6,
    0x79, 0xCE, 0x10, 0x84, 0xEF, 0x7B, 0xEF, 0x7B, 0xEF, 0x7B, 0xD3, 0x9C, 0x75, 0xAD, 0x75, 0xAD,
    0x75, 0xAD, 0x96, 0xB5, 0x9A, 0xD6, 0x9A, 0xD6, 0x79, 0xCE, 0x10, 0x84, 0xEF, 0x7B, 0xEF, 0x7B,
    0xEF, 0x7B, 0x75, 0xAD, 0x9A, 0xD6, 0x9A, 0xD6, 0x9A, 0xD6, 0x9A, 0xD6, 0x9A, 0xD6, 0x9A, 0xD6,
    0x79, 0xCE, 0x10, 0x84, 0xEF, 0x7B, 0xEF, 0x7B, 0xEF, 0x7B, 0x75, 0xAD, 0x9A, 0xD6, 0x9A, 0xD6,
    0x9A, 0xD6, 0x9A, 0xD6, 0x9A, 0xD6, 0x96, 0xB5, 0x10, 0x84, 0xEF, 0x7B, 0xEF, 0x7B, 0xEF, 0x7B,
    0xEF, 0x7B, 0xD3, 0x9C, 0x75, 0xAD, 0x75, 0xAD, 0x75, 0xAD, 0x75, 0xAD, 0x75, 0xAD, 0xD3, 0x9C,
    0xEF, 0x7B, 0xEF, 0x7B, 0xEF, 0x7B, 0xEF, 0x7B, 0xEF, 0x7B, 0x10, 0x84, 0x10, 0x84, 0x10, 0x84,
    0x10, 0x84, 0x10, 0x84, 0x10, 0x84, 0x10, 0x84, 0x10, 0x84, 0x10, 0x84, 0x10, 0x84, 0xEF, 0x7B,
    0xEF, 0x7B, 0x75, 0xAD, 0x79, 0xCE, 0x79, 0xCE, 0x79, 0xCE, 0x79, 0xCE, 0x79, 0xCE, 0x79, 0xCE,
    0x79, 0xCE, 0x79, 0xCE, 0x75, 0xAD, 0xEF, 0x7B, 0xEF, 0x7B, 0x75, 0xAD, 0x9A, 0xD6, 0x9A, 0xD6,
    0x9A, 0xD6, 0x9A, 0xD6, 0x9A, 0xD6, 0x9A, 0xD6, 0x9A, 0xD6, 0x9A, 0xD6, 0x75, 0xAD, 0xEF, 0x7B,
    0xEF, 0x7B, 0x75, 0xAD, 0x79, 0xCE, 0x79, 0xCE, 0x9A, 0xD6, 0x9A, 0xD6, 0x9A, 0xD6, 0x9A, 0xD6,
    0x79, 0xCE, 0x79, 0xCE, 0x75, 0xAD, 0xEF, 0x7B, 0xEF, 0x7B, 0x10, 0x84, 0x10, 0x84, 0x10, 0x84,
    0x96, 0xB5, 0x9A, 0xD6, 0x9A, 0xD6, 0x96, 0xB5, 0x10, 0x84, 0x10, 0x84, 0x10, 0x84, 0xEF, 0x7B,
    0xEF, 0x7B, 0xEF, 0x7B, 0xEF, 0x7B, 0xEF, 0x7B, 0x75, 0xAD, 0x9A, 0xD6, 0x9A, 0xD6, 0x75, 0xAD,
    0xEF, 0x7B, 0xEF, 0x7B, 0xEF, 0x7B, 0xEF, 0x7B, 0xEF, 0x7B, 0xEF, 0x7B, 0xEF, 0x7B, 0xEF, 0x7B,
    0x75, 0xAD, 0x9A, 0xD6, 0x9A, 0xD6, 0x75, 0xAD, 0xEF, 0x7B, 0xEF, 0x7B, 0xEF, 0x7B, 0xEF, 0x7B,
    0xEF, 0x7B, 0xEF, 0x7B, 0xEF, 0x7B, 0xEF, 0x7B, 0x75, 0xAD, 0x9A, 0xD6, 0x9A, 0xD6, 0x75, 0xAD,
    0xEF, 0x7B, 0xEF, 0x7B, 0xEF, 0x7B, 0xEF, 0x7B, 0xEF, 0x7B, 0xEF, 0x7B, 0xEF, 0x7B, 0xEF, 0x7B,
    0x75, 0xAD, 0x9A, 0xD6, 0x9A, 0xD6, 0x75, 0xAD, 0xEF, 0x7B, 0xEF, 0x7B, 0xEF, 0x7B, 0xEF, 0x7B,
    0xEF, 0x7B, 0xEF, 0x7B, 0xEF, 0x7B, 0xEF, 0x7B, 0x75, 0xAD, 0x9A, 0xD6, 0x9A, 0xD6, 0x75, 0xAD,
    0xEF, 0x7B, 0xEF, 0x7B, 0xEF, 0x7B, 0xEF, 0x7B, 0xEF, 0x7B, 0xEF, 0x7B, 0xEF, 0x7B, 0xEF, 0x7B,
    0x75, 0xAD, 0x9A, 0xD6, 0x9A, 0xD6, 0x75, 0xAD, 0xEF, 0x7B, 0xEF, 0x7B, 0xEF, 0x7B, 0xEF, 0x7B,
    0xEF, 0x7B, 0xEF, 0x7B, 0xEF, 0x7B, 0xEF, 0x7B, 0xD3, 0x9C, 0x75, 0xAD, 0x75, 0xAD, 0xD3, 0x9C,
    0xEF, 0x7B, 0xEF, 0x7B, 0xEF, 0x7B, 0xEF, 0x7B, 0xEF, 0x7B, 0x10, 0x84, 0x10, 0x84, 0x10, 0x84,
    0x10, 0x84, 0xEF, 0x7B, 0x10, 0x84, 0x10, 0x84, 0x10, 0x84, 0xEF, 0x7B, 0xEF, 0x7B, 0xEF, 0x7B,
    0xEF, 0x7B, 0x75, 0xAD, 0x79, 0xCE, 0x79, 0xCE, 0x75, 0xAD, 0x10, 0x84, 0x79, 0xCE, 0x79, 0xCE,
    0x79, 0xCE, 0x10, 0x84, 0xEF, 0x7B, 0xEF, 0x7B, 0xEF, 0x7B, 0x75, 0xAD, 0x9A, 0xD6, 0x9A, 0xD6,
    0x75, 0xAD, 0x10, 0x84, 0x79, 0xCE, 0x9A, 0xD6, 0x79, 0xCE, 0x10, 0x84, 0xEF, 0x7B, 0xEF, 0x7B,
    0xEF, 0x7B, 0x75, 0xAD, 0x9A, 0xD6, 0x9A, 0xD6, 0x75, 0xAD, 0x10, 0x84, 0x79, 0xCE, 0x9A, 0xD6,
    0x79, 0xCE, 0x10, 0x84, 0xEF, 0x7B, 0xEF, 0x7B, 0xEF, 0x7B, 0x75, 0xAD, 0x9A, 0xD6, 0x9A, 0xD6,
    0x75, 0xAD, 0x10, 0x84, 0x79, 0xCE, 0x9A, 0xD6, 0x79, 0xCE, 0x10, 0x84, 0xEF, 0x7B, 0xEF, 0x7B,
    0xEF, 0x7B, 0x75, 0xAD, 0x9A, 0xD6, 0x9A, 0xD6, 0x75, 0xAD, 0x10, 0x84, 0x79, 0xCE, 0x9A, 0xD6,
    0x79, 0xCE, 0x10, 0x84, 0xEF, 0x7B, 0xEF, 0x7B, 0xEF, 0x7B, 0x75, 0xAD, 0x9A, 0xD6, 0x9A, 0xD6,
    0x75, 0xAD, 0x10, 0x84, 0x79, 0xCE, 0x9A, 0xD6, 0x79, 0xCE, 0x10, 0x84, 0xEF, 0x7B, 0xEF, 0x7B,
    0xEF, 0x7B, 0x75, 0xAD, 0x9A, 0xD6, 0x9A, 0xD6, 0x75, 0xAD, 0x10, 0x84, 0x79, 0xCE, 0x9A, 0xD6,
    0x79, 0xCE, 0x10, 0x84, 0xEF, 0x7B, 0xEF, 0x7B, 0xEF, 0x7B, 0x75, 0xAD, 0x9A, 0xD6, 0x9A, 0xD6,
    0x18, 0xC6, 0x96, 0xB5, 0x9A, 0xD6, 0x9A, 0xD6, 0x79, 0xCE, 0x10, 0x84, 0xEF, 0x7B, 0xEF, 0x7B,
    0xEF, 0x7B, 0x75, 0xAD, 0x9A, 0xD6, 0x9A, 0xD6, 0x9A, 0xD6, 0x9A, 0xD6, 0x9A, 0xD6, 0x9A, 0xD6,
    0x79, 0xCE, 0x10, 0x84, 0xEF, 0x7B, 0xEF, 0x7B, 0xEF, 0x7B, 0x75, 0xAD, 0x9A, 0xD6, 0x9A, 0xD6,
    0x9A, 0xD6, 0x9A, 0xD6, 0x9A, 0xD6, 0x9A, 0xD6, 0x79, 0xCE, 0x10, 0x84, 0xEF, 0x7B, 0xEF, 0x7B,
    0xEF, 0x7B, 0xD3, 0x9C, 0x75, 0xAD, 0x75, 0xAD, 0x75, 0xAD, 0x75, 0xAD, 0x75, 0xAD, 0x75, 0xAD,
    0x75, 0xAD, 0x10, 0x84, 0xEF, 0x7B, 0xEF, 0x7B, 0xEF, 0x7B, 0x10, 0x84, 0x10, 0x84, 0x10, 0x84,
    0x10, 0x84, 0xEF, 0x7B, 0x10, 0x84, 0x10, 0x84, 0x10, 0x84, 0xEF, 0x7B, 0xEF, 0x7B, 0xEF, 0x7B,
    0xEF, 0x7B, 0x75, 0xAD, 0x79, 0xCE, 0x79, 0xCE, 0x75, 0xAD, 0x10, 0x84, 0x79, 0xCE, 0x79, 0xCE,
    0x79, 0xCE, 0x10, 0x84, 0xEF, 0x7B, 0xEF, 0x7B, 0xEF, 0x7B, 0x75, 0xAD, 0x9A, 0xD6, 0x9A, 0xD6,
    0x75, 0xAD, 0x10, 0x84, 0x79, 0xCE, 0x9A, 0xD6, 0x79, 0xCE, 0x10, 0x84, 0xEF, 0x7B, 0xEF, 0x7B,
    0xEF, 0x7B, 0x75, 0xAD, 0x9A, 0xD6, 0x9A, 0xD6, 0x75, 0xAD, 0x10, 0x84, 0x79, 0xCE, 0x9A, 0xD6,
    0x79, 0xCE, 0x10, 0x84, 0xEF, 0x7B, 0xEF, 0x7B, 0xEF, 0x7B, 0x75, 0xAD, 0x9A, 0xD6, 0x9A, 0xD6,
    0x75, 0xAD, 0x10, 0x84, 0x79, 0xCE, 0x9A, 0xD6, 0x79, 0xCE, 0x10, 0x84, 0xEF, 0x7B, 0xEF, 0x7B,
    0xEF, 0x7B, 0x75, 0xAD, 0x9A, 0xD6, 0x9A, 0xD6, 0x75, 0xAD, 0x10, 0x84, 0x79, 0xCE, 0x9A, 0xD6,
    0x79, 0xCE, 0x10, 0x84, 0xEF, 0x7B, 0xEF, 0x7B, 0xEF, 0x7B, 0x75, 0xAD, 0x9A, 0xD6, 0x9A, 0xD6,
    0x75, 0xAD, 0x10, 0x84, 0x79, 0xCE, 0x9A, 0xD6, 0x79, 0xCE, 0x10, 0x84, 0xEF, 0x7B, 0xEF, 0x7B,
    0xEF, 0x7B, 0x75, 0xAD, 0x9A, 0xD6, 0x9A, 0xD6, 0x75, 0xAD, 0x10, 0x84, 0x79, 0xCE, 0x9A, 0xD6,
    0x79, 0xCE, 0x10, 0x84, 0xEF, 0x7B, 0xEF, 0x7B, 0xEF, 0x7B, 0x75, 0xAD, 0x9A, 0xD6, 0x9A, 0xD6,
    0x18, 0xC6, 0x96, 0xB5, 0x9A, 0xD6, 0x9A, 0xD6, 0x79, 0xCE, 0x10, 0x84, 0xEF, 0x7B, 0xEF, 0x7B,
    0xEF, 0x7B, 0x75, 0xAD, 0x79, 0xCE, 0x9A, 0xD6, 0x9A, 0xD6, 0x9A, 0xD6, 0x9A, 0xD6, 0x9A, 0xD6,
    0x79, 0xCE, 0x10, 0x84, 0xEF, 0x7B, 0xEF, 0x7B, 0xEF, 0x7B, 0x10, 0x84, 0x30, 0x84, 0x79, 0xCE,
    0x9A, 0xD6, 0x9A, 0xD6, 0x9A, 0xD6, 0x96, 0xB5, 0x10, 0x84, 0xEF, 0x7B, 0xEF, 0x7B, 0xEF, 0x7B,
    0xEF, 0x7B, 0xEF, 0x7B, 0x10, 0x84, 0x75, 0xAD, 0x75, 0xAD, 0x75, 0xAD, 0x75, 0xAD, 0xD3, 0x9C,
    0xEF, 0x7B, 0xEF, 0x7B, 0xEF, 0x7B, 0xEF, 0x7B, 0xEF, 0x7B, 0x10, 0x84, 0x10, 0x84, 0x10, 0x84,
    0x10, 0x84, 0xEF, 0x7B, 0xEF, 0x7B, 0xEF, 0x7B, 0xEF, 0x7B, 0x10, 0x84, 0x10, 0x84, 0x10, 0x84,
    0xEF, 0x7B, 0x75, 0xAD, 0x79, 0xCE, 0x79, 0xCE, 0x75, 0xAD, 0xEF, 0x7B, 0xEF, 0x7B, 0xEF, 0x7B,
    0x10, 0x84, 0x79, 0xCE, 0x79, 0xCE, 0x79, 0xCE, 0xEF, 0x7B, 0x75, 0xAD, 0x9A, 0xD6, 0x9A, 0xD6,
    0x75, 0xAD, 0xEF, 0x7B, 0xEF, 0x7B, 0xEF, 0x7B, 0x10, 0x84, 0x79, 0xCE, 0x9A, 0xD6, 0x9A, 0xD6,
    0xEF, 0x7B, 0x75, 0xAD, 0x9A, 0xD6, 0x9A, 0xD6, 0x75, 0xAD, 0xEF, 0x7B, 0xEF, 0x7B, 0xEF, 0x7B,
    0x10, 0x84, 0x79, 0xCE, 0x9A, 0xD6, 0x9A, 0xD6, 0xEF, 0x7B, 0x75, 0xAD, 0x9A, 0xD6, 0x9A, 0xD6,
    0x75, 0xAD, 0xEF, 0x7B, 0xEF, 0x7B, 0xEF, 0x7B, 0x10, 0x84, 0x79, 0xCE, 0x9A, 0xD6, 0x9A, 0xD6,
    0xEF, 0x7B, 0x75, 0xAD, 0x9A, 0xD6, 0x9A, 0xD6, 0x75, 0xAD, 0xEF, 0x7B, 0xEF, 0x7B, 0xEF, 0x7B,
    0x10, 0x84, 0x79, 0xCE, 0x9A, 0xD6, 0x9A, 0xD6, 0xEF, 0x7B, 0x75, 0xAD, 0x9A, 0xD6, 0x9A, 0xD6,
    0x75, 0xAD, 0xEF, 0x7B, 0x10, 0x84, 0x10, 0x84, 0x10, 0x84, 0x79, 0xCE, 0x9A, 0xD6, 0x9A, 0xD6,
    0xEF, 0x7B, 0x75, 0xAD, 0x9A, 0xD6, 0x9A, 0xD6, 0x75, 0xAD, 0x10, 0x84, 0x79, 0xCE, 0x75, 0xAD,
    0x10, 0x84, 0x79, 0xCE, 0x9A, 0xD6, 0x9A, 0xD6, 0xEF, 0x7B, 0x75, 0xAD, 0x9A, 0xD6, 0x9A, 0xD6,
    0x18, 0xC6, 0x96, 0xB5, 0x9A, 0xD6, 0x18, 0xC6, 0x96, 0xB5, 0x9A, 0xD6, 0x9A, 0xD6, 0x9A, 0xD6,
    0xEF, 0x7B, 0x75, 0xAD, 0x79, 0xCE, 0x9A, 0xD6, 0x9A, 0xD6, 0x9A, 0xD6, 0x79, 0xCE, 0x9A, 0xD6,
    0x9A, 0xD6, 0x9A, 0xD6, 0x9A, 0xD6, 0x79, 0xCE, 0xEF, 0x7B, 0x10, 0x84, 0x30, 0x84, 0x79, 0xCE,
    0x9A, 0xD6, 0x79, 0xCE, 0x30, 0x84, 0x96, 0xB5, 0x9A, 0xD6, 0x9A, 0xD6, 0x96, 0xB5, 0x10, 0x84,
    0xEF, 0x7B, 0xEF, 0x7B, 0x10, 0x84, 0x75, 0xAD, 0x75, 0xAD, 0x75, 0xAD, 0x10, 0x84, 0xD3, 0x9C,
    0x75, 0xAD, 0x75, 0xAD, 0xD3, 0x9C, 0xEF, 0x7B, 0xEF, 0x7B, 0x10, 0x84, 0x10, 0x84, 0x10, 0x84,
    0x10, 0x84, 0xEF, 0x7B, 0xEF, 0x7B, 0x10, 0x84, 0x10, 0x84, 0x10, 0x84, 0x10, 0x84, 0xEF, 0x7B,
    0xEF, 0x7B, 0x75, 0xAD, 0x79, 0xCE, 0x79, 0xCE, 0x75, 0xAD, 0xEF, 0x7B, 0xEF, 0x7B, 0x75, 0xAD,
    0x79, 0xCE, 0x79, 0xCE, 0x75, 0xAD, 0xEF, 0x7B, 0xEF, 0x7B, 0x75, 0xAD, 0x9A, 0xD6, 0x9A, 0xD6,
    0x75, 0xAD, 0xEF, 0x7B, 0xEF, 0x7B, 0x75, 0xAD, 0x9A, 0xD6, 0x9A, 0xD6, 0x75, 0xAD, 0xEF, 0x7B,
    0xEF, 0x7B, 0x75, 0xAD, 0x9A, 0xD6, 0x9A, 0xD6, 0x96, 0xB5, 0x10, 0x84, 0x10, 0x84, 0x96, 0xB5,
    0x9A, 0xD6, 0x9A, 0xD6, 0x75, 0xAD, 0xEF, 0x7B, 0xEF, 0x7B, 0x75, 0xAD, 0x9A, 0xD6, 0x9A, 0xD6,
    0x9A, 0xD6, 0x79, 0xCE, 0x79, 0xCE, 0x9A, 0xD6, 0x9A, 0xD6, 0x9A, 0xD6, 0x75, 0xAD, 0xEF, 0x7B,
    0xEF, 0x7B, 0xD3, 0x9C, 0x75, 0xAD, 0x75, 0xAD, 0x18, 0xC6, 0x9A, 0xD6, 0x9A, 0xD6, 0x18, 0xC6,
    0x75, 0xAD, 0x75, 0xAD, 0xD3, 0x9C, 0xEF, 0x7B, 0xEF, 0x7B, 0x10, 0x84, 0x10, 0x84, 0x10, 0x84,
    0x96, 0xB5, 0x9A, 0xD6, 0x9A, 0xD6, 0x96, 0xB5, 0x10, 0x84, 0x10, 0x84, 0x10, 0x84, 0xEF, 0x7B,
    0xEF, 0x7B, 0x75, 0xAD, 0x79, 0xCE, 0x79, 0xCE, 0x9A, 0xD6, 0x9A, 0xD6, 0x9A, 0xD6, 0x9A, 0xD6,
    0x79, 0xCE, 0x79, 0xCE, 0x75, 0xAD, 0xEF, 0x7B, 0xEF, 0x7B, 0x75, 0xAD, 0x9A, 0xD6, 0x9A, 0xD6,
    0x18, 0xC6, 0x75, 0xAD, 0x75, 0xAD, 0x18, 0xC6, 0x9A, 0xD6, 0x9A, 0xD6, 0x75, 0xAD, 0xEF, 0x7B,
    0xEF, 0x7B, 0x75, 0xAD, 0x9A, 0xD6, 0x9A, 0xD6, 0x75, 0xAD, 0xEF, 0x7B, 0xEF, 0x7B, 0x75, 0xAD,
    0x9A, 0xD6, 0x9A, 0xD6, 0x75, 0xAD, 0xEF, 0x7B, 0xEF, 0x7B, 0x75, 0xAD, 0x9A, 0xD6, 0x9A, 0xD6,
    0x75, 0xAD, 0xEF, 0x7B, 0xEF, 0x7B, 0x75, 0xAD, 0x9A, 0xD6, 0x9A, 0xD6, 0x75, 0xAD, 0xEF, 0x7B,
    0xEF, 0x7B, 0xD3, 0x9C, 0x75, 0xAD, 0x75, 0xAD, 0xD3, 0x9C, 0xEF, 0x7B, 0xEF, 0x7B, 0xD3, 0x9C,
    0x75, 0xAD, 0x75, 0xAD, 0xD3, 0x9C, 0xEF, 0x7B, 0xEF, 0x7B, 0x10, 0x84, 0x10, 0x84, 0x10, 0x84,
    0x10, 0x84, 0xEF, 0x7B, 0xEF, 0x7B, 0x10, 0x84, 0x10, 0x84, 0x10, 0x84, 0x10, 0x84, 0xEF, 0x7B,
    0xEF, 0x7B, 0x75, 0xAD, 0x79, 0xCE, 0x79, 0xCE, 0x75, 0xAD, 0xEF, 0x7B, 0xEF, 0x7B, 0x75, 0xAD,
    0x79, 0xCE, 0x79, 0xCE, 0x75, 0xAD, 0xEF, 0x7B, 0xEF, 0x7B, 0x75, 0xAD, 0x9A, 0xD6, 0x9A, 0xD6,
    0x75, 0xAD, 0xEF, 0x7B, 0xEF, 0x7B, 0x75, 0xAD, 0x9A, 0xD6, 0x9A, 0xD6, 0x75, 0xAD, 0xEF, 0x7B,
    0xEF, 0x7B, 0x75, 0xAD, 0x9A, 0xD6, 0x9A, 0xD6, 0x96, 0xB5, 0x10, 0x84, 0x10, 0x84, 0x96, 0xB5,
    0x9A, 0xD6, 0x9A, 0xD6, 0x75, 0xAD, 0xEF, 0x7B, 0xEF, 0x7B, 0x75, 0xAD, 0x9A, 0xD6, 0x9A, 0xD6,
    0x9A, 0xD6, 0x79, 0xCE, 0x79, 0xCE, 0x9A, 0xD6, 0x9A, 0xD6, 0x9A, 0xD6, 0x75, 0xAD, 0xEF, 0x7B,
    0xEF, 0x7B, 0xD3, 0x9C, 0x96, 0xB5, 0x9A, 0xD6, 0x9A, 0xD6, 0x9A, 0xD6, 0x9A, 0xD6, 0x9A, 0xD6,
    0x9A, 0xD6, 0x96, 0xB5, 0xD3, 0x9C, 0xEF, 0x7B, 0xEF, 0x7B, 0xEF, 0x7B, 0x10, 0x84, 0x79, 0xCE,
    0x9A, 0xD6, 0x9A, 0xD6, 0x9A, 0xD6, 0x9A, 0xD6, 0x79, 0xCE, 0x10, 0x84, 0xEF, 0x7B, 0xEF, 0x7B,
    0xEF, 0x7B, 0xEF, 0x7B, 0xEF, 0x7B, 0x10, 0x84, 0x96, 0xB5, 0x9A, 0xD6, 0x9A, 0xD6, 0x96, 0xB5,
    0x10, 0x84, 0xEF, 0x7B, 0xEF, 0x7B, 0xEF, 0x7B, 0xEF, 0x7B, 0xEF, 0x7B, 0xEF, 0x7B, 0xEF, 0x7B,
    0x75, 0xAD, 0x9A, 0xD6, 0x9A, 0xD6, 0x75, 0xAD, 0xEF, 0x7B, 0xEF, 0x7B, 0xEF, 0x7B, 0xEF, 0x7B,
    0xEF, 0x7B, 0xEF, 0x7B, 0xEF, 0x7B, 0xEF, 0x7B, 0x75, 0xAD, 0x9A, 0xD6, 0x9A, 0xD6, 0x75, 0xAD,
    0xEF, 0x7B, 0xEF, 0x7B, 0xEF, 0x7B, 0xEF, 0x7B, 0xEF, 0x7B, 0xEF, 0x7B, 0xEF, 0x7B, 0xEF, 0x7B,
    0x75, 0xAD, 0x9A, 0xD6, 0x9A, 0xD6, 0x75, 0xAD, 0xEF, 0x7B, 0xEF, 0x7B, 0xEF, 0x7B, 0xEF, 0x7B,
    0xEF, 0x7B, 0xEF, 0x7B, 0xEF, 0x7B, 0xEF, 0x7B, 0xD3, 0x9C, 0x75, 0xAD, 0x75, 0xAD, 0xD3, 0x9C,
    0xEF, 0x7B, 0xEF, 0x7B, 0xEF, 0x7B, 0xEF, 0x7B, 0xEF, 0x7B, 0x10, 0x84, 0x10, 0x84, 0x10, 0x84,
    0x10, 0x84, 0x10, 0x84, 0x10, 0x84, 0x10, 0x84, 0x10, 0x84, 0xEF, 0x7B, 0xEF, 0x7B, 0xEF, 0x7B,
    0xEF, 0x7B, 0x75, 0xAD, 0x79, 0xCE, 0x79, 0xCE, 0x79, 0xCE, 0x79, 0xCE, 0x79, 0xCE, 0x79, 0xCE,
    0x79, 0xCE, 0x10, 0x84, 0xEF, 0x7B, 0xEF, 0x7B, 0xEF, 0x7B, 0x75, 0xAD, 0x9A, 0xD6, 0x9A, 0xD6,
    0x9A, 0xD6, 0x9A, 0xD6, 0x9A, 0xD6, 0x9A, 0xD6, 0x79, 0xCE, 0x10, 0x84, 0xEF, 0x7B, 0xEF, 0x7B,
    0xEF, 0x7B, 0x75, 0xAD, 0x79, 0xCE, 0x79, 0xCE, 0x79, 0xCE, 0x79, 0xCE, 0x9A, 0xD6, 0x9A, 0xD6,
    0x79, 0xCE, 0x10, 0x84, 0xEF, 0x7B, 0xEF, 0x7B, 0xEF, 0x7B, 0x10, 0x84, 0x10, 0x84, 0x10, 0x84,
    0x10, 0x84, 0x30, 0x84, 0x79, 0xCE, 0x9A, 0xD6, 0x79, 0xCE, 0x10, 0x84, 0xEF, 0x7B, 0xEF, 0x7B,
    0xEF, 0x7B, 0xEF, 0x7B, 0xEF, 0x7B, 0xEF, 0x7B, 0xD3, 0x9C, 0x96, 0xB5, 0x9A, 0xD6, 0x18, 0xC6,
    0x75, 0xAD, 0x10, 0x84, 0xEF, 0x7B, 0xEF, 0x7B, 0xEF, 0x7B, 0xEF, 0x7B, 0xEF, 0x7B, 0x10, 0x84,
    0x96, 0xB5, 0x9A, 0xD6, 0x79, 0xCE, 0x75, 0xAD, 0xEF, 0x7B, 0xEF, 0x7B, 0xEF, 0x7B, 0xEF, 0x7B,
    0xEF, 0x7B, 0xEF, 0x7B, 0x10, 0x84, 0x79, 0xCE, 0x9A, 0xD6, 0x79, 0xCE, 0x30, 0x84, 0x10, 0x84,
    0xEF, 0x7B, 0xEF, 0x7B, 0xEF, 0x7B, 0xEF, 0x7B, 0xEF, 0x7B, 0xD3, 0x9C, 0x96, 0xB5, 0x9A, 0xD6,
    0x9A, 0xD6, 0x9A, 0xD6, 0x96, 0xB5, 0x75, 0xAD, 0x75, 0xAD, 0x10, 0x84, 0xEF, 0x7B, 0xEF, 0x7B,
    0xEF, 0x7B, 0x75, 0xAD, 0x9A, 0xD6, 0x9A, 0xD6, 0x9A, 0xD6, 0x9A, 0xD6, 0x9A, 0xD6, 0x9A, 0xD6,
    0x79, 0xCE, 0x10, 0x84, 0xEF, 0x7B, 0xEF, 0x7B, 0xEF, 0x7B, 0x75, 0xAD, 0x9A, 0xD6, 0x9A, 0xD6,
    0x9A, 0xD6, 0x9A, 0xD6, 0x9A, 0xD6, 0x9A, 0xD6, 0x79, 0xCE, 0x10, 0x84, 0xEF, 0x7B, 0xEF, 0x7B,
    0xEF, 0x7B, 0xD3, 0x9C, 0x75, 0xAD, 0x75, 0xAD, 0x75, 0xAD, 0x75, 0xAD, 0x75, 0xAD, 0x75, 0xAD,
    0x75, 0xAD, 0x10, 0x84, 0xEF, 0x7B, 0xEF, 0x7B, 0xEF, 0x7B, 0xEF, 0x7B, 0xEF, 0x7B, 0xEF, 0x7B,
    0xEF, 0x7B, 0xEF, 0x7B, 0xEF, 0x7B, 0xEF, 0x7B, 0xEF, 0x7B, 0xEF, 0x7B, 0xEF, 0x7B, 0xEF, 0x7B,
    0xEF, 0x7B, 0xEF, 0x7B, 0xEF, 0x7B, 0xEF, 0x7B, 0xEF, 0x7B, 0xEF, 0x7B, 0xEF, 0x7B, 0xEF, 0x7B,
    0xEF, 0x7B, 0xEF, 0x7B, 0xEF, 0x7B, 0xEF, 0x7B, 0xEF, 0x7B, 0xEF, 0x7B, 0x10, 0x84, 0x75, 0xAD,
    0x75, 0xAD, 0x75, 0xAD, 0x10, 0x84, 0xEF, 0x7B, 0xEF, 0x7B, 0xEF, 0x7B, 0xEF, 0x7B, 0xEF, 0x7B,
    0xEF, 0x7B, 0xEF, 0x7B, 0x10, 0x84, 0x79, 0xCE, 0x9A, 0xD6, 0x79, 0xCE, 0x10, 0x84, 0xEF, 0x7B,
    0xEF, 0x7B, 0xEF, 0x7B, 0xEF, 0x7B, 0xEF, 0x7B, 0xEF, 0x7B, 0xEF, 0x7B, 0x10, 0x84, 0x79, 0xCE,
    0x9A, 0xD6, 0x79, 0xCE, 0x10, 0x84, 0xEF, 0x7B, 0xEF, 0x7B, 0xEF, 0x7B, 0xEF, 0x7B, 0xEF, 0x7B,
    0xEF, 0x7B, 0xEF, 0x7B, 0x10, 0x84, 0x75, 0xAD, 0x75, 0xAD, 0x75, 0xAD, 0x10, 0x84, 0xEF, 0x7B,
    0xEF, 0x7B, 0xEF, 0x7B, 0xEF, 0x7B, 0xEF, 0x7B, 0xEF, 0x7B, 0xEF, 0x7B, 0xEF, 0x7B, 0x10, 0x84,
    0x10, 0x84, 0x10, 0x84, 0xEF, 0x7B, 0xEF, 0x7B, 0xEF, 0x7B, 0xEF, 0x7B, 0xEF, 0x7B, 0xEF, 0x7B,
    0xEF, 0x7B, 0xEF, 0x7B, 0x10, 0x84, 0x79, 0xCE, 0x79, 0xCE, 0x79, 0xCE, 0x10, 0x84, 0xEF, 0x7B,
    0xEF, 0x7B, 0xEF, 0x7B, 0xEF, 0x7B, 0xEF, 0x7B, 0xEF, 0x7B, 0xEF, 0x7B, 0x10, 0x84, 0x79, 0xCE,
    0x9A, 0xD6, 0x79, 0xCE, 0x10, 0x84, 0xEF, 0x7B, 0xEF, 0x7B, 0xEF, 0x7B, 0xEF, 0x7B, 0xEF, 0x7B,
    0xEF, 0x7B, 0xEF, 0x7B, 0x10, 0x84, 0x79, 0xCE, 0x79, 0xCE, 0x79, 0xCE, 0x10, 0x84, 0xEF, 0x7B,
    0xEF, 0x7B, 0xEF, 0x7B, 0xEF, 0x7B, 0xEF, 0x7B, 0xEF, 0x7B, 0xEF, 0x7B, 0xEF, 0x7B, 0x10, 0x84,
    0x10, 0x84, 0x10, 0x84, 0xEF, 0x7B, 0xEF, 0x7B, 0xEF, 0x7B, 0xEF, 0x7B, 0xEF, 0x7B, 0xEF, 0x7B,
    0xEF, 0x7B, 0xEF, 0x7B, 0xEF, 0x7B, 0xEF, 0x7B, 0xEF, 0x7B, 0xEF, 0x7B, 0xEF, 0x7B, 0xEF, 0x7B,
    0xEF, 0x7B, 0xEF, 0x7B, 0xEF, 0x7B, 0xEF, 0x7B, 0xEF, 0x7B, 0xEF, 0x7B, 0xEF, 0x7B, 0x10, 0x84,
    0x10, 0x84, 0x10, 0x84, 0x10, 0x84, 0x10, 0x84, 0x10, 0x84, 0xEF, 0x7B, 0xEF, 0x7B, 0xEF, 0x7B,
    0xEF, 0x7B, 0xEF, 0x7B, 0x10, 0x84, 0x79, 0xCE, 0x79, 0xCE, 0x79, 0xCE, 0x79, 0xCE, 0x79, 0xCE,
    0x79, 0xCE, 0x10, 0x84, 0xEF, 0x7B, 0xEF, 0x7B, 0xEF, 0x7B, 0xD3, 0x9C, 0x75, 0xAD, 0x75, 0xAD,
    0x75, 0xAD, 0x75, 0xAD, 0x75, 0xAD, 0x18, 0xC6, 0x9A, 0xD6, 0x96, 0xB5, 0xD3, 0x9C, 0xEF, 0x7B,
    0xEF, 0x7B, 0x75, 0xAD, 0x79, 0xCE, 0x10, 0x84, 0x10, 0x84, 0x10, 0x84, 0x10, 0x84, 0x75, 0xAD,
    0x79, 0xCE, 0x9A, 0xD6, 0x75, 0xAD, 0xEF, 0x7B, 0xEF, 0x7B, 0x75, 0xAD, 0x79, 0xCE, 0x10, 0x84,
    0x75, 0xAD, 0x79, 0xCE, 0x79, 0xCE, 0x75, 0xAD, 0x30, 0x84, 0x79, 0xCE, 0x75, 0xAD, 0xEF, 0x7B,
    0xEF, 0x7B, 0x75, 0xAD, 0x79, 0xCE, 0x10, 0x84, 0xD3, 0x9C, 0x75, 0xAD, 0x75, 0xAD, 0x75, 0xAD,
    0x96, 0xB5, 0x9A, 0xD6, 0x75, 0xAD, 0xEF, 0x7B, 0xEF, 0x7B, 0x75, 0xAD, 0x79, 0xCE, 0x10, 0x84,
    0x10, 0x84, 0x10, 0x84, 0x10, 0x84, 0x75, 0xAD, 0x79, 0xCE, 0x9A, 0xD6, 0x75, 0xAD, 0xEF, 0x7B,
    0xEF, 0x7B, 0x75, 0xAD, 0x79, 0xCE, 0x10, 0x84, 0x75, 0xAD, 0x79, 0xCE, 0x79, 0xCE, 0x75, 0xAD,
    0x30, 0x84, 0x79, 0xCE, 0x75, 0xAD, 0xEF, 0x7B, 0xEF, 0x7B, 0x75, 0xAD, 0x79, 0xCE, 0x10, 0x84,
    0xD3, 0x9C, 0x75, 0xAD, 0x75, 0xAD, 0x75, 0xAD, 0x96, 0xB5, 0x9A, 0xD6, 0x75, 0xAD, 0xEF, 0x7B,
    0xEF, 0x7B, 0x75, 0xAD, 0x79, 0xCE, 0x30, 0x84, 0x10, 0x84, 0x10, 0x84, 0x10, 0x84, 0x96, 0xB5,
    0x9A, 0xD6, 0x79, 0xCE, 0x75, 0xAD, 0xEF, 0x7B, 0xEF, 0x7B, 0x10, 0x84, 0x30, 0x84, 0x79, 0xCE,
    0x79, 0xCE, 0x79, 0xCE, 0x79, 0xCE, 0x9A, 0xD6, 0x79, 0xCE, 0x30, 0x84, 0x10, 0x84, 0xEF, 0x7B,
    0xEF, 0x7B, 0xEF, 0x7B, 0x10, 0x84, 0x75, 0xAD, 0x75, 0xAD, 0x75, 0xAD, 0x75, 0xAD, 0x75, 0xAD,
    0x75, 0xAD, 0x10, 0x84, 0xEF, 0x7B, 0xEF, 0x7B, 0xEF, 0x7B, 0xEF, 0x7B, 0xEF, 0x7B, 0xEF, 0x7B,
    0xEF, 0x7B, 0xEF, 0x7B, 0x10, 0x84, 0x10, 0x84, 0xEF, 0x7B, 0xEF, 0x7B, 0xEF, 0x7B, 0xEF, 0x7B,
    0xEF, 0x7B, 0xEF, 0x7B, 0xEF, 0x7B, 0xEF, 0x7B, 0xEF, 0x7B, 0x10, 0x84, 0x79, 0xCE, 0x75, 0xAD,
    0xEF, 0x7B, 0xEF, 0x7B, 0xEF, 0x7B, 0xEF, 0x7B, 0xEF, 0x7B, 0xEF, 0x7B, 0xEF, 0x7B, 0xEF, 0x7B,
    0xEF, 0x7B, 0x10, 0x84, 0x75, 0xAD, 0x75, 0xAD, 0x75, 0xAD, 0x10, 0x84, 0xEF, 0x7B, 0xEF, 0x7B,
    0x10, 0x84, 0x10, 0x84, 0x10, 0x84, 0x10, 0x84, 0x10, 0x84, 0x10, 0x84, 0xEF, 0x7B, 0x75, 0xAD,
    0x79, 0xCE, 0x30, 0x84, 0x10, 0x84, 0xEF, 0x7B, 0x79, 0xCE, 0x79, 0xCE, 0x79, 0xCE, 0x79, 0xCE,
    0x79, 0xCE, 0x79, 0xCE, 0x10, 0x84, 0x10, 0x84, 0x30, 0x84, 0x79, 0xCE, 0x75, 0xAD, 0xEF, 0x7B,
    0x75, 0xAD, 0x75, 0xAD, 0x75, 0xAD, 0x75, 0xAD, 0x75, 0xAD, 0x75, 0xAD, 0x10, 0x84, 0xEF, 0x7B,
    0x10, 0x84, 0x75, 0xAD, 0x75, 0xAD, 0x75, 0xAD, 0xEF, 0x7B, 0xEF, 0x7B, 0xEF, 0x7B, 0xEF, 0x7B,
    0xEF, 0x7B, 0xEF, 0x7B, 0xEF, 0x7B, 0xEF, 0x7B, 0xEF, 0x7B, 0xEF, 0x7B, 0x75, 0xAD, 0x9A, 0xD6,
    0xEF, 0x7B, 0xEF, 0x7B, 0xEF, 0x7B, 0xEF, 0x7B, 0xEF, 0x7B, 0xEF, 0x7B, 0xEF, 0x7B, 0xEF, 0x7B,
    0xEF, 0x7B, 0xEF, 0x7B, 0x75, 0xAD, 0x9A, 0xD6, 0x75, 0xAD, 0x75, 0xAD, 0x75, 0xAD, 0x75, 0xAD,
    0x75, 0xAD, 0x75, 0xAD, 0x10, 0x84, 0xEF, 0x7B, 0x10, 0x84, 0x75, 0xAD, 0x75, 0xAD, 0x75, 0xAD,
    0x79, 0xCE, 0x79, 0xCE, 0x79, 0xCE, 0x79, 0xCE, 0x79, 0xCE, 0x79, 0xCE, 0x10, 0x84, 0x10, 0x84,
    0x30, 0x84, 0x79, 0xCE, 0x75, 0xAD, 0xEF, 0x7B, 0x10, 0x84, 0x10, 0x84, 0x10, 0x84, 0x10, 0x84,
    0x10, 0x84, 0x10, 0x84, 0xEF, 0x7B, 0x75, 0xAD, 0x79, 0xCE, 0x30, 0x84, 0x10, 0x84, 0xEF, 0x7B,
    0xEF, 0x7B, 0xEF, 0x7B, 0xEF, 0x7B, 0xEF, 0x7B, 0xEF, 0x7B, 0x10, 0x84, 0x75, 0xAD, 0x75, 0xAD,
    0x75, 0xAD, 0x10, 0x84, 0xEF, 0x7B, 0xEF, 0x7B, 0xEF, 0x7B, 0xEF, 0x7B, 0xEF, 0x7B, 0x10, 0x84,
    0x10, 0x84, 0x30, 0x84, 0x79, 0xCE, 0x96, 0xB5, 0x10, 0x84, 0xEF, 0x7B, 0xEF, 0x7B, 0xEF, 0x7B,
    0xEF, 0x7B, 0xEF, 0x7B, 0x10, 0x84, 0x79, 0xCE, 0x79, 0xCE, 0x79, 0xCE, 0x9A, 0xD6, 0x9A, 0xD6,
    0x79, 0xCE, 0x10, 0x84, 0xEF, 0x7B, 0xEF, 0x7B, 0xEF, 0x7B, 0xD3, 0x9C, 0x96, 0xB5, 0x9A, 0xD6,
    0x18, 0xC6, 0x75, 0xAD, 0x75, 0xAD, 0x18, 0xC6, 0x9A, 0xD6, 0x96, 0xB5, 0xD3, 0x9C, 0xEF, 0x7B,
    0xEF, 0x7B, 0x75, 0xAD, 0x9A, 0xD6, 0x79, 0xCE, 0x75, 0xAD, 0x10, 0x84, 0x10, 0x84, 0x75, 0xAD,
    0x79, 0xCE, 0x9A, 0xD6, 0x75, 0xAD, 0xEF, 0x7B, 0xEF, 0x7B, 0x75, 0xAD, 0x79, 0xCE, 0x30, 0x84,
    0x75, 0xAD, 0x79, 0xCE, 0x79, 0xCE, 0x75, 0xAD, 0x30, 0x84, 0x79, 0xCE, 0x75, 0xAD, 0xEF, 0x7B,
    0xEF, 0x7B, 0x75, 0xAD, 0x79, 0xCE, 0x10, 0x84, 0xD3, 0x9C, 0x75, 0xAD, 0x75, 0xAD, 0xD3, 0x9C,
    0x10, 0x84, 0x79, 0xCE, 0x75, 0xAD, 0xEF, 0x7B, 0xEF, 0x7B, 0x75, 0xAD, 0x79, 0xCE, 0x10, 0x84,
    0x10, 0x84, 0x10, 0x84, 0x10, 0x84, 0x10, 0x84, 0x10, 0x84, 0x79, 0xCE, 0x75, 0xAD, 0xEF, 0x7B,
    0xEF, 0x7B, 0x75, 0xAD, 0x79, 0xCE, 0x10, 0x84, 0x75, 0xAD, 0x79, 0xCE, 0x79, 0xCE, 0x75, 0xAD,
    0x10, 0x84, 0x79, 0xCE, 0x75, 0xAD, 0xEF, 0x7B, 0xEF, 0x7B, 0x75, 0xAD, 0x79, 0xCE, 0x10, 0x84,
    0x75, 0xAD, 0x9A, 0xD6, 0x9A, 0xD6, 0x75, 0xAD, 0x10, 0x84, 0x79, 0xCE, 0x75, 0xAD, 0xEF, 0x7B,
    0xEF, 0x7B, 0x75, 0xAD, 0x79, 0xCE, 0x30, 0x84, 0x96, 0xB5, 0x9A, 0xD6, 0x9A, 0xD6, 0x96, 0xB5,
    0x30, 0x84, 0x79, 0xCE, 0x75, 0xAD, 0xEF, 0x7B, 0xEF, 0x7B, 0x10, 0x84, 0x30, 0x84, 0x79, 0xCE,
    0x9A, 0xD6, 0x9A, 0xD6, 0x9A, 0xD6, 0x9A, 0xD6, 0x79, 0xCE, 0x30, 0x84, 0x10, 0x84, 0xEF, 0x7B,
    0xEF, 0x7B, 0xEF, 0x7B, 0x10, 0x84, 0x75, 0xAD, 0x75, 0xAD, 0x75, 0xAD, 0x75, 0xAD, 0x75, 0xAD,
    0x75, 0xAD, 0x10, 0x84, 0xEF, 0x7B, 0xEF, 0x7B, 0xEF, 0x7B, 0xEF, 0x7B, 0xEF, 0x7B, 0x10, 0x84,
    0xEF, 0x7B, 0xEF, 0x7B, 0xEF, 0x7B, 0xEF, 0x7B, 0x10, 0x84, 0xEF, 0x7B, 0xEF, 0x7B, 0xEF, 0x7B,
    0xD3, 0x9C, 0x92, 0x94, 0x92, 0x94, 0x92, 0x94, 0x71, 0x8C, 0x34, 0xA5, 0xF3, 0x9C, 0xB2, 0x94,
    0xF3, 0x9C, 0x92, 0x94, 0x30, 0x84, 0x10, 0x84, 0xB2, 0x94, 0x10, 0x84, 0xAE, 0x73, 0x10, 0x84,
    0x14, 0xA5, 0x10, 0x84, 0x10, 0x84, 0x10, 0x84, 0x10, 0x84, 0xCF, 0x7B, 0xEF, 0x7B, 0x8E, 0x73,
    0xB2, 0x94, 0x30, 0x84, 0x10, 0x84, 0xD3, 0x9C, 0xEF, 0x7B, 0xD7, 0xBD, 0x34, 0xA5, 0x10, 0x84,
    0xAE, 0x73, 0xAE, 0x73, 0xEF, 0x7B, 0x8E, 0x73, 0xB2, 0x94, 0x30, 0x84, 0xF3, 0x9C, 0xCF, 0x7B,
    0xB6, 0xB5, 0xF7, 0xBD, 0xB6, 0xB5, 0x14, 0xA5, 0xAE, 0x73, 0xEF, 0x7B, 0x10, 0x84, 0x8E, 0x73,
    0xD3, 0x9C, 0xD3, 0x9C, 0xAE, 0x73, 0x96, 0xB5, 0xF7, 0xBD, 0xD7, 0xBD, 0x96, 0xB5, 0xB6, 0xB5,
    0xF3, 0x9C, 0xEF, 0x7B, 0xCF, 0x7B, 0x6D, 0x6B, 0x34, 0xA5, 0xEF, 0x7B, 0xF7, 0xBD, 0xF7, 0xBD,
    0x55, 0xAD, 0x55, 0xAD, 0x75, 0xAD, 0x96, 0xB5, 0x96, 0xB5, 0xB2, 0x94, 0x10, 0x84, 0x0C, 0x63,
    0x14, 0xA5, 0xCF, 0x7B, 0x75, 0xAD, 0xB6, 0xB5, 0xD7, 0xBD, 0x75, 0xAD, 0x34, 0xA5, 0x55, 0xAD,
    0xF3, 0x9C, 0x71, 0x8C, 0x71, 0x8C, 0x0C, 0x63, 0xB2, 0x94, 0xAE, 0x73, 0x51, 0x8C, 0xB2, 0x94,
    0x55, 0xAD, 0x55, 0xAD, 0x75, 0xAD, 0x75, 0xAD, 0x71, 0x8C, 0x71, 0x8C, 0xAE, 0x73, 0x2C, 0x63,
    0xD3, 0x9C, 0xEF, 0x7B, 0x30, 0x84, 0xB2, 0x94, 0x55, 0xAD, 0xF3, 0x9C, 0x34, 0xA5, 0x75, 0xAD,
    0x30, 0x84, 0x8E, 0x73, 0xCF, 0x7B, 0x6D, 0x6B, 0xB2, 0x94, 0x30, 0x84, 0x51, 0x8C, 0x92, 0x94,
    0xB2, 0x94, 0x92, 0x94, 0xB2, 0x94, 0x51, 0x8C, 0x51, 0x8C, 0xAE, 0x73, 0x10, 0x84, 0xAE, 0x73,
    0xD3, 0x9C, 0x10, 0x84, 0x30, 0x84, 0xCF, 0x7B, 0x51, 0x8C, 0xB2, 0x94, 0x71, 0x8C, 0x92, 0x94,
    0x92, 0x94, 0x4D, 0x6B, 0xEF, 0x7B, 0x6D, 0x6B, 0x30, 0x84, 0x8E, 0x73, 0x0C, 0x63, 0xEB, 0x5A,
    0x4D, 0x6B, 0x4D, 0x6B, 0x2C, 0x63, 0x2C, 0x63, 0x2C, 0x63, 0x4D, 0x6B, 0xCF, 0x7B, 0x4D, 0x6B,
    0xD3, 0x9C, 0xD3, 0x9C, 0x92, 0x94, 0xB2, 0x94, 0xD3, 0x9C, 0xF3, 0x9C, 0xF3, 0x9C, 0xD3, 0x9C,
    0x92, 0x94, 0x92, 0x94, 0xB2, 0x94, 0x10, 0x84, 0x51, 0x8C, 0x10, 0x84, 0x30, 0x84, 0x10, 0x84,
    0x92, 0x94, 0xCF, 0x7B, 0xEF, 0x7B, 0xCF, 0x7B, 0x10, 0x84, 0x30, 0x84, 0x10, 0x84, 0x8E, 0x73,
    0x51, 0x8C, 0x92, 0x94, 0x51, 0x8C, 0x71, 0x8C, 0xEF, 0x7B, 0x38, 0xC6, 0x55, 0xAD, 0xAE, 0x73,
    0xEF, 0x7B, 0xEF, 0x7B, 0xAE, 0x73, 0x6D, 0x6B, 0xB2, 0x94, 0x8E, 0x73, 0xD3, 0x9C, 0xB2, 0x94,
    0xB2, 0x94, 0x38, 0xC6, 0xB6, 0xB5, 0xD3, 0x9C, 0xEF, 0x7B, 0xCF, 0x7B, 0xEF, 0x7B, 0x6D, 0x6B,
    0x75, 0xAD, 0xCF, 0x7B, 0xB6, 0xB5, 0x55, 0xAD, 0x75, 0xAD, 0xD7, 0xBD, 0x55, 0xAD, 0xB6, 0xB5,
    0xF3, 0x9C, 0xEF, 0x7B, 0x10, 0x84, 0x6D, 0x6B, 0x55, 0xAD, 0xEF, 0x7B, 0xB6, 0xB5, 0xF3, 0x9C,
    0x55, 0xAD, 0x75, 0xAD, 0x55, 0xAD, 0xD7, 0xBD, 0xB6, 0xB5, 0xB2, 0x94, 0xEF, 0x7B, 0x0C, 0x63,
    0x34, 0xA5, 0xCF, 0x7B, 0xB6, 0xB5, 0x34, 0xA5, 0x75, 0xAD, 0x34, 0xA5, 0x75, 0xAD, 0x96, 0xB5,
    0x75, 0xAD, 0x71, 0x8C, 0x71, 0x8C, 0xEB, 0x5A, 0x14, 0xA5, 0xAE, 0x73, 0x34, 0xA5, 0x75, 0xAD,
    0x75, 0xAD, 0x55, 0xAD, 0x96, 0xB5, 0x55, 0xAD, 0x71, 0x8C, 0xD3, 0x9C, 0x6D, 0x6B, 0xAE, 0x73,
    0x55, 0xAD, 0x10, 0x84, 0x51, 0x8C, 0x30, 0x84, 0x51, 0x8C, 0x75, 0xAD, 0x55, 0xAD, 0x51, 0x8C,
    0x51, 0x8C, 0x2C, 0x63, 0x10, 0x84, 0xCF, 0x7B, 0xB2, 0x94, 0x8E, 0x73, 0xAE, 0x73, 0xAE, 0x73,
    0xCF, 0x7B, 0x34, 0xA5, 0x51, 0x8C, 0x92, 0x94, 0x4D, 0x6B, 0xAE, 0x73, 0xCF, 0x7B, 0x8E, 0x73,
    0xB2, 0x94, 0xEF, 0x7B, 0x10, 0x84, 0xCF, 0x7B, 0x30, 0x84, 0x30, 0x84, 0x71, 0x8C, 0x4D, 0x6B,
    0x10, 0x84, 0xEF, 0x7B, 0xEF, 0x7B, 0x4D, 0x6B, 0x30, 0x84, 0x8E, 0x73, 0xCF, 0x7B, 0x8E, 0x73,
    0x8E, 0x73, 0x2C, 0x63, 0x0C, 0x63, 0x8E, 0x73, 0xAE, 0x73, 0xAE, 0x73, 0x8E, 0x73, 0x6D, 0x6B,
    0xD3, 0x9C, 0x92, 0x94, 0xF3, 0x9C, 0x34, 0xA5, 0x14, 0xA5, 0x14, 0xA5, 0x55, 0xAD, 0x55, 0xAD,
    0xB2, 0x94, 0x10, 0x84, 0x51, 0x8C, 0x10, 0x84, 0x92, 0x94, 0x10, 0x84, 0xD3, 0x9C, 0xCF, 0x7B,
    0xAE, 0x73, 0xCF, 0x7B, 0xEF, 0x7B, 0xCF, 0x7B, 0xAE, 0x73, 0x6D, 0x6B, 0xEF, 0x7B, 0xAE, 0x73,
    0xD3, 0x9C, 0x30, 0x84, 0x92, 0x94, 0x71, 0x8C, 0x34, 0xA5, 0xB6, 0xB5, 0xB6, 0xB5, 0x96, 0xB5,
    0x71, 0x8C, 0x6D, 0x6B, 0x10, 0x84, 0xAE, 0x73, 0x71, 0x8C, 0xEF, 0x7B, 0x92, 0x94, 0x92, 0x94,
    0x75, 0xAD, 0x34, 0xA5, 0xF3, 0x9C, 0x34, 0xA5, 0x30, 0x84, 0x8E, 0x73, 0xEF, 0x7B, 0xAE, 0x73,
    0x14, 0xA5, 0xD3, 0x9C, 0x10, 0x84, 0xB2, 0x94, 0x75, 0xAD, 0x75, 0xAD, 0x55, 0xAD, 0x55, 0xAD,
    0x51, 0x8C, 0xCF, 0x7B, 0x10, 0x84, 0x4D, 0x6B, 0x14, 0xA5, 0xAE, 0x73, 0xF7, 0xBD, 0xD7, 0xBD,
    0x55, 0xAD, 0x34, 0xA5, 0x75, 0xAD, 0xD7, 0xBD, 0xF7, 0xBD, 0x55, 0xAD, 0x30, 0x84, 0xEB, 0x5A,
    0xF3, 0x9C, 0xEF, 0x7B, 0x14, 0xA5, 0x96, 0xB5, 0x96, 0xB5, 0x75, 0xAD, 0x55, 0xAD, 0x55, 0xAD,
    0x55, 0xAD, 0x71, 0x8C, 0x51, 0x8C, 0x0C, 0x63, 0x92, 0x94, 0xCF, 0x7B, 0xEF, 0x7B, 0xF3, 0x9C,
    0xB6, 0xB5, 0x96, 0xB5, 0xD7, 0xBD, 0x75, 0xAD, 0x51, 0x8C, 0x51, 0x8C, 0x2C, 0x63, 0x8E, 0x73,
    0xB2, 0x94, 0x10, 0x84, 0xEF, 0x7B, 0xAE, 0x73, 0x14, 0xA5, 0xB6, 0xB5, 0x75, 0xAD, 0x71, 0x8C,
    0xB2, 0x94, 0x4D, 0x6B, 0x10, 0x84, 0x8E, 0x73, 0xB2, 0x94, 0xEF, 0x7B, 0xAE, 0x73, 0xAE, 0x73,
    0x10, 0x84, 0xB2, 0x94, 0x71, 0x8C, 0x92, 0x94, 0x4D, 0x6B, 0xEF, 0x7B, 0x30, 0x84, 0x8E, 0x73,
    0x92, 0x94, 0xEF, 0x7B, 0xCF, 0x7B, 0x10, 0x84, 0x10, 0x84, 0x10, 0x84, 0x51, 0x8C, 0x6D, 0x6B,
    0xEF, 0x7B, 0xAE, 0x73, 0x10, 0x84, 0x8E, 0x73, 0x30, 0x84, 0x6D, 0x6B, 0xAE, 0x73, 0xEF, 0x7B,
    0xCF, 0x7B, 0x2C, 0x63, 0x0C, 0x63, 0x8E, 0x73, 0x8E, 0x73, 0x8E, 0x73, 0xAE, 0x73, 0x6D, 0x6B,
    0xD3, 0x9C, 0x92, 0x94, 0x92, 0x94, 0xB2, 0x94, 0x92, 0x94, 0xF3, 0x9C, 0xF3, 0x9C, 0xB2, 0x94,
    0x51, 0x8C, 0xD3, 0x9C, 0x71, 0x8C, 0xEF, 0x7B, 0x51, 0x8C, 0xEF, 0x7B, 0xEF, 0x7B, 0x30, 0x84,
    0xD3, 0x9C, 0x10, 0x84, 0xAE, 0x73, 0xAE, 0x73, 0xCF, 0x7B, 0x30, 0x84, 0x10, 0x84, 0xAE, 0x73,
    0xB2, 0x94, 0xCF, 0x7B, 0xCF, 0x7B, 0xF3, 0x9C, 0xEF, 0x7B, 0x96, 0xB5, 0x34, 0xA5, 0x51, 0x8C,
    0x30, 0x84, 0x92, 0x94, 0x71, 0x8C, 0x4D, 0x6B, 0xF3, 0x9C, 0x30, 0x84, 0xB2, 0x94, 0xAE, 0x73,
    0xD7, 0xBD, 0xD7, 0xBD, 0x55, 0xAD, 0x92, 0x94, 0x92, 0x94, 0x30, 0x84, 0x30, 0x84, 0x0C, 0x63,
    0xD3, 0x9C, 0x14, 0xA5, 0x10, 0x84, 0xF7, 0xBD, 0xF7, 0xBD, 0x96, 0xB5, 0x55, 0xAD, 0x75, 0xAD,
    0x75, 0xAD, 0x51, 0x8C, 0x92, 0x94, 0x0C, 0x63, 0x34, 0xA5, 0x30, 0x84, 0xD7, 0xBD, 0x18, 0xC6,
    0x96, 0xB5, 0x75, 0xAD, 0x34, 0xA5, 0x75, 0xAD, 0x34, 0xA5, 0xB2, 0x94, 0x71, 0x8C, 0x0C, 0x63,
    0xF3, 0x9C, 0xEF, 0x7B, 0x34, 0xA5, 0xB6, 0xB5, 0xD7, 0xBD, 0x55, 0xAD, 0x75, 0xAD, 0x55, 0xAD,
    0xF3, 0x9C, 0x92, 0x94, 0xB2, 0x94, 0x2C, 0x63, 0x71, 0x8C, 0x10, 0x84, 0xEF, 0x7B, 0xF3, 0x9C,
    0xB6, 0xB5, 0x55, 0xAD, 0xD7, 0xBD, 0x55, 0xAD, 0x34, 0xA5, 0x92, 0x94, 0x51, 0x8C, 0x2C, 0x63,
    0xB2, 0x94, 0xEF, 0x7B, 0xCF, 0x7B, 0xEF, 0x7B, 0xD3, 0x9C, 0xB6, 0xB5, 0x55, 0xAD, 0x92, 0x94,
    0x30, 0x84, 0x71, 0x8C, 0x30, 0x84, 0xCB, 0x5A, 0xB2, 0x94, 0xAE, 0x73, 0xEF, 0x7B, 0xEF, 0x7B,
    0xAE, 0x73, 0xD3, 0x9C, 0x71, 0x8C, 0x71, 0x8C, 0x6D, 0x6B, 0x6D, 0x6B, 0x2C, 0x63, 0xCB, 0x5A,
    0xB2, 0x94, 0x10, 0x84, 0x30, 0x84, 0x10, 0x84, 0xCF, 0x7B, 0xEF, 0x7B, 0x71, 0x8C, 0xAE, 0x73,
    0xCF, 0x7B, 0x10, 0x84, 0xEF, 0x7B, 0x4D, 0x6B, 0x30, 0x84, 0xAE, 0x73, 0xAE, 0x73, 0xCF, 0x7B,
    0xCF, 0x7B, 0x4D, 0x6B, 0x2C, 0x63, 0x6D, 0x6B, 0xCF, 0x7B, 0xAE, 0x73, 0xAE, 0x73, 0x4D, 0x6B,
    0xEF, 0x7B, 0xEF, 0x7B, 0x10, 0x84, 0x79, 0xCE, 0x79, 0xCE, 0x79, 0xCE, 0x79, 0xCE, 0x79, 0xCE,
    0x79, 0xCE, 0x10, 0x84, 0xEF, 0x7B, 0xEF, 0x7B, 0xEF, 0x7B, 0xD3, 0x9C, 0x96, 0xB5, 0x9A, 0xD6,
    0x18, 0xC6, 0x96, 0xB5, 0x9A, 0xD6, 0x9A, 0xD6, 0x9A, 0xD6, 0x96, 0xB5, 0xD3, 0x9C, 0xEF, 0x7B,
    0xEF, 0x7B, 0x75, 0xAD, 0x9A, 0xD6, 0x79, 0xCE, 0x75, 0xAD, 0x10, 0x84, 0x79, 0xCE, 0x9A, 0xD6,
    0x9A, 0xD6, 0x9A, 0xD6, 0x75, 0xAD, 0xEF, 0x7B, 0xEF, 0x7B, 0x75, 0xAD, 0x79, 0xCE, 0x30, 0x84,
    0x10, 0x84, 0x10, 0x84, 0x79, 0xCE, 0x9A, 0xD6, 0x9A, 0xD6, 0x9A, 0xD6, 0x75, 0xAD, 0xEF, 0x7B,
    0xEF, 0x7B, 0x75, 0xAD, 0x9A, 0xD6, 0x96, 0xB5, 0xD3, 0x9C, 0x10, 0x84, 0x79, 0xCE, 0x9A, 0xD6,
    0x9A, 0xD6, 0x9A, 0xD6, 0x75, 0xAD, 0xEF, 0x7B, 0xEF, 0x7B, 0x75, 0xAD, 0x9A, 0xD6, 0x9A, 0xD6,
    0x75, 0xAD, 0x10, 0x84, 0x79, 0xCE, 0x9A, 0xD6, 0x9A, 0xD6, 0x9A, 0xD6, 0x75, 0xAD, 0xEF, 0x7B,
    0xEF, 0x7B, 0x75, 0xAD, 0x9A, 0xD6, 0x9A, 0xD6, 0x75, 0xAD, 0x10, 0x84, 0x79, 0xCE, 0x9A, 0xD6,
    0x9A, 0xD6, 0x9A, 0xD6, 0x75, 0xAD, 0xEF, 0x7B, 0xEF, 0x7B, 0x75, 0xAD, 0x9A, 0xD6, 0x96, 0xB5,
    0xD3, 0x9C, 0x10, 0x84, 0x75, 0xAD, 0x18, 0xC6, 0x9A, 0xD6, 0x9A, 0xD6, 0x75, 0xAD, 0xEF, 0x7B,
    0xEF, 0x7B, 0x75, 0xAD, 0x79, 0xCE, 0x30, 0x84, 0x10, 0x84, 0x10, 0x84, 0x10, 0x84, 0x96, 0xB5,
    0x9A, 0xD6, 0x79, 0xCE, 0x75, 0xAD, 0xEF, 0x7B, 0xEF, 0x7B, 0x10, 0x84, 0x30, 0x84, 0x79, 0xCE,
    0x79, 0xCE, 0x79, 0xCE, 0x79, 0xCE, 0x9A, 0xD6, 0x79, 0xCE, 0x30, 0x84, 0x10, 0x84, 0xEF, 0x7B,
    0xEF, 0x7B, 0xEF, 0x7B, 0x10, 0x84, 0x75, 0xAD, 0x75, 0xAD, 0x75, 0xAD, 0x75, 0xAD, 0x75, 0xAD,
    0x75, 0xAD, 0x10, 0x84, 0xEF, 0x7B, 0xEF, 0x7B, 0xEF, 0x7B, 0xEF, 0x7B, 0xEF, 0x7B, 0x10, 0x84,
    0x10, 0x84, 0x10, 0x84, 0x10, 0x84, 0x10, 0x84, 0x10, 0x84, 0xEF, 0x7B, 0xEF, 0x7B, 0xEF, 0x7B,
    0xEF, 0x7B, 0xEF, 0x7B, 0x10, 0x84, 0x79, 0xCE, 0x79, 0xCE, 0x79, 0xCE, 0x79, 0xCE, 0x79, 0xCE,
    0x79, 0xCE, 0x10, 0x84, 0xEF, 0x7B, 0xEF, 0x7B, 0xEF, 0x7B, 0xD3, 0x9C, 0x75, 0xAD, 0x75, 0xAD,
    0x75, 0xAD, 0x96, 0xB5, 0x9A, 0xD6, 0x9A, 0xD6, 0x9A, 0xD6, 0x96, 0xB5, 0xD3, 0x9C, 0xEF, 0x7B,
    0xEF, 0x7B, 0x75, 0xAD, 0x79, 0xCE, 0x30, 0x84, 0x10, 0x84, 0x30, 0x84, 0x79, 0xCE, 0x9A, 0xD6,
    0x9A, 0xD6, 0x9A, 0xD6, 0x75, 0xAD, 0xEF, 0x7B, 0xEF, 0x7B, 0x75, 0xAD, 0x9A, 0xD6, 0x79, 0xCE,
    0x79, 0xCE, 0x79, 0xCE, 0x30, 0x84, 0x96, 0xB5, 0x9A, 0xD6, 0x9A, 0xD6, 0x75, 0xAD, 0xEF, 0x7B,
    0xEF, 0x7B, 0x75, 0xAD, 0x9A, 0xD6, 0x9A, 0xD6, 0x18, 0xC6, 0x75, 0xAD, 0x75, 0xAD, 0x18, 0xC6,
    0x9A, 0xD6, 0x9A, 0xD6, 0x75, 0xAD, 0xEF, 0x7B, 0xEF, 0x7B, 0x75, 0xAD, 0x9A, 0xD6, 0x79, 0xCE,
    0x75, 0xAD, 0x30, 0x84, 0x79, 0xCE, 0x9A, 0xD6, 0x9A, 0xD6, 0x9A, 0xD6, 0x75, 0xAD, 0xEF, 0x7B,
    0xEF, 0x7B, 0x75, 0xAD, 0x79, 0xCE, 0x30, 0x84, 0x75, 0xAD, 0x79, 0xCE, 0x9A, 0xD6, 0x9A, 0xD6,
    0x9A, 0xD6, 0x9A, 0xD6, 0x75, 0xAD, 0xEF, 0x7B, 0xEF, 0x7B, 0x75, 0xAD, 0x79, 0xCE, 0x10, 0x84,
    0xD3, 0x9C, 0x75, 0xAD, 0x75, 0xAD, 0x18, 0xC6, 0x9A, 0xD6, 0x9A, 0xD6, 0x75, 0xAD, 0xEF, 0x7B,
    0xEF, 0x7B, 0x75, 0xAD, 0x79, 0xCE, 0x30, 0x84, 0x10, 0x84, 0x10, 0x84, 0x10, 0x84, 0x96, 0xB5,
    0x9A, 0xD6, 0x79, 0xCE, 0x75, 0xAD, 0xEF, 0x7B, 0xEF, 0x7B, 0x10, 0x84, 0x30, 0x84, 0x79, 0xCE,
    0x79, 0xCE, 0x79, 0xCE, 0x79, 0xCE, 0x9A, 0xD6, 0x79, 0xCE, 0x30, 0x84, 0x10, 0x84, 0xEF, 0x7B,
    0xEF, 0x7B, 0xEF, 0x7B, 0x10, 0x84, 0x75, 0xAD, 0x75, 0xAD, 0x75, 0xAD, 0x75, 0xAD, 0x75, 0xAD,
    0x75, 0xAD, 0x10, 0x84, 0xEF, 0x7B, 0xEF, 0x7B, 0xEF, 0x7B, 0xEF, 0x7B, 0xEF, 0x7B, 0xEF, 0x7B,
    0xEF, 0x7B, 0xEF, 0x7B, 0xEF, 0x7B, 0xEF, 0x7B, 0xEF, 0x7B, 0xEF, 0x7B, 0xEF, 0x7B, 0xEF, 0x7B,
    0xEF, 0x7B, 0xEF, 0x7B, 0xEF, 0x7B, 0xEF, 0x7B, 0xEF, 0x7B, 0xEF, 0x7B, 0xEF, 0x7B, 0xEF, 0x7B,
    0xEF, 0x7B, 0xEF, 0x7B, 0xEF, 0x7B, 0xEF, 0x7B, 0xEF, 0x7B, 0xEF, 0x7B, 0xEF, 0x7B, 0xEF, 0x7B,
    0xEF, 0x7B, 0xEF, 0x7B, 0xEF, 0x7B, 0xEF, 0x7B, 0xEF, 0x7B, 0xEF, 0x7B, 0xEF, 0x7B, 0xEF, 0x7B,
    0xEF, 0x7B, 0xEF, 0x7B, 0xEF, 0x7B, 0xEF, 0x7B, 0xEF, 0x7B, 0xEF, 0x7B, 0xEF, 0x7B, 0xEF, 0x7B,
    0xEF, 0x7B, 0xEF, 0x7B, 0xEF, 0x7B, 0xEF, 0x7B, 0xEF, 0x7B, 0xEF, 0x7B, 0xEF, 0x7B, 0xEF, 0x7B,
    0xEF, 0x7B, 0xEF, 0x7B, 0xEF, 0x7B, 0xEF, 0x7B, 0xEF, 0x7B, 0xEF, 0x7B, 0xEF, 0x7B, 0xEF, 0x7B,
    0xEF, 0x7B, 0xEF, 0x7B, 0xEF, 0x7B, 0xEF, 0x7B, 0xEF, 0x7B, 0xEF, 0x7B, 0xEF, 0x7B, 0xEF, 0x7B,
    0xEF, 0x7B, 0xEF, 0x7B, 0xEF, 0x7B, 0xEF, 0x7B, 0xEF, 0x7B, 0xEF, 0x7B, 0xEF, 0x7B, 0xEF, 0x7B,
    0xEF, 0x7B, 0xEF, 0x7B, 0xEF, 0x7B, 0xEF, 0x7B, 0xEF, 0x7B, 0xEF, 0x7B, 0xEF, 0x7B, 0xEF, 0x7B,
    0xEF, 0x7B, 0xEF, 0x7B, 0xEF, 0x7B, 0xEF, 0x7B, 0xEF, 0x7B, 0xEF, 0x7B, 0xEF, 0x7B, 0xEF, 0x7B,
    0xEF, 0x7B, 0xEF, 0x7B, 0xEF, 0x7B, 0xEF, 0x7B, 0xEF, 0x7B, 0xEF, 0x7B, 0xEF, 0x7B, 0xEF, 0x7B,
    0xEF, 0x7B, 0xEF, 0x7B, 0xEF, 0x7B, 0xEF, 0x7B, 0xEF, 0x7B, 0xEF, 0x7B, 0xEF, 0x7B, 0xEF, 0x7B,
    0xEF, 0x7B, 0xEF, 0x7B, 0xEF, 0x7B, 0xEF, 0x7B, 0xEF, 0x7B, 0xEF, 0x7B, 0xEF, 0x7B, 0xEF, 0x7B,
    0xEF, 0x7B, 0xEF, 0x7B, 0xEF, 0x7B, 0xEF, 0x7B, 0xEF, 0x7B, 0xEF, 0x7B, 0xEF, 0x7B, 0xEF, 0x7B,
    0xEF, 0x7B, 0xEF, 0x7B, 0xEF, 0x7B, 0xEF, 0x7B, 0xEF, 0x7B, 0xEF, 0x7B, 0xEF, 0x7B, 0xEF, 0x7B,
    0xEF, 0x7B, 0xEF, 0x7B, 0xEF, 0x7B, 0xEF, 0x7B, 0xEF, 0x7B, 0xEF, 0x7B, 0xEF, 0x7B, 0xEF, 0x7B,
    0xEF, 0x7B, 0xEF, 0x7B, 0xEF, 0x7B, 0xEF, 0x7B, 0xEF, 0x7B, 0xEF, 0x7B, 0xEF, 0x7B, 0xEF, 0x7B,
    0xEF, 0x7B, 0xEF, 0x7B, 0xEF, 0x7B, 0xEF, 0x7B, 0xEF, 0x7B, 0xEF, 0x7B, 0xEF, 0x7B, 0xEF, 0x7B,
    0xEF, 0x7B, 0xEF, 0x7B, 0xEF, 0x7B, 0xEF, 0x7B, 0xEF, 0x7B, 0xEF, 0x7B, 0xEF, 0x7B, 0xEF, 0x7B,
    0xEF, 0x7B, 0xEF, 0x7B, 0xEF, 0x7B, 0xEF, 0x7B, 0xEF, 0x7B, 0xEF, 0x7B, 0xEF, 0x7B, 0xEF, 0x7B,
    0xEF, 0x7B, 0xEF, 0x7B, 0xEF, 0x7B, 0xEF, 0x7B, 0xEF, 0x7B, 0xEF, 0x7B, 0xEF, 0x7B, 0xEF, 0x7B,
    0xEF, 0x7B, 0xEF, 0x7B, 0xEF, 0x7B, 0xEF, 0x7B, 0xEF, 0x7B, 0xEF, 0x7B, 0xEF, 0x7B, 0xEF, 0x7B,
    0xEF, 0x7B, 0xEF, 0x7B, 0xEF, 0x7B, 0xEF, 0x7B, 0xEF, 0x7B, 0xEF, 0x7B, 0xEF, 0x7B, 0xEF, 0x7B,
    0xEF, 0x7B, 0xEF, 0x7B, 0xEF, 0x7B, 0xEF, 0x7B, 0xEF, 0x7B, 0xEF, 0x7B, 0xEF, 0x7B, 0xEF, 0x7B,
    0xEF, 0x7B, 0xEF, 0x7B, 0xEF, 0x7B, 0xEF, 0x7B, 0xEF, 0x7B, 0xEF, 0x7B, 0xEF, 0x7B, 0xEF, 0x7B,
    0xEF, 0x7B, 0xEF, 0x7B, 0xEF, 0x7B, 0xEF, 0x7B, 0xEF, 0x7B, 0xEF, 0x7B, 0xEF, 0x7B, 0xEF, 0x7B,
    0xEF, 0x7B, 0xEF, 0x7B, 0xEF, 0x7B, 0xEF, 0x7B, 0xEF, 0x7B, 0xEF, 0x7B, 0xEF, 0x7B, 0xEF, 0x7B,
    0xEF, 0x7B, 0xEF, 0x7B, 0xEF, 0x7B, 0xEF, 0x7B, 0xEF, 0x7B, 0xEF, 0x7B, 0xEF, 0x7B, 0xEF, 0x7B,
    0xEF, 0x7B, 0xEF, 0x7B, 0xEF, 0x7B, 0xEF, 0x7B, 0xEF, 0x7B, 0xEF, 0x7B, 0xEF, 0x7B, 0xEF, 0x7B,
    0xEF, 0x7B, 0xEF, 0x7B, 0xEF, 0x7B, 0xEF, 0x7B, 0xEF, 0x7B, 0xEF, 0x7B, 0xEF, 0x7B, 0xEF, 0x7B,
    0xEF, 0x7B, 0xEF, 0x7B, 0xEF, 0x7B, 0xEF, 0x7B, 0xEF, 0x7B, 0xEF, 0x7B, 0xEF, 0x7B, 0xEF, 0x7B,
    0xEF, 0x7B, 0xEF, 0x7B, 0xEF, 0x7B, 0xEF, 0x7B, 0xEF, 0x7B, 0xEF, 0x7B, 0xEF, 0x7B, 0xEF, 0x7B,
    0xEF, 0x7B, 0xEF, 0x7B, 0xEF, 0x7B, 0xEF, 0x7B, 0xEF, 0x7B, 0xEF, 0x7B, 0xEF, 0x7B, 0xEF, 0x7B,
    0xEF, 0x7B, 0xEF, 0x7B, 0xEF, 0x7B, 0xEF, 0x7B, 0xEF, 0x7B, 0xEF, 0x7B, 0xEF, 0x7B, 0xEF, 0x7B,
    0xEF, 0x7B, 0xEF, 0x7B, 0xEF, 0x7B, 0xEF, 0x7B, 0xEF, 0x7B, 0xEF, 0x7B, 0xEF, 0x7B, 0xEF, 0x7B,
    0xEF, 0x7B, 0xEF, 0x7B, 0xEF, 0x7B, 0xEF, 0x7B, 0xEF, 0x7B, 0xEF, 0x7B, 0xEF, 0x7B, 0xEF, 0x7B,
    0x92, 0x94, 0x92, 0x94, 0x4D, 0x6B, 0x0C, 0x63, 0xF3, 0x9C, 0x34, 0xA5, 0xCF, 0x7B, 0x10, 0x84,
    0x1F, 0xF8, 0x1F, 0xF8, 0x1F, 0xF8, 0x1F, 0xF8, 0xB2, 0x94, 0x92, 0x94, 0x2C, 0x63, 0x0C, 0x63,
    0xB2, 0x94, 0x92, 0x94, 0xCF, 0x7B, 0x30, 0x84, 0x1F, 0xF8, 0x1F, 0xF8, 0x1F, 0xF8, 0x1F, 0xF8,
    0x6D, 0x6B, 0x0C, 0x63, 0x8A, 0x52, 0x4D, 0x6B, 0xEF, 0x7B, 0x8E, 0x73, 0x2C, 0x63, 0xEB, 0x5A,
    0x1F, 0xF8, 0x1F, 0xF8, 0x1F, 0xF8, 0x1F, 0xF8, 0x0C, 0x63, 0xEB, 0x5A, 0x4D, 0x6B, 0xAE, 0x73,
    0xEF, 0x7B, 0xCF, 0x7B, 0x4D, 0x6B, 0xEB, 0x5A, 0x1F, 0xF8, 0x1F, 0xF8, 0x1F, 0xF8, 0x1F, 0xF8,
    0xD3, 0x9C, 0xB2, 0x94, 0x30, 0x84, 0xEF, 0x7B, 0x92, 0x94, 0x34, 0xA5, 0x14, 0xA5, 0xD3, 0x9C,
    0x1F, 0xF8, 0x1F, 0xF8, 0x1F, 0xF8, 0x1F, 0xF8, 0xF3, 0x9C, 0x92, 0x94, 0xAE, 0x73, 0x6D, 0x6B,
    0x55, 0xAD, 0x96, 0xB5, 0xF3, 0x9C, 0x92, 0x94, 0x1F, 0xF8, 0x1F, 0xF8, 0x1F, 0xF8, 0x1F, 0xF8,
    0x30, 0x84, 0xEF, 0x7B, 0xEB, 0x5A, 0x2C, 0x63, 0x14, 0xA5, 0xF3, 0x9C, 0x8E, 0x73, 0x8E, 0x73,
    0x1F, 0xF8, 0x1F, 0xF8, 0x1F, 0xF8, 0x1F, 0xF8, 0x30, 0x84, 0xCF, 0x7B, 0xEB, 0x5A, 0x4D, 0x6B,
    0xF3, 0x9C, 0xD3, 0x9C, 0x8E, 0x73, 0xAE, 0x73, 0x1F, 0xF8, 0x1F, 0xF8, 0x1F, 0xF8, 0x1F, 0xF8,
    0x71, 0x8C, 0x51, 0x8C, 0x71, 0x8C, 0x71, 0x8C, 0xB2, 0x94, 0x51, 0x8C, 0xEF, 0x7B, 0x10, 0x84,
    0x1F, 0xF8, 0x1F, 0xF8, 0x1F, 0xF8, 0x1F, 0xF8, 0xD3, 0x9C, 0x71, 0x8C, 0x51, 0x8C, 0x71, 0x8C,
    0x51, 0x8C, 0x10, 0x84, 0x51, 0x8C, 0x30, 0x84, 0x1F, 0xF8, 0x1F, 0xF8, 0x1F, 0xF8, 0x1F, 0xF8,
    0x2C, 0x63, 0x0C, 0x63, 0x0C, 0x63, 0x2C, 0x63, 0xEB, 0x5A, 0xEB, 0x5A, 0x0C, 0x63, 0xEB, 0x5A,
    0x1F, 0xF8, 0x1F, 0xF8, 0x1F, 0xF8, 0x1F, 0xF8, 0xEB, 0x5A, 0xEB, 0x5A, 0xEB, 0x5A, 0xCB, 0x5A,
    0xCB, 0x5A, 0x0C, 0x63, 0x0C, 0x63, 0xEB, 0x5A, 0x1F, 0xF8, 0x1F, 0xF8, 0x1F, 0xF8, 0x1F, 0xF8,
    0xB2, 0x94, 0x92, 0x94, 0x10, 0x84, 0xCF, 0x7B, 0x51, 0x8C, 0x14, 0xA5, 0xD3, 0x9C, 0xF3, 0x9C,
    0x1F, 0xF8, 0x1F, 0xF8, 0x1F, 0xF8, 0x1F, 0xF8, 0x14, 0xA5, 0xB2, 0x94, 0x8E, 0x73, 0x8E, 0x73,
    0x55, 0xAD, 0xB6, 0xB5, 0xF3, 0x9C, 0xB2, 0x94, 0x1F, 0xF8, 0x1F, 0xF8, 0x1F, 0xF8, 0x1F, 0xF8,
    0x10, 0x84, 0xCF, 0x7B, 0x0C, 0x63, 0x4D, 0x6B, 0x14, 0xA5, 0xF3, 0x9C, 0x8E, 0x73, 0x8E, 0x73,
    0x1F, 0xF8, 0x1F, 0xF8, 0x1F, 0xF8, 0x1F, 0xF8, 0x10, 0x84, 0x10, 0x84, 0x2C, 0x63, 0x0C, 0x63,
    0xD3, 0x9C, 0x92, 0x94, 0x6D, 0x6B, 0xAE, 0x73, 0x1F, 0xF8, 0x1F, 0xF8, 0x1F, 0xF8, 0x1F, 0xF8,
    0x71, 0x8C, 0x92, 0x94, 0x4D, 0x6B, 0xEB, 0x5A, 0xD3, 0x9C, 0xF3, 0x9C, 0x10, 0x84, 0x10, 0x84,
    0x1F, 0xF8, 0x1F, 0xF8, 0x1F, 0xF8, 0x1F, 0xF8, 0x92, 0x94, 0x71, 0x8C, 0x2C, 0x63, 0x0C, 0x63,
    0xF3, 0x9C, 0xD3, 0x9C, 0xCF, 0x7B, 0xCF, 0x7B, 0x1F, 0xF8, 0x1F, 0xF8, 0x1F, 0xF8, 0x1F, 0xF8,
    0x8E, 0x73, 0xEB, 0x5A, 0x69, 0x4A, 0x4D, 0x6B, 0xF3, 0x9C, 0xD3, 0x9C, 0xCF, 0x7B, 0xEF, 0x7B,
    0x1F, 0xF8, 0x1F, 0xF8, 0x1F, 0xF8, 0x1F, 0xF8, 0x0C, 0x63, 0x0C, 0x63, 0x0C, 0x63, 0xCF, 0x7B,
    0x14, 0xA5, 0xF3, 0x9C, 0xAE, 0x73, 0xEF, 0x7B, 0x1F, 0xF8, 0x1F, 0xF8, 0x1F, 0xF8, 0x1F, 0xF8,
    0xD3, 0x9C, 0x92, 0x94, 0x30, 0x84, 0x30, 0x84, 0x14, 0xA5, 0x71, 0x8C, 0xAE, 0x73, 0x10, 0x84,
    0x1F, 0xF8, 0x1F, 0xF8, 0x1F, 0xF8, 0x1F, 0xF8, 0xF3, 0x9C, 0x92, 0x94, 0xCF, 0x7B, 0xEF, 0x7B,
    0x34, 0xA5, 0xB2, 0x94, 0x6D, 0x6B, 0xAE, 0x73, 0x1F, 0xF8, 0x1F, 0xF8, 0x1F, 0xF8, 0x1F, 0xF8,
    0xEF, 0x7B, 0xEF, 0x7B, 0x2C, 0x63, 0x2C, 0x63, 0x14, 0xA5, 0xB2, 0x94, 0xAE, 0x73, 0x6D, 0x6B,
    0x1F, 0xF8, 0x1F, 0xF8, 0x1F, 0xF8, 0x1F, 0xF8, 0x30, 0x84, 0x51, 0x8C, 0x0C, 0x63, 0x0C, 0x63,
    0xD3, 0x9C, 0x92, 0x94, 0x8E, 0x73, 0xAE, 0x73, 0x1F, 0xF8, 0x1F, 0xF8, 0x1F, 0xF8, 0x1F, 0xF8,
    0x71, 0x8C, 0x51, 0x8C, 0x71, 0x8C, 0x71, 0x8C, 0xB2, 0x94, 0x51, 0x8C, 0xEF, 0x7B, 0x10, 0x84,
    0x1F, 0xF8, 0x1F, 0xF8, 0x1F, 0xF8, 0x1F, 0xF8, 0xD3, 0x9C, 0x71, 0x8C, 0x51, 0x8C, 0x71, 0x8C,
    0x51, 0x8C, 0xCF, 0x7B, 0x10, 0x84, 0xEF, 0x7B, 0x1F, 0xF8, 0x1F, 0xF8, 0x1F, 0xF8, 0x1F, 0xF8,
    0x2C, 0x63, 0x0C, 0x63, 0x0C, 0x63, 0x4D, 0x6B, 0x6D, 0x6B, 0xCF, 0x7B, 0xEF, 0x7B, 0xAE, 0x73,
    0x1F, 0xF8, 0x1F, 0xF8, 0x1F, 0xF8, 0x1F, 0xF8, 0xEB, 0x5A, 0xEB, 0x5A, 0xEB, 0x5A, 0xEB, 0x5A,
    0x8E, 0x73, 0x51, 0x8C, 0xCF, 0x7B, 0xCF, 0x7B, 0x1F, 0xF8, 0x1F, 0xF8, 0x1F, 0xF8, 0x1F, 0xF8,
    0xB2, 0x94, 0x92, 0x94, 0x10, 0x84, 0xCF, 0x7B, 0xB2, 0x94, 0xD3, 0x9C, 0xAE, 0x73, 0xCF, 0x7B,
    0x1F, 0xF8, 0x1F, 0xF8, 0x1F, 0xF8, 0x1F, 0xF8, 0x14, 0xA5, 0xB2, 0x94, 0x8E, 0x73, 0xAE, 0x73,
    0x34, 0xA5, 0xF3, 0x9C, 0xAE, 0x73, 0xCF, 0x7B, 0x1F, 0xF8, 0x1F, 0xF8, 0x1F, 0xF8, 0x1F, 0xF8,
    0x10, 0x84, 0xCF, 0x7B, 0x0C, 0x63, 0x4D, 0x6B, 0xF3, 0x9C, 0xD3, 0x9C, 0xAE, 0x73, 0xCF, 0x7B,
    0x1F, 0xF8, 0x1F, 0xF8, 0x1F, 0xF8, 0x1F, 0xF8, 0x10, 0x84, 0x10, 0x84, 0x2C, 0x63, 0x0C, 0x63,
    0xD3, 0x9C, 0x92, 0x94, 0x6D, 0x6B, 0xAE, 0x73, 0x1F, 0xF8, 0x1F, 0xF8, 0x1F, 0xF8, 0x1F, 0xF8,
    0x92, 0x94, 0x71, 0x8C, 0x4D, 0x6B, 0x0C, 0x63, 0xF3, 0x9C, 0x34, 0xA5, 0xCF, 0x7B, 0xEF, 0x7B,
    0x1F, 0xF8, 0x1F, 0xF8, 0x1F, 0xF8, 0x1F, 0xF8, 0xB2, 0x94, 0x92, 0x94, 0x2C, 0x63, 0x0C, 0x63,
    0xB2, 0x94, 0x92, 0x94, 0xCF, 0x7B, 0x30, 0x84, 0x1F, 0xF8, 0x1F, 0xF8, 0x1F, 0xF8, 0x1F, 0xF8,
    0x6D, 0x6B, 0x0C, 0x63, 0x8A, 0x52, 0x4D, 0x6B, 0xEF, 0x7B, 0x8E, 0x73, 0x2C, 0x63, 0xEB, 0x5A,
    0x1F, 0xF8, 0x1F, 0xF8, 0x1F, 0xF8, 0x1F, 0xF8, 0x0C, 0x63, 0xEB, 0x5A, 0x6D, 0x6B, 0xCF, 0x7B,
    0x10, 0x84, 0xCF, 0x7B, 0x4D, 0x6B, 0xEB, 0x5A, 0x1F, 0xF8, 0x1F, 0xF8, 0x1F, 0xF8, 0x1F, 0xF8,
    0xD3, 0x9C, 0xF3, 0x9C, 0x14, 0xA5, 0xF3, 0x9C, 0x14, 0xA5, 0x14, 0xA5, 0xF3, 0x9C, 0xD3, 0x9C,
    0x1F, 0xF8, 0x1F, 0xF8, 0x1F, 0xF8, 0x1F, 0xF8, 0xF3, 0x9C, 0xB2, 0x94, 0xB2, 0x94, 0x71, 0x8C,
    0xF3, 0x9C, 0xD3, 0x9C, 0xD3, 0x9C, 0x71, 0x8C, 0x1F, 0xF8, 0x1F, 0xF8, 0x1F, 0xF8, 0x1F, 0xF8,
    0x30, 0x84, 0xAE, 0x73, 0x6D, 0x6B, 0xAE, 0x73, 0xAE, 0x73, 0xCF, 0x7B, 0xCF, 0x7B, 0x8E, 0x73,
    0x1F, 0xF8, 0x1F, 0xF8, 0x1F, 0xF8, 0x1F, 0xF8, 0x30, 0x84, 0x8E, 0x73, 0xCF, 0x7B, 0x10, 0x84,
    0xEF, 0x7B, 0xEF, 0x7B, 0xEF, 0x7B, 0xAE, 0x73, 0x1F, 0xF8, 0x1F, 0xF8, 0x1F, 0xF8, 0x1F, 0xF8,
    0x92, 0x94, 0x71, 0x8C, 0x51, 0x8C, 0x51, 0x8C, 0x71, 0x8C, 0x51, 0x8C, 0x71, 0x8C, 0x10, 0x84,
    0x1F, 0xF8, 0x1F, 0xF8, 0x1F, 0xF8, 0x1F, 0xF8, 0x51, 0x8C, 0x51, 0x8C, 0x51, 0x8C, 0x71, 0x8C,
    0x51, 0x8C, 0x51, 0x8C, 0x51, 0x8C, 0xEF, 0x7B, 0x1F, 0xF8, 0x1F, 0xF8, 0x1F, 0xF8, 0x1F, 0xF8,
    0x2C, 0x63, 0xEB, 0x5A, 0x0C, 0x63, 0x4D, 0x6B, 0x2C, 0x63, 0x0C, 0x63, 0x2C, 0x63, 0xCB, 0x5A,
    0x1F, 0xF8, 0x1F, 0xF8, 0x1F, 0xF8, 0x1F, 0xF8, 0x2C, 0x63, 0x0C, 0x63, 0xCB, 0x5A, 0xEB, 0x5A,
    0xEB, 0x5A, 0x0C, 0x63, 0x0C, 0x63, 0xEB, 0x5A, 0x1F, 0xF8, 0x1F, 0xF8, 0x1F, 0xF8, 0x1F, 0xF8,
    0xF3, 0x9C, 0xD3, 0x9C, 0xF3, 0x9C, 0xD3, 0x9C, 0xB2, 0x94, 0xB2, 0x94, 0xF3, 0x9C, 0xF3, 0x9C,
    0x1F, 0xF8, 0x1F, 0xF8, 0x1F, 0xF8, 0x1F, 0xF8, 0x14, 0xA5, 0xD3, 0x9C, 0xD3, 0x9C, 0xF3, 0x9C,
    0xD3, 0x9C, 0x71, 0x8C, 0xD3, 0x9C, 0xD3, 0x9C, 0x1F, 0xF8, 0x1F, 0xF8, 0x1F, 0xF8, 0x1F, 0xF8,
    0x10, 0x84, 0xCF, 0x7B, 0xAE, 0x73, 0xAE, 0x73, 0xCF, 0x7B, 0xCF, 0x7B, 0x8E, 0x73, 0x4D, 0x6B,
    0x1F, 0xF8, 0x1F, 0xF8, 0x1F, 0xF8, 0x1F, 0xF8, 0x10, 0x84, 0xEF, 0x7B, 0xAE, 0x73, 0xCF, 0x7B,
    0xCF, 0x7B, 0xCF, 0x7B, 0xCF, 0x7B, 0x8E, 0x73, 0x1F, 0xF8, 0x1F, 0xF8, 0x1F, 0xF8, 0x1F, 0xF8,
    0x71, 0x8C, 0x92, 0x94, 0x6D, 0x6B, 0xEB, 0x5A, 0xD3, 0x9C, 0xD3, 0x9C, 0x10, 0x84, 0x10, 0x84,
    0x1F, 0xF8, 0x1F, 0xF8, 0x1F, 0xF8, 0x1F, 0xF8, 0x92, 0x94, 0x71, 0x8C, 0x2C, 0x63, 0x0C, 0x63,
    0xF3, 0x9C, 0xD3, 0x9C, 0xCF, 0x7B, 0xCF, 0x7B, 0x1F, 0xF8, 0x1F, 0xF8, 0x1F, 0xF8, 0x1F, 0xF8,
    0x8E, 0x73, 0xEB, 0x5A, 0x49, 0x4A, 0x4D, 0x6B, 0x14, 0xA5, 0xD3, 0x9C, 0xCF, 0x7B, 0xEF, 0x7B,
    0x1F, 0xF8, 0x1F, 0xF8, 0x1F, 0xF8, 0x1F, 0xF8, 0x0C, 0x63, 0x0C, 0x63, 0x2C, 0x63, 0x10, 0x84,
    0x75, 0xAD, 0x14, 0xA5, 0xAE, 0x73, 0xEF, 0x7B, 0x1F, 0xF8, 0x1F, 0xF8, 0x1F, 0xF8, 0x1F, 0xF8,
    0xD3, 0x9C, 0xD3, 0x9C, 0x34, 0xA5, 0x75, 0xAD, 0x18, 0xC6, 0x92, 0x94, 0xAE, 0x73, 0x10, 0x84,
    0x1F, 0xF8, 0x1F, 0xF8, 0x1F, 0xF8, 0x1F, 0xF8, 0xF3, 0x9C, 0xD3, 0x9C, 0xF3, 0x9C, 0x14, 0xA5,
    0x14, 0xA5, 0x8E, 0x73, 0x8E, 0x73, 0xAE, 0x73, 0x1F, 0xF8, 0x1F, 0xF8, 0x1F, 0xF8, 0x1F, 0xF8,
    0xEF, 0x7B, 0xAE, 0x73, 0xAE, 0x73, 0xAE, 0x73, 0xCF, 0x7B, 0xCF, 0x7B, 0x10, 0x84, 0x6D, 0x6B,
    0x1F, 0xF8, 0x1F, 0xF8, 0x1F, 0xF8, 0x1F, 0xF8, 0x30, 0x84, 0xEF, 0x7B, 0xEF, 0x7B, 0xEF, 0x7B,
    0xCF, 0x7B, 0xCF, 0x7B, 0xEF, 0x7B, 0xAE, 0x73, 0x1F, 0xF8, 0x1F, 0xF8, 0x1F, 0xF8, 0x1F, 0xF8,
    0x71, 0x8C, 0x51, 0x8C, 0x51, 0x8C, 0x51, 0x8C, 0x51, 0x8C, 0x30, 0x84, 0x71, 0x8C, 0x10, 0x84,
    0x1F, 0xF8, 0x1F, 0xF8, 0x1F, 0xF8, 0x1F, 0xF8, 0x92, 0x94, 0x10, 0x84, 0x71, 0x8C, 0x51, 0x8C,
    0x10, 0x84, 0x10, 0x84, 0x30, 0x84, 0xCF, 0x7B, 0x1F, 0xF8, 0x1F, 0xF8, 0x1F, 0xF8, 0x1F, 0xF8,
    0x8E, 0x73, 0x0C, 0x63, 0x0C, 0x63, 0xCF, 0x7B, 0xEF, 0x7B, 0x10, 0x84, 0x10, 0x84, 0xEF, 0x7B,
    0x1F, 0xF8, 0x1F, 0xF8, 0x1F, 0xF8, 0x1F, 0xF8, 0x0C, 0x63, 0x0C, 0x63, 0x2C, 0x63, 0xEF, 0x7B,
    0xCF, 0x7B, 0x10, 0x84, 0x10, 0x84, 0xEF, 0x7B, 0x1F, 0xF8, 0x1F, 0xF8, 0x1F, 0xF8, 0x1F, 0xF8,
    0xD3, 0x9C, 0xD3, 0x9C, 0x75, 0xAD, 0xD7, 0xBD, 0x10, 0x84, 0xAE, 0x73, 0x10, 0x84, 0x10, 0x84,
    0x1F, 0xF8, 0x1F, 0xF8, 0x1F, 0xF8, 0x1F, 0xF8, 0xF3, 0x9C, 0xD3, 0x9C, 0x14, 0xA5, 0x14, 0xA5,
    0xAE, 0x73, 0xEF, 0x7B, 0xAE, 0x73, 0xAE, 0x73, 0x1F, 0xF8, 0x1F, 0xF8, 0x1F, 0xF8, 0x1F, 0xF8,
    0xEF, 0x7B, 0xAE, 0x73, 0xAE, 0x73, 0x8E, 0x73, 0x10, 0x84, 0xEF, 0x7B, 0x10, 0x84, 0x6D, 0x6B,
    0x1F, 0xF8, 0x1F, 0xF8, 0x1F, 0xF8, 0x1F, 0xF8, 0x30, 0x84, 0xEF, 0x7B, 0xCF, 0x7B, 0xCF, 0x7B,
    0xCF, 0x7B, 0xCF, 0x7B, 0xEF, 0x7B, 0xAE, 0x73, 0x1F, 0xF8, 0x1F, 0xF8, 0x1F, 0xF8, 0x1F, 0xF8,
    0x92, 0x94, 0xB2, 0x94, 0x4D, 0x6B, 0x0C, 0x63, 0xD3, 0x9C, 0xF3, 0x9C, 0x10, 0x84, 0x10, 0x84,
    0x1F, 0xF8, 0x1F, 0xF8, 0x1F, 0xF8, 0x1F, 0xF8, 0xEF, 0x7B, 0x51, 0x8C, 0x0C, 0x63, 0x0C, 0x63,
    0x71, 0x8C, 0x92, 0x94, 0xEF, 0x7B, 0xEF, 0x7B, 0x1F, 0xF8, 0x1F, 0xF8, 0x1F, 0xF8, 0x1F, 0xF8,
    0x51, 0x8C, 0x10, 0x84, 0xEB, 0x5A, 0xEB, 0x5A, 0x10, 0x84, 0xCF, 0x7B, 0x2C, 0x63, 0xCB, 0x5A,
    0x1F, 0xF8, 0x1F, 0xF8, 0x1F, 0xF8, 0x1F, 0xF8, 0xB2, 0x94, 0x51, 0x8C, 0xEB, 0x5A, 0xCB, 0x5A,
    0xCF, 0x7B, 0xCF, 0x7B, 0x2C, 0x63, 0x0C, 0x63, 0x1F, 0xF8, 0x1F, 0xF8, 0x1F, 0xF8, 0x1F, 0xF8,
    0x71, 0x8C, 0x71, 0x8C, 0x2C, 0x63, 0xCB, 0x5A, 0x30, 0x84, 0xF3, 0x9C, 0x34, 0xA5, 0xF3, 0x9C,
    0x1F, 0xF8, 0x1F, 0xF8, 0x1F, 0xF8, 0x1F, 0xF8, 0x92, 0x94, 0x51, 0x8C, 0x0C, 0x63, 0x0C, 0x63,
    0xF3, 0x9C, 0x34, 0xA5, 0x14, 0xA5, 0xF3, 0x9C, 0x1F, 0xF8, 0x1F, 0xF8, 0x1F, 0xF8, 0x1F, 0xF8,
    0x71, 0x8C, 0x71, 0x8C, 0x0C, 0x63, 0x0C, 0x63, 0x14, 0xA5, 0x14, 0xA5, 0x4D, 0x6B, 0x4D, 0x6B,
    0x1F, 0xF8, 0x1F, 0xF8, 0x1F, 0xF8, 0x1F, 0xF8, 0x10, 0x84, 0x51, 0x8C, 0xEB, 0x5A, 0x0C, 0x63,
    0xB2, 0x94, 0xB2, 0x94, 0x8E, 0x73, 0x8E, 0x73, 0x1F, 0xF8, 0x1F, 0xF8, 0x1F, 0xF8, 0x1F, 0xF8,
    0x92, 0x94, 0x71, 0x8C, 0x51, 0x8C, 0x51, 0x8C, 0x71, 0x8C, 0x71, 0x8C, 0x71, 0x8C, 0x10, 0x84,
    0x1F, 0xF8, 0x1F, 0xF8, 0x1F, 0xF8, 0x1F, 0xF8, 0xEF, 0x7B, 0x10, 0x84, 0x30, 0x84, 0x71, 0x8C,
    0x51, 0x8C, 0x51, 0x8C, 0x51, 0x8C, 0xEF, 0x7B, 0x1F, 0xF8, 0x1F, 0xF8, 0x1F, 0xF8, 0x1F, 0xF8,
    0x51, 0x8C, 0xCF, 0x7B, 0x71, 0x8C, 0x6D, 0x6B, 0x2C, 0x63, 0x0C, 0x63, 0x2C, 0x63, 0xCB, 0x5A,
    0x1F, 0xF8, 0x1F, 0xF8, 0x1F, 0xF8, 0x1F, 0xF8, 0xB2, 0x94, 0x51, 0x8C, 0x0C, 0x63, 0xE7, 0x39,
    0x8A, 0x52, 0x0C, 0x63, 0x0C, 0x63, 0xEB, 0x5A, 0x1F, 0xF8, 0x1F, 0xF8, 0x1F, 0xF8, 0x1F, 0xF8,
    0x71, 0x8C, 0x71, 0x8C, 0x2C, 0x63, 0x8A, 0x52, 0xEF, 0x7B, 0xD3, 0x9C, 0x14, 0xA5, 0xF3, 0x9C,
    0x1F, 0xF8, 0x1F, 0xF8, 0x1F, 0xF8, 0x1F, 0xF8, 0x92, 0x94, 0x51, 0x8C, 0x0C, 0x63, 0xEB, 0x5A,
    0xF3, 0x9C, 0x34, 0xA5, 0x14, 0xA5, 0xF3, 0x9C, 0x1F, 0xF8, 0x1F, 0xF8, 0x1F, 0xF8, 0x1F, 0xF8,
    0x71, 0x8C, 0x71, 0x8C, 0x0C, 0x63, 0x0C, 0x63, 0x14, 0xA5, 0x14, 0xA5, 0x4D, 0x6B, 0x4D, 0x6B,
    0x1F, 0xF8, 0x1F, 0xF8, 0x1F, 0xF8, 0x1F, 0xF8, 0x10, 0x84, 0x51, 0x8C, 0xEB, 0x5A, 0xEB, 0x5A,
    0xB2, 0x94, 0xB2, 0x94, 0x8E, 0x73, 0x8E, 0x73, 0x1F, 0xF8, 0x1F, 0xF8, 0x1F, 0xF8, 0x1F, 0xF8,
    0x92, 0x94, 0x71, 0x8C, 0x4D, 0x6B, 0x0C, 0x63, 0xF3, 0x9C, 0x34, 0xA5, 0xCF, 0x7B, 0xEF, 0x7B,
    0x1F, 0xF8, 0x1F, 0xF8, 0x1F, 0xF8, 0x1F, 0xF8, 0x71, 0x8C, 0x51, 0x8C, 0x2C, 0x63, 0x0C, 0x63,
    0xF3, 0x9C, 0xD3, 0x9C, 0x8E, 0x73, 0xCF, 0x7B, 0x1F, 0xF8, 0x1F, 0xF8, 0x1F, 0xF8, 0x1F, 0xF8,
    0x71, 0x8C, 0x51, 0x8C, 0x0C, 0x63, 0x0C, 0x63, 0xB2, 0x94, 0x71, 0x8C, 0xCF, 0x7B, 0xCF, 0x7B,
    0x1F, 0xF8, 0x1F, 0xF8, 0x1F, 0xF8, 0x1F, 0xF8, 0x71, 0x8C, 0x51, 0x8C, 0x2C, 0x63, 0xEB, 0x5A,
    0xB2, 0x94, 0xD3, 0x9C, 0xCF, 0x7B, 0xAE, 0x73, 0x1F, 0xF8, 0x1F, 0xF8, 0x1F, 0xF8, 0x1F, 0xF8,
    0x71, 0x8C, 0x71, 0x8C, 0x4D, 0x6B, 0xEB, 0x5A, 0xD3, 0x9C, 0xF3, 0x9C, 0xAE, 0x73, 0xCF, 0x7B,
    0x1F, 0xF8, 0x1F, 0xF8, 0x1F, 0xF8, 0x1F, 0xF8, 0x51, 0x8C, 0x51, 0x8C, 0x0C, 0x63, 0xCB, 0x5A,
    0xF3, 0x9C, 0xD3, 0x9C, 0xAE, 0x73, 0xAE, 0x73, 0x1F, 0xF8, 0x1F, 0xF8, 0x1F, 0xF8, 0x1F, 0xF8,
    0x71, 0x8C, 0x51, 0x8C, 0xEB, 0x5A, 0x0C, 0x63, 0xD3, 0x9C, 0xD3, 0x9C, 0xCF, 0x7B, 0xCF, 0x7B,
    0x1F, 0xF8, 0x1F, 0xF8, 0x1F, 0xF8, 0x1F, 0xF8, 0x30, 0x84, 0xCF, 0x7B, 0xEB, 0x5A, 0x2C, 0x63,
    0xF3, 0x9C, 0xD3, 0x9C, 0x8E, 0x73, 0xAE, 0x73, 0x1F, 0xF8, 0x1F, 0xF8, 0x1F, 0xF8, 0x1F, 0xF8,
    0x71, 0x8C, 0x51, 0x8C, 0x71, 0x8C, 0x71, 0x8C, 0xB2, 0x94, 0x51, 0x8C, 0xEF, 0x7B, 0x10, 0x84,
    0x1F, 0xF8, 0x1F, 0xF8, 0x1F, 0xF8, 0x1F, 0xF8, 0x71, 0x8C, 0x30, 0x84, 0x10, 0x84, 0x10, 0x84,
    0x10, 0x84, 0xAE, 0x73, 0x10, 0x84, 0xEF, 0x7B, 0x1F, 0xF8, 0x1F, 0xF8, 0x1F, 0xF8, 0x1F, 0xF8,
    0x30, 0x84, 0x10, 0x84, 0x10, 0x84, 0x30, 0x84, 0xCF, 0x7B, 0xEF, 0x7B, 0xEF, 0x7B, 0xAE, 0x73,
    0x1F, 0xF8, 0x1F, 0xF8, 0x1F, 0xF8, 0x1F, 0xF8, 0x71, 0x8C, 0x10, 0x84, 0xD3, 0x9C, 0x10, 0x84,
    0x30, 0x84, 0x30, 0x84, 0x10, 0x84, 0xCF, 0x7B, 0x1F, 0xF8, 0x1F, 0xF8, 0x1F, 0xF8, 0x1F, 0xF8,
    0x51, 0x8C, 0x71, 0x8C, 0x8E, 0x73, 0xE7, 0x39, 0x2C, 0x63, 0x10, 0x84, 0xAE, 0x73, 0xCF, 0x7B,
    0x1F, 0xF8, 0x1F, 0xF8, 0x1F, 0xF8, 0x1F, 0xF8, 0x71, 0x8C, 0x71, 0x8C, 0xEB, 0x5A, 0x8A, 0x52,
    0x71, 0x8C, 0xB2, 0x94, 0xAE, 0x73, 0xCF, 0x7B, 0x1F, 0xF8, 0x1F, 0xF8, 0x1F, 0xF8, 0x1F, 0xF8,
    0x51, 0x8C, 0x10, 0x84, 0x0C, 0x63, 0x0C, 0x63, 0xD3, 0x9C, 0xD3, 0x9C, 0xAE, 0x73, 0xCF, 0x7B,
    0x1F, 0xF8, 0x1F, 0xF8, 0x1F, 0xF8, 0x1F, 0xF8, 0x10, 0x84, 0x10, 0x84, 0x2C, 0x63, 0x0C, 0x63,
    0xD3, 0x9C, 0x92, 0x94, 0x6D, 0x6B, 0xAE, 0x73, 0x1F, 0xF8, 0x1F, 0xF8, 0x1F, 0xF8, 0x1F, 0xF8,
    0x92, 0x94, 0x71, 0x8C, 0x4D, 0x6B, 0x0C, 0x63, 0xF3, 0x9C, 0x34, 0xA5, 0xCF, 0x7B, 0xEF, 0x7B,
    0x1F, 0xF8, 0x1F, 0xF8, 0x1F, 0xF8, 0x1F, 0xF8, 0x71, 0x8C, 0x51, 0x8C, 0x2C, 0x63, 0xEB, 0x5A,
    0x92, 0x94, 0x92, 0x94, 0xCF, 0x7B, 0x30, 0x84, 0x1F, 0xF8, 0x1F, 0xF8, 0x1F, 0xF8, 0x1F, 0xF8,
    0x71, 0x8C, 0x51, 0x8C, 0x0C, 0x63, 0x0C, 0x63, 0xEF, 0x7B, 0x8E, 0x73, 0x2C, 0x63, 0xEB, 0x5A,
    0x1F, 0xF8, 0x1F, 0xF8, 0x1F, 0xF8, 0x1F, 0xF8, 0x71, 0x8C, 0x51, 0x8C, 0x2C, 0x63, 0xEB, 0x5A,
    0xCF, 0x7B, 0xCF, 0x7B, 0x4D, 0x6B, 0xEB, 0x5A, 0x1F, 0xF8, 0x1F, 0xF8, 0x1F, 0xF8, 0x1F, 0xF8,
    0x71, 0x8C, 0x71, 0x8C, 0xEF, 0x7B, 0x8E, 0x73, 0x92, 0x94, 0x14, 0xA5, 0xF3, 0x9C, 0xD3, 0x9C,
    0x1F, 0xF8, 0x1F, 0xF8, 0x1F, 0xF8, 0x1F, 0xF8, 0x51, 0x8C, 0x10, 0x84, 0xCF, 0x7B, 0xCF, 0x7B,
    0xD3, 0x9C, 0xD3, 0x9C, 0xD3, 0x9C, 0x71, 0x8C, 0x1F, 0xF8, 0x1F, 0xF8, 0x1F, 0xF8, 0x1F, 0xF8,
    0x71, 0x8C, 0x10, 0x84, 0xAE, 0x73, 0xAE, 0x73, 0xAE, 0x73, 0xCF, 0x7B, 0xCF, 0x7B, 0x8E, 0x73,
    0x1F, 0xF8, 0x1F, 0xF8, 0x1F, 0xF8, 0x1F, 0xF8, 0x30, 0x84, 0x8E, 0x73, 0xCF, 0x7B, 0x10, 0x84,
    0xEF, 0x7B, 0xEF, 0x7B, 0xEF, 0x7B, 0xAE, 0x73, 0x1F, 0xF8, 0x1F, 0xF8, 0x1F, 0xF8, 0x1F, 0xF8,
    0x92, 0x94, 0x71, 0x8C, 0x51, 0x8C, 0x51, 0x8C, 0x71, 0x8C, 0x51, 0x8C, 0x71, 0x8C, 0x10, 0x84,
    0x1F, 0xF8, 0x1F, 0xF8, 0x1F, 0xF8, 0x1F, 0xF8, 0xEF, 0x7B, 0x10, 0x84, 0xEF, 0x7B, 0x30, 0x84,
    0x51, 0x8C, 0x51, 0x8C, 0x51, 0x8C, 0xEF, 0x7B, 0x1F, 0xF8, 0x1F, 0xF8, 0x1F, 0xF8, 0x1F, 0xF8,
    0x51, 0x8C, 0xAE, 0x73, 0xEF, 0x7B, 0xD3, 0x9C, 0x8E, 0x73, 0x0C, 0x63, 0x2C, 0x63, 0xEB, 0x5A,
    0x1F, 0xF8, 0x1F, 0xF8, 0x1F, 0xF8, 0x1F, 0xF8, 0xB2, 0x94, 0x10, 0x84, 0xCF, 0x7B, 0x10, 0x84,
    0x08, 0x42, 0xCB, 0x5A, 0x0C, 0x63, 0xEB, 0x5A, 0x1F, 0xF8, 0x1F, 0xF8, 0x1F, 0xF8, 0x1F, 0xF8,
    0x71, 0x8C, 0x10, 0x84, 0x30, 0x84, 0x30, 0x84, 0x0C, 0x63, 0x30, 0x84, 0xF3, 0x9C, 0xF3, 0x9C,
    0x1F, 0xF8, 0x1F, 0xF8, 0x1F, 0xF8, 0x1F, 0xF8, 0x92, 0x94, 0x10, 0x84, 0x10, 0x84, 0x10, 0x84,
    0x10, 0x84, 0x51, 0x8C, 0xD3, 0x9C, 0xD3, 0x9C, 0x1F, 0xF8, 0x1F, 0xF8, 0x1F, 0xF8, 0x1F, 0xF8,
    0x71, 0x8C, 0x30, 0x84, 0x10, 0x84, 0x10, 0x84, 0xCF, 0x7B, 0xCF, 0x7B, 0x8E, 0x73, 0x4D, 0x6B,
    0x1F, 0xF8, 0x1F, 0xF8, 0x1F, 0xF8, 0x1F, 0xF8, 0x10, 0x84, 0xEF, 0x7B, 0xAE, 0x73, 0xCF, 0x7B,
    0xCF, 0x7B, 0xEF, 0x7B, 0xCF, 0x7B, 0x8E, 0x73, 0x1F, 0xF8, 0x1F, 0xF8, 0x1F, 0xF8, 0x1F, 0xF8,
    0x92, 0x94, 0x71, 0x8C, 0x4D, 0x6B, 0x0C, 0x63, 0xF3, 0x9C, 0x34, 0xA5, 0xCF, 0x7B, 0xEF, 0x7B,
    0x1F, 0xF8, 0x1F, 0xF8, 0x1F, 0xF8, 0x1F, 0xF8, 0x71, 0x8C, 0x51, 0x8C, 0x2C, 0x63, 0x0C, 0x63,
    0xF3, 0x9C, 0xD3, 0x9C, 0x8E, 0x73, 0xCF, 0x7B, 0x1F, 0xF8, 0x1F, 0xF8, 0x1F, 0xF8, 0x1F, 0xF8,
    0x71, 0x8C, 0x51, 0x8C, 0x2C, 0x63, 0x6D, 0x6B, 0x14, 0xA5, 0x92, 0x94, 0xCF, 0x7B, 0xCF, 0x7B,
    0x1F, 0xF8, 0x1F, 0xF8, 0x1F, 0xF8, 0x1F, 0xF8, 0x71, 0x8C, 0x30, 0x84, 0xCF, 0x7B, 0x10, 0x84,
    0xB6, 0xB5, 0xF3, 0x9C, 0xAE, 0x73, 0xAE, 0x73, 0x1F, 0xF8, 0x1F, 0xF8, 0x1F, 0xF8, 0x1F, 0xF8,
    0x71, 0x8C, 0x30, 0x84, 0x10, 0x84, 0xCF, 0x7B, 0x10, 0x84, 0x8E, 0x73, 0x10, 0x84, 0xCF, 0x7B,
    0x1F, 0xF8, 0x1F, 0xF8, 0x1F, 0xF8, 0x1F, 0xF8, 0x51, 0x8C, 0xEF, 0x7B, 0xEF, 0x7B, 0xAE, 0x73,
    0x10, 0x84, 0x10, 0x84, 0x10, 0x84, 0xAE, 0x73, 0x1F, 0xF8, 0x1F, 0xF8, 0x1F, 0xF8, 0x1F, 0xF8,
    0x71, 0x8C, 0x10, 0x84, 0xAE, 0x73, 0x10, 0x84, 0x10, 0x84, 0x10, 0x84, 0x30, 0x84, 0xCF, 0x7B,
    0x1F, 0xF8, 0x1F, 0xF8, 0x1F, 0xF8, 0x1F, 0xF8, 0x30, 0x84, 0x8E, 0x73, 0xCF, 0x7B, 0x10, 0x84,
    0xEF, 0x7B, 0xEF, 0x7B, 0xEF, 0x7B, 0xAE, 0x73, 0x1F, 0xF8, 0x1F, 0xF8, 0x1F, 0xF8, 0x1F, 0xF8,
    0x92, 0x94, 0x71, 0x8C, 0x51, 0x8C, 0x51, 0x8C, 0x71, 0x8C, 0x30, 0x84, 0x71, 0x8C, 0x10, 0x84,
    0x1F, 0xF8, 0x1F, 0xF8, 0x1F, 0xF8, 0x1F, 0xF8, 0x10, 0x84, 0x10, 0x84, 0xEF, 0x7B, 0xEF, 0x7B,
    0x10, 0x84, 0x10, 0x84, 0x30, 0x84, 0xCF, 0x7B, 0x1F, 0xF8, 0x1F, 0xF8, 0x1F, 0xF8, 0x1F, 0xF8,
    0x51, 0x8C, 0xCF, 0x7B, 0xEF, 0x7B, 0xCF, 0x7B, 0x30, 0x84, 0x10, 0x84, 0x10, 0x84, 0xEF, 0x7B,
    0x1F, 0xF8, 0x1F, 0xF8, 0x1F, 0xF8, 0x1F, 0xF8, 0xB2, 0x94, 0x10, 0x84, 0xAE, 0x73, 0xCF, 0x7B,
    0x30, 0x84, 0x30, 0x84, 0xEF, 0x7B, 0xEF, 0x7B, 0x1F, 0xF8, 0x1F, 0xF8, 0x1F, 0xF8, 0x1F, 0xF8,
    0x71, 0x8C, 0x10, 0x84, 0x10, 0x84, 0xCF, 0x7B, 0x10, 0x84, 0xCF, 0x7B, 0x10, 0x84, 0x10, 0x84,
    0x1F, 0xF8, 0x1F, 0xF8, 0x1F, 0xF8, 0x1F, 0xF8, 0x92, 0x94, 0x10, 0x84, 0xEF, 0x7B, 0xCF, 0x7B,
    0x10, 0x84, 0x10, 0x84, 0xEF, 0x7B, 0xAE, 0x73, 0x1F, 0xF8, 0x1F, 0xF8, 0x1F, 0xF8, 0x1F, 0xF8,
    0x71, 0x8C, 0x30, 0x84, 0xEF, 0x7B, 0xEF, 0x7B, 0x10, 0x84, 0x10, 0x84, 0x10, 0x84, 0xCF, 0x7B,
    0x1F, 0xF8, 0x1F, 0xF8, 0x1F, 0xF8, 0x1F, 0xF8, 0x10, 0x84, 0xEF, 0x7B, 0xAE, 0x73, 0xEF, 0x7B,
    0xEF, 0x7B, 0xEF, 0x7B, 0xCF, 0x7B, 0xAE, 0x73, 0x1F, 0xF8, 0x1F, 0xF8, 0x1F, 0xF8, 0x1F, 0xF8,
    0x92, 0x94, 0x71, 0x8C, 0x8F, 0x6B, 0x13, 0x5C, 0x17, 0x85, 0x15, 0x9D, 0xCF, 0x7B, 0xEF, 0x7B,
    0x1F, 0xF8, 0x1F, 0xF8, 0x1F, 0xF8, 0x1F, 0xF8, 0xD3, 0x9C, 0x92, 0x94, 0x8F, 0x63, 0xD2, 0x53,
    0x17, 0x85, 0x93, 0x8C, 0xCF, 0x7B, 0x10, 0x84, 0x1F, 0xF8, 0x1F, 0xF8, 0x1F, 0xF8, 0x1F, 0xF8,
    0xB0, 0x6B, 0x6E, 0x63, 0x70, 0x53, 0xD2, 0x5B, 0x75, 0x6C, 0xD1, 0x63, 0x8F, 0x63, 0x6E, 0x63,
    0x1F, 0xF8, 0x1F, 0xF8, 0x1F, 0xF8, 0x1F, 0xF8, 0xF3, 0x5B, 0x13, 0x64, 0x13, 0x64, 0x54, 0x64,
    0x75, 0x6C, 0x75, 0x6C, 0x13, 0x64, 0x13, 0x64, 0x1F, 0xF8, 0x1F, 0xF8, 0x1F, 0xF8, 0x1F, 0xF8,
    0xF7, 0x7C, 0xD6, 0x7C, 0xD6, 0x7C, 0x75, 0x6C, 0xD6, 0x7C, 0x17, 0x85, 0xF6, 0x7C, 0x58, 0x8D,
    0x1F, 0xF8, 0x1F, 0xF8, 0x1F, 0xF8, 0x1F, 0xF8, 0xF4, 0x94, 0x72, 0x84, 0x13, 0x6C, 0xF3, 0x5B,
    0x78, 0x8D, 0x57, 0x95, 0xF5, 0x94, 0xB3, 0x84, 0x1F, 0xF8, 0x1F, 0xF8, 0x1F, 0xF8, 0x1F, 0xF8,
    0x30, 0x84, 0xEF, 0x7B, 0x4E, 0x5B, 0xB2, 0x53, 0x78, 0x8D, 0x15, 0x95, 0x8E, 0x73, 0x8E, 0x73,
    0x1F, 0xF8, 0x1F, 0xF8, 0x1F, 0xF8, 0x1F, 0xF8, 0x30, 0x84, 0xCF, 0x7B, 0x2E, 0x5B, 0x33, 0x64,
    0x17, 0x85, 0xD4, 0x8C, 0x8E, 0x73, 0xAE, 0x73, 0x1F, 0xF8, 0x1F, 0xF8, 0x1F, 0xF8, 0x1F, 0xF8,
    0x71, 0x8C, 0x51, 0x8C, 0x71, 0x8C, 0x72, 0x8C, 0xB2, 0x94, 0x51, 0x8C, 0xEF, 0x7B, 0x10, 0x84,
    0x1F, 0xF8, 0x1F, 0xF8, 0x1F, 0xF8, 0x1F, 0xF8, 0xD3, 0x9C, 0x71, 0x8C, 0x51, 0x8C, 0x71, 0x8C,
    0x51, 0x8C, 0x10, 0x84, 0x51, 0x8C, 0x30, 0x84, 0x1F, 0xF8, 0x1F, 0xF8, 0x1F, 0xF8, 0x1F, 0xF8,
    0x8F, 0x6B, 0x4E, 0x63, 0x6F, 0x63, 0x6F, 0x63, 0x4E, 0x5B, 0x4E, 0x5B, 0x6E, 0x63, 0x4E, 0x63,
    0x1F, 0xF8, 0x1F, 0xF8, 0x1F, 0xF8, 0x1F, 0xF8, 0xF3, 0x5B, 0x33, 0x64, 0xF2, 0x5B, 0xB2, 0x53,
    0xD2, 0x53, 0x13, 0x5C, 0xF3, 0x5B, 0x13, 0x64, 0x1F, 0xF8, 0x1F, 0xF8, 0x1F, 0xF8, 0x1F, 0xF8,
    0xD6, 0x7C, 0xD6, 0x74, 0xB6, 0x74, 0x54, 0x64, 0xB6, 0x74, 0x17, 0x85, 0xD6, 0x7C, 0x78, 0x8D,
    0x1F, 0xF8, 0x1F, 0xF8, 0x1F, 0xF8, 0x1F, 0xF8, 0xF4, 0x94, 0xB3, 0x8C, 0x12, 0x6C, 0x13, 0x64,
    0x78, 0x8D, 0x57, 0x95, 0xD4, 0x94, 0xD4, 0x8C, 0x1F, 0xF8, 0x1F, 0xF8, 0x1F, 0xF8, 0x1F, 0xF8,
    0x10, 0x84, 0xCF, 0x7B, 0x4E, 0x63, 0xD2, 0x53, 0x78, 0x8D, 0xF5, 0x94, 0x8E, 0x73, 0x8E, 0x73,
    0x1F, 0xF8, 0x1F, 0xF8, 0x1F, 0xF8, 0x1F, 0xF8, 0x10, 0x84, 0x10, 0x84, 0x6F, 0x63, 0x13, 0x5C,
    0xF7, 0x7C, 0xB4, 0x8C, 0x6D, 0x6B, 0xAE, 0x73, 0x1F, 0xF8, 0x1F, 0xF8, 0x1F, 0xF8, 0x1F, 0xF8,
    0x71, 0x8C, 0x92, 0x94, 0xAF, 0x6B, 0xF3, 0x5B, 0x17, 0x85, 0xD4, 0x8C, 0x10, 0x84, 0x10, 0x84,
    0x1F, 0xF8, 0x1F, 0xF8, 0x1F, 0xF8, 0x1F, 0xF8, 0x92, 0x94, 0x71, 0x8C, 0x6F, 0x63, 0xD2, 0x53,
    0x37, 0x85, 0xB4, 0x8C, 0xCF, 0x7B, 0xCF, 0x7B, 0x1F, 0xF8, 0x1F, 0xF8, 0x1F, 0xF8, 0x1F, 0xF8,
    0xD0, 0x73, 0x4E, 0x5B, 0x4F, 0x4B, 0xF2, 0x5B, 0x17, 0x85, 0xB4, 0x8C, 0xCF, 0x7B, 0xEF, 0x7B,
    0x1F, 0xF8, 0x1F, 0xF8, 0x1F, 0xF8, 0x1F, 0xF8, 0xF3, 0x5B, 0x33, 0x64, 0x13, 0x5C, 0x54, 0x6C,
    0x38, 0x85, 0xF5, 0x94, 0xAE, 0x73, 0xEF, 0x7B, 0x1F, 0xF8, 0x1F, 0xF8, 0x1F, 0xF8, 0x1F, 0xF8,
    0xD6, 0x7C, 0xB6, 0x74, 0xD6, 0x7C, 0x95, 0x74, 0x38, 0x85, 0x73, 0x84, 0xAE, 0x73, 0x10, 0x84,
    0x1F, 0xF8, 0x1F, 0xF8, 0x1F, 0xF8, 0x1F, 0xF8, 0xD4, 0x94, 0x93, 0x8C, 0x33, 0x74, 0x34, 0x64,
    0x58, 0x8D, 0x93, 0x84, 0x6D, 0x6B, 0xAE, 0x73, 0x1F, 0xF8, 0x1F, 0xF8, 0x1F, 0xF8, 0x1F, 0xF8,
    0xEF, 0x7B, 0xEF, 0x7B, 0x6F, 0x63, 0xB1, 0x53, 0x78, 0x8D, 0xD4, 0x8C, 0xAE, 0x73, 0x6D, 0x6B,
    0x1F, 0xF8, 0x1F, 0xF8, 0x1F, 0xF8, 0x1F, 0xF8, 0x30, 0x84, 0x51, 0x8C, 0x6F, 0x63, 0x13, 0x64,
    0xF7, 0x7C, 0xB4, 0x8C, 0x8E, 0x73, 0xAE, 0x73, 0x1F, 0xF8, 0x1F, 0xF8, 0x1F, 0xF8, 0x1F, 0xF8,
    0x71, 0x8C, 0x71, 0x8C, 0x71, 0x8C, 0x72, 0x8C, 0xB2, 0x94, 0x51, 0x8C, 0xEF, 0x7B, 0x10, 0x84,
    0x1F, 0xF8, 0x1F, 0xF8, 0x1F, 0xF8, 0x1F, 0xF8, 0xD3, 0x9C, 0x71, 0x8C, 0x51, 0x8C, 0x71, 0x8C,
    0x51, 0x8C, 0xCF, 0x7B, 0x10, 0x84, 0xCF, 0x7B, 0x1F, 0xF8, 0x1F, 0xF8, 0x1F, 0xF8, 0x1F, 0xF8,
    0x8F, 0x6B, 0x4E, 0x63, 0x6F, 0x63, 0x8F, 0x6B, 0xB0, 0x6B, 0xCF, 0x7B, 0xEF, 0x7B, 0xCF, 0x7B,
    0x1F, 0xF8, 0x1F, 0xF8, 0x1F, 0xF8, 0x1F, 0xF8, 0xF3, 0x5B, 0x33, 0x64, 0xF2, 0x5B, 0xD2, 0x5B,
    0x54, 0x64, 0x73, 0x84, 0xCF, 0x7B, 0xCF, 0x7B, 0x1F, 0xF8, 0x1F, 0xF8, 0x1F, 0xF8, 0x1F, 0xF8,
    0xD6, 0x7C, 0xD6, 0x74, 0xB6, 0x74, 0x75, 0x6C, 0xF7, 0x7C, 0xD4, 0x8C, 0xAE, 0x73, 0xCF, 0x7B,
    0x1F, 0xF8, 0x1F, 0xF8, 0x1F, 0xF8, 0x1F, 0xF8, 0xF4, 0x94, 0xB3, 0x8C, 0x12, 0x6C, 0x13, 0x64,
    0x78, 0x8D, 0xB4, 0x8C, 0xAE, 0x73, 0xCF, 0x7B, 0x1F, 0xF8, 0x1F, 0xF8, 0x1F, 0xF8, 0x1F, 0xF8,
    0x10, 0x84, 0xCF, 0x7B, 0x4E, 0x63, 0xD2, 0x53, 0x58, 0x8D, 0xF4, 0x94, 0xAE, 0x73, 0xCF, 0x7B,
    0x1F, 0xF8, 0x1F, 0xF8, 0x1F, 0xF8, 0x1F, 0xF8, 0x10, 0x84, 0x10, 0x84, 0x6F, 0x63, 0x13, 0x5C,
    0xF7, 0x7C, 0xB4, 0x8C, 0x6D, 0x6B, 0xAE, 0x73, 0x1F, 0xF8, 0x1F, 0xF8, 0x1F, 0xF8, 0x1F, 0xF8,
    0x92, 0x94, 0x71, 0x8C, 0x8F, 0x6B, 0x13, 0x5C, 0x17, 0x85, 0x15, 0x9D, 0xCF, 0x7B, 0xEF, 0x7B,
    0x1F, 0xF8, 0x1F, 0xF8, 0x1F, 0xF8, 0x1F, 0xF8, 0xD3, 0x9C, 0x92, 0x94, 0x8F, 0x63, 0xD2, 0x53,
    0x17, 0x85, 0x93, 0x8C, 0xCF, 0x7B, 0x10, 0x84, 0x1F, 0xF8, 0x1F, 0xF8, 0x1F, 0xF8, 0x1F, 0xF8,
    0xB0, 0x6B, 0x6E, 0x63, 0x70, 0x53, 0xF2, 0x5B, 0x75, 0x6C, 0xD1, 0x63, 0x8F, 0x63, 0x6E, 0x63,
    0x1F, 0xF8, 0x1F, 0xF8, 0x1F, 0xF8, 0x1F, 0xF8, 0xF3, 0x5B, 0x33, 0x64, 0x34, 0x64, 0x75, 0x6C,
    0x95, 0x74, 0x75, 0x6C, 0x13, 0x64, 0x13, 0x64, 0x1F, 0xF8, 0x1F, 0xF8, 0x1F, 0xF8, 0x1F, 0xF8,
    0xF7, 0x7C, 0x17, 0x7D, 0x78, 0x8D, 0x17, 0x85, 0x38, 0x85, 0x17, 0x85, 0xD6, 0x7C, 0x58, 0x8D,
    0x1F, 0xF8, 0x1F, 0xF8, 0x1F, 0xF8, 0x1F, 0xF8, 0xF4, 0x94, 0x93, 0x84, 0xB4, 0x8C, 0x73, 0x84,
    0xF5, 0x94, 0xB4, 0x8C, 0xD4, 0x8C, 0xB3, 0x84, 0x1F, 0xF8, 0x1F, 0xF8, 0x1F, 0xF8, 0x1F, 0xF8,
    0x30, 0x84, 0xAE, 0x73, 0x6D, 0x6B, 0xAE, 0x73, 0xAE, 0x73, 0xCF, 0x7B, 0xCF, 0x7B, 0x8E, 0x73,
    0x1F, 0xF8, 0x1F, 0xF8, 0x1F, 0xF8, 0x1F, 0xF8, 0x30, 0x84, 0x8E, 0x73, 0xCF, 0x7B, 0x10, 0x84,
    0xEF, 0x7B, 0xEF, 0x7B, 0xEF, 0x7B, 0xAE, 0x73, 0x1F, 0xF8, 0x1F, 0xF8, 0x1F, 0xF8, 0x1F, 0xF8,
    0x92, 0x94, 0x71, 0x8C, 0x51, 0x8C, 0x51, 0x8C, 0x71, 0x8C, 0x51, 0x8C, 0x71, 0x8C, 0x10, 0x84,
    0x1F, 0xF8, 0x1F, 0xF8, 0x1F, 0xF8, 0x1F, 0xF8, 0x51, 0x8C, 0x51, 0x8C, 0x51, 0x8C, 0x71, 0x8C,
    0x51, 0x8C, 0x51, 0x8C, 0x51, 0x8C, 0xEF, 0x7B, 0x1F, 0xF8, 0x1F, 0xF8, 0x1F, 0xF8, 0x1F, 0xF8,
    0x6F, 0x63, 0x4E, 0x5B, 0x6E, 0x63, 0x8F, 0x6B, 0x6F, 0x63, 0x4E, 0x63, 0x6F, 0x63, 0x4E, 0x5B,
    0x1F, 0xF8, 0x1F, 0xF8, 0x1F, 0xF8, 0x1F, 0xF8, 0x13, 0x5C, 0x33, 0x64, 0xD2, 0x5B, 0xD2, 0x5B,
    0xF3, 0x5B, 0x13, 0x64, 0xF3, 0x5B, 0x13, 0x64, 0x1F, 0xF8, 0x1F, 0xF8, 0x1F, 0xF8, 0x1F, 0xF8,
    0xF7, 0x7C, 0xF7, 0x7C, 0x58, 0x8D, 0xF7, 0x7C, 0xF7, 0x7C, 0xD6, 0x7C, 0xD6, 0x7C, 0x78, 0x8D,
    0x1F, 0xF8, 0x1F, 0xF8, 0x1F, 0xF8, 0x1F, 0xF8, 0xF5, 0x94, 0xB3, 0x8C, 0xD4, 0x8C, 0xD4, 0x8C,
    0xF4, 0x94, 0x73, 0x84, 0xD4, 0x8C, 0xF5, 0x94, 0x1F, 0xF8, 0x1F, 0xF8, 0x1F, 0xF8, 0x1F, 0xF8,
    0x10, 0x84, 0xCF, 0x7B, 0xAE, 0x73, 0xAE, 0x73, 0xCF, 0x7B, 0xCF, 0x7B, 0x8E, 0x73, 0x4D, 0x6B,
    0x1F, 0xF8, 0x1F, 0xF8, 0x1F, 0xF8, 0x1F, 0xF8, 0x10, 0x84, 0xEF, 0x7B, 0xAE, 0x73, 0xCF, 0x7B,
    0xCF, 0x7B, 0xCF, 0x7B, 0xCF, 0x7B, 0x8E, 0x73, 0x1F, 0xF8, 0x1F, 0xF8, 0x1F, 0xF8, 0x1F, 0xF8,
    0x71, 0x8C, 0x92, 0x94, 0xAF, 0x6B, 0xF3, 0x5B, 0xF7, 0x84, 0xD4, 0x8C, 0x10, 0x84, 0x10, 0x84,
    0x1F, 0xF8, 0x1F, 0xF8, 0x1F, 0xF8, 0x1F, 0xF8, 0x92, 0x94, 0x71, 0x8C, 0x6F, 0x63, 0xD2, 0x53,
    0x37, 0x85, 0xB4, 0x8C, 0xCF, 0x7B, 0xCF, 0x7B, 0x1F, 0xF8, 0x1F, 0xF8, 0x1F, 0xF8, 0x1F, 0xF8,
    0xD0, 0x73, 0x4E, 0x5B, 0x4F, 0x4B, 0xF2, 0x5B, 0x17, 0x85, 0xB4, 0x8C, 0xCF, 0x7B, 0xEF, 0x7B,
    0x1F, 0xF8, 0x1F, 0xF8, 0x1F, 0xF8, 0x1F, 0xF8, 0xF3, 0x5B, 0x33, 0x64, 0x13, 0x64, 0x95, 0x6C,
    0x78, 0x8D, 0x15, 0x95, 0xAE, 0x73, 0xEF, 0x7B, 0x1F, 0xF8, 0x1F, 0xF8, 0x1F, 0xF8, 0x1F, 0xF8,
    0xD7, 0x7C, 0xF7, 0x7C, 0x78, 0x8D, 0x58, 0x8D, 0xBA, 0x95, 0x93, 0x84, 0xAE, 0x73, 0x10, 0x84,
    0x1F, 0xF8, 0x1F, 0xF8, 0x1F, 0xF8, 0x1F, 0xF8, 0xD4, 0x94, 0xB3, 0x8C, 0xD4, 0x8C, 0xF5, 0x94,
    0x15, 0x95, 0x8E, 0x73, 0x8E, 0x73, 0xAE, 0x73, 0x1F, 0xF8, 0x1F, 0xF8, 0x1F, 0xF8, 0x1F, 0xF8,
    0xEF, 0x7B, 0xAE, 0x73, 0xAE, 0x73, 0xAE, 0x73, 0xCF, 0x7B, 0xCF, 0x7B, 0x10, 0x84, 0x6D, 0x6B,
    0x1F, 0xF8, 0x1F, 0xF8, 0x1F, 0xF8, 0x1F, 0xF8, 0x30, 0x84, 0xEF, 0x7B, 0xEF, 0x7B, 0xEF, 0x7B,
    0xEF, 0x7B, 0xCF, 0x7B, 0xEF, 0x7B, 0xAE, 0x73, 0x1F, 0xF8, 0x1F, 0xF8, 0x1F, 0xF8, 0x1F, 0xF8,
    0x71, 0x8C, 0x51, 0x8C, 0x51, 0x8C, 0x51, 0x8C, 0x51, 0x8C, 0x30, 0x84, 0x71, 0x8C, 0x10, 0x84,
    0x1F, 0xF8, 0x1F, 0xF8, 0x1F, 0xF8, 0x1F, 0xF8, 0x92, 0x94, 0x10, 0x84, 0x71, 0x8C, 0x51, 0x8C,
    0x10, 0x84, 0x10, 0x84, 0x30, 0x84, 0xCF, 0x7B, 0x1F, 0xF8, 0x1F, 0xF8, 0x1F, 0xF8, 0x1F, 0xF8,
    0xD0, 0x73, 0x4E, 0x63, 0x6E, 0x63, 0xF0, 0x73, 0xEF, 0x7B, 0x10, 0x84, 0x10, 0x84, 0xEF, 0x7B,
    0x1F, 0xF8, 0x1F, 0xF8, 0x1F, 0xF8, 0x1F, 0xF8, 0xF3, 0x5B, 0x33, 0x64, 0x13, 0x64, 0x75, 0x6C,
    0xCF, 0x7B, 0x30, 0x84, 0x10, 0x84, 0xEF, 0x7B, 0x1F, 0xF8, 0x1F, 0xF8, 0x1F, 0xF8, 0x1F, 0xF8,
    0xD7, 0x7C, 0xF7, 0x7C, 0x99, 0x95, 0x99, 0x95, 0x10, 0x7C, 0xAE, 0x73, 0x10, 0x84, 0x10, 0x84,
    0x1F, 0xF8, 0x1F, 0xF8, 0x1F, 0xF8, 0x1F, 0xF8, 0xD4, 0x94, 0xB3, 0x8C, 0xF4, 0x94, 0xD4, 0x94,
    0xAE, 0x73, 0xEF, 0x7B, 0xAE, 0x73, 0xAE, 0x73, 0x1F, 0xF8, 0x1F, 0xF8, 0x1F, 0xF8, 0x1F, 0xF8,
    0xEF, 0x7B, 0xAE, 0x73, 0xAE, 0x73, 0x8E, 0x73, 0x10, 0x84, 0xEF, 0x7B, 0x10, 0x84, 0x6D, 0x6B,
    0x1F, 0xF8, 0x1F, 0xF8, 0x1F, 0xF8, 0x1F, 0xF8, 0x30, 0x84, 0xEF, 0x7B, 0xCF, 0x7B, 0xCF, 0x7B,
    0xCF, 0x7B, 0xCF, 0x7B, 0xEF, 0x7B, 0xAE, 0x73, 0x1F, 0xF8, 0x1F, 0xF8, 0x1F, 0xF8, 0x1F, 0xF8,
    0x92, 0x94, 0xB2, 0x94, 0xAF, 0x6B, 0xF3, 0x5B, 0x17, 0x85, 0xF4, 0x94, 0x10, 0x84, 0x10, 0x84,
    0x1F, 0xF8, 0x1F, 0xF8, 0x1F, 0xF8, 0x1F, 0xF8, 0xEF, 0x7B, 0x51, 0x8C, 0x6F, 0x63, 0xD2, 0x53,
    0xF6, 0x7C, 0x93, 0x8C, 0xEF, 0x7B, 0xEF, 0x7B, 0x1F, 0xF8, 0x1F, 0xF8, 0x1F, 0xF8, 0x1F, 0xF8,
    0x51, 0x8C, 0x10, 0x84, 0x4E, 0x5B, 0xB2, 0x53, 0x95, 0x6C, 0x12, 0x6C, 0x8F, 0x63, 0x4E, 0x5B,
    0x1F, 0xF8, 0x1F, 0xF8, 0x1F, 0xF8, 0x1F, 0xF8, 0xB2, 0x94, 0x51, 0x8C, 0x2E, 0x5B, 0xD2, 0x53,
    0x75, 0x6C, 0x95, 0x6C, 0x13, 0x64, 0x13, 0x64, 0x1F, 0xF8, 0x1F, 0xF8, 0x1F, 0xF8, 0x1F, 0xF8,
    0x92, 0x94, 0x71, 0x8C, 0xAF, 0x6B, 0xD2, 0x53, 0xB6, 0x74, 0xF7, 0x7C, 0xF7, 0x7C, 0x78, 0x8D,
    0x1F, 0xF8, 0x1F, 0xF8, 0x1F, 0xF8, 0x1F, 0xF8, 0x92, 0x94, 0x51, 0x8C, 0x6F, 0x63, 0xB2, 0x53,
    0x37, 0x85, 0xF6, 0x8C, 0xF5, 0x94, 0xF5, 0x94, 0x1F, 0xF8, 0x1F, 0xF8, 0x1F, 0xF8, 0x1F, 0xF8,
    0x71, 0x8C, 0x71, 0x8C, 0x4E, 0x63, 0x91, 0x53, 0x78, 0x8D, 0x15, 0x95, 0x4D, 0x6B, 0x4D, 0x6B,
    0x1F, 0xF8, 0x1F, 0xF8, 0x1F, 0xF8, 0x1F, 0xF8, 0x30, 0x84, 0x51, 0x8C, 0x4E, 0x5B, 0x13, 0x64,
    0xF7, 0x7C, 0xD4, 0x8C, 0x8E, 0x73, 0x8E, 0x73, 0x1F, 0xF8, 0x1F, 0xF8, 0x1F, 0xF8, 0x1F, 0xF8,
    0x92, 0x94, 0x71, 0x8C, 0x51, 0x8C, 0x51, 0x8C, 0x71, 0x8C, 0x71, 0x8C, 0x71, 0x8C, 0x10, 0x84,
    0x1F, 0xF8, 0x1F, 0xF8, 0x1F, 0xF8, 0x1F, 0xF8, 0xEF, 0x7B, 0x10, 0x84, 0x30, 0x84, 0x71, 0x8C,
    0x51, 0x8C, 0x51, 0x8C, 0x51, 0x8C, 0xEF, 0x7B, 0x1F, 0xF8, 0x1F, 0xF8, 0x1F, 0xF8, 0x1F, 0xF8,
    0x51, 0x8C, 0xEF, 0x7B, 0x71, 0x8C, 0xAF, 0x6B, 0x6F, 0x63, 0x4E, 0x63, 0x6F, 0x63, 0x4E, 0x5B,
    0x1F, 0xF8, 0x1F, 0xF8, 0x1F, 0xF8, 0x1F, 0xF8, 0xB2, 0x94, 0x51, 0x8C, 0x6E, 0x63, 0x30, 0x43,
    0xB2, 0x53, 0xF3, 0x5B, 0xF3, 0x5B, 0x13, 0x64, 0x1F, 0xF8, 0x1F, 0xF8, 0x1F, 0xF8, 0x1F, 0xF8,
    0x92, 0x94, 0x71, 0x8C, 0x8F, 0x6B, 0x91, 0x53, 0x75, 0x6C, 0xD6, 0x7C, 0xF6, 0x7C, 0x78, 0x8D,
    0x1F, 0xF8, 0x1F, 0xF8, 0x1F, 0xF8, 0x1F, 0xF8, 0x92, 0x94, 0x51, 0x8C, 0x6F, 0x63, 0xB2, 0x53,
    0x37, 0x85, 0xF6, 0x8C, 0xF5, 0x94, 0xF5, 0x94, 0x1F, 0xF8, 0x1F, 0xF8, 0x1F, 0xF8, 0x1F, 0xF8,
    0x71, 0x8C, 0x71, 0x8C, 0x4E, 0x63, 0x91, 0x53, 0x78, 0x8D, 0x15, 0x95, 0x4D, 0x6B, 0x4D, 0x6B,
    0x1F, 0xF8, 0x1F, 0xF8, 0x1F, 0xF8, 0x1F, 0xF8, 0x10, 0x84, 0x51, 0x8C, 0x4E, 0x5B, 0xF3, 0x5B,
    0xF7, 0x7C, 0xD4, 0x8C, 0x8E, 0x73, 0x8E, 0x73, 0x1F, 0xF8, 0x1F, 0xF8, 0x1F, 0xF8, 0x1F, 0xF8,
    0x92, 0x94, 0x71, 0x8C, 0x8F, 0x6B, 0x13, 0x5C, 0x17, 0x85, 0x35, 0x9D, 0xCF, 0x7B, 0xEF, 0x7B,
    0x1F, 0xF8, 0x1F, 0xF8, 0x1F, 0xF8, 0x1F, 0xF8, 0x71, 0x8C, 0x51, 0x8C, 0x8F, 0x63, 0xD2, 0x53,
    0x37, 0x85, 0xB4, 0x8C, 0x8E, 0x73, 0xCF, 0x7B, 0x1F, 0xF8, 0x1F, 0xF8, 0x1F, 0xF8, 0x1F, 0xF8,
    0x71, 0x8C, 0x51, 0x8C, 0x6E, 0x63, 0xD2, 0x53, 0xF7, 0x7C, 0x73, 0x84, 0xCF, 0x7B, 0xCF, 0x7B,
    0x1F, 0xF8, 0x1F, 0xF8, 0x1F, 0xF8, 0x1F, 0xF8, 0x71, 0x8C, 0x51, 0x8C, 0x6F, 0x63, 0xD2, 0x5B,
    0xF7, 0x7C, 0xD4, 0x8C, 0xCF, 0x7B, 0xAE, 0x73, 0x1F, 0xF8, 0x1F, 0xF8, 0x1F, 0xF8, 0x1F, 0xF8,
    0x71, 0x8C, 0x71, 0x8C, 0xAF, 0x6B, 0xD2, 0x53, 0xF7, 0x7C, 0xD4, 0x94, 0xAE, 0x73, 0xCF, 0x7B,
    0x1F, 0xF8, 0x1F, 0xF8, 0x1F, 0xF8, 0x1F, 0xF8, 0x51, 0x8C, 0x51, 0x8C, 0x6E, 0x63, 0x91, 0x53,
    0x38, 0x85, 0xB3, 0x8C, 0xAE, 0x73, 0xAE, 0x73, 0x1F, 0xF8, 0x1F, 0xF8, 0x1F, 0xF8, 0x1F, 0xF8,
    0x71, 0x8C, 0x51, 0x8C, 0x4E, 0x5B, 0x91, 0x53, 0x58, 0x8D, 0xF4, 0x94, 0xCF, 0x7B, 0xCF, 0x7B,
    0x1F, 0xF8, 0x1F, 0xF8, 0x1F, 0xF8, 0x1F, 0xF8, 0x30, 0x84, 0xCF, 0x7B, 0x2E, 0x5B, 0x33, 0x64,
    0x17, 0x85, 0xD4, 0x8C, 0x8E, 0x73, 0xAE, 0x73, 0x1F, 0xF8, 0x1F, 0xF8, 0x1F, 0xF8, 0x1F, 0xF8,
    0x71, 0x8C, 0x51, 0x8C, 0x71, 0x8C, 0x72, 0x8C, 0xB2, 0x94, 0x51, 0x8C, 0xEF, 0x7B, 0x10, 0x84,
    0x1F, 0xF8, 0x1F, 0xF8, 0x1F, 0xF8, 0x1F, 0xF8, 0x92, 0x94, 0x30, 0x84, 0x10, 0x84, 0x10, 0x84,
    0x10, 0x84, 0xAE, 0x73, 0x10, 0x84, 0xCF, 0x7B, 0x1F, 0xF8, 0x1F, 0xF8, 0x1F, 0xF8, 0x1F, 0xF8,
    0x51, 0x8C, 0x10, 0x84, 0x10, 0x84, 0x30, 0x84, 0xCF, 0x7B, 0xEF, 0x7B, 0xEF, 0x7B, 0xCF, 0x7B,
    0x1F, 0xF8, 0x1F, 0xF8, 0x1F, 0xF8, 0x1F, 0xF8, 0x71, 0x8C, 0x10, 0x84, 0xD3, 0x9C, 0x10, 0x84,
    0x30, 0x84, 0x30, 0x84, 0x30, 0x84, 0xCF, 0x7B, 0x1F, 0xF8, 0x1F, 0xF8, 0x1F, 0xF8, 0x1F, 0xF8,
    0x51, 0x8C, 0x71, 0x8C, 0xCF, 0x73, 0x30, 0x43, 0xF3, 0x5B, 0x31, 0x7C, 0xAE, 0x73, 0xCF, 0x7B,
    0x1F, 0xF8, 0x1F, 0xF8, 0x1F, 0xF8, 0x1F, 0xF8, 0x71, 0x8C, 0x71, 0x8C, 0x4E, 0x5B, 0x71, 0x4B,
    0xF6, 0x7C, 0x93, 0x8C, 0xAE, 0x73, 0xCF, 0x7B, 0x1F, 0xF8, 0x1F, 0xF8, 0x1F, 0xF8, 0x1F, 0xF8,
    0x51, 0x8C, 0x10, 0x84, 0x4E, 0x63, 0x91, 0x53, 0x58, 0x8D, 0xF4, 0x94, 0xAE, 0x73, 0xCF, 0x7B,
    0x1F, 0xF8, 0x1F, 0xF8, 0x1F, 0xF8, 0x1F, 0xF8, 0x10, 0x84, 0x10, 0x84, 0x8F, 0x63, 0x13, 0x5C,
    0xF7, 0x7C, 0xB4, 0x8C, 0x6D, 0x6B, 0xAE, 0x73, 0x1F, 0xF8, 0x1F, 0xF8, 0x1F, 0xF8, 0x1F, 0xF8,
    0x92, 0x94, 0x71, 0x8C, 0x8F, 0x6B, 0x13, 0x5C, 0x17, 0x85, 0x15, 0x9D, 0xCF, 0x7B, 0xEF, 0x7B,
    0x1F, 0xF8, 0x1F, 0xF8, 0x1F, 0xF8, 0x1F, 0xF8, 0x71, 0x8C, 0x51, 0x8C, 0x8F, 0x63, 0xD2, 0x53,
    0x17, 0x85, 0x93, 0x8C, 0xCF, 0x7B, 0x10, 0x84, 0x1F, 0xF8, 0x1F, 0xF8, 0x1F, 0xF8, 0x1F, 0xF8,
    0x71, 0x8C, 0x51, 0x8C, 0x6E, 0x63, 0xB2, 0x53, 0x75, 0x6C, 0xD1, 0x63, 0x8F, 0x63, 0x6E, 0x63,
    0x1F, 0xF8, 0x1F, 0xF8, 0x1F, 0xF8, 0x1F, 0xF8, 0x71, 0x8C, 0x51, 0x8C, 0x8F, 0x63, 0xF2, 0x5B,
    0x75, 0x6C, 0x75, 0x6C, 0x13, 0x64, 0x13, 0x64, 0x1F, 0xF8, 0x1F, 0xF8, 0x1F, 0xF8, 0x1F, 0xF8,
    0x71, 0x8C, 0x71, 0x8C, 0x31, 0x7C, 0x34, 0x64, 0xD7, 0x7C, 0x17, 0x85, 0xD6, 0x7C, 0x58, 0x8D,
    0x1F, 0xF8, 0x1F, 0xF8, 0x1F, 0xF8, 0x1F, 0xF8, 0x51, 0x8C, 0x10, 0x84, 0xCF, 0x7B, 0x11, 0x74,
    0xF4, 0x94, 0xB3, 0x8C, 0xD4, 0x8C, 0xB3, 0x84, 0x1F, 0xF8, 0x1F, 0xF8, 0x1F, 0xF8, 0x1F, 0xF8,
    0x71, 0x8C, 0x10, 0x84, 0xAE, 0x73, 0xAE, 0x73, 0xAE, 0x73, 0xCF, 0x7B, 0xCF, 0x7B, 0x8E, 0x73,
    0x1F, 0xF8, 0x1F, 0xF8, 0x1F, 0xF8, 0x1F, 0xF8, 0x30, 0x84, 0x8E, 0x73, 0xCF, 0x7B, 0x10, 0x84,
    0xEF, 0x7B, 0xEF, 0x7B, 0xEF, 0x7B, 0xAE, 0x73, 0x1F, 0xF8, 0x1F, 0xF8, 0x1F, 0xF8, 0x1F, 0xF8,
    0x92, 0x94, 0x71, 0x8C, 0x51, 0x8C, 0x51, 0x8C, 0x71, 0x8C, 0x51, 0x8C, 0x71, 0x8C, 0x10, 0x84,
    0x1F, 0xF8, 0x1F, 0xF8, 0x1F, 0xF8, 0x1F, 0xF8, 0xEF, 0x7B, 0x10, 0x84, 0xEF, 0x7B, 0x30, 0x84,
    0x51, 0x8C, 0x51, 0x8C, 0x51, 0x8C, 0xEF, 0x7B, 0x1F, 0xF8, 0x1F, 0xF8, 0x1F, 0xF8, 0x1F, 0xF8,
    0x51, 0x8C, 0xAE, 0x73, 0xEF, 0x7B, 0xD3, 0x9C, 0xCF, 0x73, 0x6E, 0x63, 0x8F, 0x63, 0x4E, 0x63,
    0x1F, 0xF8, 0x1F, 0xF8, 0x1F, 0xF8, 0x1F, 0xF8, 0xB2, 0x94, 0x10, 0x84, 0xCF, 0x7B, 0x10, 0x84,
    0x50, 0x4B, 0xD2, 0x5B, 0xF3, 0x5B, 0x13, 0x64, 0x1F, 0xF8, 0x1F, 0xF8, 0x1F, 0xF8, 0x1F, 0xF8,
    0x92, 0x94, 0x10, 0x84, 0x30, 0x84, 0x30, 0x84, 0xF3, 0x5B, 0x75, 0x6C, 0xD6, 0x7C, 0x78, 0x8D,
    0x1F, 0xF8, 0x1F, 0xF8, 0x1F, 0xF8, 0x1F, 0xF8, 0x92, 0x94, 0x10, 0x84, 0x10, 0x84, 0x10, 0x84,
    0x31, 0x7C, 0x52, 0x7C, 0xD4, 0x8C, 0xF5, 0x94, 0x1F, 0xF8, 0x1F, 0xF8, 0x1F, 0xF8, 0x1F, 0xF8,
    0x71, 0x8C, 0x30, 0x84, 0x10, 0x84, 0x10, 0x84, 0xCF, 0x7B, 0xCF, 0x7B, 0x8E, 0x73, 0x4D, 0x6B,
    0x1F, 0xF8, 0x1F, 0xF8, 0x1F, 0xF8, 0x1F, 0xF8, 0x10, 0x84, 0xEF, 0x7B, 0xAE, 0x73, 0xCF, 0x7B,
    0xCF, 0x7B, 0xEF, 0x7B, 0xCF, 0x7B, 0x8E, 0x73, 0x1F, 0xF8, 0x1F, 0xF8, 0x1F, 0xF8, 0x1F, 0xF8,
    0x92, 0x94, 0x71, 0x8C, 0x8F, 0x6B, 0x13, 0x5C, 0x17, 0x85, 0x15, 0x9D, 0xCF, 0x7B, 0xEF, 0x7B,
    0x1F, 0xF8, 0x1F, 0xF8, 0x1F, 0xF8, 0x1F, 0xF8, 0x71, 0x8C, 0x51, 0x8C, 0x8F, 0x6B, 0xD2, 0x53,
    0x58, 0x85, 0xB4, 0x8C, 0x8E, 0x73, 0xCF, 0x7B, 0x1F, 0xF8, 0x1F, 0xF8, 0x1F, 0xF8, 0x1F, 0xF8,
    0x71, 0x8C, 0x51, 0x8C, 0x8F, 0x63, 0xF3, 0x5B, 0x37, 0x85, 0x73, 0x84, 0xCF, 0x7B, 0xCF, 0x7B,
    0x1F, 0xF8, 0x1F, 0xF8, 0x1F, 0xF8, 0x1F, 0xF8, 0x71, 0x8C, 0x30, 0x84, 0xF0, 0x7B, 0x75, 0x6C,
    0x99, 0x95, 0xD4, 0x8C, 0xAE, 0x73, 0xAE, 0x73, 0x1F, 0xF8, 0x1F, 0xF8, 0x1F, 0xF8, 0x1F, 0xF8,
    0x71, 0x8C, 0x30, 0x84, 0x10, 0x84, 0xCF, 0x7B, 0x10, 0x7C, 0x8E, 0x73, 0x10, 0x84, 0xCF, 0x7B,
    0x1F, 0xF8, 0x1F, 0xF8, 0x1F, 0xF8, 0x1F, 0xF8, 0x51, 0x8C, 0xEF, 0x7B, 0xEF, 0x7B, 0xAE, 0x73,
    0x30, 0x84, 0x10, 0x84, 0x10, 0x84, 0xAE, 0x73, 0x1F, 0xF8, 0x1F, 0xF8, 0x1F, 0xF8, 0x1F, 0xF8,
    0x71, 0x8C, 0x10, 0x84, 0xAE, 0x73, 0x10, 0x84, 0x10, 0x84, 0x10, 0x84, 0x30, 0x84, 0xCF, 0x7B,
    0x1F, 0xF8, 0x1F, 0xF8, 0x1F, 0xF8, 0x1F, 0xF8, 0x30, 0x84, 0x8E, 0x73, 0xCF, 0x7B, 0x10, 0x84,
    0xEF, 0x7B, 0xEF, 0x7B, 0xEF, 0x7B, 0xAE, 0x73, 0x1F, 0xF8, 0x1F, 0xF8, 0x1F, 0xF8, 0x1F, 0xF8,
    0x92, 0x94, 0x71, 0x8C, 0x51, 0x8C, 0x51, 0x8C, 0x71, 0x8C, 0x30, 0x84, 0x71, 0x8C, 0x10, 0x84,
    0x1F, 0xF8, 0x1F, 0xF8, 0x1F, 0xF8, 0x1F, 0xF8, 0x10, 0x84, 0x10, 0x84, 0xEF, 0x7B, 0xEF, 0x7B,
    0x10, 0x84, 0x10, 0x84, 0x30, 0x84, 0xCF, 0x7B, 0x1F, 0xF8, 0x1F, 0xF8, 0x1F, 0xF8, 0x1F, 0xF8,
    0x51, 0x8C, 0xCF, 0x7B, 0xEF, 0x7B, 0xCF, 0x7B, 0x30, 0x84, 0x10, 0x84, 0x10, 0x84, 0xEF, 0x7B,
    0x1F, 0xF8, 0x1F, 0xF8, 0x1F, 0xF8, 0x1F, 0xF8, 0xB2, 0x94, 0x10, 0x84, 0xAE, 0x73, 0xCF, 0x7B,
    0x30, 0x84, 0x30, 0x84, 0xEF, 0x7B, 0xEF, 0x7B, 0x1F, 0xF8, 0x1F, 0xF8, 0x1F, 0xF8, 0x1F, 0xF8,
    0x71, 0x8C, 0x10, 0x84, 0x10, 0x84, 0xCF, 0x7B, 0x10, 0x84, 0xCF, 0x7B, 0x10, 0x84, 0x10, 0x84,
    0x1F, 0xF8, 0x1F, 0xF8, 0x1F, 0xF8, 0x1F, 0xF8, 0x92, 0x94, 0x10, 0x84, 0xEF, 0x7B, 0xCF, 0x7B,
    0x10, 0x84, 0x10, 0x84, 0xEF, 0x7B, 0xAE, 0x73, 0x1F, 0xF8, 0x1F, 0xF8, 0x1F, 0xF8, 0x1F, 0xF8,
    0x71, 0x8C, 0x30, 0x84, 0xEF, 0x7B, 0xEF, 0x7B, 0x10, 0x84, 0x10, 0x84, 0x10, 0x84, 0xCF, 0x7B,
    0x1F, 0xF8, 0x1F, 0xF8, 0x1F, 0xF8, 0x1F, 0xF8, 0x30, 0x84, 0xEF, 0x7B, 0xAE, 0x73, 0xEF, 0x7B,
    0xEF, 0x7B, 0xEF, 0x7B, 0xEF, 0x7B, 0xAE, 0x73, 0x1F, 0xF8, 0x1F, 0xF8, 0x1F, 0xF8, 0x1F, 0xF8,
    0x92, 0x94, 0xB2, 0x94, 0xD0, 0x73, 0x34, 0x64, 0xD6, 0x7C, 0xF4, 0x94, 0x10, 0x84, 0x30, 0x84,
    0x1F, 0xF8, 0x1F, 0xF8, 0x1F, 0xF8, 0x1F, 0xF8, 0x92, 0x94, 0x71, 0x8C, 0xB0, 0x6B, 0x34, 0x64,
    0xF6, 0x7C, 0x93, 0x8C, 0xEF, 0x7B, 0xEF, 0x7B, 0x1F, 0xF8, 0x1F, 0xF8, 0x1F, 0xF8, 0x1F, 0xF8,
    0xD0, 0x73, 0x4E, 0x5B, 0xB1, 0x5B, 0xF3, 0x5B, 0x75, 0x6C, 0x12, 0x6C, 0x8F, 0x63, 0x4E, 0x5B,
    0x1F, 0xF8, 0x1F, 0xF8, 0x1F, 0xF8, 0x1F, 0xF8, 0xF3, 0x5B, 0x34, 0x64, 0x13, 0x64, 0x0F, 0x3B,
    0x50, 0x43, 0x75, 0x6C, 0x13, 0x64, 0x13, 0x64, 0x1F, 0xF8, 0x1F, 0xF8, 0x1F, 0xF8, 0x1F, 0xF8,
    0xD6, 0x7C, 0xB6, 0x74, 0x75, 0x6C, 0x50, 0x43, 0x71, 0x4B, 0xF6, 0x7C, 0xF7, 0x7C, 0x78, 0x8D,
    0x1F, 0xF8, 0x1F, 0xF8, 0x1F, 0xF8, 0x1F, 0xF8, 0xD4, 0x94, 0x93, 0x8C, 0x53, 0x74, 0x75, 0x6C,
    0x37, 0x85, 0xF6, 0x8C, 0xF5, 0x94, 0x15, 0x95, 0x1F, 0xF8, 0x1F, 0xF8, 0x1F, 0xF8, 0x1F, 0xF8,
    0x10, 0x84, 0xEF, 0x7B, 0xD0, 0x6B, 0xF6, 0x84, 0x78, 0x8D, 0x15, 0x95, 0x4D, 0x6B, 0x4D, 0x6B,
    0x1F, 0xF8, 0x1F, 0xF8, 0x1F, 0xF8, 0x1F, 0xF8, 0x51, 0x8C, 0x30, 0x84, 0xAF, 0x6B, 0x95, 0x74,
    0xF7, 0x7C, 0xD4, 0x8C, 0x8E, 0x73, 0x6D, 0x6B, 0x1F, 0xF8, 0x1F, 0xF8, 0x1F, 0xF8, 0x1F, 0xF8,
    0x92, 0x94, 0x71, 0x8C, 0x92, 0x94, 0x92, 0x94, 0xB3, 0x94, 0x71, 0x8C, 0x10, 0x84, 0x10, 0x84,
    0x1F, 0xF8, 0x1F, 0xF8, 0x1F, 0xF8, 0x1F, 0xF8, 0xF3, 0x9C, 0x71, 0x8C, 0x51, 0x8C, 0x71, 0x8C,
    0x51, 0x8C, 0x10, 0x84, 0x51, 0x8C, 0x30, 0x84, 0x1F, 0xF8, 0x1F, 0xF8, 0x1F, 0xF8, 0x1F, 0xF8,
    0x8F, 0x6B, 0x4E, 0x63, 0x6F, 0x63, 0x8F, 0x63, 0x4E, 0x63, 0x4E, 0x5B, 0x6E, 0x63, 0x4E, 0x63,
    0x1F, 0xF8, 0x1F, 0xF8, 0x1F, 0xF8, 0x1F, 0xF8, 0xF3, 0x5B, 0x33, 0x64, 0xD2, 0x5B, 0xEF, 0x3A,
    0x30, 0x43, 0x13, 0x64, 0xF3, 0x5B, 0x13, 0x64, 0x1F, 0xF8, 0x1F, 0xF8, 0x1F, 0xF8, 0x1F, 0xF8,
    0xD6, 0x7C, 0xD6, 0x74, 0x95, 0x74, 0x30, 0x43, 0x71, 0x4B, 0xF7, 0x7C, 0xD6, 0x7C, 0x78, 0x8D,
    0x1F, 0xF8, 0x1F, 0xF8, 0x1F, 0xF8, 0x1F, 0xF8, 0xF4, 0x94, 0xB3, 0x8C, 0x12, 0x6C, 0x13, 0x5C,
    0x58, 0x8D, 0x57, 0x95, 0xD4, 0x94, 0xD4, 0x8C, 0x1F, 0xF8, 0x1F, 0xF8, 0x1F, 0xF8, 0x1F, 0xF8,
    0x10, 0x84, 0xCF, 0x7B, 0x4E, 0x63, 0xD2, 0x53, 0x78, 0x8D, 0xF5, 0x94, 0x8E, 0x73, 0x6D, 0x6B,
    0x1F, 0xF8, 0x1F, 0xF8, 0x1F, 0xF8, 0x1F, 0xF8, 0x30, 0x84, 0x10, 0x84, 0x6F, 0x63, 0x13, 0x5C,
    0xF7, 0x7C, 0xB4, 0x8C, 0x6D, 0x6B, 0x8E, 0x73, 0x1F, 0xF8, 0x1F, 0xF8, 0x1F, 0xF8, 0x1F, 0xF8,
    0x92, 0x94, 0xB2, 0x94, 0xAF, 0x6B, 0xF3, 0x5B, 0x17, 0x7D, 0xD4, 0x8C, 0x10, 0x84, 0x10, 0x84,
    0x1F, 0xF8, 0x1F, 0xF8, 0x1F, 0xF8, 0x1F, 0xF8, 0x92, 0x94, 0x71, 0x8C, 0x6F, 0x63, 0xD2, 0x53,
    0x37, 0x85, 0xB4, 0x8C, 0xCF, 0x7B, 0xCF, 0x7B, 0x1F, 0xF8, 0x1F, 0xF8, 0x1F, 0xF8, 0x1F, 0xF8,
    0xD0, 0x73, 0x4E, 0x5B, 0x4F, 0x53, 0xB2, 0x53, 0xD6, 0x7C, 0xB3, 0x8C, 0xCF, 0x7B, 0xCF, 0x7B,
    0x1F, 0xF8, 0x1F, 0xF8, 0x1F, 0xF8, 0x1F, 0xF8, 0xF3, 0x5B, 0x33, 0x64, 0xF2, 0x5B, 0x0F, 0x3B,
    0x50, 0x43, 0xB3, 0x8C, 0xAE, 0x73, 0xCF, 0x7B, 0x1F, 0xF8, 0x1F, 0xF8, 0x1F, 0xF8, 0x1F, 0xF8,
    0xD6, 0x7C, 0xB6, 0x74, 0xB6, 0x74, 0x30, 0x43, 0x71, 0x4B, 0x52, 0x7C, 0xAE, 0x73, 0xEF, 0x7B,
    0x1F, 0xF8, 0x1F, 0xF8, 0x1F, 0xF8, 0x1F, 0xF8, 0xD4, 0x94, 0x93, 0x8C, 0x33, 0x74, 0x34, 0x64,
    0x38, 0x85, 0x93, 0x84, 0x6D, 0x6B, 0xAE, 0x73, 0x1F, 0xF8, 0x1F, 0xF8, 0x1F, 0xF8, 0x1F, 0xF8,
    0x10, 0x84, 0xEF, 0x7B, 0x6F, 0x63, 0xB1, 0x53, 0x78, 0x8D, 0xD4, 0x8C, 0xAE, 0x73, 0x6D, 0x6B,
    0x1F, 0xF8, 0x1F, 0xF8, 0x1F, 0xF8, 0x1F, 0xF8, 0x51, 0x8C, 0x30, 0x84, 0x6F, 0x63, 0x13, 0x64,
    0x17, 0x7D, 0xB4, 0x8C, 0x8E, 0x73, 0x8E, 0x73, 0x1F, 0xF8, 0x1F, 0xF8, 0x1F, 0xF8, 0x1F, 0xF8,
    0x92, 0x94, 0x71, 0x8C, 0x92, 0x94, 0x92, 0x94, 0xB3, 0x94, 0x71, 0x8C, 0x10, 0x84, 0x10, 0x84,
    0x1F, 0xF8, 0x1F, 0xF8, 0x1F, 0xF8, 0x1F, 0xF8, 0xF3, 0x9C, 0x71, 0x8C, 0x51, 0x8C, 0x71, 0x8C,
    0x51, 0x8C, 0xCF, 0x7B, 0x10, 0x84, 0xCF, 0x7B, 0x1F, 0xF8, 0x1F, 0xF8, 0x1F, 0xF8, 0x1F, 0xF8,
    0x8F, 0x6B, 0x4E, 0x63, 0x6F, 0x63, 0x8F, 0x6B, 0xAF, 0x6B, 0xCF, 0x7B, 0xEF, 0x7B, 0xAE, 0x73,
    0x1F, 0xF8, 0x1F, 0xF8, 0x1F, 0xF8, 0x1F, 0xF8, 0xF3, 0x5B, 0x33, 0x64, 0xD2, 0x5B, 0xEF, 0x3A,
    0x30, 0x43, 0x52, 0x84, 0xCF, 0x7B, 0xCF, 0x7B, 0x1F, 0xF8, 0x1F, 0xF8, 0x1F, 0xF8, 0x1F, 0xF8,
    0xD6, 0x7C, 0xD6, 0x74, 0x95, 0x74, 0x30, 0x43, 0x71, 0x4B, 0xB4, 0x8C, 0xAE, 0x73, 0xCF, 0x7B,
    0x1F, 0xF8, 0x1F, 0xF8, 0x1F, 0xF8, 0x1F, 0xF8, 0xF4, 0x94, 0xB3, 0x8C, 0x12, 0x6C, 0x13, 0x64,
    0x58, 0x8D, 0xB4, 0x8C, 0xAE, 0x73, 0xCF, 0x7B, 0x1F, 0xF8, 0x1F, 0xF8, 0x1F, 0xF8, 0x1F, 0xF8,
    0x10, 0x84, 0xCF, 0x7B, 0x4E, 0x63, 0xD2, 0x53, 0x58, 0x8D, 0xF4, 0x94, 0xAE, 0x73, 0xCF, 0x7B,
    0x1F, 0xF8, 0x1F, 0xF8, 0x1F, 0xF8, 0x1F, 0xF8, 0x30, 0x84, 0x10, 0x84, 0x6F, 0x63, 0x13, 0x5C,
    0xF7, 0x7C, 0xB4, 0x8C, 0x4D, 0x6B, 0x8E, 0x73, 0x1F, 0xF8, 0x1F, 0xF8, 0x1F, 0xF8, 0x1F, 0xF8,
    0xB2, 0x94, 0x92, 0x94, 0x8F, 0x6B, 0x13, 0x5C, 0x17, 0x85, 0x15, 0x9D, 0xCF, 0x7B, 0x10, 0x84,
    0x1F, 0xF8, 0x1F, 0xF8, 0x1F, 0xF8, 0x1F, 0xF8, 0xD3, 0x9C, 0x92, 0x94, 0x8F, 0x63, 0xD2, 0x53,
    0x17, 0x85, 0x93, 0x8C, 0xCF, 0x7B, 0x10, 0x84, 0x1F, 0xF8, 0x1F, 0xF8, 0x1F, 0xF8, 0x1F, 0xF8,
    0xB0, 0x6B, 0x6E, 0x63, 0x70, 0x53, 0xB2, 0x53, 0x54, 0x6C, 0xD1, 0x63, 0x8F, 0x63, 0x6E, 0x63,
    0x1F, 0xF8, 0x1F, 0xF8, 0x1F, 0xF8, 0x1F, 0xF8, 0xF3, 0x5B, 0x33, 0x64, 0x13, 0x5C, 0x0F, 0x3B,
    0x30, 0x43, 0x74, 0x6C, 0x13, 0x64, 0x13, 0x64, 0x1F, 0xF8, 0x1F, 0xF8, 0x1F, 0xF8, 0x1F, 0xF8,
    0xF7, 0x7C, 0x17, 0x7D, 0x17, 0x85, 0x30, 0x43, 0x71, 0x4B, 0xF6, 0x7C, 0xD6, 0x7C, 0x58, 0x8D,
    0x1F, 0xF8, 0x1F, 0xF8, 0x1F, 0xF8, 0x1F, 0xF8, 0xF4, 0x94, 0x93, 0x84, 0xB3, 0x84, 0x32, 0x7C,
    0xD4, 0x8C, 0xB4, 0x8C, 0xD4, 0x8C, 0xB3, 0x8C, 0x1F, 0xF8, 0x1F, 0xF8, 0x1F, 0xF8, 0x1F, 0xF8,
    0x30, 0x84, 0xAE, 0x73, 0x6D, 0x6B, 0xAE, 0x73, 0xAE, 0x73, 0xCF, 0x7B, 0xCF, 0x7B, 0x6D, 0x6B,
    0x1F, 0xF8, 0x1F, 0xF8, 0x1F, 0xF8, 0x1F, 0xF8, 0x30, 0x84, 0x8E, 0x73, 0xCF, 0x7B, 0x10, 0x84,
    0xEF, 0x7B, 0xEF, 0x7B, 0xCF, 0x7B, 0x8E, 0x73, 0x1F, 0xF8, 0x1F, 0xF8, 0x1F, 0xF8, 0x1F, 0xF8,
    0xB2, 0x94, 0x92, 0x94, 0x71, 0x8C, 0x71, 0x8C, 0x92, 0x94, 0x71, 0x8C, 0x92, 0x94, 0x30, 0x84,
    0x1F, 0xF8, 0x1F, 0xF8, 0x1F, 0xF8, 0x1F, 0xF8, 0x51, 0x8C, 0x51, 0x8C, 0x51, 0x8C, 0x71, 0x8C,
    0x51, 0x8C, 0x51, 0x8C, 0x51, 0x8C, 0xEF, 0x7B, 0x1F, 0xF8, 0x1F, 0xF8, 0x1F, 0xF8, 0x1F, 0xF8,
    0x6F, 0x63, 0x4E, 0x5B, 0x6E, 0x63, 0x8F, 0x6B, 0x8F, 0x63, 0x6E, 0x63, 0x6F, 0x63, 0x4E, 0x5B,
    0x1F, 0xF8, 0x1F, 0xF8, 0x1F, 0xF8, 0x1F, 0xF8, 0x13, 0x5C, 0x33, 0x64, 0xD2, 0x53, 0xEF, 0x3A,
    0x30, 0x43, 0x13, 0x64, 0xF3, 0x5B, 0x13, 0x64, 0x1F, 0xF8, 0x1F, 0xF8, 0x1F, 0xF8, 0x1F, 0xF8,
    0xF7, 0x7C, 0xF7, 0x7C, 0x17, 0x85, 0x50, 0x43, 0x71, 0x4B, 0xB6, 0x74, 0xD6, 0x7C, 0x78, 0x8D,
    0x1F, 0xF8, 0x1F, 0xF8, 0x1F, 0xF8, 0x1F, 0xF8, 0xF5, 0x94, 0xB3, 0x8C, 0xB4, 0x8C, 0x93, 0x8C,
    0xB3, 0x8C, 0x73, 0x84, 0xD4, 0x8C, 0xF5, 0x94, 0x1F, 0xF8, 0x1F, 0xF8, 0x1F, 0xF8, 0x1F, 0xF8,
    0x10, 0x84, 0xCF, 0x7B, 0xAE, 0x73, 0xAE, 0x73, 0xCF, 0x7B, 0xCF, 0x7B, 0x8E, 0x73, 0x4D, 0x6B,
    0x1F, 0xF8, 0x1F, 0xF8, 0x1F, 0xF8, 0x1F, 0xF8, 0x30, 0x84, 0xEF, 0x7B, 0xAE, 0x73, 0xCF, 0x73,
    0xAF, 0x73, 0xCF, 0x7B, 0xCF, 0x7B, 0x6D, 0x6B, 0x1F, 0xF8, 0x1F, 0xF8, 0x1F, 0xF8, 0x1F, 0xF8,
    0x92, 0x94, 0xB2, 0x94, 0xAF, 0x6B, 0xF3, 0x5B, 0xF7, 0x7C, 0xD4, 0x8C, 0x30, 0x84, 0x10, 0x84,
    0x1F, 0xF8, 0x1F, 0xF8, 0x1F, 0xF8, 0x1F, 0xF8, 0x92, 0x94, 0x71, 0x8C, 0x6F, 0x63, 0xD2, 0x53,
    0x37, 0x85, 0xB4, 0x8C, 0xCF, 0x7B, 0xCF, 0x7B, 0x1F, 0xF8, 0x1F, 0xF8, 0x1F, 0xF8, 0x1F, 0xF8,
    0xD0, 0x73, 0x4E, 0x5B, 0x4F, 0x53, 0xB2, 0x53, 0xD6, 0x7C, 0xB4, 0x8C, 0xCF, 0x7B, 0xCF, 0x7B,
    0x1F, 0xF8, 0x1F, 0xF8, 0x1F, 0xF8, 0x1F, 0xF8, 0xF3, 0x5B, 0x33, 0x64, 0xF3, 0x5B, 0x0F, 0x3B,
    0x50, 0x43, 0xB4, 0x8C, 0xAE, 0x73, 0xCF, 0x7B, 0x1F, 0xF8, 0x1F, 0xF8, 0x1F, 0xF8, 0x1F, 0xF8,
    0xF6, 0x7C, 0xF7, 0x7C, 0x37, 0x85, 0x50, 0x43, 0x91, 0x4B, 0x52, 0x7C, 0xAE, 0x73, 0xEF, 0x7B,
    0x1F, 0xF8, 0x1F, 0xF8, 0x1F, 0xF8, 0x1F, 0xF8, 0xD4, 0x94, 0xB3, 0x8C, 0xD4, 0x8C, 0xB3, 0x8C,
    0xD4, 0x8C, 0x8E, 0x73, 0x8E, 0x73, 0xAE, 0x73, 0x1F, 0xF8, 0x1F, 0xF8, 0x1F, 0xF8, 0x1F, 0xF8,
    0x10, 0x84, 0xAE, 0x73, 0xAE, 0x73, 0xAE, 0x73, 0xCF, 0x7B, 0xCF, 0x7B, 0x10, 0x84, 0x6D, 0x6B,
    0x1F, 0xF8, 0x1F, 0xF8, 0x1F, 0xF8, 0x1F, 0xF8, 0x30, 0x84, 0xCF, 0x7B, 0xCF, 0x7B, 0xCF, 0x7B,
    0xCF, 0x7B, 0xAE, 0x73, 0xCF, 0x7B, 0x8E, 0x73, 0x1F, 0xF8, 0x1F, 0xF8, 0x1F, 0xF8, 0x1F, 0xF8,
    0x71, 0x8C, 0x51, 0x8C, 0x51, 0x8C, 0x51, 0x8C, 0x51, 0x8C, 0x30, 0x84, 0x71, 0x8C, 0x10, 0x84,
    0x1F, 0xF8, 0x1F, 0xF8, 0x1F, 0xF8, 0x1F, 0xF8, 0x92, 0x94, 0x10, 0x84, 0x71, 0x8C, 0x51, 0x8C,
    0x10, 0x84, 0x10, 0x84, 0x30, 0x84, 0xCF, 0x7B, 0x1F, 0xF8, 0x1F, 0xF8, 0x1F, 0xF8, 0x1F, 0xF8,
    0xD0, 0x73, 0x4E, 0x63, 0x6E, 0x63, 0xF0, 0x73, 0xEF, 0x7B, 0x10, 0x84, 0x10, 0x84, 0xEF, 0x7B,
    0x1F, 0xF8, 0x1F, 0xF8, 0x1F, 0xF8, 0x1F, 0xF8, 0xF3, 0x5B, 0x91, 0x53, 0xCF, 0x32, 0xD2, 0x5B,
    0xCF, 0x7B, 0x30, 0x84, 0x10, 0x84, 0xEF, 0x7B, 0x1F, 0xF8, 0x1F, 0xF8, 0x1F, 0xF8, 0x1F, 0xF8,
    0xD7, 0x7C, 0x34, 0x64, 0x0F, 0x3B, 0x33, 0x64, 0x10, 0x7C, 0xAE, 0x73, 0x10, 0x84, 0x10, 0x84,
    0x1F, 0xF8, 0x1F, 0xF8, 0x1F, 0xF8, 0x1F, 0xF8, 0xD4, 0x94, 0xB3, 0x8C, 0xD4, 0x8C, 0xD4, 0x94,
    0xAE, 0x73, 0xEF, 0x7B, 0xAE, 0x73, 0xAE, 0x73, 0x1F, 0xF8, 0x1F, 0xF8, 0x1F, 0xF8, 0x1F, 0xF8,
    0xEF, 0x7B, 0xAE, 0x73, 0xAE, 0x73, 0x8E, 0x73, 0x10, 0x84, 0xEF, 0x7B, 0x10, 0x84, 0x6D, 0x6B,
    0x1F, 0xF8, 0x1F, 0xF8, 0x1F, 0xF8, 0x1F, 0xF8, 0x30, 0x84, 0xEF, 0x7B, 0xCF, 0x7B, 0xCF, 0x7B,
    0xCF, 0x7B, 0xCF, 0x7B, 0xEF, 0x7B, 0xAE, 0x73, 0x1F, 0xF8, 0x1F, 0xF8, 0x1F, 0xF8, 0x1F, 0xF8,
    0xB2, 0x94, 0xD3, 0x9C, 0xAF, 0x6B, 0xF3, 0x5B, 0x17, 0x85, 0xF4, 0x94, 0x10, 0x84, 0x30, 0x84,
    0x1F, 0xF8, 0x1F, 0xF8, 0x1F, 0xF8, 0x1F, 0xF8, 0x10, 0x84, 0x51, 0x8C, 0x6F, 0x63, 0xD2, 0x53,
    0xF6, 0x7C, 0x93, 0x8C, 0xEF, 0x7B, 0xEF, 0x7B, 0x1F, 0xF8, 0x1F, 0xF8, 0x1F, 0xF8, 0x1F, 0xF8,
    0x71, 0x8C, 0x10, 0x84, 0x4E, 0x5B, 0x91, 0x53, 0x75, 0x6C, 0x12, 0x6C, 0x8F, 0x63, 0x4E, 0x5B,
    0x1F, 0xF8, 0x1F, 0xF8, 0x1F, 0xF8, 0x1F, 0xF8, 0xD3, 0x9C, 0x51, 0x8C, 0x4E, 0x5B, 0xEF, 0x3A,
    0x50, 0x43, 0x75, 0x6C, 0x13, 0x64, 0x13, 0x64, 0x1F, 0xF8, 0x1F, 0xF8, 0x1F, 0xF8, 0x1F, 0xF8,
    0x92, 0x94, 0x71, 0x8C, 0xB0, 0x6B, 0x10, 0x3B, 0x71, 0x4B, 0xF6, 0x7C, 0xF7, 0x7C, 0x78, 0x8D,
    0x1F, 0xF8, 0x1F, 0xF8, 0x1F, 0xF8, 0x1F, 0xF8, 0xB2, 0x94, 0x51, 0x8C, 0x6F, 0x63, 0xD2, 0x53,
    0x37, 0x85, 0xF6, 0x8C, 0xF5, 0x94, 0x15, 0x95, 0x1F, 0xF8, 0x1F, 0xF8, 0x1F, 0xF8, 0x1F, 0xF8,
    0x92, 0x94, 0x71, 0x8C, 0x4E, 0x63, 0x91, 0x53, 0x78, 0x8D, 0x15, 0x95, 0x4D, 0x6B, 0x4D, 0x6B,
    0x1F, 0xF8, 0x1F, 0xF8, 0x1F, 0xF8, 0x1F, 0xF8, 0x30, 0x84, 0x51, 0x8C, 0x4E, 0x63, 0x13, 0x64,
    0xF7, 0x7C, 0xD4, 0x8C, 0x8E, 0x73, 0x6D, 0x6B, 0x1F, 0xF8, 0x1F, 0xF8, 0x1F, 0xF8, 0x1F, 0xF8,
    0xB2, 0x94, 0x92, 0x94, 0x71, 0x8C, 0x71, 0x8C, 0x92, 0x94, 0x72, 0x8C, 0x71, 0x8C, 0x30, 0x84,
    0x1F, 0xF8, 0x1F, 0xF8, 0x1F, 0xF8, 0x1F, 0xF8, 0x10, 0x84, 0x10, 0x84, 0x30, 0x84, 0x71, 0x8C,
    0x51, 0x8C, 0x51, 0x8C, 0x51, 0x8C, 0xEF, 0x7B, 0x1F, 0xF8, 0x1F, 0xF8, 0x1F, 0xF8, 0x1F, 0xF8,
    0x71, 0x8C, 0xEF, 0x7B, 0x71, 0x8C, 0xAF, 0x6B, 0x8F, 0x63, 0x4E, 0x63, 0x6F, 0x63, 0x4E, 0x5B,
    0x1F, 0xF8, 0x1F, 0xF8, 0x1F, 0xF8, 0x1F, 0xF8, 0xD3, 0x9C, 0x51, 0x8C, 0x6E, 0x63, 0xEF, 0x3A,
    0x30, 0x43, 0x13, 0x64, 0xF3, 0x5B, 0x13, 0x64, 0x1F, 0xF8, 0x1F, 0xF8, 0x1F, 0xF8, 0x1F, 0xF8,
    0x92, 0x94, 0x71, 0x8C, 0xB0, 0x6B, 0x10, 0x3B, 0x71, 0x4B, 0xD6, 0x7C, 0xF6, 0x7C, 0x78, 0x8D,
    0x1F, 0xF8, 0x1F, 0xF8, 0x1F, 0xF8, 0x1F, 0xF8, 0xB2, 0x94, 0x51, 0x8C, 0x6F, 0x63, 0xD2, 0x53,
    0x37, 0x85, 0xF6, 0x8C, 0xF5, 0x94, 0x15, 0x95, 0x1F, 0xF8, 0x1F, 0xF8, 0x1F, 0xF8, 0x1F, 0xF8,
    0x92, 0x94, 0x71, 0x8C, 0x4E, 0x63, 0x91, 0x53, 0x78, 0x8D, 0x15, 0x95, 0x4D, 0x6B, 0x4D, 0x6B,
    0x1F, 0xF8, 0x1F, 0xF8, 0x1F, 0xF8, 0x1F, 0xF8, 0x30, 0x84, 0x51, 0x8C, 0x4E, 0x5B, 0xF3, 0x5B,
    0xF7, 0x7C, 0xD4, 0x8C, 0x8E, 0x73, 0x6D, 0x6B, 0x1F, 0xF8, 0x1F, 0xF8, 0x1F, 0xF8, 0x1F, 0xF8,
    0xB2, 0x94, 0x92, 0x94, 0x8F, 0x6B, 0x13, 0x5C, 0x17, 0x85, 0x35, 0x9D, 0xCF, 0x7B, 0x10, 0x84,
    0x1F, 0xF8, 0x1F, 0xF8, 0x1F, 0xF8, 0x1F, 0xF8, 0x92, 0x94, 0x51, 0x8C, 0x8F, 0x63, 0xD2, 0x53,
    0x38, 0x85, 0xB4, 0x8C, 0x8E, 0x73, 0xCF, 0x7B, 0x1F, 0xF8, 0x1F, 0xF8, 0x1F, 0xF8, 0x1F, 0xF8,
    0x92, 0x94, 0x51, 0x8C, 0x6E, 0x63, 0xB2, 0x53, 0xB6, 0x74, 0x72, 0x84, 0xCF, 0x7B, 0xCF, 0x7B,
    0x1F, 0xF8, 0x1F, 0xF8, 0x1F, 0xF8, 0x1F, 0xF8, 0x92, 0x94, 0x51, 0x8C, 0x6F, 0x63, 0xEF, 0x3A,
    0x50, 0x43, 0x93, 0x8C, 0xCF, 0x7B, 0xAE, 0x73, 0x1F, 0xF8, 0x1F, 0xF8, 0x1F, 0xF8, 0x1F, 0xF8,
    0x71, 0x8C, 0x71, 0x8C, 0xD0, 0x6B, 0x10, 0x3B, 0x71, 0x4B, 0xB3, 0x8C, 0xAE, 0x73, 0xAE, 0x73,
    0x1F, 0xF8, 0x1F, 0xF8, 0x1F, 0xF8, 0x1F, 0xF8, 0x71, 0x8C, 0x51, 0x8C, 0x6E, 0x63, 0xB2, 0x53,
    0x37, 0x85, 0xB3, 0x8C, 0xAE, 0x73, 0xAE, 0x73, 0x1F, 0xF8, 0x1F, 0xF8, 0x1F, 0xF8, 0x1F, 0xF8,
    0x92, 0x94, 0x51, 0x8C, 0x4E, 0x5B, 0x91, 0x53, 0x58, 0x8D, 0xF4, 0x94, 0xCF, 0x7B, 0xCF, 0x7B,
    0x1F, 0xF8, 0x1F, 0xF8, 0x1F, 0xF8, 0x1F, 0xF8, 0x30, 0x84, 0xCF, 0x7B, 0x2E, 0x5B, 0x33, 0x64,
    0x17, 0x85, 0xD4, 0x8C, 0x8E, 0x73, 0x8E, 0x73, 0x1F, 0xF8, 0x1F, 0xF8, 0x1F, 0xF8, 0x1F, 0xF8,
    0x71, 0x8C, 0x51, 0x8C, 0x71, 0x8C, 0x72, 0x8C, 0xB2, 0x94, 0x51, 0x8C, 0xEF, 0x7B, 0x10, 0x84,
    0x1F, 0xF8, 0x1F, 0xF8, 0x1F, 0xF8, 0x1F, 0xF8, 0x92, 0x94, 0x30, 0x84, 0x10, 0x84, 0x10, 0x84,
    0x10, 0x84, 0xAE, 0x73, 0x10, 0x84, 0xCF, 0x7B, 0x1F, 0xF8, 0x1F, 0xF8, 0x1F, 0xF8, 0x1F, 0xF8,
    0x51, 0x8C, 0x10, 0x84, 0x10, 0x84, 0x30, 0x84, 0xCF, 0x7B, 0xEF, 0x7B, 0xEF, 0x7B, 0xCF, 0x7B,
    0x1F, 0xF8, 0x1F, 0xF8, 0x1F, 0xF8, 0x1F, 0xF8, 0x71, 0x8C, 0x10, 0x84, 0xD3, 0x9C, 0x10, 0x84,
    0x30, 0x84, 0x30, 0x84, 0x30, 0x84, 0xCF, 0x7B, 0x1F, 0xF8, 0x1F, 0xF8, 0x1F, 0xF8, 0x1F, 0xF8,
    0x51, 0x8C, 0x71, 0x8C, 0xD0, 0x73, 0x30, 0x43, 0x71, 0x4B, 0x31, 0x7C, 0xAE, 0x73, 0xCF, 0x7B,
    0x1F, 0xF8, 0x1F, 0xF8, 0x1F, 0xF8, 0x1F, 0xF8, 0x71, 0x8C, 0x71, 0x8C, 0x4E, 0x63, 0x0F, 0x3B,
    0x50, 0x4B, 0x93, 0x8C, 0xAE, 0x73, 0xCF, 0x7B, 0x1F, 0xF8, 0x1F, 0xF8, 0x1F, 0xF8, 0x1F, 0xF8,
    0x51, 0x8C, 0x10, 0x84, 0x4E, 0x63, 0xF3, 0x5B, 0x37, 0x85, 0xF4, 0x94, 0xAE, 0x73, 0xCF, 0x7B,
    0x1F, 0xF8, 0x1F, 0xF8, 0x1F, 0xF8, 0x1F, 0xF8, 0x10, 0x84, 0x10, 0x84, 0x8F, 0x63, 0x13, 0x5C,
    0xF7, 0x7C, 0xB4, 0x8C, 0x6D, 0x6B, 0xAE, 0x73, 0x1F, 0xF8, 0x1F, 0xF8, 0x1F, 0xF8, 0x1F, 0xF8,
    0xB2, 0x94, 0x92, 0x94, 0x8F, 0x6B, 0x13, 0x5C, 0x17, 0x85, 0x15, 0x9D, 0xCF, 0x7B, 0x10, 0x84,
    0x1F, 0xF8, 0x1F, 0xF8, 0x1F, 0xF8, 0x1F, 0xF8, 0x92, 0x94, 0x51, 0x8C, 0x8F, 0x63, 0xD2, 0x53,
    0x17, 0x7D, 0x93, 0x8C, 0xCF, 0x7B, 0x10, 0x84, 0x1F, 0xF8, 0x1F, 0xF8, 0x1F, 0xF8, 0x1F, 0xF8,
    0x92, 0x94, 0x51, 0x8C, 0x6E, 0x63, 0x91, 0x53, 0x54, 0x64, 0xD1, 0x63, 0x8F, 0x63, 0x6E, 0x63,
    0x1F, 0xF8, 0x1F, 0xF8, 0x1F, 0xF8, 0x1F, 0xF8, 0x92, 0x94, 0x51, 0x8C, 0x8F, 0x63, 0xEF, 0x3A,
    0x30, 0x43, 0x74, 0x6C, 0x13, 0x64, 0x13, 0x64, 0x1F, 0xF8, 0x1F, 0xF8, 0x1F, 0xF8, 0x1F, 0xF8,
    0x71, 0x8C, 0x71, 0x8C, 0x11, 0x7C, 0x30, 0x43, 0x71, 0x4B, 0xF6, 0x7C, 0xD6, 0x7C, 0x58, 0x8D,
    0x1F, 0xF8, 0x1F, 0xF8, 0x1F, 0xF8, 0x1F, 0xF8, 0x71, 0x8C, 0x10, 0x84, 0xCF, 0x7B, 0xF1, 0x73,
    0xD4, 0x8C, 0xB4, 0x8C, 0xD4, 0x8C, 0xB3, 0x8C, 0x1F, 0xF8, 0x1F, 0xF8, 0x1F, 0xF8, 0x1F, 0xF8,
    0x92, 0x94, 0x10, 0x84, 0xAE, 0x73, 0xAE, 0x73, 0xAE, 0x73, 0xCF, 0x7B, 0xCF, 0x7B, 0x6D, 0x6B,
    0x1F, 0xF8, 0x1F, 0xF8, 0x1F, 0xF8, 0x1F, 0xF8, 0x30, 0x84, 0x8E, 0x73, 0xAE, 0x73, 0x10, 0x84,
    0xEF, 0x7B, 0xCF, 0x7B, 0xCF, 0x7B, 0x8E, 0x73, 0x1F, 0xF8, 0x1F, 0xF8, 0x1F, 0xF8, 0x1F, 0xF8,
    0x92, 0x94, 0x71, 0x8C, 0x51, 0x8C, 0x51, 0x8C, 0x71, 0x8C, 0x51, 0x8C, 0x71, 0x8C, 0x10, 0x84,
    0x1F, 0xF8, 0x1F, 0xF8, 0x1F, 0xF8, 0x1F, 0xF8, 0xEF, 0x7B, 0x10, 0x84, 0xEF, 0x7B, 0x30, 0x84,
    0x51, 0x8C, 0x51, 0x8C, 0x51, 0x8C, 0xEF, 0x7B, 0x1F, 0xF8, 0x1F, 0xF8, 0x1F, 0xF8, 0x1F, 0xF8,
    0x51, 0x8C, 0xAE, 0x73, 0xEF, 0x7B, 0xD3, 0x9C, 0x11, 0x7C, 0xF1, 0x73, 0xF0, 0x73, 0x6E, 0x63,
    0x1F, 0xF8, 0x1F, 0xF8, 0x1F, 0xF8, 0x1F, 0xF8, 0xB2, 0x94, 0x10, 0x84, 0xCF, 0x7B, 0x10, 0x84,
    0x71, 0x4B, 0x0F, 0x3B, 0x95, 0x74, 0x34, 0x64, 0x1F, 0xF8, 0x1F, 0xF8, 0x1F, 0xF8, 0x1F, 0xF8,
    0x92, 0x94, 0x10, 0x84, 0x30, 0x84, 0x30, 0x84, 0xB1, 0x53, 0x0F, 0x3B, 0x95, 0x74, 0x37, 0x85,
    0x1F, 0xF8, 0x1F, 0xF8, 0x1F, 0xF8, 0x1F, 0xF8, 0x92, 0x94, 0x10, 0x84, 0x10, 0x84, 0x10, 0x84,
    0x10, 0x7C, 0x52, 0x7C, 0xB3, 0x8C, 0xD4, 0x8C, 0x1F, 0xF8, 0x1F, 0xF8, 0x1F, 0xF8, 0x1F, 0xF8,
    0x71, 0x8C, 0x30, 0x84, 0x10, 0x84, 0x10, 0x84, 0xCF, 0x7B, 0xCF, 0x7B, 0x8E, 0x73, 0x4D, 0x6B,
    0x1F, 0xF8, 0x1F, 0xF8, 0x1F, 0xF8, 0x1F, 0xF8, 0x10, 0x84, 0xEF, 0x7B, 0xAF, 0x73, 0xCF, 0x7B,
    0xCF, 0x7B, 0xEF, 0x7B, 0xCF, 0x7B, 0x8E, 0x73, 0x1F, 0xF8, 0x1F, 0xF8, 0x1F, 0xF8, 0x1F, 0xF8,
    0x92, 0x94, 0x71, 0x8C, 0xD0, 0x73, 0x95, 0x74, 0x37, 0x85, 0x15, 0x9D, 0xCF, 0x7B, 0xEF, 0x7B,
    0x1F, 0xF8, 0x1F, 0xF8, 0x1F, 0xF8, 0x1F, 0xF8, 0x71, 0x8C, 0x51, 0x8C, 0xF1, 0x73, 0x34, 0x64,
    0xF6, 0x7C, 0xB3, 0x8C, 0x8E, 0x73, 0xCF, 0x7B, 0x1F, 0xF8, 0x1F, 0xF8, 0x1F, 0xF8, 0x1F, 0xF8,
    0x71, 0x8C, 0x51, 0x8C, 0xB0, 0x6B, 0xEF, 0x3A, 0x0F, 0x3B, 0x72, 0x84, 0xCF, 0x7B, 0xCF, 0x7B,
    0x1F, 0xF8, 0x1F, 0xF8, 0x1F, 0xF8, 0x1F, 0xF8, 0x71, 0x8C, 0x30, 0x84, 0xD0, 0x73, 0x30, 0x43,
    0x91, 0x4B, 0x52, 0x84, 0xAE, 0x73, 0xAE, 0x73, 0x1F, 0xF8, 0x1F, 0xF8, 0x1F, 0xF8, 0x1F, 0xF8,
    0x71, 0x8C, 0x30, 0x84, 0x10, 0x84, 0xCF, 0x7B, 0xEF, 0x7B, 0x8E, 0x73, 0x10, 0x84, 0xCF, 0x7B,
    0x1F, 0xF8, 0x1F, 0xF8, 0x1F, 0xF8, 0x1F, 0xF8, 0x51, 0x8C, 0xEF, 0x7B, 0xEF, 0x7B, 0xAE, 0x73,
    0x30, 0x84, 0x10, 0x84, 0x10, 0x84, 0xAE, 0x73, 0x1F, 0xF8, 0x1F, 0xF8, 0x1F, 0xF8, 0x1F, 0xF8,
    0x71, 0x8C, 0x10, 0x84, 0xAE, 0x73, 0x10, 0x84, 0x10, 0x84, 0x10, 0x84, 0x30, 0x84, 0xCF, 0x7B,
    0x1F, 0xF8, 0x1F, 0xF8, 0x1F, 0xF8, 0x1F, 0xF8, 0x30, 0x84, 0x8E, 0x73, 0xCF, 0x7B, 0x10, 0x84,
    0xEF, 0x7B, 0xEF, 0x7B, 0xEF, 0x7B, 0xAE, 0x73, 0x1F, 0xF8, 0x1F, 0xF8, 0x1F, 0xF8, 0x1F, 0xF8,
    0x92, 0x94, 0x71, 0x8C, 0x51, 0x8C, 0x51, 0x8C, 0x71, 0x8C, 0x30, 0x84, 0x71, 0x8C, 0x10, 0x84,
    0x1F, 0xF8, 0x1F, 0xF8, 0x1F, 0xF8, 0x1F, 0xF8, 0x10, 0x84, 0x10, 0x84, 0xEF, 0x7B, 0xEF, 0x7B,
    0x10, 0x84, 0x10, 0x84, 0x30, 0x84, 0xCF, 0x7B, 0x1F, 0xF8, 0x1F, 0xF8, 0x1F, 0xF8, 0x1F, 0xF8,
    0x51, 0x8C, 0xCF, 0x7B, 0xEF, 0x7B, 0xCF, 0x7B, 0x30, 0x84, 0x10, 0x84, 0x10, 0x84, 0xEF, 0x7B,
    0x1F, 0xF8, 0x1F, 0xF8, 0x1F, 0xF8, 0x1F, 0xF8, 0xB2, 0x94, 0x10, 0x84, 0xAE, 0x73, 0xCF, 0x7B,
    0x30, 0x84, 0x30, 0x84, 0xEF, 0x7B, 0xEF, 0x7B, 0x1F, 0xF8, 0x1F, 0xF8, 0x1F, 0xF8, 0x1F, 0xF8,
    0x71, 0x8C, 0x10, 0x84, 0x10, 0x84, 0xCF, 0x7B, 0x10, 0x84, 0xCF, 0x7B, 0x10, 0x84, 0x10, 0x84,
    0x1F, 0xF8, 0x1F, 0xF8, 0x1F, 0xF8, 0x1F, 0xF8, 0x92, 0x94, 0x10, 0x84, 0xEF, 0x7B, 0xCF, 0x7B,
    0x10, 0x84, 0x10, 0x84, 0xEF, 0x7B, 0xAE, 0x73, 0x1F, 0xF8, 0x1F, 0xF8, 0x1F, 0xF8, 0x1F, 0xF8,
    0x71, 0x8C, 0x30, 0x84, 0xEF, 0x7B, 0xEF, 0x7B, 0x10, 0x84, 0x10, 0x84, 0x10, 0x84, 0xCF, 0x7B,
    0x1F, 0xF8, 0x1F, 0xF8, 0x1F, 0xF8, 0x1F, 0xF8, 0x10, 0x84, 0xEF, 0x7B, 0xCF, 0x7B, 0x10, 0x84,
    0xEF, 0x7B, 0xEF, 0x7B, 0xEF, 0x7B, 0xAE, 0x73, 0x1F, 0xF8, 0x1F, 0xF8, 0x1F, 0xF8, 0x1F, 0xF8,
    0x92, 0x94, 0x71, 0x8C, 0x51, 0x8C, 0x51, 0x8C, 0x71, 0x8C, 0x30, 0x84, 0x71, 0x8C, 0x10, 0x84,
    0x1F, 0xF8, 0x1F, 0xF8, 0x1F, 0xF8, 0x1F, 0xF8, 0x10, 0x84, 0x10, 0x84, 0xEF, 0x7B, 0xEF, 0x7B,
    0x10, 0x84, 0x10, 0x84, 0x30, 0x84, 0xCF, 0x7B, 0x1F, 0xF8, 0x1F, 0xF8, 0x1F, 0xF8, 0x1F, 0xF8,
    0x51, 0x8C, 0xCF, 0x7B, 0xEF, 0x7B, 0xCF, 0x7B, 0x30, 0x84, 0x10, 0x84, 0x10, 0x84, 0xEF, 0x7B,
    0x1F, 0xF8, 0x1F, 0xF8, 0x1F, 0xF8, 0x1F, 0xF8, 0xB2, 0x94, 0x10, 0x84, 0xAE, 0x73, 0xCF, 0x7B,
    0x30, 0x84, 0x30, 0x84, 0xEF, 0x7B, 0xEF, 0x7B, 0x1F, 0xF8, 0x1F, 0xF8, 0x1F, 0xF8, 0x1F, 0xF8,
    0x71, 0x8C, 0x10, 0x84, 0x10, 0x84, 0xCF, 0x7B, 0x10, 0x84, 0xCF, 0x7B, 0x10, 0x84, 0x10, 0x84,
    0x1F, 0xF8, 0x1F, 0xF8, 0x1F, 0xF8, 0x1F, 0xF8, 0x92, 0x94, 0x10, 0x84, 0xEF, 0x7B, 0xCF, 0x7B,
    0x10, 0x84, 0x10, 0x84, 0xEF, 0x7B, 0xAE, 0x73, 0x1F, 0xF8, 0x1F, 0xF8, 0x1F, 0xF8, 0x1F, 0xF8,
    0x71, 0x8C, 0x30, 0x84, 0xEF, 0x7B, 0xEF, 0x7B, 0x10, 0x84, 0x10, 0x84, 0x10, 0x84, 0xCF, 0x7B,
    0x1F, 0xF8, 0x1F, 0xF8, 0x1F, 0xF8, 0x1F, 0xF8, 0x10, 0x84, 0xEF, 0x7B, 0xCF, 0x7B, 0x10, 0x84,
    0xEF, 0x7B, 0xEF, 0x7B, 0xEF, 0x7B, 0xAE, 0x73, 0x1F, 0xF8, 0x1F, 0xF8, 0x1F, 0xF8, 0x1F, 0xF8,
    0x92, 0x94, 0x71, 0x8C, 0x51, 0x8C, 0x51, 0x8C, 0x71, 0x8C, 0x30, 0x84, 0x71, 0x8C, 0x10, 0x84,
    0x1F, 0xF8, 0x1F, 0xF8, 0x1F, 0xF8, 0x1F, 0xF8, 0x10, 0x84, 0x10, 0x84, 0xEF, 0x7B, 0xEF, 0x7B,
    0x10, 0x84, 0x10, 0x84, 0x30, 0x84, 0xCF, 0x7B, 0x1F, 0xF8, 0x1F, 0xF8, 0x1F, 0xF8, 0x1F, 0xF8,
    0x51, 0x8C, 0xCF, 0x7B, 0xEF, 0x7B, 0xCF, 0x7B, 0x30, 0x84, 0x10, 0x84, 0x10, 0x84, 0xEF, 0x7B,
    0x1F, 0xF8, 0x1F, 0xF8, 0x1F, 0xF8, 0x1F, 0xF8, 0xB2, 0x94, 0x10, 0x84, 0xAE, 0x73, 0xCF, 0x7B,
    0x30, 0x84, 0x30, 0x84, 0xEF, 0x7B, 0xEF, 0x7B, 0x1F, 0xF8, 0x1F, 0xF8, 0x1F, 0xF8, 0x1F, 0xF8,
    0x71, 0x8C, 0x10, 0x84, 0x10, 0x84, 0xCF, 0x7B, 0x10, 0x84, 0xCF, 0x7B, 0x10, 0x84, 0x10, 0x84,
    0x1F, 0xF8, 0x1F, 0xF8, 0x1F, 0xF8, 0x1F, 0xF8, 0x92, 0x94, 0x10, 0x84, 0xEF, 0x7B, 0xCF, 0x7B,
    0x10, 0x84, 0x10, 0x84, 0xEF, 0x7B, 0xAE, 0x73, 0x1F, 0xF8, 0x1F, 0xF8, 0x1F, 0xF8, 0x1F, 0xF8,
    0x71, 0x8C, 0x30, 0x84, 0xEF, 0x7B, 0xEF, 0x7B, 0x10, 0x84, 0x10, 0x84, 0x10, 0x84, 0xCF, 0x7B,
    0x1F, 0xF8, 0x1F, 0xF8, 0x1F, 0xF8, 0x1F, 0xF8, 0x10, 0x84, 0xEF, 0x7B, 0xAE, 0x73, 0xEF, 0x7B,
    0xEF, 0x7B, 0xEF, 0x7B, 0xCF, 0x7B, 0x8E, 0x73, 0x1F, 0xF8, 0x1F, 0xF8, 0x1F, 0xF8, 0x1F, 0xF8,
    0x10, 0x84, 0x10, 0x84, 0xEF, 0x7B, 0x10, 0x84, 0xEF, 0x7B, 0x10, 0x84, 0x10, 0x84, 0xEF, 0x7B,
    0x1F, 0xF8, 0x1F, 0xF8, 0x1F, 0xF8, 0x1F, 0xF8, 0x59, 0xCE, 0x59, 0xCE, 0x18, 0xC6, 0x79, 0xCE,
    0x38, 0xC6, 0x59, 0xCE, 0x59, 0xCE, 0x59, 0xCE, 0x1F, 0xF8, 0x1F, 0xF8, 0x1F, 0xF8, 0x1F, 0xF8,
    0x38, 0xC6, 0x59, 0xCE, 0x38, 0xC6, 0x59, 0xCE, 0x59, 0xCE, 0x38, 0xC6, 0x38, 0xC6, 0x59, 0xCE,
    0x1F, 0xF8, 0x1F, 0xF8, 0x1F, 0xF8, 0x1F, 0xF8, 0x59, 0xCE, 0x9A, 0xD6, 0x59, 0xCE, 0x59, 0xCE,
    0x59, 0xCE, 0x9A, 0xD6, 0x59, 0xCE, 0x59, 0xCE, 0x1F, 0xF8, 0x1F, 0xF8, 0x1F, 0xF8, 0x1F, 0xF8,
    0x59, 0xCE, 0x59, 0xCE, 0x59, 0xCE, 0x9A, 0xD6, 0x59, 0xCE, 0x59, 0xCE, 0x59, 0xCE, 0x9A, 0xD6,
    0x1F, 0xF8, 0x1F, 0xF8, 0x1F, 0xF8, 0x1F, 0xF8, 0x38, 0xC6, 0x59, 0xCE, 0x38, 0xC6, 0x59, 0xCE,
    0x59, 0xCE, 0x38, 0xC6, 0x38, 0xC6, 0x59, 0xCE, 0x1F, 0xF8, 0x1F, 0xF8, 0x1F, 0xF8, 0x1F, 0xF8,
    0x38, 0xC6, 0x9A, 0xD6, 0x38, 0xC6, 0x59, 0xCE, 0x59, 0xCE, 0x59, 0xCE, 0x59, 0xCE, 0x59, 0xCE,
    0x1F, 0xF8, 0x1F, 0xF8, 0x1F, 0xF8, 0x1F, 0xF8, 0x59, 0xCE, 0x59, 0xCE, 0x59, 0xCE, 0x59, 0xCE,
    0x59, 0xCE, 0x59, 0xCE, 0x38, 0xC6, 0x59, 0xCE, 0x1F, 0xF8, 0x1F, 0xF8, 0x1F, 0xF8, 0x1F, 0xF8,
    0x38, 0xC6, 0x59, 0xCE, 0x59, 0xCE, 0x59, 0xCE, 0x59, 0xCE, 0x59, 0xCE, 0x18, 0xC6, 0x10, 0x84,
    0x1F, 0xF8, 0x1F, 0xF8, 0x1F, 0xF8, 0x1F, 0xF8, 0x59, 0xCE, 0x59, 0xCE, 0x38, 0xC6, 0x9A, 0xD6,
    0x38, 0xC6, 0x59, 0xCE, 0x59, 0xCE, 0xEF, 0x7B, 0x1F, 0xF8, 0x1F, 0xF8, 0x1F, 0xF8, 0x1F, 0xF8,
    0x38, 0xC6, 0x59, 0xCE, 0x38, 0xC6, 0x59, 0xCE, 0x59, 0xCE, 0x38, 0xC6, 0x18, 0xC6, 0xEF, 0x7B,
    0x1F, 0xF8, 0x1F, 0xF8, 0x1F, 0xF8, 0x1F, 0xF8, 0x59, 0xCE, 0x9A, 0xD6, 0x59, 0xCE, 0x59, 0xCE,
    0x59, 0xCE, 0x9A, 0xD6, 0x59, 0xCE, 0x10, 0x84, 0x1F, 0xF8, 0x1F, 0xF8, 0x1F, 0xF8, 0x1F, 0xF8,
    0x59, 0xCE, 0x59, 0xCE, 0x59, 0xCE, 0x9A, 0xD6, 0x59, 0xCE, 0x59, 0xCE, 0x59, 0xCE, 0xEF, 0x7B,
    0x1F, 0xF8, 0x1F, 0xF8, 0x1F, 0xF8, 0x1F, 0xF8, 0x38, 0xC6, 0x59, 0xCE, 0x38, 0xC6, 0x59, 0xCE,
    0x59, 0xCE, 0x38, 0xC6, 0x18, 0xC6, 0xEF, 0x7B, 0x1F, 0xF8, 0x1F, 0xF8, 0x1F, 0xF8, 0x1F, 0xF8,
    0x38, 0xC6, 0x9A, 0xD6, 0x38, 0xC6, 0x59, 0xCE, 0x59, 0xCE, 0x59, 0xCE, 0x59, 0xCE, 0x10, 0x84,
    0x1F, 0xF8, 0x1F, 0xF8, 0x1F, 0xF8, 0x1F, 0xF8, 0x59, 0xCE, 0x59, 0xCE, 0x59, 0xCE, 0x59, 0xCE,
    0x59, 0xCE, 0x59, 0xCE, 0x18, 0xC6, 0x10, 0x84, 0x1F, 0xF8, 0x1F, 0xF8, 0x1F, 0xF8, 0x1F, 0xF8,
    0x38, 0xC6, 0x59, 0xCE, 0x59, 0xCE, 0x59, 0xCE, 0x59, 0xCE, 0x59, 0xCE, 0x38, 0xC6, 0x79, 0xCE,
    0x1F, 0xF8, 0x1F, 0xF8, 0x1F, 0xF8, 0x1F, 0xF8, 0x59, 0xCE, 0x59, 0xCE, 0x38, 0xC6, 0x9A, 0xD6,
    0x38, 0xC6, 0x59, 0xCE, 0x59, 0xCE, 0x59, 0xCE, 0x1F, 0xF8, 0x1F, 0xF8, 0x1F, 0xF8, 0x1F, 0xF8,
    0x38, 0xC6, 0x59, 0xCE, 0x38, 0xC6, 0x59, 0xCE, 0x59, 0xCE, 0x38, 0xC6, 0x38, 0xC6, 0x59, 0xCE,
    0x1F, 0xF8, 0x1F, 0xF8, 0x1F, 0xF8, 0x1F, 0xF8, 0x59, 0xCE, 0x9A, 0xD6, 0x59, 0xCE, 0x59, 0xCE,
    0x59, 0xCE, 0x9A, 0xD6, 0x59, 0xCE, 0x59, 0xCE, 0x1F, 0xF8, 0x1F, 0xF8, 0x1F, 0xF8, 0x1F, 0xF8,
    0x59, 0xCE, 0x59, 0xCE, 0x59, 0xCE, 0x9A, 0xD6, 0x59, 0xCE, 0x59, 0xCE, 0x59, 0xCE, 0x9A, 0xD6,
    0x1F, 0xF8, 0x1F, 0xF8, 0x1F, 0xF8, 0x1F, 0xF8, 0x38, 0xC6, 0x59, 0xCE, 0x38, 0xC6, 0x59, 0xCE,
    0x59, 0xCE, 0x38, 0xC6, 0x38, 0xC6, 0x59, 0xCE, 0x1F, 0xF8, 0x1F, 0xF8, 0x1F, 0xF8, 0x1F, 0xF8,
    0x18, 0xC6, 0x79, 0xCE, 0x18, 0xC6, 0x59, 0xCE, 0x59, 0xCE, 0x59, 0xCE, 0x59, 0xCE, 0x59, 0xCE,
    0x1F, 0xF8, 0x1F, 0xF8, 0x1F, 0xF8, 0x1F, 0xF8, 0xEF, 0x7B, 0x10, 0x84, 0x10, 0x84, 0x10, 0x84,
    0x10, 0x84, 0x10, 0x84, 0x10, 0x84, 0x30, 0x84, 0x1F, 0xF8, 0x1F, 0xF8, 0x1F, 0xF8, 0x1F, 0xF8,
    0x10, 0x84, 0x59, 0xCE, 0x59, 0xCE, 0x59, 0xCE, 0x59, 0xCE, 0x59, 0xCE, 0x38, 0xC6, 0x79, 0xCE,
    0x1F, 0xF8, 0x1F, 0xF8, 0x1F, 0xF8, 0x1F, 0xF8, 0x10, 0x84, 0x59, 0xCE, 0x38, 0xC6, 0x9A, 0xD6,
    0x38, 0xC6, 0x59, 0xCE, 0x59, 0xCE, 0x59, 0xCE, 0x1F, 0xF8, 0x1F, 0xF8, 0x1F, 0xF8, 0x1F, 0xF8,
    0x10, 0x84, 0x59, 0xCE, 0x38, 0xC6, 0x59, 0xCE, 0x59, 0xCE, 0x38, 0xC6, 0x38, 0xC6, 0x59, 0xCE,
    0x1F, 0xF8, 0x1F, 0xF8, 0x1F, 0xF8, 0x1F, 0xF8, 0x10, 0x84, 0x79, 0xCE, 0x59, 0xCE, 0x59, 0xCE,
    0x59, 0xCE, 0x9A, 0xD6, 0x59, 0xCE, 0x59, 0xCE, 0x1F, 0xF8, 0x1F, 0xF8, 0x1F, 0xF8, 0x1F, 0xF8,
    0x10, 0x84, 0x59, 0xCE, 0x59, 0xCE, 0x9A, 0xD6, 0x59, 0xCE, 0x59, 0xCE, 0x59, 0xCE, 0x9A, 0xD6,
    0x1F, 0xF8, 0x1F, 0xF8, 0x1F, 0xF8, 0x1F, 0xF8, 0x10, 0x84, 0x59, 0xCE, 0x38, 0xC6, 0x59, 0xCE,
    0x59, 0xCE, 0x38, 0xC6, 0x38, 0xC6, 0x59, 0xCE, 0x1F, 0xF8, 0x1F, 0xF8, 0x1F, 0xF8, 0x1F, 0xF8,
    0x10, 0x84, 0x79, 0xCE, 0x38, 0xC6, 0x59, 0xCE, 0x59, 0xCE, 0x59, 0xCE, 0x59, 0xCE, 0x59, 0xCE,
    0x1F, 0xF8, 0x1F, 0xF8, 0x1F, 0xF8, 0x1F, 0xF8, 0x10, 0x84, 0x59, 0xCE, 0x59, 0xCE, 0x59, 0xCE,
    0x59, 0xCE, 0x59, 0xCE, 0x38, 0xC6, 0x59, 0xCE, 0x1F, 0xF8, 0x1F, 0xF8, 0x1F, 0xF8, 0x1F, 0xF8,
    0xEF, 0x7B, 0x10, 0x84, 0x10, 0x84, 0x10, 0x84, 0x10, 0x84, 0x10, 0x84, 0x10, 0x84, 0x10, 0x84,
    0x1F, 0xF8, 0x1F, 0xF8, 0x1F, 0xF8, 0x1F, 0xF8, 0x10, 0x84, 0x38, 0xC6, 0x18, 0xC6, 0x79, 0xCE,
    0x38, 0xC6, 0x59, 0xCE, 0x59, 0xCE, 0x59, 0xCE, 0x1F, 0xF8, 0x1F, 0xF8, 0x1F, 0xF8, 0x1F, 0xF8,
    0x10, 0x84, 0x59, 0xCE, 0x38, 0xC6, 0x59, 0xCE, 0x59, 0xCE, 0x38, 0xC6, 0x38, 0xC6, 0x59, 0xCE,
    0x1F, 0xF8, 0x1F, 0xF8, 0x1F, 0xF8, 0x1F, 0xF8, 0x10, 0x84, 0x79, 0xCE, 0x59, 0xCE, 0x59, 0xCE,
    0x59, 0xCE, 0x9A, 0xD6, 0x59, 0xCE, 0x59, 0xCE, 0x1F, 0xF8, 0x1F, 0xF8, 0x1F, 0xF8, 0x1F, 0xF8,
    0x10, 0x84, 0x59, 0xCE, 0x59, 0xCE, 0x9A, 0xD6, 0x59, 0xCE, 0x59, 0xCE, 0x59, 0xCE, 0x9A, 0xD6,
    0x1F, 0xF8, 0x1F, 0xF8, 0x1F, 0xF8, 0x1F, 0xF8, 0x10, 0x84, 0x59, 0xCE, 0x38, 0xC6, 0x59, 0xCE,
    0x59, 0xCE, 0x38, 0xC6, 0x38, 0xC6, 0x59, 0xCE, 0x1F, 0xF8, 0x1F, 0xF8, 0x1F, 0xF8, 0x1F, 0xF8,
    0x10, 0x84, 0x79, 0xCE, 0x38, 0xC6, 0x59, 0xCE, 0x59, 0xCE, 0x59, 0xCE, 0x59, 0xCE, 0x59, 0xCE,
    0x1F, 0xF8, 0x1F, 0xF8, 0x1F, 0xF8, 0x1F, 0xF8, 0x10, 0x84, 0x59, 0xCE, 0x59, 0xCE, 0x59, 0xCE,
    0x59, 0xCE, 0x59, 0xCE, 0x38, 0xC6, 0x59, 0xCE, 0x1F, 0xF8, 0x1F, 0xF8, 0x1F, 0xF8, 0x1F, 0xF8,
    0x10, 0x84, 0x10, 0x84, 0x10, 0x84, 0x10, 0x84, 0x10, 0x84, 0x10, 0x84, 0x10, 0x84, 0xEF, 0x7B,
    0x1F, 0xF8, 0x1F, 0xF8, 0x1F, 0xF8, 0x1F, 0xF8, 0x59, 0xCE, 0x59, 0xCE, 0x18, 0xC6, 0x79, 0xCE,
    0x38, 0xC6, 0x59, 0xCE, 0x59, 0xCE, 0xEF, 0x7B, 0x1F, 0xF8, 0x1F, 0xF8, 0x1F, 0xF8, 0x1F, 0xF8,
    0x38, 0xC6, 0x59, 0xCE, 0x38, 0xC6, 0x59, 0xCE, 0x59, 0xCE, 0x38, 0xC6, 0x18, 0xC6, 0xEF, 0x7B,
    0x1F, 0xF8, 0x1F, 0xF8, 0x1F, 0xF8, 0x1F, 0xF8, 0x59, 0xCE, 0x9A, 0xD6, 0x59, 0xCE, 0x59, 0xCE,
    0x59, 0xCE, 0x9A, 0xD6, 0x59, 0xCE, 0x10, 0x84, 0x1F, 0xF8, 0x1F, 0xF8, 0x1F, 0xF8, 0x1F, 0xF8,
    0x59, 0xCE, 0x59, 0xCE, 0x59, 0xCE, 0x9A, 0xD6, 0x59, 0xCE, 0x59, 0xCE, 0x59, 0xCE, 0xEF, 0x7B,
    0x1F, 0xF8, 0x1F, 0xF8, 0x1F, 0xF8, 0x1F, 0xF8, 0x38, 0xC6, 0x59, 0xCE, 0x38, 0xC6, 0x59, 0xCE,
    0x59, 0xCE, 0x38, 0xC6, 0x18, 0xC6, 0xEF, 0x7B, 0x1F, 0xF8, 0x1F, 0xF8, 0x1F, 0xF8, 0x1F, 0xF8,
    0x38, 0xC6, 0x9A, 0xD6, 0x38, 0xC6, 0x59, 0xCE, 0x59, 0xCE, 0x59, 0xCE, 0x59, 0xCE, 0x10, 0x84,
    0x1F, 0xF8, 0x1F, 0xF8, 0x1F, 0xF8, 0x1F, 0xF8, 0x59, 0xCE, 0x59, 0xCE, 0x59, 0xCE, 0x59, 0xCE,
    0x59, 0xCE, 0x59, 0xCE, 0x18, 0xC6, 0xEF, 0x7B, 0x1F, 0xF8, 0x1F, 0xF8, 0x1F, 0xF8, 0x1F, 0xF8,
    0x38, 0xC6, 0x59, 0xCE, 0x59, 0xCE, 0x59, 0xCE, 0x59, 0xCE, 0x59, 0xCE, 0x18, 0xC6, 0xEF, 0x7B,
    0x1F, 0xF8, 0x1F, 0xF8, 0x1F, 0xF8, 0x1F, 0xF8, 0x59, 0xCE, 0x59, 0xCE, 0x38, 0xC6, 0x9A, 0xD6,
    0x38, 0xC6, 0x59, 0xCE, 0x59, 0xCE, 0xEF, 0x7B, 0x1F, 0xF8, 0x1F, 0xF8, 0x1F, 0xF8, 0x1F, 0xF8,
    0x38, 0xC6, 0x59, 0xCE, 0x38, 0xC6, 0x59, 0xCE, 0x59, 0xCE, 0x38, 0xC6, 0x18, 0xC6, 0xEF, 0x7B,
    0x1F, 0xF8, 0x1F, 0xF8, 0x1F, 0xF8, 0x1F, 0xF8, 0x59, 0xCE, 0x9A, 0xD6, 0x59, 0xCE, 0x59, 0xCE,
    0x59, 0xCE, 0x9A, 0xD6, 0x59, 0xCE, 0x10, 0x84, 0x1F, 0xF8, 0x1F, 0xF8, 0x1F, 0xF8, 0x1F, 0xF8,
    0x59, 0xCE, 0x59, 0xCE, 0x59, 0xCE, 0x9A, 0xD6, 0x59, 0xCE, 0x59, 0xCE, 0x59, 0xCE, 0xEF, 0x7B,
    0x1F, 0xF8, 0x1F, 0xF8, 0x1F, 0xF8, 0x1F, 0xF8, 0x38, 0xC6, 0x59, 0xCE, 0x38, 0xC6, 0x59, 0xCE,
    0x59, 0xCE, 0x38, 0xC6, 0x18, 0xC6, 0xEF, 0x7B, 0x1F, 0xF8, 0x1F, 0xF8, 0x1F, 0xF8, 0x1F, 0xF8,
    0x18, 0xC6, 0x79, 0xCE, 0x18, 0xC6, 0x59, 0xCE, 0x59, 0xCE, 0x59, 0xCE, 0x59, 0xCE, 0x10, 0x84,
    0x1F, 0xF8, 0x1F, 0xF8, 0x1F, 0xF8, 0x1F, 0xF8, 0xEF, 0x7B, 0x10, 0x84, 0x10, 0x84, 0x10, 0x84,
    0x10, 0x84, 0x10, 0x84, 0x10, 0x84, 0x10, 0x84, 0x1F, 0xF8, 0x1F, 0xF8, 0x1F, 0xF8, 0x1F, 0xF8,
    0x10, 0x84, 0x59, 0xCE, 0x59, 0xCE, 0x59, 0xCE, 0x59, 0xCE, 0x59, 0xCE, 0x38, 0xC6, 0x79, 0xCE,
    0x1F, 0xF8, 0x1F, 0xF8, 0x1F, 0xF8, 0x1F, 0xF8, 0x10, 0x84, 0x59, 0xCE, 0x38, 0xC6, 0x9A, 0xD6,
    0x38, 0xC6, 0x59, 0xCE, 0x59, 0xCE, 0x59, 0xCE, 0x1F, 0xF8, 0x1F, 0xF8, 0x1F, 0xF8, 0x1F, 0xF8,
    0x10, 0x84, 0x59, 0xCE, 0x38, 0xC6, 0x59, 0xCE, 0x59, 0xCE, 0x38, 0xC6, 0x38, 0xC6, 0x59, 0xCE,
    0x1F, 0xF8, 0x1F, 0xF8, 0x1F, 0xF8, 0x1F, 0xF8, 0x10, 0x84, 0x79, 0xCE, 0x59, 0xCE, 0x59, 0xCE,
    0x59, 0xCE, 0x9A, 0xD6, 0x59, 0xCE, 0x59, 0xCE, 0x1F, 0xF8, 0x1F, 0xF8, 0x1F, 0xF8, 0x1F, 0xF8,
    0x10, 0x84, 0x59, 0xCE, 0x59, 0xCE, 0x9A, 0xD6, 0x59, 0xCE, 0x59, 0xCE, 0x59, 0xCE, 0x9A, 0xD6,
    0x1F, 0xF8, 0x1F, 0xF8, 0x1F, 0xF8, 0x1F, 0xF8, 0x10, 0x84, 0x59, 0xCE, 0x38, 0xC6, 0x59, 0xCE,
    0x59, 0xCE, 0x38, 0xC6, 0x38, 0xC6, 0x59, 0xCE, 0x1F, 0xF8, 0x1F, 0xF8, 0x1F, 0xF8, 0x1F, 0xF8,
    0x10, 0x84, 0x79, 0xCE, 0x18, 0xC6, 0x59, 0xCE, 0x59, 0xCE, 0x59, 0xCE, 0x59, 0xCE, 0x59, 0xCE,
    0x1F, 0xF8, 0x1F, 0xF8, 0x1F, 0xF8, 0x1F, 0xF8, 0xEF, 0x7B, 0x10, 0x84, 0xEF, 0x7B, 0x10, 0x84,
    0x10, 0x84, 0xEF, 0x7B, 0x10, 0x84, 0x10, 0x84, 0x1F, 0xF8, 0x1F, 0xF8, 0x1F, 0xF8, 0x1F, 0xF8,
    0xEF, 0x7B, 0xEF, 0x7B, 0xEF, 0x7B, 0xEF, 0x7B, 0xEF, 0x7B, 0xEF, 0x7B, 0xEF, 0x7B, 0xEF, 0x7B,
    0x1F, 0xF8, 0x1F, 0xF8, 0x1F, 0xF8, 0x1F, 0xF8, 0xEF, 0x7B, 0xEF, 0x7B, 0xEF, 0x7B, 0xEF, 0x7B,
    0xEF, 0x7B, 0xEF, 0x7B, 0xEF, 0x7B, 0xEF, 0x7B, 0x1F, 0xF8, 0x1F, 0xF8, 0x1F, 0xF8, 0x1F, 0xF8,
    0xEF, 0x7B, 0xEF, 0x7B, 0xEF, 0x7B, 0xEF, 0x7B, 0xEF, 0x7B, 0xEF, 0x7B, 0xEF, 0x7B, 0xEF, 0x7B,
    0x1F, 0xF8, 0x1F, 0xF8, 0x1F, 0xF8, 0x1F, 0xF8, 0xEF, 0x7B, 0xEF, 0x7B, 0xEF, 0x7B, 0xEF, 0x7B,
    0xEF, 0x7B, 0xEF, 0x7B, 0xEF, 0x7B, 0xEF, 0x7B, 0x1F, 0xF8, 0x1F, 0xF8, 0x1F, 0xF8, 0x1F, 0xF8,
    0xEF, 0x7B, 0xEF, 0x7B, 0xEF, 0x7B, 0xEF, 0x7B, 0xEF, 0x7B, 0xEF, 0x7B, 0xEF, 0x7B, 0xEF, 0x7B,
    0x1F, 0xF8, 0x1F, 0xF8, 0x1F, 0xF8, 0x1F, 0xF8, 0xEF, 0x7B, 0xEF, 0x7B, 0xEF, 0x7B, 0xEF, 0x7B,
    0xEF, 0x7B, 0xEF, 0x7B, 0xEF, 0x7B, 0xEF, 0x7B, 0x1F, 0xF8, 0x1F, 0xF8, 0x1F, 0xF8, 0x1F, 0xF8,
    0xEF, 0x7B, 0xEF, 0x7B, 0xEF, 0x7B, 0xEF, 0x7B, 0xEF, 0x7B, 0xEF, 0x7B, 0xEF, 0x7B, 0xEF, 0x7B,
    0x1F, 0xF8, 0x1F, 0xF8, 0x1F, 0xF8, 0x1F, 0xF8, 0xEF, 0x7B, 0xEF, 0x7B, 0xEF, 0x7B, 0xEF, 0x7B,
    0xEF, 0x7B, 0xEF, 0x7B, 0xEF, 0x7B, 0xEF, 0x7B, 0x1F, 0xF8, 0x1F, 0xF8, 0x1F, 0xF8, 0x1F, 0xF8,
    0xEF, 0x7B, 0xEF, 0x7B, 0xEF, 0x7B, 0xEF, 0x7B, 0xEF, 0x7B, 0xEF, 0x7B, 0xEF, 0x7B, 0xEF, 0x7B,
    0x1F, 0xF8, 0x1F, 0xF8, 0x1F, 0xF8, 0x1F, 0xF8, 0xEF, 0x7B, 0xEF, 0x7B, 0xEF, 0x7B, 0xEF, 0x7B,
    0xEF, 0x7B, 0xEF, 0x7B, 0xEF, 0x7B, 0xEF, 0x7B, 0x1F, 0xF8, 0x1F, 0xF8, 0x1F, 0xF8, 0x1F, 0xF8,
    0xEF, 0x7B, 0xEF, 0x7B, 0xEF, 0x7B, 0xEF, 0x7B, 0xEF, 0x7B, 0xEF, 0x7B, 0xEF, 0x7B, 0xEF, 0x7B,
    0x1F, 0xF8, 0x1F, 0xF8, 0x1F, 0xF8, 0x1F, 0xF8, 0xEF, 0x7B, 0xEF, 0x7B, 0xEF, 0x7B, 0xEF, 0x7B,
    0xEF, 0x7B, 0xEF, 0x7B, 0xEF, 0x7B, 0xEF, 0x7B, 0x1F, 0xF8, 0x1F, 0xF8, 0x1F, 0xF8, 0x1F, 0xF8,
    0xEF, 0x7B, 0xEF, 0x7B, 0xEF, 0x7B, 0xEF, 0x7B, 0xEF, 0x7B, 0xEF, 0x7B, 0xEF, 0x7B, 0xEF, 0x7B,
    0x1F, 0xF8, 0x1F, 0xF8, 0x1F, 0xF8, 0x1F, 0xF8, 0xEF, 0x7B, 0xEF, 0x7B, 0xEF, 0x7B, 0xEF, 0x7B,
    0xEF, 0x7B, 0xEF, 0x7B, 0xEF, 0x7B, 0xEF, 0x7B, 0x1F, 0xF8, 0x1F, 0xF8, 0x1F, 0xF8, 0x1F, 0xF8,
    0xEF, 0x7B, 0xEF, 0x7B, 0xEF, 0x7B, 0xEF, 0x7B, 0xEF, 0x7B, 0xEF, 0x7B, 0xEF, 0x7B, 0xEF, 0x7B,
    0x1F, 0xF8, 0x1F, 0xF8, 0x1F, 0xF8, 0x1F, 0xF8, 0xEF, 0x7B, 0xEF, 0x7B, 0xEF, 0x7B, 0xEF, 0x7B,
    0xEF, 0x7B, 0xEF, 0x7B, 0xEF, 0x7B, 0xEF, 0x7B, 0x1F, 0xF8, 0x1F, 0xF8, 0x1F, 0xF8, 0x1F, 0xF8,
    0xEF, 0x7B, 0xEF, 0x7B, 0xEF, 0x7B, 0xEF, 0x7B, 0xEF, 0x7B, 0xEF, 0x7B, 0xEF, 0x7B, 0xEF, 0x7B,
    0x1F, 0xF8, 0x1F, 0xF8, 0x1F, 0xF8, 0x1F, 0xF8, 0xEF, 0x7B, 0xEF, 0x7B, 0xEF, 0x7B, 0xEF, 0x7B,
    0xEF, 0x7B, 0xEF, 0x7B, 0xEF, 0x7B, 0xEF, 0x7B, 0x1F, 0xF8, 0x1F, 0xF8, 0x1F, 0xF8, 0x1F, 0xF8,
    0xEF, 0x7B, 0xEF, 0x7B, 0xEF, 0x7B, 0xEF, 0x7B, 0xEF, 0x7B, 0xEF, 0x7B, 0xEF, 0x7B, 0xEF, 0x7B,
    0x1F, 0xF8, 0x1F, 0xF8, 0x1F, 0xF8, 0x1F, 0xF8, 0xEF, 0x7B, 0xEF, 0x7B, 0xEF, 0x7B, 0xEF, 0x7B,
    0xEF, 0x7B, 0xEF, 0x7B, 0xEF, 0x7B, 0xEF, 0x7B, 0x1F, 0xF8, 0x1F, 0xF8, 0x1F, 0xF8, 0x1F, 0xF8,
    0xEF, 0x7B, 0xEF, 0x7B, 0xEF, 0x7B, 0xEF, 0x7B, 0xEF, 0x7B, 0xEF, 0x7B, 0xEF, 0x7B, 0xEF, 0x7B,
    0x1F, 0xF8, 0x1F, 0xF8, 0x1F, 0xF8, 0x1F, 0xF8, 0xEF, 0x7B, 0xEF, 0x7B, 0xEF, 0x7B, 0xEF, 0x7B,
    0xEF, 0x7B, 0xEF, 0x7B, 0xEF, 0x7B, 0xEF, 0x7B, 0x1F, 0xF8, 0x1F, 0xF8, 0x1F, 0xF8, 0x1F, 0xF8,
    0xEF, 0x7B, 0xEF, 0x7B, 0xEF, 0x7B, 0xEF, 0x7B, 0xEF, 0x7B, 0xEF, 0x7B, 0xEF, 0x7B, 0xEF, 0x7B,
    0x1F, 0xF8, 0x1F, 0xF8, 0x1F, 0xF8, 0x1F, 0xF8, 0xEF, 0x7B, 0xEF, 0x7B, 0xEF, 0x7B, 0xEF, 0x7B,
    0xEF, 0x7B, 0xEF, 0x7B, 0xEF, 0x7B, 0xEF, 0x7B, 0x1F, 0xF8, 0x1F, 0xF8, 0x1F, 0xF8, 0x1F, 0xF8,
    0xEF, 0x7B, 0xEF, 0x7B, 0xEF, 0x7B, 0xEF, 0x7B, 0xEF, 0x7B, 0xEF, 0x7B, 0xEF, 0x7B, 0xEF, 0x7B,
    0x1F, 0xF8, 0x1F, 0xF8, 0x1F, 0xF8, 0x1F, 0xF8, 0xEF, 0x7B, 0xEF, 0x7B, 0xEF, 0x7B, 0xEF, 0x7B,
    0xEF, 0x7B, 0xEF, 0x7B, 0xEF, 0x7B, 0xEF, 0x7B, 0x1F, 0xF8, 0x1F, 0xF8, 0x1F, 0xF8, 0x1F, 0xF8,
    0xEF, 0x7B, 0xEF, 0x7B, 0xEF, 0x7B, 0xEF, 0x7B, 0xEF, 0x7B, 0xEF, 0x7B, 0xEF, 0x7B, 0xEF, 0x7B,
    0x1F, 0xF8, 0x1F, 0xF8, 0x1F, 0xF8, 0x1F, 0xF8, 0xEF, 0x7B, 0xEF, 0x7B, 0xEF, 0x7B, 0xEF, 0x7B,
    0xEF, 0x7B, 0xEF, 0x7B, 0xEF, 0x7B, 0xEF, 0x7B, 0x1F, 0xF8, 0x1F, 0xF8, 0x1F, 0xF8, 0x1F, 0xF8,
    0xEF, 0x7B, 0xEF, 0x7B, 0xEF, 0x7B, 0xEF, 0x7B, 0xEF, 0x7B, 0xEF, 0x7B, 0xEF, 0x7B, 0xEF, 0x7B,
    0x1F, 0xF8, 0x1F, 0xF8, 0x1F, 0xF8, 0x1F, 0xF8, 0xEF, 0x7B, 0xEF, 0x7B, 0xEF, 0x7B, 0xEF, 0x7B,
    0xEF, 0x7B, 0xEF, 0x7B, 0xEF, 0x7B, 0xEF, 0x7B, 0x1F, 0xF8, 0x1F, 0xF8, 0x1F, 0xF8, 0x1F, 0xF8,
    0xEF, 0x7B, 0xEF, 0x7B, 0xEF, 0x7B, 0xEF, 0x7B, 0xEF, 0x7B, 0xEF, 0x7B, 0xEF, 0x7B, 0xEF, 0x7B,
    0x1F, 0xF8, 0x1F, 0xF8, 0x1F, 0xF8, 0x1F, 0xF8, 0xEF, 0x7B, 0xEF, 0x7B, 0xEF, 0x7B, 0xEF, 0x7B,
    0xEF, 0x7B, 0xEF, 0x7B, 0xEF, 0x7B, 0xEF, 0x7B, 0x1F, 0xF8, 0x1F, 0xF8, 0x1F, 0xF8, 0x1F, 0xF8,
    0x79, 0xCE, 0x79, 0xCE, 0x79, 0xCE, 0x79, 0xCE, 0x79, 0xCE, 0x79, 0xCE, 0x79, 0xCE, 0x79, 0xCE,
    0x1F, 0xF8, 0x1F, 0xF8, 0x1F, 0xF8, 0x1F, 0xF8, 0x10, 0x84, 0x10, 0x84, 0x10, 0x84, 0x10, 0x84,
    0x10, 0x84, 0x10, 0x84, 0x10, 0x84, 0x10, 0x84, 0x1F, 0xF8, 0x1F, 0xF8, 0x1F, 0xF8, 0x1F, 0xF8,
    0xEF, 0x7B, 0xEF, 0x7B, 0xEF, 0x7B, 0xEF, 0x7B, 0xEF, 0x7B, 0xEF, 0x7B, 0xEF, 0x7B, 0xEF, 0x7B,
    0x1F, 0xF8, 0x1F, 0xF8, 0x1F, 0xF8, 0x1F, 0xF8, 0xEF, 0x7B, 0xEF, 0x7B, 0xEF, 0x7B, 0xEF, 0x7B,
    0xEF, 0x7B, 0xEF, 0x7B, 0xEF, 0x7B, 0xEF, 0x7B, 0x1F, 0xF8, 0x1F, 0xF8, 0x1F, 0xF8, 0x1F, 0xF8,
    0xEF, 0x7B, 0xEF, 0x7B, 0xEF, 0x7B, 0xEF, 0x7B, 0xEF, 0x7B, 0xEF, 0x7B, 0xEF, 0x7B, 0xEF, 0x7B,
    0x1F, 0xF8, 0x1F, 0xF8, 0x1F, 0xF8, 0x1F, 0xF8, 0xEF, 0x7B, 0xEF, 0x7B, 0xEF, 0x7B, 0xEF, 0x7B,
    0xEF, 0x7B, 0xEF, 0x7B, 0xEF, 0x7B, 0xEF, 0x7B, 0x1F, 0xF8, 0x1F, 0xF8, 0x1F, 0xF8, 0x1F, 0xF8,
    0xEF, 0x7B, 0xEF, 0x7B, 0xEF, 0x7B, 0xEF, 0x7B, 0xEF, 0x7B, 0xEF, 0x7B, 0xEF, 0x7B, 0xEF, 0x7B,
    0x1F, 0xF8, 0x1F, 0xF8, 0x1F, 0xF8, 0x1F, 0xF8, 0xEF, 0x7B, 0xEF, 0x7B, 0xEF, 0x7B, 0xEF, 0x7B,
    0xEF, 0x7B, 0xEF, 0x7B, 0xEF, 0x7B, 0xEF, 0x7B, 0x1F, 0xF8, 0x1F, 0xF8, 0x1F, 0xF8, 0x1F, 0xF8,
    0xEF, 0x7B, 0xEF, 0x7B, 0xEF, 0x7B, 0xEF, 0x7B, 0xEF, 0x7B, 0xEF, 0x7B, 0x10, 0x84, 0x79, 0xCE,
    0x1F, 0xF8, 0x1F, 0xF8, 0x1F, 0xF8, 0x1F, 0xF8, 0xEF, 0x7B, 0xEF, 0x7B, 0xEF, 0x7B, 0xEF, 0x7B,
    0xEF, 0x7B, 0xEF, 0x7B, 0x10, 0x84, 0x9A, 0xD6, 0x1F, 0xF8, 0x1F, 0xF8, 0x1F, 0xF8, 0x1F, 0xF8,
    0xEF, 0x7B, 0xEF, 0x7B, 0xEF, 0x7B, 0xEF, 0x7B, 0xEF, 0x7B, 0xEF, 0x7B, 0x10, 0x84, 0x9A, 0xD6,
    0x1F, 0xF8, 0x1F, 0xF8, 0x1F, 0xF8, 0x1F, 0xF8, 0xEF, 0x7B, 0xEF, 0x7B, 0xEF, 0x7B, 0xEF, 0x7B,
    0xEF, 0x7B, 0xEF, 0x7B, 0x10, 0x84, 0x9A, 0xD6, 0x1F, 0xF8, 0x1F, 0xF8, 0x1F, 0xF8, 0x1F, 0xF8,
    0xEF, 0x7B, 0xEF, 0x7B, 0xEF, 0x7B, 0xEF, 0x7B, 0xEF, 0x7B, 0xEF, 0x7B, 0x10, 0x84, 0x9A, 0xD6,
    0x1F, 0xF8, 0x1F, 0xF8, 0x1F, 0xF8, 0x1F, 0xF8, 0xEF, 0x7B, 0xEF, 0x7B, 0xEF, 0x7B, 0xEF, 0x7B,
    0xEF, 0x7B, 0xEF, 0x7B, 0x10, 0x84, 0x9A, 0xD6, 0x1F, 0xF8, 0x1F, 0xF8, 0x1F, 0xF8, 0x1F, 0xF8,
    0xEF, 0x7B, 0xEF, 0x7B, 0xEF, 0x7B, 0xEF, 0x7B, 0xEF, 0x7B, 0xEF, 0x7B, 0x10, 0x84, 0x9A, 0xD6,
    0x1F, 0xF8, 0x1F, 0xF8, 0x1F, 0xF8, 0x1F, 0xF8, 0xEF, 0x7B, 0xEF, 0x7B, 0xEF, 0x7B, 0xEF, 0x7B,
    0xEF, 0x7B, 0xEF, 0x7B, 0x30, 0x84, 0x9A, 0xD6, 0x1F, 0xF8, 0x1F, 0xF8, 0x1F, 0xF8, 0x1F, 0xF8,
    0x79, 0xCE, 0x79, 0xCE, 0x79, 0xCE, 0x79, 0xCE, 0x79, 0xCE, 0x79, 0xCE, 0x79, 0xCE, 0x9A, 0xD6,
    0x1F, 0xF8, 0x1F, 0xF8, 0x1F, 0xF8, 0x1F, 0xF8, 0x10, 0x84, 0x10, 0x84, 0x10, 0x84, 0x10, 0x84,
    0x10, 0x84, 0x10, 0x84, 0x30, 0x84, 0x9A, 0xD6, 0x1F, 0xF8, 0x1F, 0xF8, 0x1F, 0xF8, 0x1F, 0xF8,
    0xEF, 0x7B, 0xEF, 0x7B, 0xEF, 0x7B, 0xEF, 0x7B, 0xEF, 0x7B, 0xEF, 0x7B, 0x10, 0x84, 0x9A, 0xD6,
    0x1F, 0xF8, 0x1F, 0xF8, 0x1F, 0xF8, 0x1F, 0xF8, 0xEF, 0x7B, 0xEF, 0x7B, 0xEF, 0x7B, 0xEF, 0x7B,
    0xEF, 0x7B, 0xEF, 0x7B, 0x10, 0x84, 0x9A, 0xD6, 0x1F, 0xF8, 0x1F, 0xF8, 0x1F, 0xF8, 0x1F, 0xF8,
    0xEF, 0x7B, 0xEF, 0x7B, 0xEF, 0x7B, 0xEF, 0x7B, 0xEF, 0x7B, 0xEF, 0x7B, 0x10, 0x84, 0x9A, 0xD6,
    0x1F, 0xF8, 0x1F, 0xF8, 0x1F, 0xF8, 0x1F, 0xF8, 0xEF, 0x7B, 0xEF, 0x7B, 0xEF, 0x7B, 0xEF, 0x7B,
    0xEF, 0x7B, 0xEF, 0x7B, 0x10, 0x84, 0x9A, 0xD6, 0x1F, 0xF8, 0x1F, 0xF8, 0x1F, 0xF8, 0x1F, 0xF8,
    0xEF, 0x7B, 0xEF, 0x7B, 0xEF, 0x7B, 0xEF, 0x7B, 0xEF, 0x7B, 0xEF, 0x7B, 0x10, 0x84, 0x9A, 0xD6,
    0x1F, 0xF8, 0x1F, 0xF8, 0x1F, 0xF8, 0x1F, 0xF8, 0xEF, 0x7B, 0xEF, 0x7B, 0xEF, 0x7B, 0xEF, 0x7B,
    0xEF, 0x7B, 0xEF, 0x7B, 0x10, 0x84, 0x79, 0xCE, 0x1F, 0xF8, 0x1F, 0xF8, 0x1F, 0xF8, 0x1F, 0xF8,
    0xEF, 0x7B, 0xEF, 0x7B, 0xEF, 0x7B, 0xEF, 0x7B, 0xEF, 0x7B, 0xEF, 0x7B, 0xEF, 0x7B, 0xEF, 0x7B,
    0x1F, 0xF8, 0x1F, 0xF8, 0x1F, 0xF8, 0x1F, 0xF8, 0xEF, 0x7B, 0xEF, 0x7B, 0xEF, 0x7B, 0xEF, 0x7B,
    0xEF, 0x7B, 0xEF, 0x7B, 0xEF, 0x7B, 0xEF, 0x7B, 0x1F, 0xF8, 0x1F, 0xF8, 0x1F, 0xF8, 0x1F, 0xF8,
    0xEF, 0x7B, 0xEF, 0x7B, 0xEF, 0x7B, 0xEF, 0x7B, 0xEF, 0x7B, 0xEF, 0x7B, 0xEF, 0x7B, 0xEF, 0x7B,
    0x1F, 0xF8, 0x1F, 0xF8, 0x1F, 0xF8, 0x1F, 0xF8, 0xEF, 0x7B, 0xEF, 0x7B, 0xEF, 0x7B, 0xEF, 0x7B,
    0xEF, 0x7B, 0xEF, 0x7B, 0xEF, 0x7B, 0xEF, 0x7B, 0x1F, 0xF8, 0x1F, 0xF8, 0x1F, 0xF8, 0x1F, 0xF8,
    0xEF, 0x7B, 0xEF, 0x7B, 0xEF, 0x7B, 0xEF, 0x7B, 0xEF, 0x7B, 0xEF, 0x7B, 0xEF, 0x7B, 0xEF, 0x7B,
    0x1F, 0xF8, 0x1F, 0xF8, 0x1F, 0xF8, 0x1F, 0xF8, 0xEF, 0x7B, 0xEF, 0x7B, 0xEF, 0x7B, 0xEF, 0x7B,
    0xEF, 0x7B, 0xEF, 0x7B, 0xEF, 0x7B, 0xEF, 0x7B, 0x1F, 0xF8, 0x1F, 0xF8, 0x1F, 0xF8, 0x1F, 0xF8,
    0x10, 0x84, 0x10, 0x84, 0x10, 0x84, 0x10, 0x84, 0x10, 0x84, 0x10, 0x84, 0x10, 0x84, 0x10, 0x84,
    0x1F, 0xF8, 0x1F, 0xF8, 0x1F, 0xF8, 0x1F, 0xF8, 0x9A, 0xD6, 0x9A, 0xD6, 0x9A, 0xD6, 0x9A, 0xD6,
    0x9A, 0xD6, 0x9A, 0xD6, 0x9A, 0xD6, 0x9A, 0xD6, 0x1F, 0xF8, 0x1F, 0xF8, 0x1F, 0xF8, 0x1F, 0xF8,
    0x9A, 0xD6, 0x9A, 0xD6, 0x9A, 0xD6, 0x9A, 0xD6, 0x9A, 0xD6, 0x9A, 0xD6, 0x9A, 0xD6, 0x9A, 0xD6,
    0x1F, 0xF8, 0x1F, 0xF8, 0x1F, 0xF8, 0x1F, 0xF8, 0x10, 0x84, 0x10, 0x84, 0x10, 0x84, 0x10, 0x84,
    0x10, 0x84, 0x10, 0x84, 0x10, 0x84, 0x10, 0x84, 0x1F, 0xF8, 0x1F, 0xF8, 0x1F, 0xF8, 0x1F, 0xF8,
    0xEF, 0x7B, 0xEF, 0x7B, 0xEF, 0x7B, 0xEF, 0x7B, 0xEF, 0x7B, 0xEF, 0x7B, 0xEF, 0x7B, 0xEF, 0x7B,
    0x1F, 0xF8, 0x1F, 0xF8, 0x1F, 0xF8, 0x1F, 0xF8, 0xEF, 0x7B, 0xEF, 0x7B, 0xEF, 0x7B, 0xEF, 0x7B,
    0xEF, 0x7B, 0xEF, 0x7B, 0xEF, 0x7B, 0xEF, 0x7B, 0x1F, 0xF8, 0x1F, 0xF8, 0x1F, 0xF8, 0x1F, 0xF8,
    0xEF, 0x7B, 0xEF, 0x7B, 0xEF, 0x7B, 0xEF, 0x7B, 0xEF, 0x7B, 0xEF, 0x7B, 0xEF, 0x7B, 0xEF, 0x7B,
    0x1F, 0xF8, 0x1F, 0xF8, 0x1F, 0xF8, 0x1F, 0xF8, 0xEF, 0x7B, 0xEF, 0x7B, 0xEF, 0x7B, 0xEF, 0x7B,
    0xEF, 0x7B, 0xEF, 0x7B, 0xEF, 0x7B, 0xEF, 0x7B, 0x1F, 0xF8, 0x1F, 0xF8, 0x1F, 0xF8, 0x1F, 0xF8,
    0x10, 0x84, 0x10, 0x84, 0x10, 0x84, 0x10, 0x84, 0x10, 0x84, 0x10, 0x84, 0x10, 0x84, 0x10, 0x84,
    0x1F, 0xF8, 0x1F, 0xF8, 0x1F, 0xF8, 0x1F, 0xF8, 0x79, 0xCE, 0x79, 0xCE, 0x79, 0xCE, 0x79, 0xCE,
    0x79, 0xCE, 0x79, 0xCE, 0x79, 0xCE, 0x9A, 0xD6, 0x1F, 0xF8, 0x1F, 0xF8, 0x1F, 0xF8, 0x1F, 0xF8,
    0xEF, 0x7B, 0xEF, 0x7B, 0xEF, 0x7B, 0xEF, 0x7B, 0xEF, 0x7B, 0xEF, 0x7B, 0x30, 0x84, 0x9A, 0xD6,
    0x1F, 0xF8, 0x1F, 0xF8, 0x1F, 0xF8, 0x1F, 0xF8, 0xEF, 0x7B, 0xEF, 0x7B, 0xEF, 0x7B, 0xEF, 0x7B,
    0xEF, 0x7B, 0xEF, 0x7B, 0x10, 0x84, 0x9A, 0xD6, 0x1F, 0xF8, 0x1F, 0xF8, 0x1F, 0xF8, 0x1F, 0xF8,
    0xEF, 0x7B, 0xEF, 0x7B, 0xEF, 0x7B, 0xEF, 0x7B, 0xEF, 0x7B, 0xEF, 0x7B, 0x10, 0x84, 0x9A, 0xD6,
    0x1F, 0xF8, 0x1F, 0xF8, 0x1F, 0xF8, 0x1F, 0xF8, 0xEF, 0x7B, 0xEF, 0x7B, 0xEF, 0x7B, 0xEF, 0x7B,
    0xEF, 0x7B, 0xEF, 0x7B, 0x10, 0x84, 0x9A, 0xD6, 0x1F, 0xF8, 0x1F, 0xF8, 0x1F, 0xF8, 0x1F, 0xF8,
    0xEF, 0x7B, 0xEF, 0x7B, 0xEF, 0x7B, 0xEF, 0x7B, 0xEF, 0x7B, 0xEF, 0x7B, 0x10, 0x84, 0x9A, 0xD6,
    0x1F, 0xF8, 0x1F, 0xF8, 0x1F, 0xF8, 0x1F, 0xF8, 0xEF, 0x7B, 0xEF, 0x7B, 0xEF, 0x7B, 0xEF, 0x7B,
    0xEF, 0x7B, 0xEF, 0x7B, 0x10, 0x84, 0x9A, 0xD6, 0x1F, 0xF8, 0x1F, 0xF8, 0x1F, 0xF8, 0x1F, 0xF8,
    0x10, 0x84, 0x10, 0x84, 0x10, 0x84, 0x10, 0x84, 0x10, 0x84, 0x10, 0x84, 0x30, 0x84, 0x9A, 0xD6,
    0x1F, 0xF8, 0x1F, 0xF8, 0x1F, 0xF8, 0x1F, 0xF8, 0x9A, 0xD6, 0x9A, 0xD6, 0x9A, 0xD6, 0x9A, 0xD6,
    0x9A, 0xD6, 0x9A, 0xD6, 0x9A, 0xD6, 0x9A, 0xD6, 0x1F, 0xF8, 0x1F, 0xF8, 0x1F, 0xF8, 0x1F, 0xF8,
    0x9A, 0xD6, 0x9A, 0xD6, 0x9A, 0xD6, 0x9A, 0xD6, 0x9A, 0xD6, 0x9A, 0xD6, 0x9A, 0xD6, 0x9A, 0xD6,
    0x1F, 0xF8, 0x1F, 0xF8, 0x1F, 0xF8, 0x1F, 0xF8, 0x10, 0x84, 0x10, 0x84, 0x10, 0x84, 0x10, 0x84,
    0x10, 0x84, 0x10, 0x84, 0x30, 0x84, 0x9A, 0xD6, 0x1F, 0xF8, 0x1F, 0xF8, 0x1F, 0xF8, 0x1F, 0xF8,
    0xEF, 0x7B, 0xEF, 0x7B, 0xEF, 0x7B, 0xEF, 0x7B, 0xEF, 0x7B, 0xEF, 0x7B, 0x10, 0x84, 0x9A, 0xD6,
    0x1F, 0xF8, 0x1F, 0xF8, 0x1F, 0xF8, 0x1F, 0xF8, 0xEF, 0x7B, 0xEF, 0x7B, 0xEF, 0x7B, 0xEF, 0x7B,
    0xEF, 0x7B, 0xEF, 0x7B, 0x10, 0x84, 0x9A, 0xD6, 0x1F, 0xF8, 0x1F, 0xF8, 0x1F, 0xF8, 0x1F, 0xF8,
    0xEF, 0x7B, 0xEF, 0x7B, 0xEF, 0x7B, 0xEF, 0x7B, 0xEF, 0x7B, 0xEF, 0x7B, 0x10, 0x84, 0x9A, 0xD6,
    0x1F, 0xF8, 0x1F, 0xF8, 0x1F, 0xF8, 0x1F, 0xF8, 0xEF, 0x7B, 0xEF, 0x7B, 0xEF, 0x7B, 0xEF, 0x7B,
    0xEF, 0x7B, 0xEF, 0x7B, 0x10, 0x84, 0x9A, 0xD6, 0x1F, 0xF8, 0x1F, 0xF8, 0x1F, 0xF8, 0x1F, 0xF8,
    0x10, 0x84, 0x10, 0x84, 0x10, 0x84, 0x10, 0x84, 0x10, 0x84, 0x10, 0x84, 0x30, 0x84, 0x9A, 0xD6,
    0x1F, 0xF8, 0x1F, 0xF8, 0x1F, 0xF8, 0x1F, 0xF8, 0x9A, 0xD6, 0x79, 0xCE, 0x79, 0xCE, 0x79, 0xCE,
    0x79, 0xCE, 0x79, 0xCE, 0x79, 0xCE, 0x9A, 0xD6, 0x1F, 0xF8, 0x1F, 0xF8, 0x1F, 0xF8, 0x1F, 0xF8,
    0x9A, 0xD6, 0x30, 0x84, 0xEF, 0x7B, 0xEF, 0x7B, 0xEF, 0x7B, 0xEF, 0x7B, 0xEF, 0x7B, 0xEF, 0x7B,
    0x1F, 0xF8, 0x1F, 0xF8, 0x1F, 0xF8, 0x1F, 0xF8, 0x9A, 0xD6, 0x10, 0x84, 0xEF, 0x7B, 0xEF, 0x7B,
    0xEF, 0x7B, 0xEF, 0x7B, 0xEF, 0x7B, 0xEF, 0x7B, 0x1F, 0xF8, 0x1F, 0xF8, 0x1F, 0xF8, 0x1F, 0xF8,
    0x9A, 0xD6, 0x10, 0x84, 0xEF, 0x7B, 0xEF, 0x7B, 0xEF, 0x7B, 0xEF, 0x7B, 0xEF, 0x7B, 0xEF, 0x7B,
    0x1F, 0xF8, 0x1F, 0xF8, 0x1F, 0xF8, 0x1F, 0xF8, 0x9A, 0xD6, 0x10, 0x84, 0xEF, 0x7B, 0xEF, 0x7B,
    0xEF, 0x7B, 0xEF, 0x7B, 0xEF, 0x7B, 0xEF, 0x7B, 0x1F, 0xF8, 0x1F, 0xF8, 0x1F, 0xF8, 0x1F, 0xF8,
    0x9A, 0xD6, 0x10, 0x84, 0xEF, 0x7B, 0xEF, 0x7B, 0xEF, 0x7B, 0xEF, 0x7B, 0xEF, 0x7B, 0xEF, 0x7B,
    0x1F, 0xF8, 0x1F, 0xF8, 0x1F, 0xF8, 0x1F, 0xF8, 0x9A, 0xD6, 0x10, 0x84, 0xEF, 0x7B, 0xEF, 0x7B,
    0xEF, 0x7B, 0xEF, 0x7B, 0xEF, 0x7B, 0xEF, 0x7B, 0x1F, 0xF8, 0x1F, 0xF8, 0x1F, 0xF8, 0x1F, 0xF8,
    0x9A, 0xD6, 0x10, 0x84, 0xEF, 0x7B, 0xEF, 0x7B, 0xEF, 0x7B, 0xEF, 0x7B, 0xEF, 0x7B, 0xEF, 0x7B,
    0x1F, 0xF8, 0x1F, 0xF8, 0x1F, 0xF8, 0x1F, 0xF8, 0x9A, 0xD6, 0x30, 0x84, 0xEF, 0x7B, 0xEF, 0x7B,
    0xEF, 0x7B, 0xEF, 0x7B, 0xEF, 0x7B, 0xEF, 0x7B, 0x1F, 0xF8, 0x1F, 0xF8, 0x1F, 0xF8, 0x1F, 0xF8,
    0x9A, 0xD6, 0x79, 0xCE, 0x79, 0xCE, 0x79, 0xCE, 0x79, 0xCE, 0x79, 0xCE, 0x79, 0xCE, 0x79, 0xCE,
    0x1F, 0xF8, 0x1F, 0xF8, 0x1F, 0xF8, 0x1F, 0xF8, 0x9A, 0xD6, 0x30, 0x84, 0x10, 0x84, 0x10, 0x84,
    0x10, 0x84, 0x10, 0x84, 0x10, 0x84, 0x10, 0x84, 0x1F, 0xF8, 0x1F, 0xF8, 0x1F, 0xF8, 0x1F, 0xF8,
    0x9A, 0xD6, 0x10, 0x84, 0xEF, 0x7B, 0xEF, 0x7B, 0xEF, 0x7B, 0xEF, 0x7B, 0xEF, 0x7B, 0xEF, 0x7B,
    0x1F, 0xF8, 0x1F, 0xF8, 0x1F, 0xF8, 0x1F, 0xF8, 0x9A, 0xD6, 0x10, 0x84, 0xEF, 0x7B, 0xEF, 0x7B,
    0xEF, 0x7B, 0xEF, 0x7B, 0xEF, 0x7B, 0xEF, 0x7B, 0x1F, 0xF8, 0x1F, 0xF8, 0x1F, 0xF8, 0x1F, 0xF8,
    0x9A, 0xD6, 0x10, 0x84, 0xEF, 0x7B, 0xEF, 0x7B, 0xEF, 0x7B, 0xEF, 0x7B, 0xEF, 0x7B, 0xEF, 0x7B,
    0x1F, 0xF8, 0x1F, 0xF8, 0x1F, 0xF8, 0x1F, 0xF8, 0x9A, 0xD6, 0x10, 0x84, 0xEF, 0x7B, 0xEF, 0x7B,
    0xEF, 0x7B, 0xEF, 0x7B, 0xEF, 0x7B, 0xEF, 0x7B, 0x1F, 0xF8, 0x1F, 0xF8, 0x1F, 0xF8, 0x1F, 0xF8,
    0x9A, 0xD6, 0x10, 0x84, 0xEF, 0x7B, 0xEF, 0x7B, 0xEF, 0x7B, 0xEF, 0x7B, 0xEF, 0x7B, 0xEF, 0x7B,
    0x1F, 0xF8, 0x1F, 0xF8, 0x1F, 0xF8, 0x1F, 0xF8, 0x9A, 0xD6, 0x10, 0x84, 0xEF, 0x7B, 0xEF, 0x7B,
    0xEF, 0x7B, 0xEF, 0x7B, 0xEF, 0x7B, 0xEF, 0x7B, 0x1F, 0xF8, 0x1F, 0xF8, 0x1F, 0xF8, 0x1F, 0xF8,
    0x9A, 0xD6, 0x10, 0x84, 0xEF, 0x7B, 0xEF, 0x7B, 0xEF, 0x7B, 0xEF, 0x7B, 0x10, 0x84, 0x79, 0xCE,
    0x1F, 0xF8, 0x1F, 0xF8, 0x1F, 0xF8, 0x1F, 0xF8, 0x9A, 0xD6, 0x10, 0x84, 0xEF, 0x7B, 0xEF, 0x7B,
    0xEF, 0x7B, 0xEF, 0x7B, 0x10, 0x84, 0x9A, 0xD6, 0x1F, 0xF8, 0x1F, 0xF8, 0x1F, 0xF8, 0x1F, 0xF8,
    0x9A, 0xD6, 0x10, 0x84, 0xEF, 0x7B, 0xEF, 0x7B, 0xEF, 0x7B, 0xEF, 0x7B, 0x10, 0x84, 0x9A, 0xD6,
    0x1F, 0xF8, 0x1F, 0xF8, 0x1F, 0xF8, 0x1F, 0xF8, 0x9A, 0xD6, 0x10, 0x84, 0xEF, 0x7B, 0xEF, 0x7B,
    0xEF, 0x7B, 0xEF, 0x7B, 0x10, 0x84, 0x9A, 0xD6, 0x1F, 0xF8, 0x1F, 0xF8, 0x1F, 0xF8, 0x1F, 0xF8,
    0x9A, 0xD6, 0x10, 0x84, 0xEF, 0x7B, 0xEF, 0x7B, 0xEF, 0x7B, 0xEF, 0x7B, 0x10, 0x84, 0x9A, 0xD6,
    0x1F, 0xF8, 0x1F, 0xF8, 0x1F, 0xF8, 0x1F, 0xF8, 0x9A, 0xD6, 0x10, 0x84, 0xEF, 0x7B, 0xEF, 0x7B,
    0xEF, 0x7B, 0xEF, 0x7B, 0x10, 0x84, 0x9A, 0xD6, 0x1F, 0xF8, 0x1F, 0xF8, 0x1F, 0xF8, 0x1F, 0xF8,
    0x9A, 0xD6, 0x10, 0x84, 0xEF, 0x7B, 0xEF, 0x7B, 0xEF, 0x7B, 0xEF, 0x7B, 0x10, 0x84, 0x9A, 0xD6,
    0x1F, 0xF8, 0x1F, 0xF8, 0x1F, 0xF8, 0x1F, 0xF8, 0x9A, 0xD6, 0x30, 0x84, 0xEF, 0x7B, 0xEF, 0x7B,
    0xEF, 0x7B, 0xEF, 0x7B, 0x30, 0x84, 0x9A, 0xD6, 0x1F, 0xF8, 0x1F, 0xF8, 0x1F, 0xF8, 0x1F, 0xF8,
    0x9A, 0xD6, 0x79, 0xCE, 0x79, 0xCE, 0x79, 0xCE, 0x79, 0xCE, 0x79, 0xCE, 0x79, 0xCE, 0x9A, 0xD6,
    0x1F, 0xF8, 0x1F, 0xF8, 0x1F, 0xF8, 0x1F, 0xF8, 0x9A, 0xD6, 0x30, 0x84, 0x10, 0x84, 0x10, 0x84,
    0x10, 0x84, 0x10, 0x84, 0x30, 0x84, 0x9A, 0xD6, 0x1F, 0xF8, 0x1F, 0xF8, 0x1F, 0xF8, 0x1F, 0xF8,
    0x9A, 0xD6, 0x10, 0x84, 0xEF, 0x7B, 0xEF, 0x7B, 0xEF, 0x7B, 0xEF, 0x7B, 0x10, 0x84, 0x9A, 0xD6,
    0x1F, 0xF8, 0x1F, 0xF8, 0x1F, 0xF8, 0x1F, 0xF8, 0x9A, 0xD6, 0x10, 0x84, 0xEF, 0x7B, 0xEF, 0x7B,
    0xEF, 0x7B, 0xEF, 0x7B, 0x10, 0x84, 0x9A, 0xD6, 0x1F, 0xF8, 0x1F, 0xF8, 0x1F, 0xF8, 0x1F, 0xF8,
    0x9A, 0xD6, 0x10, 0x84, 0xEF, 0x7B, 0xEF, 0x7B, 0xEF, 0x7B, 0xEF, 0x7B, 0x10, 0x84, 0x9A, 0xD6,
    0x1F, 0xF8, 0x1F, 0xF8, 0x1F, 0xF8, 0x1F, 0xF8, 0x9A, 0xD6, 0x10, 0x84, 0xEF, 0x7B, 0xEF, 0x7B,
    0xEF, 0x7B, 0xEF, 0x7B, 0x10, 0x84, 0x9A, 0xD6, 0x1F, 0xF8, 0x1F, 0xF8, 0x1F, 0xF8, 0x1F, 0xF8,
    0x9A, 0xD6, 0x10, 0x84, 0xEF, 0x7B, 0xEF, 0x7B, 0xEF, 0x7B, 0xEF, 0x7B, 0x10, 0x84, 0x9A, 0xD6,
    0x1F, 0xF8, 0x1F, 0xF8, 0x1F, 0xF8, 0x1F, 0xF8, 0x9A, 0xD6, 0x10, 0x84, 0xEF, 0x7B, 0xEF, 0x7B,
    0xEF, 0x7B, 0xEF, 0x7B, 0x10, 0x84, 0x79, 0xCE, 0x1F, 0xF8, 0x1F, 0xF8, 0x1F, 0xF8, 0x1F, 0xF8,
    0x9A, 0xD6, 0x10, 0x84, 0xEF, 0x7B, 0xEF, 0x7B, 0xEF, 0x7B, 0xEF, 0x7B, 0xEF, 0x7B, 0xEF, 0x7B,
    0x1F, 0xF8, 0x1F, 0xF8, 0x1F, 0xF8, 0x1F, 0xF8, 0x9A, 0xD6, 0x10, 0x84, 0xEF, 0x7B, 0xEF, 0x7B,
    0xEF, 0x7B, 0xEF, 0x7B, 0xEF, 0x7B, 0xEF, 0x7B, 0x1F, 0xF8, 0x1F, 0xF8, 0x1F, 0xF8, 0x1F, 0xF8,
    0x9A, 0xD6, 0x10, 0x84, 0xEF, 0x7B, 0xEF, 0x7B, 0xEF, 0x7B, 0xEF, 0x7B, 0xEF, 0x7B, 0xEF, 0x7B,
    0x1F, 0xF8, 0x1F, 0xF8, 0x1F, 0xF8, 0x1F, 0xF8, 0x9A, 0xD6, 0x10, 0x84, 0xEF, 0x7B, 0xEF, 0x7B,
    0xEF, 0x7B, 0xEF, 0x7B, 0xEF, 0x7B, 0xEF, 0x7B, 0x1F, 0xF8, 0x1F, 0xF8, 0x1F, 0xF8, 0x1F, 0xF8,
    0x9A, 0xD6, 0x10, 0x84, 0xEF, 0x7B, 0xEF, 0x7B, 0xEF, 0x7B, 0xEF, 0x7B, 0xEF, 0x7B, 0xEF, 0x7B,
    0x1F, 0xF8, 0x1F, 0xF8, 0x1F, 0xF8, 0x1F, 0xF8, 0x9A, 0xD6, 0x10, 0x84, 0xEF, 0x7B, 0xEF, 0x7B,
    0xEF, 0x7B, 0xEF, 0x7B, 0xEF, 0x7B, 0xEF, 0x7B, 0x1F, 0xF8, 0x1F, 0xF8, 0x1F, 0xF8, 0x1F, 0xF8,
    0x9A, 0xD6, 0x30, 0x84, 0x10, 0x84, 0x10, 0x84, 0x10, 0x84, 0x10, 0x84, 0x10, 0x84, 0x10, 0x84,
    0x1F, 0xF8, 0x1F, 0xF8, 0x1F, 0xF8, 0x1F, 0xF8, 0x9A, 0xD6, 0x9A, 0xD6, 0x9A, 0xD6, 0x9A, 0xD6,
    0x9A, 0xD6, 0x9A, 0xD6, 0x9A, 0xD6, 0x9A, 0xD6, 0x1F, 0xF8, 0x1F, 0xF8, 0x1F, 0xF8, 0x1F, 0xF8,
    0x9A, 0xD6, 0x9A, 0xD6, 0x9A, 0xD6, 0x9A, 0xD6, 0x9A, 0xD6, 0x9A, 0xD6, 0x9A, 0xD6, 0x9A, 0xD6,
    0x1F, 0xF8, 0x1F, 0xF8, 0x1F, 0xF8, 0x1F, 0xF8, 0x9A, 0xD6, 0x30, 0x84, 0x10, 0x84, 0x10, 0x84,
    0x10, 0x84, 0x10, 0x84, 0x10, 0x84, 0x10, 0x84, 0x1F, 0xF8, 0x1F, 0xF8, 0x1F, 0xF8, 0x1F, 0xF8,
    0x9A, 0xD6, 0x10, 0x84, 0xEF, 0x7B, 0xEF, 0x7B, 0xEF, 0x7B, 0xEF, 0x7B, 0xEF, 0x7B, 0xEF, 0x7B,
    0x1F, 0xF8, 0x1F, 0xF8, 0x1F, 0xF8, 0x1F, 0xF8, 0x9A, 0xD6, 0x10, 0x84, 0xEF, 0x7B, 0xEF, 0x7B,
    0xEF, 0x7B, 0xEF, 0x7B, 0xEF, 0x7B, 0xEF, 0x7B, 0x1F, 0xF8, 0x1F, 0xF8, 0x1F, 0xF8, 0x1F, 0xF8,
    0x9A, 0xD6, 0x10, 0x84, 0xEF, 0x7B, 0xEF, 0x7B, 0xEF, 0x7B, 0xEF, 0x7B, 0xEF, 0x7B, 0xEF, 0x7B,
    0x1F, 0xF8, 0x1F, 0xF8, 0x1F, 0xF8, 0x1F, 0xF8, 0x9A, 0xD6, 0x10, 0x84, 0xEF, 0x7B, 0xEF, 0x7B,
    0xEF, 0x7B, 0xEF, 0x7B, 0xEF, 0x7B, 0xEF, 0x7B, 0x1F, 0xF8, 0x1F, 0xF8, 0x1F, 0xF8, 0x1F, 0xF8,
    0x9A, 0xD6, 0x30, 0x84, 0x10, 0x84, 0x10, 0x84, 0x10, 0x84, 0x10, 0x84, 0x10, 0x84, 0x10, 0x84,
    0x1F, 0xF8, 0x1F, 0xF8, 0x1F, 0xF8, 0x1F, 0xF8, 0x9A, 0xD6, 0x79, 0xCE, 0x79, 0xCE, 0x79, 0xCE,
    0x79, 0xCE, 0x79, 0xCE, 0x79, 0xCE, 0x9A, 0xD6, 0x1F, 0xF8, 0x1F, 0xF8, 0x1F, 0xF8, 0x1F, 0xF8,
    0x9A, 0xD6, 0x30, 0x84, 0x10, 0x84, 0x10, 0x84, 0x10, 0x84, 0x10, 0x84, 0x30, 0x84, 0x9A, 0xD6,
    0x1F, 0xF8, 0x1F, 0xF8, 0x1F, 0xF8, 0x1F, 0xF8, 0x9A, 0xD6, 0x10, 0x84, 0xEF, 0x7B, 0xEF, 0x7B,
    0xEF, 0x7B, 0xEF, 0x7B, 0x10, 0x84, 0x9A, 0xD6, 0x1F, 0xF8, 0x1F, 0xF8, 0x1F, 0xF8, 0x1F, 0xF8,
    0x9A, 0xD6, 0x10, 0x84, 0xEF, 0x7B, 0xEF, 0x7B, 0xEF, 0x7B, 0xEF, 0x7B, 0x10, 0x84, 0x9A, 0xD6,
    0x1F, 0xF8, 0x1F, 0xF8, 0x1F, 0xF8, 0x1F, 0xF8, 0x9A, 0xD6, 0x10, 0x84, 0xEF, 0x7B, 0xEF, 0x7B,
    0xEF, 0x7B, 0xEF, 0x7B, 0x10, 0x84, 0x9A, 0xD6, 0x1F, 0xF8, 0x1F, 0xF8, 0x1F, 0xF8, 0x1F, 0xF8,
    0x9A, 0xD6, 0x10, 0x84, 0xEF, 0x7B, 0xEF, 0x7B, 0xEF, 0x7B, 0xEF, 0x7B, 0x10, 0x84, 0x9A, 0xD6,
    0x1F, 0xF8, 0x1F, 0xF8, 0x1F, 0xF8, 0x1F, 0xF8, 0x9A, 0xD6, 0x10, 0x84, 0xEF, 0x7B, 0xEF, 0x7B,
    0xEF, 0x7B, 0xEF, 0x7B, 0x10, 0x84, 0x9A, 0xD6, 0x1F, 0xF8, 0x1F, 0xF8, 0x1F, 0xF8, 0x1F, 0xF8,
    0x9A, 0xD6, 0x30, 0x84, 0x10, 0x84, 0x10, 0x84, 0x10, 0x84, 0x10, 0x84, 0x30, 0x84, 0x9A, 0xD6,
    0x1F, 0xF8, 0x1F, 0xF8, 0x1F, 0xF8, 0x1F, 0xF8, 0x9A, 0xD6, 0x79, 0xCE, 0x79, 0xCE, 0x79, 0xCE,
    0x79, 0xCE, 0x79, 0xCE, 0x79, 0xCE, 0x9A, 0xD6, 0x1F, 0xF8, 0x1F, 0xF8, 0x1F, 0xF8, 0x1F, 0xF8,
    0xEF, 0x7B, 0xEF, 0x7B, 0xEF, 0x7B, 0xEF, 0x7B, 0xEF, 0x7B, 0xEF, 0x7B, 0xEF, 0x7B, 0xEF, 0x7B,
    0x1F, 0xF8, 0x1F, 0xF8, 0x1F, 0xF8, 0x1F, 0xF8, 0xEF, 0x7B, 0xEF, 0x7B, 0xEF, 0x7B, 0xEF, 0x7B,
    0xEF, 0x7B, 0xEF, 0x7B, 0xEF, 0x7B, 0xEF, 0x7B, 0x1F, 0xF8, 0x1F, 0xF8, 0x1F, 0xF8, 0x1F, 0xF8,
    0xEF, 0x7B, 0xEF, 0x7B, 0xEF, 0x7B, 0xEF, 0x7B, 0xEF, 0x7B, 0xEF, 0x7B, 0xEF, 0x7B, 0xEF, 0x7B,
    0x1F, 0xF8, 0x1F, 0xF8, 0x1F, 0xF8, 0x1F, 0xF8, 0xEF, 0x7B, 0xEF, 0x7B, 0xEF, 0x7B, 0xEF, 0x7B,
    0xEF, 0x7B, 0xEF, 0x7B, 0xEF, 0x7B, 0xEF, 0x7B, 0x1F, 0xF8, 0x1F, 0xF8, 0x1F, 0xF8, 0x1F, 0xF8,
    0xEF, 0x7B, 0xEF, 0x7B, 0xEF, 0x7B, 0xEF, 0x7B, 0xEF, 0x7B, 0xEF, 0x7B, 0xEF, 0x7B, 0xEF, 0x7B,
    0x1F, 0xF8, 0x1F, 0xF8, 0x1F, 0xF8, 0x1F, 0xF8, 0xEF, 0x7B, 0xEF, 0x7B, 0xEF, 0x7B, 0xEF, 0x7B,
    0xEF, 0x7B, 0xEF, 0x7B, 0xEF, 0x7B, 0xEF, 0x7B, 0x1F, 0xF8, 0x1F, 0xF8, 0x1F, 0xF8, 0x1F, 0xF8,
    0xEF, 0x7B, 0xEF, 0x7B, 0xEF, 0x7B, 0xEF, 0x7B, 0xEF, 0x7B, 0xEF, 0x7B, 0xEF, 0x7B, 0xEF, 0x7B,
    0x1F, 0xF8, 0x1F, 0xF8, 0x1F, 0xF8, 0x1F, 0xF8, 0xEF, 0x7B, 0xEF, 0x7B, 0xEF, 0x7B, 0xEF, 0x7B,
    0xEF, 0x7B, 0xEF, 0x7B, 0xEF, 0x7B, 0xEF, 0x7B, 0x1F, 0xF8, 0x1F, 0xF8, 0x1F, 0xF8, 0x1F, 0xF8,
    0x79, 0xCE, 0x79, 0xCE, 0x10, 0x84, 0xEF, 0x7B, 0xEF, 0x7B, 0xEF, 0x7B, 0x10, 0x84, 0xEF, 0x7B,
    0x1F, 0xF8, 0x1F, 0xF8, 0x1F, 0xF8, 0x1F, 0xF8, 0x10, 0x84, 0x30, 0x84, 0x59, 0xCE, 0x10, 0x84,
    0xEF, 0x7B, 0x10, 0x84, 0x59, 0xCE, 0x10, 0x84, 0x1F, 0xF8, 0x1F, 0xF8, 0x1F, 0xF8, 0x1F, 0xF8,
    0x10, 0x84, 0x79, 0xCE, 0x30, 0x84, 0xEF, 0x7B, 0x10, 0x84, 0x59, 0xCE, 0x10, 0x84, 0xEF, 0x7B,
    0x1F, 0xF8, 0x1F, 0xF8, 0x1F, 0xF8, 0x1F, 0xF8, 0x79, 0xCE, 0x9A, 0xD6, 0x79, 0xCE, 0x30, 0x84,
    0x59, 0xCE, 0x30, 0x84, 0x10, 0x84, 0xEF, 0x7B, 0x1F, 0xF8, 0x1F, 0xF8, 0x1F, 0xF8, 0x1F, 0xF8,
    0x10, 0x84, 0x10, 0x84, 0x30, 0x84, 0x59, 0xCE, 0x30, 0x84, 0x79, 0xCE, 0x79, 0xCE, 0x10, 0x84,
    0x1F, 0xF8, 0x1F, 0xF8, 0x1F, 0xF8, 0x1F, 0xF8, 0xEF, 0x7B, 0x10, 0x84, 0x59, 0xCE, 0x10, 0x84,
    0xEF, 0x7B, 0x10, 0x84, 0x30, 0x84, 0x79, 0xCE, 0x1F, 0xF8, 0x1F, 0xF8, 0x1F, 0xF8, 0x1F, 0xF8,
    0x10, 0x84, 0x59, 0xCE, 0x10, 0x84, 0xEF, 0x7B, 0xEF, 0x7B, 0x10, 0x84, 0x79, 0xCE, 0x30, 0x84,
    0x1F, 0xF8, 0x1F, 0xF8, 0x1F, 0xF8, 0x1F, 0xF8, 0xEF, 0x7B, 0x10, 0x84, 0xEF, 0x7B, 0xEF, 0x7B,
    0x10, 0x84, 0x79, 0xCE, 0x9A, 0xD6, 0x79, 0xCE, 0x1F, 0xF8, 0x1F, 0xF8, 0x1F, 0xF8, 0x1F, 0xF8,
    0x10, 0x84, 0x79, 0xCE, 0x10, 0x84, 0xEF, 0x7B, 0xEF, 0x7B, 0x10, 0x84, 0x10, 0x84, 0x10, 0x84,
    0x1F, 0xF8, 0x1F, 0xF8, 0x1F, 0xF8, 0x1F, 0xF8, 0x10, 0x84, 0x79, 0xCE, 0x10, 0x84, 0xEF, 0x7B,
    0xEF, 0x7B, 0x10, 0x84, 0x59, 0xCE, 0x10, 0x84, 0x1F, 0xF8, 0x1F, 0xF8, 0x1F, 0xF8, 0x1F, 0xF8,
    0x10, 0x84, 0x79, 0xCE, 0x10, 0x84, 0xEF, 0x7B, 0x10, 0x84, 0x59, 0xCE, 0x10, 0x84, 0xEF, 0x7B,
    0x1F, 0xF8, 0x1F, 0xF8, 0x1F, 0xF8, 0x1F, 0xF8, 0x10, 0x84, 0x79, 0xCE, 0x10, 0x84, 0x10, 0x84,
    0x59, 0xCE, 0x30, 0x84, 0x10, 0x84, 0xEF, 0x7B, 0x1F, 0xF8, 0x1F, 0xF8, 0x1F, 0xF8, 0x1F, 0xF8,
    0xEF, 0x7B, 0x10, 0x84, 0x10, 0x84, 0x59, 0xCE, 0x30, 0x84, 0x79, 0xCE, 0x79, 0xCE, 0x10, 0x84,
    0x1F, 0xF8, 0x1F, 0xF8, 0x1F, 0xF8, 0x1F, 0xF8, 0xEF, 0x7B, 0x10, 0x84, 0x59, 0xCE, 0x10, 0x84,
    0xEF, 0x7B, 0x10, 0x84, 0x30, 0x84, 0x79, 0xCE, 0x1F, 0xF8, 0x1F, 0xF8, 0x1F, 0xF8, 0x1F, 0xF8,
    0x10, 0x84, 0x59, 0xCE, 0x10, 0x84, 0xEF, 0x7B, 0xEF, 0x7B, 0x10, 0x84, 0x79, 0xCE, 0x30, 0x84,
    0x1F, 0xF8, 0x1F, 0xF8, 0x1F, 0xF8, 0x1F, 0xF8, 0xEF, 0x7B, 0x10, 0x84, 0xEF, 0x7B, 0xEF, 0x7B,
    0x10, 0x84, 0x79, 0xCE, 0x9A, 0xD6, 0x79, 0xCE, 0x1F, 0xF8, 0x1F, 0xF8, 0x1F, 0xF8, 0x1F, 0xF8,
    0xEF, 0x7B, 0xEF, 0x7B, 0xEF, 0x7B, 0xEF, 0x7B, 0xEF, 0x7B, 0xEF, 0x7B, 0xEF, 0x7B, 0xEF, 0x7B,
    0x1F, 0xF8, 0x1F, 0xF8, 0x1F, 0xF8, 0x1F, 0xF8, 0xEF, 0x7B, 0xEF, 0x7B, 0xEF, 0x7B, 0xEF, 0x7B,
    0xEF, 0x7B, 0xEF, 0x7B, 0xEF, 0x7B, 0xEF, 0x7B, 0x1F, 0xF8, 0x1F, 0xF8, 0x1F, 0xF8, 0x1F, 0xF8,
    0xEF, 0x7B, 0xEF, 0x7B, 0xEF, 0x7B, 0xEF, 0x7B, 0xEF, 0x7B, 0xEF, 0x7B, 0xEF, 0x7B, 0xEF, 0x7B,
    0x1F, 0xF8, 0x1F, 0xF8, 0x1F, 0xF8, 0x1F, 0xF8, 0xEF, 0x7B, 0xEF, 0x7B, 0xEF, 0x7B, 0xEF, 0x7B,
    0xEF, 0x7B, 0xEF, 0x7B, 0xEF, 0x7B, 0xEF, 0x7B, 0x1F, 0xF8, 0x1F, 0xF8, 0x1F, 0xF8, 0x1F, 0xF8,
    0xEF, 0x7B, 0xEF, 0x7B, 0xEF, 0x7B, 0xEF, 0x7B, 0xEF, 0x7B, 0xEF, 0x7B, 0xEF, 0x7B, 0xEF, 0x7B,
    0x1F, 0xF8, 0x1F, 0xF8, 0x1F, 0xF8, 0x1F, 0xF8, 0xEF, 0x7B, 0xEF, 0x7B, 0xEF, 0x7B, 0xEF, 0x7B,
    0xEF, 0x7B, 0xEF, 0x7B, 0xEF, 0x7B, 0xEF, 0x7B, 0x1F, 0xF8, 0x1F, 0xF8, 0x1F, 0xF8, 0x1F, 0xF8,
    0xEF, 0x7B, 0xEF, 0x7B, 0xEF, 0x7B, 0xEF, 0x7B, 0xEF, 0x7B, 0xEF, 0x7B, 0xEF, 0x7B, 0xEF, 0x7B,
    0x1F, 0xF8, 0x1F, 0xF8, 0x1F, 0xF8, 0x1F, 0xF8, 0xEF, 0x7B, 0xEF, 0x7B, 0xEF, 0x7B, 0xEF, 0x7B,
    0xEF, 0x7B, 0xEF, 0x7B, 0xEF, 0x7B, 0xEF, 0x7B, 0x1F, 0xF8, 0x1F, 0xF8, 0x1F, 0xF8, 0x1F, 0xF8,
    0xEF, 0x7B, 0x10, 0x84, 0x79, 0xCE, 0x9A, 0xD6, 0x9A, 0xD6, 0x79, 0xCE, 0x10, 0x84, 0xEF, 0x7B,
    0x1F, 0xF8, 0x1F, 0xF8, 0x1F, 0xF8, 0x1F, 0xF8, 0x10, 0x84, 0x79, 0xCE, 0x9A, 0xD6, 0x9A, 0xD6,
    0x9A, 0xD6, 0x9A, 0xD6, 0x79, 0xCE, 0x10, 0x84, 0x1F, 0xF8, 0x1F, 0xF8, 0x1F, 0xF8, 0x1F, 0xF8,
    0x10, 0x84, 0x9A, 0xD6, 0x9A, 0xD6, 0x30, 0x84, 0x30, 0x84, 0x9A, 0xD6, 0x9A, 0xD6, 0x10, 0x84,
    0x1F, 0xF8, 0x1F, 0xF8, 0x1F, 0xF8, 0x1F, 0xF8, 0x10, 0x84, 0x9A, 0xD6, 0x9A, 0xD6, 0x10, 0x84,
    0x10, 0x84, 0x9A, 0xD6, 0x9A, 0xD6, 0x10, 0x84, 0x1F, 0xF8, 0x1F, 0xF8, 0x1F, 0xF8, 0x1F, 0xF8,
    0x10, 0x84, 0x9A, 0xD6, 0x9A, 0xD6, 0x30, 0x84, 0x30, 0x84, 0x9A, 0xD6, 0x9A, 0xD6, 0x10, 0x84,
    0x1F, 0xF8, 0x1F, 0xF8, 0x1F, 0xF8, 0x1F, 0xF8, 0x10, 0x84, 0x79, 0xCE, 0x9A, 0xD6, 0x9A, 0xD6,
    0x9A, 0xD6, 0x9A, 0xD6, 0x79, 0xCE, 0x10, 0x84, 0x1F, 0xF8, 0x1F, 0xF8, 0x1F, 0xF8, 0x1F, 0xF8,
    0xEF, 0x7B, 0x10, 0x84, 0x79, 0xCE, 0x9A, 0xD6, 0x9A, 0xD6, 0x79, 0xCE, 0x10, 0x84, 0xEF, 0x7B,
    0x1F, 0xF8, 0x1F, 0xF8, 0x1F, 0xF8, 0x1F, 0xF8, 0xEF, 0x7B, 0xEF, 0x7B, 0x10, 0x84, 0x30, 0x84,
    0x30, 0x84, 0x10, 0x84, 0xEF, 0x7B, 0xEF, 0x7B, 0x1F, 0xF8, 0x1F, 0xF8, 0x1F, 0xF8, 0x1F, 0xF8,
    0xEF, 0x7B, 0xEF, 0x7B, 0x10, 0x84, 0x79, 0xCE, 0x79, 0xCE, 0x10, 0x84, 0xEF, 0x7B, 0xEF, 0x7B,
    0x1F, 0xF8, 0x1F, 0xF8, 0x1F, 0xF8, 0x1F, 0xF8, 0xEF, 0x7B, 0xEF, 0x7B, 0x10, 0x84, 0x9A, 0xD6,
    0x9A, 0xD6, 0x10, 0x84, 0xEF, 0x7B, 0xEF, 0x7B, 0x1F, 0xF8, 0x1F, 0xF8, 0x1F, 0xF8, 0x1F, 0xF8,
    0xEF, 0x7B, 0xEF, 0x7B, 0x10, 0x84, 0x9A, 0xD6, 0x9A, 0xD6, 0x10, 0x84, 0xEF, 0x7B, 0xEF, 0x7B,
    0x1F, 0xF8, 0x1F, 0xF8, 0x1F, 0xF8, 0x1F, 0xF8, 0xEF, 0x7B, 0xEF, 0x7B, 0x10, 0x84, 0x9A, 0xD6,
    0x9A, 0xD6, 0x10, 0x84, 0xEF, 0x7B, 0xEF, 0x7B, 0x1F, 0xF8, 0x1F, 0xF8, 0x1F, 0xF8, 0x1F, 0xF8,
    0xEF, 0x7B, 0xEF, 0x7B, 0x10, 0x84, 0x9A, 0xD6, 0x9A, 0xD6, 0x10, 0x84, 0xEF, 0x7B, 0xEF, 0x7B,
    0x1F, 0xF8, 0x1F, 0xF8, 0x1F, 0xF8, 0x1F, 0xF8, 0xEF, 0x7B, 0xEF, 0x7B, 0x10, 0x84, 0x9A, 0xD6,
    0x9A, 0xD6, 0x10, 0x84, 0xEF, 0x7B, 0xEF, 0x7B, 0x1F, 0xF8, 0x1F, 0xF8, 0x1F, 0xF8, 0x1F, 0xF8,
    0xEF, 0x7B, 0xEF, 0x7B, 0x10, 0x84, 0x79, 0xCE, 0x79, 0xCE, 0x10, 0x84, 0xEF, 0x7B, 0xEF, 0x7B,
    0x1F, 0xF8, 0x1F, 0xF8, 0x1F, 0xF8, 0x1F, 0xF8, 0xEF, 0x7B, 0x10, 0x84, 0x10, 0x84, 0x30, 0x84,
    0x30, 0x84, 0x10, 0x84, 0xEF, 0x7B, 0xEF, 0x7B, 0x1F, 0xF8, 0x1F, 0xF8, 0x1F, 0xF8, 0x1F, 0xF8,
    0x10, 0x84, 0x79, 0xCE, 0x9A, 0xD6, 0x9A, 0xD6, 0x9A, 0xD6, 0x79, 0xCE, 0x10, 0x84, 0xEF, 0x7B,
    0x1F, 0xF8, 0x1F, 0xF8, 0x1F, 0xF8, 0x1F, 0xF8, 0x10, 0x84, 0x79, 0xCE, 0x9A, 0xD6, 0x9A, 0xD6,
    0x9A, 0xD6, 0x9A, 0xD6, 0x10, 0x84, 0xEF, 0x7B, 0x1F, 0xF8, 0x1F, 0xF8, 0x1F, 0xF8, 0x1F, 0xF8,
    0xEF, 0x7B, 0x10, 0x84, 0x30, 0x84, 0x30, 0x84, 0x9A, 0xD6, 0x9A, 0xD6, 0x10, 0x84, 0xEF, 0x7B,
    0x1F, 0xF8, 0x1F, 0xF8, 0x1F, 0xF8, 0x1F, 0xF8, 0x10, 0x84, 0x79, 0xCE, 0x9A, 0xD6, 0x79, 0xCE,
    0x9A, 0xD6, 0x79, 0xCE, 0x10, 0x84, 0xEF, 0x7B, 0x1F, 0xF8, 0x1F, 0xF8, 0x1F, 0xF8, 0x1F, 0xF8,
    0x10, 0x84, 0x9A, 0xD6, 0x9A, 0xD6, 0x30, 0x84, 0x30, 0x84, 0x10, 0x84, 0xEF, 0x7B, 0xEF, 0x7B,
    0x1F, 0xF8, 0x1F, 0xF8, 0x1F, 0xF8, 0x1F, 0xF8, 0x10, 0x84, 0x9A, 0xD6, 0x9A, 0xD6, 0x9A, 0xD6,
    0x9A, 0xD6, 0x79, 0xCE, 0x10, 0x84, 0xEF, 0x7B, 0x1F, 0xF8, 0x1F, 0xF8, 0x1F, 0xF8, 0x1F, 0xF8,
    0x10, 0x84, 0x79, 0xCE, 0x9A, 0xD6, 0x9A, 0xD6, 0x9A, 0xD6, 0x79, 0xCE, 0x10, 0x84, 0xEF, 0x7B,
    0x1F, 0xF8, 0x1F, 0xF8, 0x1F, 0xF8, 0x1F, 0xF8, 0xEF, 0x7B, 0x10, 0x84, 0x30, 0x84, 0x30, 0x84,
    0x30, 0x84, 0x10, 0x84, 0xEF, 0x7B, 0xEF, 0x7B, 0x1F, 0xF8, 0x1F, 0xF8, 0x1F, 0xF8, 0x1F, 0xF8,
    0x10, 0x84, 0x79, 0xCE, 0x9A, 0xD6, 0x9A, 0xD6, 0x9A, 0xD6, 0x79, 0xCE, 0x10, 0x84, 0xEF, 0x7B,
    0x1F, 0xF8, 0x1F, 0xF8, 0x1F, 0xF8, 0x1F, 0xF8, 0x10, 0x84, 0x79, 0xCE, 0x9A, 0xD6, 0x9A, 0xD6,
    0x9A, 0xD6, 0x9A, 0xD6, 0x10, 0x84, 0xEF, 0x7B, 0x1F, 0xF8, 0x1F, 0xF8, 0x1F, 0xF8, 0x1F, 0xF8,
    0xEF, 0x7B, 0x10, 0x84, 0x30, 0x84, 0x30, 0x84, 0x9A, 0xD6, 0x9A, 0xD6, 0x10, 0x84, 0xEF, 0x7B,
    0x1F, 0xF8, 0x1F, 0xF8, 0x1F, 0xF8, 0x1F, 0xF8, 0x10, 0x84, 0x79, 0xCE, 0x79, 0xCE, 0x79, 0xCE,
    0x9A, 0xD6, 0x9A, 0xD6, 0x10, 0x84, 0xEF, 0x7B, 0x1F, 0xF8, 0x1F, 0xF8, 0x1F, 0xF8, 0x1F, 0xF8,
    0xEF, 0x7B, 0x10, 0x84, 0x30, 0x84, 0x30, 0x84, 0x9A, 0xD6, 0x9A, 0xD6, 0x10, 0x84, 0xEF, 0x7B,
    0x1F, 0xF8, 0x1F, 0xF8, 0x1F, 0xF8, 0x1F, 0xF8, 0x10, 0x84, 0x79, 0xCE, 0x9A, 0xD6, 0x9A, 0xD6,
    0x9A, 0xD6, 0x9A, 0xD6, 0x10, 0x84, 0xEF, 0x7B, 0x1F, 0xF8, 0x1F, 0xF8, 0x1F, 0xF8, 0x1F, 0xF8,
    0x10, 0x84, 0x79, 0xCE, 0x9A, 0xD6, 0x9A, 0xD6, 0x9A, 0xD6, 0x79, 0xCE, 0x10, 0x84, 0xEF, 0x7B,
    0x1F, 0xF8, 0x1F, 0xF8, 0x1F, 0xF8, 0x1F, 0xF8, 0xEF, 0x7B, 0x10, 0x84, 0x10, 0x84, 0x10, 0x84,
    0x30, 0x84, 0x10, 0x84, 0xEF, 0x7B, 0xEF, 0x7B, 0x1F, 0xF8, 0x1F, 0xF8, 0x1F, 0xF8, 0x1F, 0xF8,
    0xEF, 0x7B, 0xEF, 0x7B, 0xEF, 0x7B, 0x10, 0x84, 0x79, 0xCE, 0x79, 0xCE, 0x10, 0x84, 0xEF, 0x7B,
    0x1F, 0xF8, 0x1F, 0xF8, 0x1F, 0xF8, 0x1F, 0xF8, 0xEF, 0x7B, 0xEF, 0x7B, 0x10, 0x84, 0x79, 0xCE,
    0x9A, 0xD6, 0x9A, 0xD6, 0x10, 0x84, 0xEF, 0x7B, 0x1F, 0xF8, 0x1F, 0xF8, 0x1F, 0xF8, 0x1F, 0xF8,
    0xEF, 0x7B, 0x10, 0x84, 0x79, 0xCE, 0x9A, 0xD6, 0x9A, 0xD6, 0x9A, 0xD6, 0x10, 0x84, 0xEF, 0x7B,
    0x1F, 0xF8, 0x1F, 0xF8, 0x1F, 0xF8, 0x1F, 0xF8, 0x10, 0x84, 0x79, 0xCE, 0x9A, 0xD6, 0x51, 0x8C,
    0x9A, 0xD6, 0x9A, 0xD6, 0x10, 0x84, 0xEF, 0x7B, 0x1F, 0xF8, 0x1F, 0xF8, 0x1F, 0xF8, 0x1F, 0xF8,
    0x10, 0x84, 0x79, 0xCE, 0x9A, 0xD6, 0x79, 0xCE, 0x9A, 0xD6, 0x9A, 0xD6, 0x10, 0x84, 0xEF, 0x7B,
    0x1F, 0xF8, 0x1F, 0xF8, 0x1F, 0xF8, 0x1F, 0xF8, 0xEF, 0x7B, 0x10, 0x84, 0x10, 0x84, 0x30, 0x84,
    0x9A, 0xD6, 0x9A, 0xD6, 0x10, 0x84, 0xEF, 0x7B, 0x1F, 0xF8, 0x1F, 0xF8, 0x1F, 0xF8, 0x1F, 0xF8,
    0xEF, 0x7B, 0xEF, 0x7B, 0xEF, 0x7B, 0x10, 0x84, 0x79, 0xCE, 0x79, 0xCE, 0x10, 0x84, 0xEF, 0x7B,
    0x1F, 0xF8, 0x1F, 0xF8, 0x1F, 0xF8, 0x1F, 0xF8, 0xEF, 0x7B, 0x10, 0x84, 0x10, 0x84, 0x10, 0x84,
    0x30, 0x84, 0x10, 0x84, 0xEF, 0x7B, 0xEF, 0x7B, 0x1F, 0xF8, 0x1F, 0xF8, 0x1F, 0xF8, 0x1F, 0xF8,
    0x10, 0x84, 0x79, 0xCE, 0x9A, 0xD6, 0x9A, 0xD6, 0x9A, 0xD6, 0x79, 0xCE, 0x10, 0x84, 0xEF, 0x7B,
    0x1F, 0xF8, 0x1F, 0xF8, 0x1F, 0xF8, 0x1F, 0xF8, 0x10, 0x84, 0x9A, 0xD6, 0x9A, 0xD6, 0x9A, 0xD6,
    0x9A, 0xD6, 0x79, 0xCE, 0x10, 0x84, 0xEF, 0x7B, 0x1F, 0xF8, 0x1F, 0xF8, 0x1F, 0xF8, 0x1F, 0xF8,
    0x10, 0x84, 0x9A, 0xD6, 0x9A, 0xD6, 0x30, 0x84, 0x30, 0x84, 0x10, 0x84, 0xEF, 0x7B, 0xEF, 0x7B,
    0x1F, 0xF8, 0x1F, 0xF8, 0x1F, 0xF8, 0x1F, 0xF8, 0x10, 0x84, 0x79, 0xCE, 0x9A, 0xD6, 0x79, 0xCE,
    0x9A, 0xD6, 0x79, 0xCE, 0x10, 0x84, 0xEF, 0x7B, 0x1F, 0xF8, 0x1F, 0xF8, 0x1F, 0xF8, 0x1F, 0xF8,
    0xEF, 0x7B, 0x10, 0x84, 0x30, 0x84, 0x30, 0x84, 0x9A, 0xD6, 0x9A, 0xD6, 0x10, 0x84, 0xEF, 0x7B,
    0x1F, 0xF8, 0x1F, 0xF8, 0x1F, 0xF8, 0x1F, 0xF8, 0x10, 0x84, 0x79, 0xCE, 0x9A, 0xD6, 0x9A, 0xD6,
    0x9A, 0xD6, 0x9A, 0xD6, 0x10, 0x84, 0xEF, 0x7B, 0x1F, 0xF8, 0x1F, 0xF8, 0x1F, 0xF8, 0x1F, 0xF8,
    0x10, 0x84, 0x79, 0xCE, 0x9A, 0xD6, 0x9A, 0xD6, 0x9A, 0xD6, 0x79, 0xCE, 0x10, 0x84, 0xEF, 0x7B,
    0x1F, 0xF8, 0x1F, 0xF8, 0x1F, 0xF8, 0x1F, 0xF8, 0xEF, 0x7B, 0x10, 0x84, 0x30, 0x84, 0x10, 0x84,
    0x10, 0x84, 0x10, 0x84, 0xEF, 0x7B, 0xEF, 0x7B, 0x1F, 0xF8, 0x1F, 0xF8, 0x1F, 0xF8, 0x1F, 0xF8,
    0x10, 0x84, 0x79, 0xCE, 0x79, 0xCE, 0x10, 0x84, 0xEF, 0x7B, 0xEF, 0x7B, 0xEF, 0x7B, 0xEF, 0x7B,
    0x1F, 0xF8, 0x1F, 0xF8, 0x1F, 0xF8, 0x1F, 0xF8, 0x10, 0x84, 0x9A, 0xD6, 0x9A, 0xD6, 0x30, 0x84,
    0x10, 0x84, 0x10, 0x84, 0xEF, 0x7B, 0xEF, 0x7B, 0x1F, 0xF8, 0x1F, 0xF8, 0x1F, 0xF8, 0x1F, 0xF8,
    0x10, 0x84, 0x9A, 0xD6, 0x9A, 0xD6, 0x9A, 0xD6, 0x9A, 0xD6, 0x79, 0xCE, 0x10, 0x84, 0xEF, 0x7B,
    0x1F, 0xF8, 0x1F, 0xF8, 0x1F, 0xF8, 0x1F, 0xF8, 0x10, 0x84, 0x9A, 0xD6, 0x9A, 0xD6, 0x9A, 0xD6,
    0x9A, 0xD6, 0x9A, 0xD6, 0x10, 0x84, 0xEF, 0x7B, 0x1F, 0xF8, 0x1F, 0xF8, 0x1F, 0xF8, 0x1F, 0xF8,
    0x10, 0x84, 0x9A, 0xD6, 0x9A, 0xD6, 0x51, 0x8C, 0x9A, 0xD6, 0x9A, 0xD6, 0x10, 0x84, 0xEF, 0x7B,
    0x1F, 0xF8, 0x1F, 0xF8, 0x1F, 0xF8, 0x1F, 0xF8, 0x10, 0x84, 0x9A, 0xD6, 0x9A, 0xD6, 0x9A, 0xD6,
    0x9A, 0xD6, 0x9A, 0xD6, 0x10, 0x84, 0xEF, 0x7B, 0x1F, 0xF8, 0x1F, 0xF8, 0x1F, 0xF8, 0x1F, 0xF8,
    0x10, 0x84, 0x79, 0xCE, 0x9A, 0xD6, 0x9A, 0xD6, 0x9A, 0xD6, 0x79, 0xCE, 0x10, 0x84, 0xEF, 0x7B,
    0x1F, 0xF8, 0x1F, 0xF8, 0x1F, 0xF8, 0x1F, 0xF8, 0xEF, 0x7B, 0x10, 0x84, 0x30, 0x84, 0x30, 0x84,
    0x30, 0x84, 0x10, 0x84, 0xEF, 0x7B, 0xEF, 0x7B, 0x1F, 0xF8, 0x1F, 0xF8, 0x1F, 0xF8, 0x1F, 0xF8,
    0x10, 0x84, 0x79, 0xCE, 0x9A, 0xD6, 0x9A, 0xD6, 0x9A, 0xD6, 0x79, 0xCE, 0x10, 0x84, 0xEF, 0x7B,
    0x1F, 0xF8, 0x1F, 0xF8, 0x1F, 0xF8, 0x1F, 0xF8, 0x10, 0x84, 0x79, 0xCE, 0x9A, 0xD6, 0x9A, 0xD6,
    0x9A, 0xD6, 0x9A, 0xD6, 0x10, 0x84, 0xEF, 0x7B, 0x1F, 0xF8, 0x1F, 0xF8, 0x1F, 0xF8, 0x1F, 0xF8,
    0xEF, 0x7B, 0x10, 0x84, 0x10, 0x84, 0x30, 0x84, 0x9A, 0xD6, 0x79, 0xCE, 0x10, 0x84, 0xEF, 0x7B,
    0x1F, 0xF8, 0x1F, 0xF8, 0x1F, 0xF8, 0x1F, 0xF8, 0xEF, 0x7B, 0xEF, 0x7B, 0x10, 0x84, 0x79, 0xCE,
    0x79, 0xCE, 0x10, 0x84, 0xEF, 0x7B, 0xEF, 0x7B, 0x1F, 0xF8, 0x1F, 0xF8, 0x1F, 0xF8, 0x1F, 0xF8,
    0xEF, 0x7B, 0x10, 0x84, 0x79, 0xCE, 0x9A, 0xD6, 0x10, 0x84, 0xEF, 0x7B, 0xEF, 0x7B, 0xEF, 0x7B,
    0x1F, 0xF8, 0x1F, 0xF8, 0x1F, 0xF8, 0x1F, 0xF8, 0xEF, 0x7B, 0x10, 0x84, 0x9A, 0xD6, 0x9A, 0xD6,
    0x10, 0x84, 0xEF, 0x7B, 0xEF, 0x7B, 0xEF, 0x7B, 0x1F, 0xF8, 0x1F, 0xF8, 0x1F, 0xF8, 0x1F, 0xF8,
    0xEF, 0x7B, 0x10, 0x84, 0x79, 0xCE, 0x79, 0xCE, 0x10, 0x84, 0xEF, 0x7B, 0xEF, 0x7B, 0xEF, 0x7B,
    0x1F, 0xF8, 0x1F, 0xF8, 0x1F, 0xF8, 0x1F, 0xF8, 0xEF, 0x7B, 0x10, 0x84, 0x30, 0x84, 0x30, 0x84,
    0x10, 0x84, 0x10, 0x84, 0xEF, 0x7B, 0xEF, 0x7B, 0x1F, 0xF8, 0x1F, 0xF8, 0x1F, 0xF8, 0x1F, 0xF8,
    0x10, 0x84, 0x79, 0xCE, 0x9A, 0xD6, 0x9A, 0xD6, 0x9A, 0xD6, 0x79, 0xCE, 0x10, 0x84, 0xEF, 0x7B,
    0x1F, 0xF8, 0x1F, 0xF8, 0x1F, 0xF8, 0x1F, 0xF8, 0x10, 0x84, 0x9A, 0xD6, 0x9A, 0xD6, 0x9A, 0xD6,
    0x9A, 0xD6, 0x9A, 0xD6, 0x10, 0x84, 0xEF, 0x7B, 0x1F, 0xF8, 0x1F, 0xF8, 0x1F, 0xF8, 0x1F, 0xF8,
    0x10, 0x84, 0x9A, 0xD6, 0x9A, 0xD6, 0x51, 0x8C, 0x9A, 0xD6, 0x9A, 0xD6, 0x10, 0x84, 0xEF, 0x7B,
    0x1F, 0xF8, 0x1F, 0xF8, 0x1F, 0xF8, 0x1F, 0xF8, 0x10, 0x84, 0x9A, 0xD6, 0x9A, 0xD6, 0x79, 0xCE,
    0x9A, 0xD6, 0x9A, 0xD6, 0x10, 0x84, 0xEF, 0x7B, 0x1F, 0xF8, 0x1F, 0xF8, 0x1F, 0xF8, 0x1F, 0xF8,
    0x10, 0x84, 0x9A, 0xD6, 0x9A, 0xD6, 0x51, 0x8C, 0x9A, 0xD6, 0x9A, 0xD6, 0x10, 0x84, 0xEF, 0x7B,
    0x1F, 0xF8, 0x1F, 0xF8, 0x1F, 0xF8, 0x1F, 0xF8, 0x10, 0x84, 0x9A, 0xD6, 0x9A, 0xD6, 0x9A, 0xD6,
    0x9A, 0xD6, 0x9A, 0xD6, 0x10, 0x84, 0xEF, 0x7B, 0x1F, 0xF8, 0x1F, 0xF8, 0x1F, 0xF8, 0x1F, 0xF8,
    0x10, 0x84, 0x79, 0xCE, 0x9A, 0xD6, 0x9A, 0xD6, 0x9A, 0xD6, 0x79, 0xCE, 0x10, 0x84, 0xEF, 0x7B,
    0x1F, 0xF8, 0x1F, 0xF8, 0x1F, 0xF8, 0x1F, 0xF8, 0xEF, 0x7B, 0x10, 0x84, 0x30, 0x84, 0x30, 0x84,
    0x30, 0x84, 0x10, 0x84, 0xEF, 0x7B, 0xEF, 0x7B, 0x1F, 0xF8, 0x1F, 0xF8, 0x1F, 0xF8, 0x1F, 0xF8,
    0x10, 0x84, 0x79, 0xCE, 0x9A, 0xD6, 0x9A, 0xD6, 0x9A, 0xD6, 0x79, 0xCE, 0x10, 0x84, 0xEF, 0x7B,
    0x1F, 0xF8, 0x1F, 0xF8, 0x1F, 0xF8, 0x1F, 0xF8, 0x10, 0x84, 0x9A, 0xD6, 0x9A, 0xD6, 0x9A, 0xD6,
    0x9A, 0xD6, 0x9A, 0xD6, 0x10, 0x84, 0xEF, 0x7B, 0x1F, 0xF8, 0x1F, 0xF8, 0x1F, 0xF8, 0x1F, 0xF8,
    0x10, 0x84, 0x9A, 0xD6, 0x9A, 0xD6, 0x51, 0x8C, 0x9A, 0xD6, 0x9A, 0xD6, 0x10, 0x84, 0xEF, 0x7B,
    0x1F, 0xF8, 0x1F, 0xF8, 0x1F, 0xF8, 0x1F, 0xF8, 0x10, 0x84, 0x79, 0xCE, 0x9A, 0xD6, 0x79, 0xCE,
    0x9A, 0xD6, 0x9A, 0xD6, 0x10, 0x84, 0xEF, 0x7B, 0x1F, 0xF8, 0x1F, 0xF8, 0x1F, 0xF8, 0x1F, 0xF8,
    0xEF, 0x7B, 0x10, 0x84, 0x30, 0x84, 0x30, 0x84, 0x9A, 0xD6, 0x9A, 0xD6, 0x10, 0x84, 0xEF, 0x7B,
    0x1F, 0xF8, 0x1F, 0xF8, 0x1F, 0xF8, 0x1F, 0xF8, 0x10, 0x84, 0x79, 0xCE, 0x9A, 0xD6, 0x9A, 0xD6,
    0x9A, 0xD6, 0x9A, 0xD6, 0x10, 0x84, 0xEF, 0x7B, 0x1F, 0xF8, 0x1F, 0xF8, 0x1F, 0xF8, 0x1F, 0xF8,
    0x10, 0x84, 0x79, 0xCE, 0x9A, 0xD6, 0x9A, 0xD6, 0x9A, 0xD6, 0x79, 0xCE, 0x10, 0x84, 0xEF, 0x7B,
    0x1F, 0xF8, 0x1F, 0xF8, 0x1F, 0xF8, 0x1F, 0xF8, 0xEF, 0x7B, 0x10, 0x84, 0x30, 0x84, 0x30, 0x84,
    0x30, 0x84, 0x30, 0x84, 0x10, 0x84, 0xEF, 0x7B, 0x1F, 0xF8, 0x1F, 0xF8, 0x1F, 0xF8, 0x1F, 0xF8,
    0x10, 0x84, 0x79, 0xCE, 0x9A, 0xD6, 0x9A, 0xD6, 0x9A, 0xD6, 0x9A, 0xD6, 0x79, 0xCE, 0x10, 0x84,
    0x1F, 0xF8, 0x1F, 0xF8, 0x1F, 0xF8, 0x1F, 0xF8, 0x10, 0x84, 0x9A, 0xD6, 0x9A, 0xD6, 0x9A, 0xD6,
    0x9A, 0xD6, 0x9A, 0xD6, 0x9A, 0xD6, 0x10, 0x84, 0x1F, 0xF8, 0x1F, 0xF8, 0x1F, 0xF8, 0x1F, 0xF8,
    0x10, 0x84, 0x9A, 0xD6, 0x9A, 0xD6, 0x30, 0x84, 0x30, 0x84, 0x9A, 0xD6, 0x9A, 0xD6, 0x10, 0x84,
    0x1F, 0xF8, 0x1F, 0xF8, 0x1F, 0xF8, 0x1F, 0xF8, 0x10, 0x84, 0x9A, 0xD6, 0x9A, 0xD6, 0x9A, 0xD6,
    0x9A, 0xD6, 0x9A, 0xD6, 0x9A, 0xD6, 0x10, 0x84, 0x1F, 0xF8, 0x1F, 0xF8, 0x1F, 0xF8, 0x1F, 0xF8,
    0x10, 0x84, 0x9A, 0xD6, 0x9A, 0xD6, 0x9A, 0xD6, 0x9A, 0xD6, 0x9A, 0xD6, 0x9A, 0xD6, 0x10, 0x84,
    0x1F, 0xF8, 0x1F, 0xF8, 0x1F, 0xF8, 0x1F, 0xF8, 0x10, 0x84, 0x9A, 0xD6, 0x9A, 0xD6, 0x30, 0x84,
    0x30, 0x84, 0x9A, 0xD6, 0x9A, 0xD6, 0x10, 0x84, 0x1F, 0xF8, 0x1F, 0xF8, 0x1F, 0xF8, 0x1F, 0xF8,
    0x10, 0x84, 0x79, 0xCE, 0x79, 0xCE, 0x10, 0x84, 0x10, 0x84, 0x79, 0xCE, 0x79, 0xCE, 0x10, 0x84,
    0x1F, 0xF8, 0x1F, 0xF8, 0x1F, 0xF8, 0x1F, 0xF8, 0xEF, 0x7B, 0x10, 0x84, 0x30, 0x84, 0x10, 0x84,
    0x10, 0x84, 0x10, 0x84, 0x10, 0x84, 0xEF, 0x7B, 0x1F, 0xF8, 0x1F, 0xF8, 0x1F, 0xF8, 0x1F, 0xF8,
    0x10, 0x84, 0x79, 0xCE, 0x9A, 0xD6, 0x9A, 0xD6, 0x9A, 0xD6, 0x79, 0xCE, 0x10, 0x84, 0xEF, 0x7B,
    0x1F, 0xF8, 0x1F, 0xF8, 0x1F, 0xF8, 0x1F, 0xF8, 0x10, 0x84, 0x9A, 0xD6, 0x9A, 0xD6, 0x9A, 0xD6,
    0x9A, 0xD6, 0x9A, 0xD6, 0x79, 0xCE, 0x10, 0x84, 0x1F, 0xF8, 0x1F, 0xF8, 0x1F, 0xF8, 0x1F, 0xF8,
    0x10, 0x84, 0x9A, 0xD6, 0x9A, 0xD6, 0x30, 0x84, 0x30, 0x84, 0x9A, 0xD6, 0x79, 0xCE, 0x10, 0x84,
    0x1F, 0xF8, 0x1F, 0xF8, 0x1F, 0xF8, 0x1F, 0xF8, 0x10, 0x84, 0x9A, 0xD6, 0x9A, 0xD6, 0x10, 0x84,
    0x79, 0xCE, 0x9A, 0xD6, 0x30, 0x84, 0xEF, 0x7B, 0x1F, 0xF8, 0x1F, 0xF8, 0x1F, 0xF8, 0x1F, 0xF8,
    0x10, 0x84, 0x9A, 0xD6, 0x9A, 0xD6, 0x30, 0x84, 0x30, 0x84, 0x9A, 0xD6, 0x79, 0xCE, 0x10, 0x84,
    0x1F, 0xF8, 0x1F, 0xF8, 0x1F, 0xF8, 0x1F, 0xF8, 0x10, 0x84, 0x9A, 0xD6, 0x9A, 0xD6, 0x9A, 0xD6,
    0x9A, 0xD6, 0x9A, 0xD6, 0x79, 0xCE, 0x10, 0x84, 0x1F, 0xF8, 0x1F, 0xF8, 0x1F, 0xF8, 0x1F, 0xF8,
    0x10, 0x84, 0x79, 0xCE, 0x9A, 0xD6, 0x9A, 0xD6, 0x9A, 0xD6, 0x79, 0xCE, 0x10, 0x84, 0xEF, 0x7B,
    0x1F, 0xF8, 0x1F, 0xF8, 0x1F, 0xF8, 0x1F, 0xF8, 0xEF, 0x7B, 0x10, 0x84, 0x30, 0x84, 0x30, 0x84,
    0x30, 0x84, 0x10, 0x84, 0xEF, 0x7B, 0xEF, 0x7B, 0x1F, 0xF8, 0x1F, 0xF8, 0x1F, 0xF8, 0x1F, 0xF8,
    0x10, 0x84, 0x79, 0xCE, 0x9A, 0xD6, 0x9A, 0xD6, 0x9A, 0xD6, 0x79, 0xCE, 0x10, 0x84, 0xEF, 0x7B,
    0x1F, 0xF8, 0x1F, 0xF8, 0x1F, 0xF8, 0x1F, 0xF8, 0x10, 0x84, 0x9A, 0xD6, 0x9A, 0xD6, 0x9A, 0xD6,
    0x9A, 0xD6, 0x79, 0xCE, 0x10, 0x84, 0xEF, 0x7B, 0x1F, 0xF8, 0x1F, 0xF8, 0x1F, 0xF8, 0x1F, 0xF8,
    0x10, 0x84, 0x9A, 0xD6, 0x9A, 0xD6, 0x30, 0x84, 0x10, 0x84, 0x10, 0x84, 0xEF, 0x7B, 0xEF, 0x7B,
    0x1F, 0xF8, 0x1F, 0xF8, 0x1F, 0xF8, 0x1F, 0xF8, 0x10, 0x84, 0x9A, 0xD6, 0x9A, 0xD6, 0x10, 0x84,
    0xEF, 0x7B, 0xEF, 0x7B, 0xEF, 0x7B, 0xEF, 0x7B, 0x1F, 0xF8, 0x1F, 0xF8, 0x1F, 0xF8, 0x1F, 0xF8,
    0x10, 0x84, 0x9A, 0xD6, 0x9A, 0xD6, 0x30, 0x84, 0x10, 0x84, 0x10, 0x84, 0xEF, 0x7B, 0xEF, 0x7B,
    0x1F, 0xF8, 0x1F, 0xF8, 0x1F, 0xF8, 0x1F, 0xF8, 0x10, 0x84, 0x9A, 0xD6, 0x9A, 0xD6, 0x9A, 0xD6,
    0x9A, 0xD6, 0x79, 0xCE, 0x10, 0x84, 0xEF, 0x7B, 0x1F, 0xF8, 0x1F, 0xF8, 0x1F, 0xF8, 0x1F, 0xF8,
    0x10, 0x84, 0x79, 0xCE, 0x9A, 0xD6, 0x9A, 0xD6, 0x9A, 0xD6, 0x79, 0xCE, 0x10, 0x84, 0xEF, 0x7B,
    0x1F, 0xF8, 0x1F, 0xF8, 0x1F, 0xF8, 0x1F, 0xF8, 0xEF, 0x7B, 0x10, 0x84, 0x30, 0x84, 0x30, 0x84,
    0x30, 0x84, 0x10, 0x84, 0xEF, 0x7B, 0xEF, 0x7B, 0x1F, 0xF8, 0x1F, 0xF8, 0x1F, 0xF8, 0x1F, 0xF8,
    0x10, 0x84, 0x79, 0xCE, 0x9A, 0xD6, 0x9A, 0xD6, 0x79, 0xCE, 0x10, 0x84, 0xEF, 0x7B, 0xEF, 0x7B,
    0x1F, 0xF8, 0x1F, 0xF8, 0x1F, 0xF8, 0x1F, 0xF8, 0x10, 0x84, 0x9A, 0xD6, 0x9A, 0xD6, 0x9A, 0xD6,
    0x9A, 0xD6, 0x79, 0xCE, 0x10, 0x84, 0xEF, 0x7B, 0x1F, 0xF8, 0x1F, 0xF8, 0x1F, 0xF8, 0x1F, 0xF8,
    0x10, 0x84, 0x9A, 0xD6, 0x9A, 0xD6, 0x30, 0x84, 0x30, 0x84, 0x9A, 0xD6, 0x79, 0xCE, 0x10, 0x84,
    0x1F, 0xF8, 0x1F, 0xF8, 0x1F, 0xF8, 0x1F, 0xF8, 0x10, 0x84, 0x9A, 0xD6, 0x9A, 0xD6, 0x10, 0x84,
    0x10, 0x84, 0x9A, 0xD6, 0x9A, 0xD6, 0x10, 0x84, 0x1F, 0xF8, 0x1F, 0xF8, 0x1F, 0xF8, 0x1F, 0xF8,
    0x10, 0x84, 0x9A, 0xD6, 0x9A, 0xD6, 0x30, 0x84, 0x30, 0x84, 0x9A, 0xD6, 0x79, 0xCE, 0x10, 0x84,
    0x1F, 0xF8, 0x1F, 0xF8, 0x1F, 0xF8, 0x1F, 0xF8, 0x10, 0x84, 0x9A, 0xD6, 0x9A, 0xD6, 0x9A, 0xD6,
    0x9A, 0xD6, 0x79, 0xCE, 0x10, 0x84, 0xEF, 0x7B, 0x1F, 0xF8, 0x1F, 0xF8, 0x1F, 0xF8, 0x1F, 0xF8,
    0x10, 0x84, 0x79, 0xCE, 0x9A, 0xD6, 0x9A, 0xD6, 0x79, 0xCE, 0x10, 0x84, 0xEF, 0x7B, 0xEF, 0x7B,
    0x1F, 0xF8, 0x1F, 0xF8, 0x1F, 0xF8, 0x1F, 0xF8, 0xEF, 0x7B, 0x10, 0x84, 0x30, 0x84, 0x30, 0x84,
    0x30, 0x84, 0x10, 0x84, 0xEF, 0x7B, 0xEF, 0x7B, 0x1F, 0xF8, 0x1F, 0xF8, 0x1F, 0xF8, 0x1F, 0xF8,
    0x10, 0x84, 0x79, 0xCE, 0x9A, 0xD6, 0x9A, 0xD6, 0x9A, 0xD6, 0x79, 0xCE, 0x10, 0x84, 0xEF, 0x7B,
    0x1F, 0xF8, 0x1F, 0xF8, 0x1F, 0xF8, 0x1F, 0xF8, 0x10, 0x84, 0x9A, 0xD6, 0x9A, 0xD6, 0x9A, 0xD6,
    0x9A, 0xD6, 0x79, 0xCE, 0x10, 0x84, 0xEF, 0x7B, 0x1F, 0xF8, 0x1F, 0xF8, 0x1F, 0xF8, 0x1F, 0xF8,
    0x10, 0x84, 0x9A, 0xD6, 0x9A, 0xD6, 0x30, 0x84, 0x30, 0x84, 0x10, 0x84, 0xEF, 0x7B, 0xEF, 0x7B,
    0x1F, 0xF8, 0x1F, 0xF8, 0x1F, 0xF8, 0x1F, 0xF8, 0x10, 0x84, 0x9A, 0xD6, 0x9A, 0xD6, 0x79, 0xCE,
    0x79, 0xCE, 0x79, 0xCE, 0x10, 0x84, 0xEF, 0x7B, 0x1F, 0xF8, 0x1F, 0xF8, 0x1F, 0xF8, 0x1F, 0xF8,
    0x10, 0x84, 0x9A, 0xD6, 0x9A, 0xD6, 0x30, 0x84, 0x30, 0x84, 0x10, 0x84, 0xEF, 0x7B, 0xEF, 0x7B,
    0x1F, 0xF8, 0x1F, 0xF8, 0x1F, 0xF8, 0x1F, 0xF8, 0x10, 0x84, 0x9A, 0xD6, 0x9A, 0xD6, 0x9A, 0xD6,
    0x9A, 0xD6, 0x79, 0xCE, 0x10, 0x84, 0xEF, 0x7B, 0x1F, 0xF8, 0x1F, 0xF8, 0x1F, 0xF8, 0x1F, 0xF8,
    0x10, 0x84, 0x79, 0xCE, 0x9A, 0xD6, 0x9A, 0xD6, 0x9A, 0xD6, 0x79, 0xCE, 0x10, 0x84, 0xEF, 0x7B,
    0x1F, 0xF8, 0x1F, 0xF8, 0x1F, 0xF8, 0x1F, 0xF8, 0xEF, 0x7B, 0x10, 0x84, 0x30, 0x84, 0x30, 0x84,
    0x30, 0x84, 0x10, 0x84, 0xEF, 0x7B, 0xEF, 0x7B, 0x1F, 0xF8, 0x1F, 0xF8, 0x1F, 0xF8, 0x1F, 0xF8,
    0x10, 0x84, 0x79, 0xCE, 0x9A, 0xD6, 0x9A, 0xD6, 0x9A, 0xD6, 0x79, 0xCE, 0x10, 0x84, 0xEF, 0x7B,
    0x1F, 0xF8, 0x1F, 0xF8, 0x1F, 0xF8, 0x1F, 0xF8, 0x10, 0x84, 0x9A, 0xD6, 0x9A, 0xD6, 0x9A, 0xD6,
    0x9A, 0xD6, 0x79, 0xCE, 0x10, 0x84, 0xEF, 0x7B, 0x1F, 0xF8, 0x1F, 0xF8, 0x1F, 0xF8, 0x1F, 0xF8,
    0x10, 0x84, 0x9A, 0xD6, 0x9A, 0xD6, 0x30, 0x84, 0x30, 0x84, 0x10, 0x84, 0xEF, 0x7B, 0xEF, 0x7B,
    0x1F, 0xF8, 0x1F, 0xF8, 0x1F, 0xF8, 0x1F, 0xF8, 0x10, 0x84, 0x9A, 0xD6, 0x9A, 0xD6, 0x9A, 0xD6,
    0x79, 0xCE, 0x10, 0x84, 0xEF, 0x7B, 0xEF, 0x7B, 0x1F, 0xF8, 0x1F, 0xF8, 0x1F, 0xF8, 0x1F, 0xF8,
    0x10, 0x84, 0x9A, 0xD6, 0x9A, 0xD6, 0x9A, 0xD6, 0x79, 0xCE, 0x10, 0x84, 0xEF, 0x7B, 0xEF, 0x7B,
    0x1F, 0xF8, 0x1F, 0xF8, 0x1F, 0xF8, 0x1F, 0xF8, 0x10, 0x84, 0x9A, 0xD6, 0x9A, 0xD6, 0x30, 0x84,
    0x10, 0x84, 0xEF, 0x7B, 0xEF, 0x7B, 0xEF, 0x7B, 0x1F, 0xF8, 0x1F, 0xF8, 0x1F, 0xF8, 0x1F, 0xF8,
    0x10, 0x84, 0x79, 0xCE, 0x79, 0xCE, 0x10, 0x84, 0xEF, 0x7B, 0xEF, 0x7B, 0xEF, 0x7B, 0xEF, 0x7B,
    0x1F, 0xF8, 0x1F, 0xF8, 0x1F, 0xF8, 0x1F, 0xF8, 0xEF, 0x7B, 0x10, 0x84, 0x10, 0x84, 0x10, 0x84,
    0x10, 0x84, 0x10, 0x84, 0x10, 0x84, 0xEF, 0x7B, 0x1F, 0xF8, 0x1F, 0xF8, 0x1F, 0xF8, 0x1F, 0xF8,
    0xEF, 0x7B, 0x10, 0x84, 0x79, 0xCE, 0x9A, 0xD6, 0x9A, 0xD6, 0x9A, 0xD6, 0x79, 0xCE, 0x10, 0x84,
    0x1F, 0xF8, 0x1F, 0xF8, 0x1F, 0xF8, 0x1F, 0xF8, 0x10, 0x84, 0x79, 0xCE, 0x9A, 0xD6, 0x9A, 0xD6,
    0x9A, 0xD6, 0x9A, 0xD6, 0x79, 0xCE, 0x10, 0x84, 0x1F, 0xF8, 0x1F, 0xF8, 0x1F, 0xF8, 0x1F, 0xF8,
    0x10, 0x84, 0x9A, 0xD6, 0x9A, 0xD6, 0x30, 0x84, 0x30, 0x84, 0x30, 0x84, 0x10, 0x84, 0xEF, 0x7B,
    0x1F, 0xF8, 0x1F, 0xF8, 0x1F, 0xF8, 0x1F, 0xF8, 0x10, 0x84, 0x9A, 0xD6, 0x9A, 0xD6, 0x10, 0x84,
    0x79, 0xCE, 0x9A, 0xD6, 0x79, 0xCE, 0x10, 0x84, 0x1F, 0xF8, 0x1F, 0xF8, 0x1F, 0xF8, 0x1F, 0xF8,
    0x10, 0x84, 0x9A, 0xD6, 0x9A, 0xD6, 0x30, 0x84, 0x30, 0x84, 0x9A, 0xD6, 0x9A, 0xD6, 0x10, 0x84,
    0x1F, 0xF8, 0x1F, 0xF8, 0x1F, 0xF8, 0x1F, 0xF8, 0x10, 0x84, 0x79, 0xCE, 0x9A, 0xD6, 0x9A, 0xD6,
    0x9A, 0xD6, 0x9A, 0xD6, 0x79, 0xCE, 0x10, 0x84, 0x1F, 0xF8, 0x1F, 0xF8, 0x1F, 0xF8, 0x1F, 0xF8,
    0xEF, 0x7B, 0x10, 0x84, 0x79, 0xCE, 0x9A, 0xD6, 0x9A, 0xD6, 0x79, 0xCE, 0x10, 0x84, 0xEF, 0x7B,
    0x1F, 0xF8, 0x1F, 0xF8, 0x1F, 0xF8, 0x1F, 0xF8, 0xEF, 0x7B, 0x10, 0x84, 0x10, 0x84, 0x10, 0x84,
    0x30, 0x84, 0x10, 0x84, 0xEF, 0x7B, 0xEF, 0x7B, 0x1F, 0xF8, 0x1F, 0xF8, 0x1F, 0xF8, 0x1F, 0xF8,
    0x10, 0x84, 0x79, 0xCE, 0x79, 0xCE, 0x10, 0x84, 0x79, 0xCE, 0x79, 0xCE, 0x10, 0x84, 0xEF, 0x7B,
    0x1F, 0xF8, 0x1F, 0xF8, 0x1F, 0xF8, 0x1F, 0xF8, 0x10, 0x84, 0x9A, 0xD6, 0x9A, 0xD6, 0x30, 0x84,
    0x9A, 0xD6, 0x9A, 0xD6, 0x10, 0x84, 0xEF, 0x7B, 0x1F, 0xF8, 0x1F, 0xF8, 0x1F, 0xF8, 0x1F, 0xF8,
    0x10, 0x84, 0x9A, 0xD6, 0x9A, 0xD6, 0x9A, 0xD6, 0x9A, 0xD6, 0x9A, 0xD6, 0x10, 0x84, 0xEF, 0x7B,
    0x1F, 0xF8, 0x1F, 0xF8, 0x1F, 0xF8, 0x1F, 0xF8, 0x10, 0x84, 0x9A, 0xD6, 0x9A, 0xD6, 0x9A, 0xD6,
    0x9A, 0xD6, 0x9A, 0xD6, 0x10, 0x84, 0xEF, 0x7B, 0x1F, 0xF8, 0x1F, 0xF8, 0x1F, 0xF8, 0x1F, 0xF8,
    0x10, 0x84, 0x9A, 0xD6, 0x9A, 0xD6, 0x30, 0x84, 0x9A, 0xD6, 0x9A, 0xD6, 0x10, 0x84, 0xEF, 0x7B,
    0x1F, 0xF8, 0x1F, 0xF8, 0x1F, 0xF8, 0x1F, 0xF8, 0x10, 0x84, 0x9A, 0xD6, 0x9A, 0xD6, 0x30, 0x84,
    0x9A, 0xD6, 0x9A, 0xD6, 0x10, 0x84, 0xEF, 0x7B, 0x1F, 0xF8, 0x1F, 0xF8, 0x1F, 0xF8, 0x1F, 0xF8,
    0x10, 0x84, 0x79, 0xCE, 0x79, 0xCE, 0x10, 0x84, 0x79, 0xCE, 0x79, 0xCE, 0x10, 0x84, 0xEF, 0x7B,
    0x1F, 0xF8, 0x1F, 0xF8, 0x1F, 0xF8, 0x1F, 0xF8, 0xEF, 0x7B, 0x10, 0x84, 0x10, 0x84, 0x10, 0x84,
    0x10, 0x84, 0x10, 0x84, 0xEF, 0x7B, 0xEF, 0x7B, 0x1F, 0xF8, 0x1F, 0xF8, 0x1F, 0xF8, 0x1F, 0xF8,
    0xEF, 0x7B, 0xEF, 0x7B, 0x10, 0x84, 0x79, 0xCE, 0x79, 0xCE, 0x10, 0x84, 0xEF, 0x7B, 0xEF, 0x7B,
    0x1F, 0xF8, 0x1F, 0xF8, 0x1F, 0xF8, 0x1F, 0xF8, 0xEF, 0x7B, 0xEF, 0x7B, 0x10, 0x84, 0x9A, 0xD6,
    0x9A, 0xD6, 0x10, 0x84, 0xEF, 0x7B, 0xEF, 0x7B, 0x1F, 0xF8, 0x1F, 0xF8, 0x1F, 0xF8, 0x1F, 0xF8,
    0xEF, 0x7B, 0xEF, 0x7B, 0x10, 0x84, 0x9A, 0xD6, 0x9A, 0xD6, 0x10, 0x84, 0xEF, 0x7B, 0xEF, 0x7B,
    0x1F, 0xF8, 0x1F, 0xF8, 0x1F, 0xF8, 0x1F, 0xF8, 0xEF, 0x7B, 0xEF, 0x7B, 0x10, 0x84, 0x9A, 0xD6,
    0x9A, 0xD6, 0x10, 0x84, 0xEF, 0x7B, 0xEF, 0x7B, 0x1F, 0xF8, 0x1F, 0xF8, 0x1F, 0xF8, 0x1F, 0xF8,
    0xEF, 0x7B, 0xEF, 0x7B, 0x10, 0x84, 0x9A, 0xD6, 0x9A, 0xD6, 0x10, 0x84, 0xEF, 0x7B, 0xEF, 0x7B,
    0x1F, 0xF8, 0x1F, 0xF8, 0x1F, 0xF8, 0x1F, 0xF8, 0xEF, 0x7B, 0xEF, 0x7B, 0x10, 0x84, 0x9A, 0xD6,
    0x9A, 0xD6, 0x10, 0x84, 0xEF, 0x7B, 0xEF, 0x7B, 0x1F, 0xF8, 0x1F, 0xF8, 0x1F, 0xF8, 0x1F, 0xF8,
    0xEF, 0x7B, 0xEF, 0x7B, 0x10, 0x84, 0x79, 0xCE, 0x79, 0xCE, 0x10, 0x84, 0xEF, 0x7B, 0xEF, 0x7B,
    0x1F, 0xF8, 0x1F, 0xF8, 0x1F, 0xF8, 0x1F, 0xF8, 0xEF, 0x7B, 0xEF, 0x7B, 0x10, 0x84, 0x30, 0x84,
    0x30, 0x84, 0x10, 0x84, 0x10, 0x84, 0xEF, 0x7B, 0x1F, 0xF8, 0x1F, 0xF8, 0x1F, 0xF8, 0x1F, 0xF8,
    0xEF, 0x7B, 0x10, 0x84, 0x79, 0xCE, 0x9A, 0xD6, 0x9A, 0xD6, 0x9A, 0xD6, 0x79, 0xCE, 0x10, 0x84,
    0x1F, 0xF8, 0x1F, 0xF8, 0x1F, 0xF8, 0x1F, 0xF8, 0xEF, 0x7B, 0x10, 0x84, 0x79, 0xCE, 0x9A, 0xD6,
    0x9A, 0xD6, 0x9A, 0xD6, 0x79, 0xCE, 0x10, 0x84, 0x1F, 0xF8, 0x1F, 0xF8, 0x1F, 0xF8, 0x1F, 0xF8,
    0xEF, 0x7B, 0xEF, 0x7B, 0x10, 0x84, 0x30, 0x84, 0x9A, 0xD6, 0x9A, 0xD6, 0x10, 0x84, 0xEF, 0x7B,
    0x1F, 0xF8, 0x1F, 0xF8, 0x1F, 0xF8, 0x1F, 0xF8, 0xEF, 0x7B, 0x10, 0x84, 0x10, 0x84, 0x10, 0x84,
    0x9A, 0xD6, 0x9A, 0xD6, 0x10, 0x84, 0xEF, 0x7B, 0x1F, 0xF8, 0x1F, 0xF8, 0x1F, 0xF8, 0x1F, 0xF8,
    0x10, 0x84, 0x79, 0xCE, 0x79, 0xCE, 0x30, 0x84, 0x9A, 0xD6, 0x9A, 0xD6, 0x10, 0x84, 0xEF, 0x7B,
    0x1F, 0xF8, 0x1F, 0xF8, 0x1F, 0xF8, 0x1F, 0xF8, 0x10, 0x84, 0x79, 0xCE, 0x9A, 0xD6, 0x9A, 0xD6,
    0x9A, 0xD6, 0x79, 0xCE, 0x10, 0x84, 0xEF, 0x7B, 0x1F, 0xF8, 0x1F, 0xF8, 0x1F, 0xF8, 0x1F, 0xF8,
    0xEF, 0x7B, 0x10, 0x84, 0x79, 0xCE, 0x9A, 0xD6, 0x79, 0xCE, 0x10, 0x84, 0xEF, 0x7B, 0xEF, 0x7B,
    0x1F, 0xF8, 0x1F, 0xF8, 0x1F, 0xF8, 0x1F, 0xF8, 0xEF, 0x7B, 0x10, 0x84, 0x10, 0x84, 0x10, 0x84,
    0x10, 0x84, 0x10, 0x84, 0x10, 0x84, 0xEF, 0x7B, 0x1F, 0xF8, 0x1F, 0xF8, 0x1F, 0xF8, 0x1F, 0xF8,
    0x10, 0x84, 0x79, 0xCE, 0x79, 0xCE, 0x10, 0x84, 0x79, 0xCE, 0x9A, 0xD6, 0x79, 0xCE, 0x10, 0x84,
    0x1F, 0xF8, 0x1F, 0xF8, 0x1F, 0xF8, 0x1F, 0xF8, 0x10, 0x84, 0x9A, 0xD6, 0x9A, 0xD6, 0x30, 0x84,
    0x9A, 0xD6, 0x9A, 0xD6, 0x79, 0xCE, 0x10, 0x84, 0x1F, 0xF8, 0x1F, 0xF8, 0x1F, 0xF8, 0x1F, 0xF8,
    0x10, 0x84, 0x9A, 0xD6, 0x9A, 0xD6, 0x9A, 0xD6, 0x9A, 0xD6, 0x9A, 0xD6, 0x10, 0x84, 0xEF, 0x7B,
    0x1F, 0xF8, 0x1F, 0xF8, 0x1F, 0xF8, 0x1F, 0xF8, 0x10, 0x84, 0x9A, 0xD6, 0x9A, 0xD6, 0x9A, 0xD6,
    0x9A, 0xD6, 0x9A, 0xD6, 0x10, 0x84, 0xEF, 0x7B, 0x1F, 0xF8, 0x1F, 0xF8, 0x1F, 0xF8, 0x1F, 0xF8,
    0x10, 0x84, 0x9A, 0xD6, 0x9A, 0xD6, 0x9A, 0xD6, 0x9A, 0xD6, 0x9A, 0xD6, 0x10, 0x84, 0xEF, 0x7B,
    0x1F, 0xF8, 0x1F, 0xF8, 0x1F, 0xF8, 0x1F, 0xF8, 0x10, 0x84, 0x9A, 0xD6, 0x9A, 0xD6, 0x30, 0x84,
    0x9A, 0xD6, 0x9A, 0xD6, 0x79, 0xCE, 0x10, 0x84, 0x1F, 0xF8, 0x1F, 0xF8, 0x1F, 0xF8, 0x1F, 0xF8,
    0x10, 0x84, 0x79, 0xCE, 0x79, 0xCE, 0x10, 0x84, 0x79, 0xCE, 0x9A, 0xD6, 0x79, 0xCE, 0x10, 0x84,
    0x1F, 0xF8, 0x1F, 0xF8, 0x1F, 0xF8, 0x1F, 0xF8, 0xEF, 0x7B, 0x10, 0x84, 0x10, 0x84, 0xEF, 0x7B,
    0x10, 0x84, 0x10, 0x84, 0x10, 0x84, 0xEF, 0x7B, 0x1F, 0xF8, 0x1F, 0xF8, 0x1F, 0xF8, 0x1F, 0xF8,
    0x10, 0x84, 0x79, 0xCE, 0x79, 0xCE, 0x10, 0x84, 0xEF, 0x7B, 0xEF, 0x7B, 0xEF, 0x7B, 0xEF, 0x7B,
    0x1F, 0xF8, 0x1F, 0xF8, 0x1F, 0xF8, 0x1F, 0xF8, 0x10, 0x84, 0x9A, 0xD6, 0x9A, 0xD6, 0x10, 0x84,
    0xEF, 0x7B, 0xEF, 0x7B, 0xEF, 0x7B, 0xEF, 0x7B, 0x1F, 0xF8, 0x1F, 0xF8, 0x1F, 0xF8, 0x1F, 0xF8,
    0x10, 0x84, 0x9A, 0xD6, 0x9A, 0xD6, 0x10, 0x84, 0xEF, 0x7B, 0xEF, 0x7B, 0xEF, 0x7B, 0xEF, 0x7B,
    0x1F, 0xF8, 0x1F, 0xF8, 0x1F, 0xF8, 0x1F, 0xF8, 0x10, 0x84, 0x9A, 0xD6, 0x9A, 0xD6, 0x10, 0x84,
    0xEF, 0x7B, 0xEF, 0x7B, 0xEF, 0x7B, 0xEF, 0x7B, 0x1F, 0xF8, 0x1F, 0xF8, 0x1F, 0xF8, 0x1F, 0xF8,
    0x10, 0x84, 0x9A, 0xD6, 0x9A, 0xD6, 0x30, 0x84, 0x10, 0x84, 0x10, 0x84, 0xEF, 0x7B, 0xEF, 0x7B,
    0x1F, 0xF8, 0x1F, 0xF8, 0x1F, 0xF8, 0x1F, 0xF8, 0x10, 0x84, 0x9A, 0xD6, 0x9A, 0xD6, 0x9A, 0xD6,
    0x9A, 0xD6, 0x79, 0xCE, 0x10, 0x84, 0xEF, 0x7B, 0x1F, 0xF8, 0x1F, 0xF8, 0x1F, 0xF8, 0x1F, 0xF8,
    0x10, 0x84, 0x79, 0xCE, 0x9A, 0xD6, 0x9A, 0xD6, 0x9A, 0xD6, 0x79, 0xCE, 0x10, 0x84, 0xEF, 0x7B,
    0x1F, 0xF8, 0x1F, 0xF8, 0x1F, 0xF8, 0x1F, 0xF8, 0xEF, 0x7B, 0x10, 0x84, 0x10, 0x84, 0x10, 0x84,
    0x10, 0x84, 0x10, 0x84, 0xEF, 0x7B, 0x10, 0x84, 0x1F, 0xF8, 0x1F, 0xF8, 0x1F, 0xF8, 0x1F, 0xF8,
    0x10, 0x84, 0x79, 0xCE, 0x10, 0x84, 0xEF, 0x7B, 0xEF, 0x7B, 0xEF, 0x7B, 0x10, 0x84, 0x79, 0xCE,
    0x1F, 0xF8, 0x1F, 0xF8, 0x1F, 0xF8, 0x1F, 0xF8, 0x10, 0x84, 0x9A, 0xD6, 0x79, 0xCE, 0x10, 0x84,
    0xEF, 0x7B, 0x10, 0x84, 0x79, 0xCE, 0x9A, 0xD6, 0x1F, 0xF8, 0x1F, 0xF8, 0x1F, 0xF8, 0x1F, 0xF8,
    0x10, 0x84, 0x9A, 0xD6, 0x9A, 0xD6, 0x79, 0xCE, 0x30, 0x84, 0x79, 0xCE, 0x9A, 0xD6, 0x9A, 0xD6,
    0x1F, 0xF8, 0x1F, 0xF8, 0x1F, 0xF8, 0x1F, 0xF8, 0x10, 0x84, 0x9A, 0xD6, 0x9A, 0xD6, 0x9A, 0xD6,
    0x9A, 0xD6, 0x9A, 0xD6, 0x9A, 0xD6, 0x9A, 0xD6, 0x1F, 0xF8, 0x1F, 0xF8, 0x1F, 0xF8, 0x1F, 0xF8,
    0x10, 0x84, 0x9A, 0xD6, 0x9A, 0xD6, 0x30, 0x84, 0x79, 0xCE, 0x30, 0x84, 0x9A, 0xD6, 0x9A, 0xD6,
    0x1F, 0xF8, 0x1F, 0xF8, 0x1F, 0xF8, 0x1F, 0xF8, 0x10, 0x84, 0x9A, 0xD6, 0x9A, 0xD6, 0x10, 0x84,
    0x10, 0x84, 0x10, 0x84, 0x9A, 0xD6, 0x9A, 0xD6, 0x1F, 0xF8, 0x1F, 0xF8, 0x1F, 0xF8, 0x1F, 0xF8,
    0x10, 0x84, 0x79, 0xCE, 0x79, 0xCE, 0x10, 0x84, 0xEF, 0x7B, 0x10, 0x84, 0x79, 0xCE, 0x9A, 0xD6,
    0x1F, 0xF8, 0x1F, 0xF8, 0x1F, 0xF8, 0x1F, 0xF8, 0xEF, 0x7B, 0x10, 0x84, 0x10, 0x84, 0xEF, 0x7B,
    0xEF, 0x7B, 0x10, 0x84, 0x10, 0x84, 0x10, 0x84, 0x1F, 0xF8, 0x1F, 0xF8, 0x1F, 0xF8, 0x1F, 0xF8,
    0x10, 0x84, 0x79, 0xCE, 0x79, 0xCE, 0x10, 0x84, 0x10, 0x84, 0x79, 0xCE, 0x79, 0xCE, 0x10, 0x84,
    0x1F, 0xF8, 0x1F, 0xF8, 0x1F, 0xF8, 0x1F, 0xF8, 0x10, 0x84, 0x9A, 0xD6, 0x9A, 0xD6, 0x79, 0xCE,
    0x30, 0x84, 0x9A, 0xD6, 0x9A, 0xD6, 0x10, 0x84, 0x1F, 0xF8, 0x1F, 0xF8, 0x1F, 0xF8, 0x1F, 0xF8,
    0x10, 0x84, 0x9A, 0xD6, 0x9A, 0xD6, 0x9A, 0xD6, 0x9A, 0xD6, 0x9A, 0xD6, 0x9A, 0xD6, 0x10, 0x84,
    0x1F, 0xF8, 0x1F, 0xF8, 0x1F, 0xF8, 0x1F, 0xF8, 0x10, 0x84, 0x9A, 0xD6, 0x9A, 0xD6, 0x30, 0x84,
    0x79, 0xCE, 0x9A, 0xD6, 0x9A, 0xD6, 0x10, 0x84, 0x1F, 0xF8, 0x1F, 0xF8, 0x1F, 0xF8, 0x1F, 0xF8,
    0x10, 0x84, 0x9A, 0xD6, 0x9A, 0xD6, 0x10, 0x84, 0x10, 0x84, 0x9A, 0xD6, 0x9A, 0xD6, 0x10, 0x84,
    0x1F, 0xF8, 0x1F, 0xF8, 0x1F, 0xF8, 0x1F, 0xF8, 0x10, 0x84, 0x9A, 0xD6, 0x9A, 0xD6, 0x10, 0x84,
    0x10, 0x84, 0x9A, 0xD6, 0x9A, 0xD6, 0x10, 0x84, 0x1F, 0xF8, 0x1F, 0xF8, 0x1F, 0xF8, 0x1F, 0xF8,
    0x10, 0x84, 0x79, 0xCE, 0x79, 0xCE, 0x10, 0x84, 0x10, 0x84, 0x79, 0xCE, 0x79, 0xCE, 0x10, 0x84,
    0x1F, 0xF8, 0x1F, 0xF8, 0x1F, 0xF8, 0x1F, 0xF8, 0xEF, 0x7B, 0x10, 0x84, 0x10, 0x84, 0x10, 0x84,
    0x10, 0x84, 0x10, 0x84, 0x10, 0x84, 0xEF, 0x7B, 0x1F, 0xF8, 0x1F, 0xF8, 0x1F, 0xF8, 0x1F, 0xF8,
    0xEF, 0x7B, 0x10, 0x84, 0x79, 0xCE, 0x9A, 0xD6, 0x79, 0xCE, 0x10, 0x84, 0xEF, 0x7B, 0xEF, 0x7B,
    0x1F, 0xF8, 0x1F, 0xF8, 0x1F, 0xF8, 0x1F, 0xF8, 0x10, 0x84, 0x79, 0xCE, 0x9A, 0xD6, 0x9A, 0xD6,
    0x9A, 0xD6, 0x79, 0xCE, 0x10, 0x84, 0xEF, 0x7B, 0x1F, 0xF8, 0x1F, 0xF8, 0x1F, 0xF8, 0x1F, 0xF8,
    0x10, 0x84, 0x9A, 0xD6, 0x9A, 0xD6, 0x30, 0x84, 0x9A, 0xD6, 0x9A, 0xD6, 0x10, 0x84, 0xEF, 0x7B,
    0x1F, 0xF8, 0x1F, 0xF8, 0x1F, 0xF8, 0x1F, 0xF8, 0x10, 0x84, 0x9A, 0xD6, 0x9A, 0xD6, 0x30, 0x84,
    0x9A, 0xD6, 0x9A, 0xD6, 0x10, 0x84, 0xEF, 0x7B, 0x1F, 0xF8, 0x1F, 0xF8, 0x1F, 0xF8, 0x1F, 0xF8,
    0x10, 0x84, 0x9A, 0xD6, 0x9A, 0xD6, 0x30, 0x84, 0x9A, 0xD6, 0x9A, 0xD6, 0x10, 0x84, 0xEF, 0x7B,
    0x1F, 0xF8, 0x1F, 0xF8, 0x1F, 0xF8, 0x1F, 0xF8, 0x10, 0x84, 0x79, 0xCE, 0x9A, 0xD6, 0x9A, 0xD6,
    0x9A, 0xD6, 0x79, 0xCE, 0x10, 0x84, 0xEF, 0x7B, 0x1F, 0xF8, 0x1F, 0xF8, 0x1F, 0xF8, 0x1F, 0xF8,
    0xEF, 0x7B, 0x10, 0x84, 0x79, 0xCE, 0x9A, 0xD6, 0x79, 0xCE, 0x10, 0x84, 0xEF, 0x7B, 0xEF, 0x7B,
    0x1F, 0xF8, 0x1F, 0xF8, 0x1F, 0xF8, 0x1F, 0xF8, 0xEF, 0x7B, 0x10, 0x84, 0x30, 0x84, 0x30, 0x84,
    0x10, 0x84, 0xEF, 0x7B, 0xEF, 0x7B, 0xEF, 0x7B, 0x1F, 0xF8, 0x1F, 0xF8, 0x1F, 0xF8, 0x1F, 0xF8,
    0x10, 0x84, 0x79, 0xCE, 0x9A, 0xD6, 0x9A, 0xD6, 0x79, 0xCE, 0x10, 0x84, 0xEF, 0x7B, 0xEF, 0x7B,
    0x1F, 0xF8, 0x1F, 0xF8, 0x1F, 0xF8, 0x1F, 0xF8, 0x10, 0x84, 0x9A, 0xD6, 0x9A, 0xD6, 0x9A, 0xD6,
    0x9A, 0xD6, 0x79, 0xCE, 0x10, 0x84, 0xEF, 0x7B, 0x1F, 0xF8, 0x1F, 0xF8, 0x1F, 0xF8, 0x1F, 0xF8,
    0x10, 0x84, 0x9A, 0xD6, 0x9A, 0xD6, 0x51, 0x8C, 0x9A, 0xD6, 0x9A, 0xD6, 0x10, 0x84, 0xEF, 0x7B,
    0x1F, 0xF8, 0x1F, 0xF8, 0x1F, 0xF8, 0x1F, 0xF8, 0x10, 0x84, 0x9A, 0xD6, 0x9A, 0xD6, 0x9A, 0xD6,
    0x9A, 0xD6, 0x79, 0xCE, 0x10, 0x84, 0xEF, 0x7B, 0x1F, 0xF8, 0x1F, 0xF8, 0x1F, 0xF8, 0x1F, 0xF8,
    0x10, 0x84, 0x9A, 0xD6, 0x9A, 0xD6, 0x9A, 0xD6, 0x79, 0xCE, 0x10, 0x84, 0xEF, 0x7B, 0xEF, 0x7B,
    0x1F, 0xF8, 0x1F, 0xF8, 0x1F, 0xF8, 0x1F, 0xF8, 0x10, 0x84, 0x9A, 0xD6, 0x9A, 0xD6, 0x30, 0x84,
    0x10, 0x84, 0xEF, 0x7B, 0xEF, 0x7B, 0xEF, 0x7B, 0x1F, 0xF8, 0x1F, 0xF8, 0x1F, 0xF8, 0x1F, 0xF8,
    0x10, 0x84, 0x79, 0xCE, 0x79, 0xCE, 0x10, 0x84, 0xEF, 0x7B, 0xEF, 0x7B, 0xEF, 0x7B, 0xEF, 0x7B,
    0x1F, 0xF8, 0x1F, 0xF8, 0x1F, 0xF8, 0x1F, 0xF8, 0xEF, 0x7B, 0x10, 0x84, 0x10, 0x84, 0x10, 0x84,
    0x10, 0x84, 0x10, 0x84, 0xEF, 0x7B, 0xEF, 0x7B, 0x1F, 0xF8, 0x1F, 0xF8, 0x1F, 0xF8, 0x1F, 0xF8,
    0xEF, 0x7B, 0x10, 0x84, 0x79, 0xCE, 0x9A, 0xD6, 0x9A, 0xD6, 0x79, 0xCE, 0x10, 0x84, 0xEF, 0x7B,
    0x1F, 0xF8, 0x1F, 0xF8, 0x1F, 0xF8, 0x1F, 0xF8, 0x10, 0x84, 0x79, 0xCE, 0x9A, 0xD6, 0x9A, 0xD6,
    0x9A, 0xD6, 0x9A, 0xD6, 0x79, 0xCE, 0x10, 0x84, 0x1F, 0xF8, 0x1F, 0xF8, 0x1F, 0xF8, 0x1F, 0xF8,
    0x10, 0x84, 0x9A, 0xD6, 0x9A, 0xD6, 0x30, 0x84, 0x30, 0x84, 0x9A, 0xD6, 0x9A, 0xD6, 0x10, 0x84,
    0x1F, 0xF8, 0x1F, 0xF8, 0x1F, 0xF8, 0x1F, 0xF8, 0x10, 0x84, 0x9A, 0xD6, 0x9A, 0xD6, 0x10, 0x84,
    0x10, 0x84, 0x9A, 0xD6, 0x9A, 0xD6, 0x10, 0x84, 0x1F, 0xF8, 0x1F, 0xF8, 0x1F, 0xF8, 0x1F, 0xF8,
    0x10, 0x84, 0x9A, 0xD6, 0x9A, 0xD6, 0x30, 0x84, 0x30, 0x84, 0x9A, 0xD6, 0x9A, 0xD6, 0x10, 0x84,
    0x1F, 0xF8, 0x1F, 0xF8, 0x1F, 0xF8, 0x1F, 0xF8, 0x10, 0x84, 0x79, 0xCE, 0x9A, 0xD6, 0x9A, 0xD6,
    0x9A, 0xD6, 0x9A, 0xD6, 0x9A, 0xD6, 0x10, 0x84, 0x1F, 0xF8, 0x1F, 0xF8, 0x1F, 0xF8, 0x1F, 0xF8,
    0xEF, 0x7B, 0x10, 0x84, 0x79, 0xCE, 0x9A, 0xD6, 0x9A, 0xD6, 0x9A, 0xD6, 0x79, 0xCE, 0x10, 0x84,
    0x1F, 0xF8, 0x1F, 0xF8, 0x1F, 0xF8, 0x1F, 0xF8, 0xEF, 0x7B, 0x10, 0x84, 0x30, 0x84, 0x30, 0x84,
    0x30, 0x84, 0x10, 0x84, 0x10, 0x84, 0xEF, 0x7B, 0x1F, 0xF8, 0x1F, 0xF8, 0x1F, 0xF8, 0x1F, 0xF8,
    0x10, 0x84, 0x79, 0xCE, 0x9A, 0xD6, 0x9A, 0xD6, 0x79, 0xCE, 0x10, 0x84, 0xEF, 0x7B, 0xEF, 0x7B,
    0x1F, 0xF8, 0x1F, 0xF8, 0x1F, 0xF8, 0x1F, 0xF8, 0x10, 0x84, 0x9A, 0xD6, 0x9A, 0xD6, 0x9A, 0xD6,
    0x9A, 0xD6, 0x79, 0xCE, 0x10, 0x84, 0xEF, 0x7B, 0x1F, 0xF8, 0x1F, 0xF8, 0x1F, 0xF8, 0x1F, 0xF8,
    0x10, 0x84, 0x9A, 0xD6, 0x9A, 0xD6, 0x30, 0x84, 0x9A, 0xD6, 0x9A, 0xD6, 0x10, 0x84, 0xEF, 0x7B,
    0x1F, 0xF8, 0x1F, 0xF8, 0x1F, 0xF8, 0x1F, 0xF8, 0x10, 0x84, 0x9A, 0xD6, 0x9A, 0xD6, 0x30, 0x84,
    0x9A, 0xD6, 0x79, 0xCE, 0x10, 0x84, 0xEF, 0x7B, 0x1F, 0xF8, 0x1F, 0xF8, 0x1F, 0xF8, 0x1F, 0xF8,
    0x10, 0x84, 0x9A, 0xD6, 0x9A, 0xD6, 0x79, 0xCE, 0x9A, 0xD6, 0x30, 0x84, 0xEF, 0x7B, 0xEF, 0x7B,
    0x1F, 0xF8, 0x1F, 0xF8, 0x1F, 0xF8, 0x1F, 0xF8, 0x10, 0x84, 0x9A, 0xD6, 0x9A, 0xD6, 0x30, 0x84,
    0x9A, 0xD6, 0x79, 0xCE, 0x10, 0x84, 0xEF, 0x7B, 0x1F, 0xF8, 0x1F, 0xF8, 0x1F, 0xF8, 0x1F, 0xF8,
    0x10, 0x84, 0x79, 0xCE, 0x79, 0xCE, 0x10, 0x84, 0x79, 0xCE, 0x79, 0xCE, 0x10, 0x84, 0xEF, 0x7B,
    0x1F, 0xF8, 0x1F, 0xF8, 0x1F, 0xF8, 0x1F, 0xF8, 0xEF, 0x7B, 0x10, 0x84, 0x10, 0x84, 0x10, 0x84,
    0x30, 0x84, 0x10, 0x84, 0xEF, 0x7B, 0xEF, 0x7B, 0x1F, 0xF8, 0x1F, 0xF8, 0x1F, 0xF8, 0x1F, 0xF8,
    0xEF, 0x7B, 0x10, 0x84, 0x79, 0xCE, 0x9A, 0xD6, 0x9A, 0xD6, 0x79, 0xCE, 0x10, 0x84, 0xEF, 0x7B,
    0x1F, 0xF8, 0x1F, 0xF8, 0x1F, 0xF8, 0x1F, 0xF8, 0x10, 0x84, 0x79, 0xCE, 0x9A, 0xD6, 0x9A, 0xD6,
    0x9A, 0xD6, 0x79, 0xCE, 0x10, 0x84, 0xEF, 0x7B, 0x1F, 0xF8, 0x1F, 0xF8, 0x1F, 0xF8, 0x1F, 0xF8,
    0x10, 0x84, 0x79, 0xCE, 0x9A, 0xD6, 0x9A, 0xD6, 0x30, 0x84, 0x10, 0x84, 0xEF, 0x7B, 0xEF, 0x7B,
    0x1F, 0xF8, 0x1F, 0xF8, 0x1F, 0xF8, 0x1F, 0xF8, 0xEF, 0x7B, 0x10, 0x84, 0x79, 0xCE, 0x9A, 0xD6,
    0x79, 0xCE, 0x10, 0x84, 0xEF, 0x7B, 0xEF, 0x7B, 0x1F, 0xF8, 0x1F, 0xF8, 0x1F, 0xF8, 0x1F, 0xF8,
    0xEF, 0x7B, 0x10, 0x84, 0x30, 0x84, 0x30, 0x84, 0x9A, 0xD6, 0x79, 0xCE, 0x10, 0x84, 0xEF, 0x7B,
    0x1F, 0xF8, 0x1F, 0xF8, 0x1F, 0xF8, 0x1F, 0xF8, 0x10, 0x84, 0x79, 0xCE, 0x9A, 0xD6, 0x9A, 0xD6,
    0x9A, 0xD6, 0x79, 0xCE, 0x10, 0x84, 0xEF, 0x7B, 0x1F, 0xF8, 0x1F, 0xF8, 0x1F, 0xF8, 0x1F, 0xF8,
    0x10, 0x84, 0x79, 0xCE, 0x9A, 0xD6, 0x9A, 0xD6, 0x79, 0xCE, 0x10, 0x84, 0xEF, 0x7B, 0xEF, 0x7B,
    0x1F, 0xF8, 0x1F, 0xF8, 0x1F, 0xF8, 0x1F, 0xF8, 0xEF, 0x7B, 0x10, 0x84, 0x30, 0x84, 0x30, 0x84,
    0x30, 0x84, 0x10, 0x84, 0x10, 0x84, 0xEF, 0x7B, 0x1F, 0xF8, 0x1F, 0xF8, 0x1F, 0xF8, 0x1F, 0xF8,
    0x10, 0x84, 0x79, 0xCE, 0x9A, 0xD6, 0x9A, 0xD6, 0x9A, 0xD6, 0x9A, 0xD6, 0x79, 0xCE, 0x10, 0x84,
    0x1F, 0xF8, 0x1F, 0xF8, 0x1F, 0xF8, 0x1F, 0xF8, 0x10, 0x84, 0x79, 0xCE, 0x9A, 0xD6, 0x9A, 0xD6,
    0x9A, 0xD6, 0x9A, 0xD6, 0x79, 0xCE, 0x10, 0x84, 0x1F, 0xF8, 0x1F, 0xF8, 0x1F, 0xF8, 0x1F, 0xF8,
    0xEF, 0x7B, 0x10, 0x84, 0x30, 0x84, 0x9A, 0xD6, 0x9A, 0xD6, 0x30, 0x84, 0x10, 0x84, 0xEF, 0x7B,
    0x1F, 0xF8, 0x1F, 0xF8, 0x1F, 0xF8, 0x1F, 0xF8, 0xEF, 0x7B, 0xEF, 0x7B, 0x10, 0x84, 0x9A, 0xD6,
    0x9A, 0xD6, 0x10, 0x84, 0xEF, 0x7B, 0xEF, 0x7B, 0x1F, 0xF8, 0x1F, 0xF8, 0x1F, 0xF8, 0x1F, 0xF8,
    0xEF, 0x7B, 0xEF, 0x7B, 0x10, 0x84, 0x9A, 0xD6, 0x9A, 0xD6, 0x10, 0x84, 0xEF, 0x7B, 0xEF, 0x7B,
    0x1F, 0xF8, 0x1F, 0xF8, 0x1F, 0xF8, 0x1F, 0xF8, 0xEF, 0x7B, 0xEF, 0x7B, 0x10, 0x84, 0x9A, 0xD6,
    0x9A, 0xD6, 0x10, 0x84, 0xEF, 0x7B, 0xEF, 0x7B, 0x1F, 0xF8, 0x1F, 0xF8, 0x1F, 0xF8, 0x1F, 0xF8,
    0xEF, 0x7B, 0xEF, 0x7B, 0x10, 0x84, 0x79, 0xCE, 0x79, 0xCE, 0x10, 0x84, 0xEF, 0x7B, 0xEF, 0x7B,
    0x1F, 0xF8, 0x1F, 0xF8, 0x1F, 0xF8, 0x1F, 0xF8, 0xEF, 0x7B, 0x10, 0x84, 0x10, 0x84, 0x10, 0x84,
    0x10, 0x84, 0x10, 0x84, 0xEF, 0x7B, 0xEF, 0x7B, 0x1F, 0xF8, 0x1F, 0xF8, 0x1F, 0xF8, 0x1F, 0xF8,
    0x10, 0x84, 0x79, 0xCE, 0x79, 0xCE, 0x10, 0x84, 0x79, 0xCE, 0x79, 0xCE, 0x10, 0x84, 0xEF, 0x7B,
    0x1F, 0xF8, 0x1F, 0xF8, 0x1F, 0xF8, 0x1F, 0xF8, 0x10, 0x84, 0x9A, 0xD6, 0x9A, 0xD6, 0x30, 0x84,
    0x9A, 0xD6, 0x9A, 0xD6, 0x10, 0x84, 0xEF, 0x7B, 0x1F, 0xF8, 0x1F, 0xF8, 0x1F, 0xF8, 0x1F, 0xF8,
    0x10, 0x84, 0x9A, 0xD6, 0x9A, 0xD6, 0x30, 0x84, 0x9A, 0xD6, 0x9A, 0xD6, 0x10, 0x84, 0xEF, 0x7B,
    0x1F, 0xF8, 0x1F, 0xF8, 0x1F, 0xF8, 0x1F, 0xF8, 0x10, 0x84, 0x9A, 0xD6, 0x9A, 0xD6, 0x30, 0x84,
    0x9A, 0xD6, 0x9A, 0xD6, 0x10, 0x84, 0xEF, 0x7B, 0x1F, 0xF8, 0x1F, 0xF8, 0x1F, 0xF8, 0x1F, 0xF8,
    0x10, 0x84, 0x9A, 0xD6, 0x9A, 0xD6, 0x30, 0x84, 0x9A, 0xD6, 0x9A, 0xD6, 0x10, 0x84, 0xEF, 0x7B,
    0x1F, 0xF8, 0x1F, 0xF8, 0x1F, 0xF8, 0x1F, 0xF8, 0x10, 0x84, 0x9A, 0xD6, 0x9A, 0xD6, 0x9A, 0xD6,
    0x9A, 0xD6, 0x9A, 0xD6, 0x10, 0x84, 0xEF, 0x7B, 0x1F, 0xF8, 0x1F, 0xF8, 0x1F, 0xF8, 0x1F, 0xF8,
    0x10, 0x84, 0x79, 0xCE, 0x9A, 0xD6, 0x9A, 0xD6, 0x9A, 0xD6, 0x79, 0xCE, 0x10, 0x84, 0xEF, 0x7B,
    0x1F, 0xF8, 0x1F, 0xF8, 0x1F, 0xF8, 0x1F, 0xF8, 0xEF, 0x7B, 0x10, 0x84, 0x30, 0x84, 0x10, 0x84,
    0x30, 0x84, 0x10, 0x84, 0xEF, 0x7B, 0xEF, 0x7B, 0x1F, 0xF8, 0x1F, 0xF8, 0x1F, 0xF8, 0x1F, 0xF8,
    0x10, 0x84, 0x79, 0xCE, 0x79, 0xCE, 0x10, 0x84, 0x79, 0xCE, 0x79, 0xCE, 0x10, 0x84, 0xEF, 0x7B,
    0x1F, 0xF8, 0x1F, 0xF8, 0x1F, 0xF8, 0x1F, 0xF8, 0x10, 0x84, 0x9A, 0xD6, 0x9A, 0xD6, 0x30, 0x84,
    0x9A, 0xD6, 0x9A, 0xD6, 0x10, 0x84, 0xEF, 0x7B, 0x1F, 0xF8, 0x1F, 0xF8, 0x1F, 0xF8, 0x1F, 0xF8,
    0x10, 0x84, 0x9A, 0xD6, 0x9A, 0xD6, 0x30, 0x84, 0x9A, 0xD6, 0x9A, 0xD6, 0x10, 0x84, 0xEF, 0x7B,
    0x1F, 0xF8, 0x1F, 0xF8, 0x1F, 0xF8, 0x1F, 0xF8, 0x10, 0x84, 0x9A, 0xD6, 0x9A, 0xD6, 0x30, 0x84,
    0x9A, 0xD6, 0x9A, 0xD6, 0x10, 0x84, 0xEF, 0x7B, 0x1F, 0xF8, 0x1F, 0xF8, 0x1F, 0xF8, 0x1F, 0xF8,
    0x10, 0x84, 0x9A, 0xD6, 0x9A, 0xD6, 0x30, 0x84, 0x9A, 0xD6, 0x9A, 0xD6, 0x10, 0x84, 0xEF, 0x7B,
    0x1F, 0xF8, 0x1F, 0xF8, 0x1F, 0xF8, 0x1F, 0xF8, 0x10, 0x84, 0x79, 0xCE, 0x9A, 0xD6, 0x9A, 0xD6,
    0x9A, 0xD6, 0x79, 0xCE, 0x10, 0x84, 0xEF, 0x7B, 0x1F, 0xF8, 0x1F, 0xF8, 0x1F, 0xF8, 0x1F, 0xF8,
    0xEF, 0x7B, 0x10, 0x84, 0x79, 0xCE, 0x9A, 0xD6, 0x79, 0xCE, 0x10, 0x84, 0xEF, 0x7B, 0xEF, 0x7B,
    0x1F, 0xF8, 0x1F, 0xF8, 0x1F, 0xF8, 0x1F, 0xF8, 0xEF, 0x7B, 0x10, 0x84, 0x10, 0x84, 0x10, 0x84,
    0x10, 0x84, 0xEF, 0x7B, 0x10, 0x84, 0x10, 0x84, 0x1F, 0xF8, 0x1F, 0xF8, 0x1F, 0xF8, 0x1F, 0xF8,
    0x10, 0x84, 0x79, 0xCE, 0x79, 0xCE, 0x10, 0x84, 0xEF, 0x7B, 0x10, 0x84, 0x79, 0xCE, 0x9A, 0xD6,
    0x1F, 0xF8, 0x1F, 0xF8, 0x1F, 0xF8, 0x1F, 0xF8, 0x10, 0x84, 0x9A, 0xD6, 0x9A, 0xD6, 0x10, 0x84,
    0xEF, 0x7B, 0x10, 0x84, 0x9A, 0xD6, 0x9A, 0xD6, 0x1F, 0xF8, 0x1F, 0xF8, 0x1F, 0xF8, 0x1F, 0xF8,
    0x10, 0x84, 0x9A, 0xD6, 0x9A, 0xD6, 0x10, 0x84, 0xEF, 0x7B, 0x10, 0x84, 0x9A, 0xD6, 0x9A, 0xD6,
    0x1F, 0xF8, 0x1F, 0xF8, 0x1F, 0xF8, 0x1F, 0xF8, 0x10, 0x84, 0x9A, 0xD6, 0x9A, 0xD6, 0x10, 0x84,
    0x10, 0x84, 0x10, 0x84, 0x9A, 0xD6, 0x9A, 0xD6, 0x1F, 0xF8, 0x1F, 0xF8, 0x1F, 0xF8, 0x1F, 0xF8,
    0x10, 0x84, 0x9A, 0xD6, 0x9A, 0xD6, 0x30, 0x84, 0x79, 0xCE, 0x30, 0x84, 0x9A, 0xD6, 0x9A, 0xD6,
    0x1F, 0xF8, 0x1F, 0xF8, 0x1F, 0xF8, 0x1F, 0xF8, 0x10, 0x84, 0x79, 0xCE, 0x9A, 0xD6, 0x9A, 0xD6,
    0x9A, 0xD6, 0x9A, 0xD6, 0x9A, 0xD6, 0x9A, 0xD6, 0x1F, 0xF8, 0x1F, 0xF8, 0x1F, 0xF8, 0x1F, 0xF8,
    0xEF, 0x7B, 0x10, 0x84, 0x79, 0xCE, 0x79, 0xCE, 0x30, 0x84, 0x79, 0xCE, 0x79, 0xCE, 0x10, 0x84,
    0x1F, 0xF8, 0x1F, 0xF8, 0x1F, 0xF8, 0x1F, 0xF8, 0xEF, 0x7B, 0x10, 0x84, 0x10, 0x84, 0x10, 0x84,
    0xEF, 0x7B, 0x10, 0x84, 0x10, 0x84, 0xEF, 0x7B, 0x1F, 0xF8, 0x1F, 0xF8, 0x1F, 0xF8, 0x1F, 0xF8,
    0x10, 0x84, 0x79, 0xCE, 0x79, 0xCE, 0x10, 0x84, 0x10, 0x84, 0x79, 0xCE, 0x79, 0xCE, 0x10, 0x84,
    0x1F, 0xF8, 0x1F, 0xF8, 0x1F, 0xF8, 0x1F, 0xF8, 0x10, 0x84, 0x9A, 0xD6, 0x9A, 0xD6, 0x30, 0x84,
    0x30, 0x84, 0x9A, 0xD6, 0x9A, 0xD6, 0x10, 0x84, 0x1F, 0xF8, 0x1F, 0xF8, 0x1F, 0xF8, 0x1F, 0xF8,
    0x10, 0x84, 0x79, 0xCE, 0x9A, 0xD6, 0x9A, 0xD6, 0x9A, 0xD6, 0x9A, 0xD6, 0x79, 0xCE, 0x10, 0x84,
    0x1F, 0xF8, 0x1F, 0xF8, 0x1F, 0xF8, 0x1F, 0xF8, 0xEF, 0x7B, 0x10, 0x84, 0x30, 0x84, 0x9A, 0xD6,
    0x9A, 0xD6, 0x30, 0x84, 0x10, 0x84, 0xEF, 0x7B, 0x1F, 0xF8, 0x1F, 0xF8, 0x1F, 0xF8, 0x1F, 0xF8,
    0x10, 0x84, 0x79, 0xCE, 0x9A, 0xD6, 0x9A, 0xD6, 0x9A, 0xD6, 0x9A, 0xD6, 0x79, 0xCE, 0x10, 0x84,
    0x1F, 0xF8, 0x1F, 0xF8, 0x1F, 0xF8, 0x1F, 0xF8, 0x10, 0x84, 0x9A, 0xD6, 0x9A, 0xD6, 0x30, 0x84,
    0x30, 0x84, 0x9A, 0xD6, 0x9A, 0xD6, 0x10, 0x84, 0x1F, 0xF8, 0x1F, 0xF8, 0x1F, 0xF8, 0x1F, 0xF8,
    0x10, 0x84, 0x79, 0xCE, 0x79, 0xCE, 0x10, 0x84, 0x10, 0x84, 0x79, 0xCE, 0x79, 0xCE, 0x10, 0x84,
    0x1F, 0xF8, 0x1F, 0xF8, 0x1F, 0xF8, 0x1F, 0xF8, 0xEF, 0x7B, 0x10, 0x84, 0x10, 0x84, 0xEF, 0x7B,
    0xEF, 0x7B, 0x10, 0x84, 0x10, 0x84, 0xEF, 0x7B, 0x1F, 0xF8, 0x1F, 0xF8, 0x1F, 0xF8, 0x1F, 0xF8,
    0x10, 0x84, 0x79, 0xCE, 0x79, 0xCE, 0x10, 0x84, 0x10, 0x84, 0x79, 0xCE, 0x79, 0xCE, 0x10, 0x84,
    0x1F, 0xF8, 0x1F, 0xF8, 0x1F, 0xF8, 0x1F, 0xF8, 0x10, 0x84, 0x9A, 0xD6, 0x9A, 0xD6, 0x30, 0x84,
    0x30, 0x84, 0x9A, 0xD6, 0x9A, 0xD6, 0x10, 0x84, 0x1F, 0xF8, 0x1F, 0xF8, 0x1F, 0xF8, 0x1F, 0xF8,
    0x10, 0x84, 0x79, 0xCE, 0x9A, 0xD6, 0x9A, 0xD6, 0x9A, 0xD6, 0x9A, 0xD6, 0x79, 0xCE, 0x10, 0x84,
    0x1F, 0xF8, 0x1F, 0xF8, 0x1F, 0xF8, 0x1F, 0xF8, 0xEF, 0x7B, 0x10, 0x84, 0x79, 0xCE, 0x9A, 0xD6,
    0x9A, 0xD6, 0x79, 0xCE, 0x10, 0x84, 0xEF, 0x7B, 0x1F, 0xF8, 0x1F, 0xF8, 0x1F, 0xF8, 0x1F, 0xF8,
    0xEF, 0x7B, 0xEF, 0x7B, 0x10, 0x84, 0x9A, 0xD6, 0x9A, 0xD6, 0x10, 0x84, 0xEF, 0x7B, 0xEF, 0x7B,
    0x1F, 0xF8, 0x1F, 0xF8, 0x1F, 0xF8, 0x1F, 0xF8, 0xEF, 0x7B, 0xEF, 0x7B, 0x10, 0x84, 0x9A, 0xD6,
    0x9A, 0xD6, 0x10, 0x84, 0xEF, 0x7B, 0xEF, 0x7B, 0x1F, 0xF8, 0x1F, 0xF8, 0x1F, 0xF8, 0x1F, 0xF8,
    0xEF, 0x7B, 0xEF, 0x7B, 0x10, 0x84, 0x79, 0xCE, 0x79, 0xCE, 0x10, 0x84, 0xEF, 0x7B, 0xEF, 0x7B,
    0x1F, 0xF8, 0x1F, 0xF8, 0x1F, 0xF8, 0x1F, 0xF8, 0xEF, 0x7B, 0x10, 0x84, 0x10, 0x84, 0x30, 0x84,
    0x30, 0x84, 0x10, 0x84, 0xEF, 0x7B, 0xEF, 0x7B, 0x1F, 0xF8, 0x1F, 0xF8, 0x1F, 0xF8, 0x1F, 0xF8,
    0x10, 0x84, 0x79, 0xCE, 0x9A, 0xD6, 0x9A, 0xD6, 0x9A, 0xD6, 0x79, 0xCE, 0x10, 0x84, 0xEF, 0x7B,
    0x1F, 0xF8, 0x1F, 0xF8, 0x1F, 0xF8, 0x1F, 0xF8, 0x10, 0x84, 0x79, 0xCE, 0x9A, 0xD6, 0x9A, 0xD6,
    0x9A, 0xD6, 0x9A, 0xD6, 0x10, 0x84, 0xEF, 0x7B, 0x1F, 0xF8, 0x1F, 0xF8, 0x1F, 0xF8, 0x1F, 0xF8,
    0xEF, 0x7B, 0x10, 0x84, 0x10, 0x84, 0x30, 0x84, 0x9A, 0xD6, 0x79, 0xCE, 0x10, 0x84, 0xEF, 0x7B,
    0x1F, 0xF8, 0x1F, 0xF8, 0x1F, 0xF8, 0x1F, 0xF8, 0xEF, 0x7B, 0xEF, 0x7B, 0x10, 0x84, 0x79, 0xCE,
    0x79, 0xCE, 0x10, 0x84, 0xEF, 0x7B, 0xEF, 0x7B, 0x1F, 0xF8, 0x1F, 0xF8, 0x1F, 0xF8, 0x1F, 0xF8,
    0xEF, 0x7B, 0x10, 0x84, 0x79, 0xCE, 0x9A, 0xD6, 0x30, 0x84, 0x10, 0x84, 0xEF, 0x7B, 0xEF, 0x7B,
    0x1F, 0xF8, 0x1F, 0xF8, 0x1F, 0xF8, 0x1F, 0xF8, 0x10, 0x84, 0x79, 0xCE, 0x9A, 0xD6, 0x9A, 0xD6,
    0x9A, 0xD6, 0x79, 0xCE, 0x10, 0x84, 0xEF, 0x7B, 0x1F, 0xF8, 0x1F, 0xF8, 0x1F, 0xF8, 0x1F, 0xF8,
    0x10, 0x84, 0x79, 0xCE, 0x9A, 0xD6, 0x9A, 0xD6, 0x9A, 0xD6, 0x79, 0xCE, 0x10, 0x84, 0xEF, 0x7B,
    0x1F, 0xF8, 0x1F, 0xF8, 0x1F, 0xF8, 0x1F, 0xF8, 0xEF, 0x7B, 0x10, 0x84, 0x10, 0x84, 0x10, 0x84,
    0x10, 0x84, 0x10, 0x84, 0xEF, 0x7B, 0xEF, 0x7B, 0x1F, 0xF8, 0x1F, 0xF8, 0x1F, 0xF8, 0x1F, 0xF8,
    0xEF, 0x7B, 0xEF, 0x7B, 0x10, 0x84, 0x10, 0x84, 0xEF, 0x7B, 0xEF, 0x7B, 0xEF, 0x7B, 0xEF, 0x7B,
    0x1F, 0xF8, 0x1F, 0xF8, 0x1F, 0xF8, 0x1F, 0xF8, 0xEF, 0x7B, 0x10, 0x84, 0x79, 0xCE, 0x79, 0xCE,
    0x10, 0x84, 0xEF, 0x7B, 0xEF, 0x7B, 0xEF, 0x7B, 0x1F, 0xF8, 0x1F, 0xF8, 0x1F, 0xF8, 0x1F, 0xF8,
    0xEF, 0x7B, 0x10, 0x84, 0x79, 0xCE, 0x79, 0xCE, 0x10, 0x84, 0xEF, 0x7B, 0xEF, 0x7B, 0xEF, 0x7B,
    0x1F, 0xF8, 0x1F, 0xF8, 0x1F, 0xF8, 0x1F, 0xF8, 0xEF, 0x7B, 0xEF, 0x7B, 0x10, 0x84, 0x10, 0x84,
    0xEF, 0x7B, 0xEF, 0x7B, 0xEF, 0x7B, 0xEF, 0x7B, 0x1F, 0xF8, 0x1F, 0xF8, 0x1F, 0xF8, 0x1F, 0xF8,
    0xEF, 0x7B, 0x10, 0x84, 0x79, 0xCE, 0x79, 0xCE, 0x10, 0x84, 0xEF, 0x7B, 0xEF, 0x7B, 0xEF, 0x7B,
    0x1F, 0xF8, 0x1F, 0xF8, 0x1F, 0xF8, 0x1F, 0xF8, 0xEF, 0x7B, 0x10, 0x84, 0x79, 0xCE, 0x79, 0xCE,
    0x10, 0x84, 0xEF, 0x7B, 0xEF, 0x7B, 0xEF, 0x7B, 0x1F, 0xF8, 0x1F, 0xF8, 0x1F, 0xF8, 0x1F, 0xF8,
    0xEF, 0x7B, 0xEF, 0x7B, 0x10, 0x84, 0x10, 0x84, 0xEF, 0x7B, 0xEF, 0x7B, 0xEF, 0x7B, 0xEF, 0x7B,
    0x1F, 0xF8, 0x1F, 0xF8, 0x1F, 0xF8, 0x1F, 0xF8, 0xEF, 0x7B, 0xEF, 0x7B, 0x10, 0x84, 0x10, 0x84,
    0x10, 0x84, 0x10, 0x84, 0xEF, 0x7B, 0xEF, 0x7B, 0x1F, 0xF8, 0x1F, 0xF8, 0x1F, 0xF8, 0x1F, 0xF8,
    0xEF, 0x7B, 0x10, 0x84, 0x79, 0xCE, 0x79, 0xCE, 0x79, 0xCE, 0x79, 0xCE, 0x10, 0x84, 0xEF, 0x7B,
    0x1F, 0xF8, 0x1F, 0xF8, 0x1F, 0xF8, 0x1F, 0xF8, 0x10, 0x84, 0x79, 0xCE, 0x30, 0x84, 0x30, 0x84,
    0x30, 0x84, 0x79, 0xCE, 0x79, 0xCE, 0x10, 0x84, 0x1F, 0xF8, 0x1F, 0xF8, 0x1F, 0xF8, 0x1F, 0xF8,
    0x10, 0x84, 0x79, 0xCE, 0x10, 0x84, 0x79, 0xCE, 0x79, 0xCE, 0x51, 0x8C, 0x79, 0xCE, 0x10, 0x84,
    0x1F, 0xF8, 0x1F, 0xF8, 0x1F, 0xF8, 0x1F, 0xF8, 0x10, 0x84, 0x79, 0xCE, 0x10, 0x84, 0x10, 0x84,
    0x30, 0x84, 0x79, 0xCE, 0x9A, 0xD6, 0x10, 0x84, 0x1F, 0xF8, 0x1F, 0xF8, 0x1F, 0xF8, 0x1F, 0xF8,
    0x10, 0x84, 0x79, 0xCE, 0x10, 0x84, 0x79, 0xCE, 0x79, 0xCE, 0x51, 0x8C, 0x79, 0xCE, 0x10, 0x84,
    0x1F, 0xF8, 0x1F, 0xF8, 0x1F, 0xF8, 0x1F, 0xF8, 0x10, 0x84, 0x79, 0xCE, 0x30, 0x84, 0x30, 0x84,
    0x30, 0x84, 0x79, 0xCE, 0x79, 0xCE, 0x10, 0x84, 0x1F, 0xF8, 0x1F, 0xF8, 0x1F, 0xF8, 0x1F, 0xF8,
    0xEF, 0x7B, 0x10, 0x84, 0x79, 0xCE, 0x79, 0xCE, 0x79, 0xCE, 0x79, 0xCE, 0x10, 0x84, 0xEF, 0x7B,
    0x1F, 0xF8, 0x1F, 0xF8, 0x1F, 0xF8, 0x1F, 0xF8, 0xEF, 0x7B, 0xEF, 0x7B, 0x10, 0x84, 0x10, 0x84,
    0x10, 0x84, 0x10, 0x84, 0xEF, 0x7B, 0xEF, 0x7B, 0x1F, 0xF8, 0x1F, 0xF8, 0x1F, 0xF8, 0x1F, 0xF8,
    0xEF, 0x7B, 0xEF, 0x7B, 0xEF, 0x7B, 0x10, 0x84, 0x59, 0xCE, 0x10, 0x84, 0xEF, 0x7B, 0xEF, 0x7B,
    0x1F, 0xF8, 0x1F, 0xF8, 0x1F, 0xF8, 0x1F, 0xF8, 0x10, 0x84, 0x10, 0x84, 0x10, 0x84, 0x10, 0x84,
    0x10, 0x84, 0x59, 0xCE, 0x10, 0x84, 0xEF, 0x7B, 0x1F, 0xF8, 0x1F, 0xF8, 0x1F, 0xF8, 0x1F, 0xF8,
    0x79, 0xCE, 0x79, 0xCE, 0x79, 0xCE, 0x79, 0xCE, 0x10, 0x84, 0x10, 0x84, 0x59, 0xCE, 0x10, 0x84,
    0x1F, 0xF8, 0x1F, 0xF8, 0x1F, 0xF8, 0x1F, 0xF8, 0x10, 0x84, 0x10, 0x84, 0x10, 0x84, 0x10, 0x84,
    0xEF, 0x7B, 0xEF, 0x7B, 0x10, 0x84, 0x79, 0xCE, 0x1F, 0xF8, 0x1F, 0xF8, 0x1F, 0xF8, 0x1F, 0xF8,
    0x10, 0x84, 0x10, 0x84, 0x10, 0x84, 0x10, 0x84, 0xEF, 0x7B, 0xEF, 0x7B, 0x10, 0x84, 0x79, 0xCE,
    0x1F, 0xF8, 0x1F, 0xF8, 0x1F, 0xF8, 0x1F, 0xF8, 0x79, 0xCE, 0x79, 0xCE, 0x79, 0xCE, 0x79, 0xCE,
    0x10, 0x84, 0x10, 0x84, 0x59, 0xCE, 0x10, 0x84, 0x1F, 0xF8, 0x1F, 0xF8, 0x1F, 0xF8, 0x1F, 0xF8,
    0x10, 0x84, 0x10, 0x84, 0x10, 0x84, 0x10, 0x84, 0x10, 0x84, 0x59, 0xCE, 0x10, 0x84, 0xEF, 0x7B,
    0x1F, 0xF8, 0x1F, 0xF8, 0x1F, 0xF8, 0x1F, 0xF8, 0xEF, 0x7B, 0xEF, 0x7B, 0x10, 0x84, 0x10, 0x84,
    0x79, 0xCE, 0x30, 0x84, 0xEF, 0x7B, 0xEF, 0x7B, 0x1F, 0xF8, 0x1F, 0xF8, 0x1F, 0xF8, 0x1F, 0xF8,
    0xEF, 0x7B, 0x10, 0x84, 0x79, 0xCE, 0x79, 0xCE, 0x9A, 0xD6, 0x79, 0xCE, 0x10, 0x84, 0xEF, 0x7B,
    0x1F, 0xF8, 0x1F, 0xF8, 0x1F, 0xF8, 0x1F, 0xF8, 0x10, 0x84, 0x79, 0xCE, 0x79, 0xCE, 0x30, 0x84,
    0x30, 0x84, 0x79, 0xCE, 0x79, 0xCE, 0x10, 0x84, 0x1F, 0xF8, 0x1F, 0xF8, 0x1F, 0xF8, 0x1F, 0xF8,
    0x10, 0x84, 0x79, 0xCE, 0x30, 0x84, 0x79, 0xCE, 0x79, 0xCE, 0x30, 0x84, 0x79, 0xCE, 0x10, 0x84,
    0x1F, 0xF8, 0x1F, 0xF8, 0x1F, 0xF8, 0x1F, 0xF8, 0x10, 0x84, 0x79, 0xCE, 0x10, 0x84, 0x10, 0x84,
    0x10, 0x84, 0x10, 0x84, 0x79, 0xCE, 0x10, 0x84, 0x1F, 0xF8, 0x1F, 0xF8, 0x1F, 0xF8, 0x1F, 0xF8,
    0x10, 0x84, 0x79, 0xCE, 0x30, 0x84, 0x79, 0xCE, 0x79, 0xCE, 0x30, 0x84, 0x79, 0xCE, 0x10, 0x84,
    0x1F, 0xF8, 0x1F, 0xF8, 0x1F, 0xF8, 0x1F, 0xF8, 0x10, 0x84, 0x79, 0xCE, 0x30, 0x84, 0x9A, 0xD6,
    0x9A, 0xD6, 0x30, 0x84, 0x79, 0xCE, 0x10, 0x84, 0x1F, 0xF8, 0x1F, 0xF8, 0x1F, 0xF8, 0x1F, 0xF8,
    0xEF, 0x7B, 0x10, 0x84, 0x79, 0xCE, 0x9A, 0xD6, 0x9A, 0xD6, 0x79, 0xCE, 0x10, 0x84, 0xEF, 0x7B,
    0x1F, 0xF8, 0x1F, 0xF8, 0x1F, 0xF8, 0x1F, 0xF8, 0xEF, 0x7B, 0xEF, 0x7B, 0x10, 0x84, 0x10, 0x84,
    0x10, 0x84, 0x10, 0x84, 0xEF, 0x7B, 0xEF, 0x7B, 0x1F, 0xF8, 0x1F, 0xF8, 0x1F, 0xF8, 0x1F, 0xF8,
    0xB2, 0x94, 0x51, 0x8C, 0x71, 0x8C, 0xF3, 0x9C, 0x92, 0x94, 0xB2, 0x94, 0x51, 0x8C, 0x10, 0x84,
    0x1F, 0xF8, 0x1F, 0xF8, 0x1F, 0xF8, 0x1F, 0xF8, 0x92, 0x94, 0x10, 0x84, 0xB2, 0x94, 0xD3, 0x9C,
    0x92, 0x94, 0xCF, 0x7B, 0xCF, 0x7B, 0xAE, 0x73, 0x1F, 0xF8, 0x1F, 0xF8, 0x1F, 0xF8, 0x1F, 0xF8,
    0x71, 0x8C, 0x92, 0x94, 0xB2, 0x94, 0x18, 0xC6, 0xB6, 0xB5, 0x51, 0x8C, 0xEF, 0x7B, 0xAE, 0x73,
    0x1F, 0xF8, 0x1F, 0xF8, 0x1F, 0xF8, 0x1F, 0xF8, 0xF3, 0x9C, 0xD3, 0x9C, 0xD7, 0xBD, 0x75, 0xAD,
    0x75, 0xAD, 0x75, 0xAD, 0x51, 0x8C, 0x6D, 0x6B, 0x1F, 0xF8, 0x1F, 0xF8, 0x1F, 0xF8, 0x1F, 0xF8,
    0xB2, 0x94, 0xB2, 0x94, 0x96, 0xB5, 0x75, 0xAD, 0x55, 0xAD, 0xF3, 0x9C, 0xB2, 0x94, 0x2C, 0x63,
    0x1F, 0xF8, 0x1F, 0xF8, 0x1F, 0xF8, 0x1F, 0xF8, 0x51, 0x8C, 0x10, 0x84, 0xF3, 0x9C, 0x14, 0xA5,
    0x75, 0xAD, 0x92, 0x94, 0xAE, 0x73, 0x6D, 0x6B, 0x1F, 0xF8, 0x1F, 0xF8, 0x1F, 0xF8, 0x1F, 0xF8,
    0x92, 0x94, 0x51, 0x8C, 0x71, 0x8C, 0xB2, 0x94, 0xB2, 0x94, 0x92, 0x94, 0xCF, 0x7B, 0xCF, 0x7B,
    0x1F, 0xF8, 0x1F, 0xF8, 0x1F, 0xF8, 0x1F, 0xF8, 0x30, 0x84, 0x6D, 0x6B, 0x4D, 0x6B, 0xAE, 0x73,
    0x8E, 0x73, 0x8E, 0x73, 0x6D, 0x6B, 0x8E, 0x73, 0x1F, 0xF8, 0x1F, 0xF8, 0x1F, 0xF8, 0x1F, 0xF8,
    0xB2, 0x94, 0x71, 0x8C, 0x92, 0x94, 0xD3, 0x9C, 0x92, 0x94, 0x71, 0x8C, 0x71, 0x8C, 0x30, 0x84,
    0x1F, 0xF8, 0x1F, 0xF8, 0x1F, 0xF8, 0x1F, 0xF8, 0x51, 0x8C, 0x51, 0x8C, 0x71, 0x8C, 0xF3, 0x9C,
    0x92, 0x94, 0xEF, 0x7B, 0xEF, 0x7B, 0x8E, 0x73, 0x1F, 0xF8, 0x1F, 0xF8, 0x1F, 0xF8, 0x1F, 0xF8,
    0xB2, 0x94, 0x92, 0x94, 0xF3, 0x9C, 0xD7, 0xBD, 0x75, 0xAD, 0x71, 0x8C, 0xEF, 0x7B, 0xAE, 0x73,
    0x1F, 0xF8, 0x1F, 0xF8, 0x1F, 0xF8, 0x1F, 0xF8, 0x14, 0xA5, 0x14, 0xA5, 0x14, 0xA5, 0x75, 0xAD,
    0x75, 0xAD, 0xB6, 0xB5, 0x51, 0x8C, 0x6D, 0x6B, 0x1F, 0xF8, 0x1F, 0xF8, 0x1F, 0xF8, 0x1F, 0xF8,
    0xD3, 0x9C, 0xF3, 0x9C, 0x75, 0xAD, 0x55, 0xAD, 0x75, 0xAD, 0x55, 0xAD, 0x92, 0x94, 0x4D, 0x6B,
    0x1F, 0xF8, 0x1F, 0xF8, 0x1F, 0xF8, 0x1F, 0xF8, 0xF3, 0x9C, 0x51, 0x8C, 0x92, 0x94, 0x34, 0xA5,
    0x34, 0xA5, 0x71, 0x8C, 0xAE, 0x73, 0xEF, 0x7B, 0x1F, 0xF8, 0x1F, 0xF8, 0x1F, 0xF8, 0x1F, 0xF8,
    0x71, 0x8C, 0xAE, 0x73, 0xCF, 0x7B, 0xB2, 0x94, 0x92, 0x94, 0xAE, 0x73, 0xCF, 0x7B, 0x8E, 0x73,
    0x1F, 0xF8, 0x1F, 0xF8, 0x1F, 0xF8, 0x1F, 0xF8, 0x30, 0x84, 0xCF, 0x7B, 0xCF, 0x7B, 0x6D, 0x6B,
    0x4D, 0x6B, 0xCF, 0x7B, 0xCF, 0x7B, 0x6D, 0x6B, 0x1F, 0xF8, 0x1F, 0xF8, 0x1F, 0xF8, 0x1F, 0xF8,
    0x92, 0x94, 0xD3, 0x9C, 0xD3, 0x9C, 0xD3, 0x9C, 0xF3, 0x9C, 0x92, 0x94, 0xEF, 0x7B, 0x10, 0x84,
    0x1F, 0xF8, 0x1F, 0xF8, 0x1F, 0xF8, 0x1F, 0xF8, 0x92, 0x94, 0x71, 0x8C, 0x51, 0x8C, 0xF3, 0x9C,
    0x14, 0xA5, 0x71, 0x8C, 0xAE, 0x73, 0xCF, 0x7B, 0x1F, 0xF8, 0x1F, 0xF8, 0x1F, 0xF8, 0x1F, 0xF8,
    0x71, 0x8C, 0x71, 0x8C, 0xD3, 0x9C, 0x75, 0xAD, 0x14, 0xA5, 0x92, 0x94, 0xCF, 0x7B, 0xAE, 0x73,
    0x1F, 0xF8, 0x1F, 0xF8, 0x1F, 0xF8, 0x1F, 0xF8, 0xD3, 0x9C, 0xD3, 0x9C, 0x75, 0xAD, 0x55, 0xAD,
    0x75, 0xAD, 0x96, 0xB5, 0xB2, 0x94, 0x6D, 0x6B, 0x1F, 0xF8, 0x1F, 0xF8, 0x1F, 0xF8, 0x1F, 0xF8,
    0x71, 0x8C, 0x71, 0x8C, 0x75, 0xAD, 0x75, 0xAD, 0x75, 0xAD, 0x14, 0xA5, 0x71, 0x8C, 0x4D, 0x6B,
    0x1F, 0xF8, 0x1F, 0xF8, 0x1F, 0xF8, 0x1F, 0xF8, 0x71, 0x8C, 0xEF, 0x7B, 0x51, 0x8C, 0xB6, 0xB5,
    0x75, 0xAD, 0xB2, 0x94, 0x8E, 0x73, 0xAE, 0x73, 0x1F, 0xF8, 0x1F, 0xF8, 0x1F, 0xF8, 0x1F, 0xF8,
    0x71, 0x8C, 0xCF, 0x7B, 0xCF, 0x7B, 0x71, 0x8C, 0x92, 0x94, 0x8E, 0x73, 0xEF, 0x7B, 0xCF, 0x7B,
    0x1F, 0xF8, 0x1F, 0xF8, 0x1F, 0xF8, 0x1F, 0xF8, 0x10, 0x84, 0xAE, 0x73, 0xEF, 0x7B, 0xAE, 0x73,
    0x4D, 0x6B, 0xAE, 0x73, 0xAE, 0x73, 0x8E, 0x73, 0x1F, 0xF8, 0x1F, 0xF8, 0x1F, 0xF8, 0x1F, 0xF8,
    0x92, 0x94, 0x71, 0x8C, 0x71, 0x8C, 0xD3, 0x9C, 0x92, 0x94, 0x30, 0x84, 0x92, 0x94, 0x10, 0x84,
    0x1F, 0xF8, 0x1F, 0xF8, 0x1F, 0xF8, 0x1F, 0xF8, 0x51, 0x8C, 0xCF, 0x7B, 0xB2, 0x94, 0xB2, 0x94,
    0x92, 0x94, 0x10, 0x84, 0x71, 0x8C, 0xAE, 0x73, 0x1F, 0xF8, 0x1F, 0xF8, 0x1F, 0xF8, 0x1F, 0xF8,
    0xB2, 0x94, 0x92, 0x94, 0xD3, 0x9C, 0xD7, 0xBD, 0x34, 0xA5, 0xD3, 0x9C, 0x51, 0x8C, 0x6D, 0x6B,
    0x1F, 0xF8, 0x1F, 0xF8, 0x1F, 0xF8, 0x1F, 0xF8, 0x14, 0xA5, 0xD3, 0x9C, 0x18, 0xC6, 0x75, 0xAD,
    0x55, 0xAD, 0x75, 0xAD, 0xB2, 0x94, 0x6D, 0x6B, 0x1F, 0xF8, 0x1F, 0xF8, 0x1F, 0xF8, 0x1F, 0xF8,
    0x92, 0x94, 0x92, 0x94, 0xB6, 0xB5, 0x75, 0xAD, 0x75, 0xAD, 0x14, 0xA5, 0xB2, 0x94, 0x8E, 0x73,
    0x1F, 0xF8, 0x1F, 0xF8, 0x1F, 0xF8, 0x1F, 0xF8, 0x71, 0x8C, 0xEF, 0x7B, 0x71, 0x8C, 0x75, 0xAD,
    0x55, 0xAD, 0x92, 0x94, 0x71, 0x8C, 0x4D, 0x6B, 0x1F, 0xF8, 0x1F, 0xF8, 0x1F, 0xF8, 0x1F, 0xF8,
    0x51, 0x8C, 0xEF, 0x7B, 0xEF, 0x7B, 0x51, 0x8C, 0xB2, 0x94, 0x8E, 0x73, 0xAE, 0x73, 0x0C, 0x63,
    0x1F, 0xF8, 0x1F, 0xF8, 0x1F, 0xF8, 0x1F, 0xF8, 0x30, 0x84, 0xCF, 0x7B, 0xEF, 0x7B, 0x8E, 0x73,
    0x6D, 0x6B, 0xAE, 0x73, 0xCF, 0x7B, 0x8E, 0x73, 0x1F, 0xF8, 0x1F, 0xF8, 0x1F, 0xF8, 0x1F, 0xF8,
    0xEF, 0x7B, 0x10, 0x84, 0x79, 0xCE, 0x79, 0xCE, 0x9A, 0xD6, 0x79, 0xCE, 0x10, 0x84, 0xEF, 0x7B,
    0x1F, 0xF8, 0x1F, 0xF8, 0x1F, 0xF8, 0x1F, 0xF8, 0x10, 0x84, 0x79, 0xCE, 0x79, 0xCE, 0x30, 0x84,
    0x9A, 0xD6, 0x9A, 0xD6, 0x79, 0xCE, 0x10, 0x84, 0x1F, 0xF8, 0x1F, 0xF8, 0x1F, 0xF8, 0x1F, 0xF8,
    0x10, 0x84, 0x79, 0xCE, 0x30, 0x84, 0x10, 0x84, 0x9A, 0xD6, 0x9A, 0xD6, 0x9A, 0xD6, 0x10, 0x84,
    0x1F, 0xF8, 0x1F, 0xF8, 0x1F, 0xF8, 0x1F, 0xF8, 0x10, 0x84, 0x9A, 0xD6, 0x79, 0xCE, 0x30, 0x84,
    0x9A, 0xD6, 0x9A, 0xD6, 0x9A, 0xD6, 0x10, 0x84, 0x1F, 0xF8, 0x1F, 0xF8, 0x1F, 0xF8, 0x1F, 0xF8,
    0x10, 0x84, 0x9A, 0xD6, 0x79, 0xCE, 0x10, 0x84, 0x79, 0xCE, 0x9A, 0xD6, 0x9A, 0xD6, 0x10, 0x84,
    0x1F, 0xF8, 0x1F, 0xF8, 0x1F, 0xF8, 0x1F, 0xF8, 0x10, 0x84, 0x79, 0xCE, 0x30, 0x84, 0x10, 0x84,
    0x30, 0x84, 0x9A, 0xD6, 0x79, 0xCE, 0x10, 0x84, 0x1F, 0xF8, 0x1F, 0xF8, 0x1F, 0xF8, 0x1F, 0xF8,
    0xEF, 0x7B, 0x10, 0x84, 0x79, 0xCE, 0x79, 0xCE, 0x79, 0xCE, 0x79, 0xCE, 0x10, 0x84, 0xEF, 0x7B,
    0x1F, 0xF8, 0x1F, 0xF8, 0x1F, 0xF8, 0x1F, 0xF8, 0xEF, 0x7B, 0xEF, 0x7B, 0x10, 0x84, 0x30, 0x84,
    0x30, 0x84, 0x10, 0x84, 0xEF, 0x7B, 0xEF, 0x7B, 0x1F, 0xF8, 0x1F, 0xF8, 0x1F, 0xF8, 0x1F, 0xF8,
    0xEF, 0x7B, 0x10, 0x84, 0x79, 0xCE, 0x79, 0xCE, 0x9A, 0xD6, 0x79, 0xCE, 0x10, 0x84, 0xEF, 0x7B,
    0x1F, 0xF8, 0x1F, 0xF8, 0x1F, 0xF8, 0x1F, 0xF8, 0x10, 0x84, 0x79, 0xCE, 0x30, 0x84, 0x30, 0x84,
    0x79, 0xCE, 0x9A, 0xD6, 0x79, 0xCE, 0x10, 0x84, 0x1F, 0xF8, 0x1F, 0xF8, 0x1F, 0xF8, 0x1F, 0xF8,
    0x10, 0x84, 0x9A, 0xD6, 0x9A, 0xD6, 0x79, 0xCE, 0x51, 0x8C, 0x9A, 0xD6, 0x9A, 0xD6, 0x10, 0x84,
    0x1F, 0xF8, 0x1F, 0xF8, 0x1F, 0xF8, 0x1F, 0xF8, 0x10, 0x84, 0x9A, 0xD6, 0x79, 0xCE, 0x51, 0x8C,
    0x79, 0xCE, 0x9A, 0xD6, 0x9A, 0xD6, 0x10, 0x84, 0x1F, 0xF8, 0x1F, 0xF8, 0x1F, 0xF8, 0x1F, 0xF8,
    0x10, 0x84, 0x79, 0xCE, 0x30, 0x84, 0x79, 0xCE, 0x9A, 0xD6, 0x9A, 0xD6, 0x9A, 0xD6, 0x10, 0x84,
    0x1F, 0xF8, 0x1F, 0xF8, 0x1F, 0xF8, 0x1F, 0xF8, 0x10, 0x84, 0x79, 0xCE, 0x30, 0x84, 0x30, 0x84,
    0x30, 0x84, 0x9A, 0xD6, 0x79, 0xCE, 0x10, 0x84, 0x1F, 0xF8, 0x1F, 0xF8, 0x1F, 0xF8, 0x1F, 0xF8,
    0xEF, 0x7B, 0x10, 0x84, 0x79, 0xCE, 0x79, 0xCE, 0x79, 0xCE, 0x79, 0xCE, 0x10, 0x84, 0xEF, 0x7B,
    0x1F, 0xF8, 0x1F, 0xF8, 0x1F, 0xF8, 0x1F, 0xF8, 0xEF, 0x7B, 0xEF, 0x7B, 0x10, 0x84, 0x10, 0x84,
    0x10, 0x84, 0x10, 0x84, 0xEF, 0x7B, 0xEF, 0x7B, 0x1F, 0xF8, 0x1F, 0xF8, 0x1F, 0xF8, 0x1F, 0xF8,
    0xEF, 0x7B, 0xEF, 0x7B, 0xEF, 0x7B, 0xEF, 0x7B, 0xEF, 0x7B, 0xEF, 0x7B, 0xEF, 0x7B, 0xEF, 0x7B,
    0x1F, 0xF8, 0x1F, 0xF8, 0x1F, 0xF8, 0x1F, 0xF8, 0xEF, 0x7B, 0xEF, 0x7B, 0xEF, 0x7B, 0xEF, 0x7B,
    0xEF, 0x7B, 0xEF, 0x7B, 0xEF, 0x7B, 0xEF, 0x7B, 0x1F, 0xF8, 0x1F, 0xF8, 0x1F, 0xF8, 0x1F, 0xF8,
    0xEF, 0x7B, 0xEF, 0x7B, 0xEF, 0x7B, 0xEF, 0x7B, 0xEF, 0x7B, 0xEF, 0x7B, 0xEF, 0x7B, 0xEF, 0x7B,
    0x1F, 0xF8, 0x1F, 0xF8, 0x1F, 0xF8, 0x1F, 0xF8, 0xEF, 0x7B, 0xEF, 0x7B, 0xEF, 0x7B, 0xEF, 0x7B,
    0xEF, 0x7B, 0xEF, 0x7B, 0xEF, 0x7B, 0xEF, 0x7B, 0x1F, 0xF8, 0x1F, 0xF8, 0x1F, 0xF8, 0x1F, 0xF8,
    0xEF, 0x7B, 0xEF, 0x7B, 0xEF, 0x7B, 0xEF, 0x7B, 0xEF, 0x7B, 0xEF, 0x7B, 0xEF, 0x7B, 0xEF, 0x7B,
    0x1F, 0xF8, 0x1F, 0xF8, 0x1F, 0xF8, 0x1F, 0xF8, 0xEF, 0x7B, 0xEF, 0x7B, 0xEF, 0x7B, 0xEF, 0x7B,
    0xEF, 0x7B, 0xEF, 0x7B, 0xEF, 0x7B, 0xEF, 0x7B, 0x1F, 0xF8, 0x1F, 0xF8, 0x1F, 0xF8, 0x1F, 0xF8,
    0xEF, 0x7B, 0xEF, 0x7B, 0xEF, 0x7B, 0xEF, 0x7B, 0xEF, 0x7B, 0xEF, 0x7B, 0xEF, 0x7B, 0xEF, 0x7B,
    0x1F, 0xF8, 0x1F, 0xF8, 0x1F, 0xF8, 0x1F, 0xF8, 0xEF, 0x7B, 0xEF, 0x7B, 0xEF, 0x7B, 0xEF, 0x7B,
    0xEF, 0x7B, 0xEF, 0x7B, 0xEF, 0x7B, 0xEF, 0x7B, 0x1F, 0xF8, 0x1F, 0xF8, 0x1F, 0xF8, 0x1F, 0xF8,
    0xEF, 0x7B, 0xEF, 0x7B, 0xEF, 0x7B, 0xEF, 0x7B, 0xEF, 0x7B, 0xEF, 0x7B, 0xEF, 0x7B, 0xEF, 0x7B,
    0x1F, 0xF8, 0x1F, 0xF8, 0x1F, 0xF8, 0x1F, 0xF8, 0xEF, 0x7B, 0xEF, 0x7B, 0xEF, 0x7B, 0xEF, 0x7B,
    0xEF, 0x7B, 0xEF, 0x7B, 0xEF, 0x7B, 0xEF, 0x7B, 0x1F, 0xF8, 0x1F, 0xF8, 0x1F, 0xF8, 0x1F, 0xF8,
    0xEF, 0x7B, 0xEF, 0x7B, 0xEF, 0x7B, 0xEF, 0x7B, 0xEF, 0x7B, 0xEF, 0x7B, 0xEF, 0x7B, 0xEF, 0x7B,
    0x1F, 0xF8, 0x1F, 0xF8, 0x1F, 0xF8, 0x1F, 0xF8, 0xEF, 0x7B, 0xEF, 0x7B, 0xEF, 0x7B, 0xEF, 0x7B,
    0xEF, 0x7B, 0xEF, 0x7B, 0xEF, 0x7B, 0xEF, 0x7B, 0x1F, 0xF8, 0x1F, 0xF8, 0x1F, 0xF8, 0x1F, 0xF8,
    0xEF, 0x7B, 0xEF, 0x7B, 0xEF, 0x7B, 0xEF, 0x7B, 0xEF, 0x7B, 0xEF, 0x7B, 0xEF, 0x7B, 0xEF, 0x7B,
    0x1F, 0xF8, 0x1F, 0xF8, 0x1F, 0xF8, 0x1F, 0xF8, 0xEF, 0x7B, 0xEF, 0x7B, 0xEF, 0x7B, 0xEF, 0x7B,
    0xEF, 0x7B, 0xEF, 0x7B, 0xEF, 0x7B, 0xEF, 0x7B, 0x1F, 0xF8, 0x1F, 0xF8, 0x1F, 0xF8, 0x1F, 0xF8,
    0xEF, 0x7B, 0xEF, 0x7B, 0xEF, 0x7B, 0xEF, 0x7B, 0xEF, 0x7B, 0xEF, 0x7B, 0xEF, 0x7B, 0xEF, 0x7B,
    0x1F, 0xF8, 0x1F, 0xF8, 0x1F, 0xF8, 0x1F, 0xF8, 0xEF, 0x7B, 0xEF, 0x7B, 0xEF, 0x7B, 0xEF, 0x7B,
    0xEF, 0x7B, 0xEF, 0x7B, 0xEF, 0x7B, 0xEF, 0x7B, 0x1F, 0xF8, 0x1F, 0xF8, 0x1F, 0xF8, 0x1F, 0xF8
};
