// Generated from: blocktiles.png
// Format: RGB565_LE
// Original size: 12x2560 = 61440 bytes

const uint16_t sonic_blocktiles_width = 12;
const uint16_t sonic_blocktiles_height = 2560;

const uint8_t sonic_blocktiles_data[] PLATFORM_PROGMEM = {
    0xF7, 0xFE, 0x94, 0xFE, 0x73, 0xFE, 0x8B, 0xE4, 0xE0, 0x40, 0xA0, 0x79, 0xE0, 0xCA, 0x45, 0xCB,
    0xD7, 0xFE, 0x94, 0xFE, 0x73, 0xFE, 0xAB, 0xEC, 0x94, 0xFE, 0x08, 0xFD, 0xE7, 0xFC, 0x40, 0x9A,
    0xC0, 0x38, 0xC0, 0x79, 0xE0, 0xC2, 0x24, 0xCB, 0x73, 0xFE, 0x08, 0xFD, 0xE7, 0xFC, 0x40, 0x9A,
    0x73, 0xFE, 0xE7, 0xFC, 0xC5, 0xFC, 0x20, 0x92, 0x40, 0x61, 0xE0, 0xC2, 0xC0, 0x81, 0x44, 0x82,
    0x53, 0xFE, 0xE7, 0xFC, 0xC5, 0xFC, 0x40, 0x92, 0x8B, 0xE4, 0x40, 0x9A, 0x20, 0x92, 0xC0, 0x79,
    0x40, 0x61, 0xE0, 0xC2, 0xC0, 0x81, 0x02, 0x82, 0x6A, 0xE4, 0x40, 0x9A, 0x20, 0x92, 0xC0, 0x81,
    0xE0, 0x40, 0xC0, 0x38, 0x40, 0x61, 0x40, 0x61, 0xC0, 0x38, 0xC0, 0x79, 0xE0, 0xC2, 0xE0, 0xC2,
    0xA0, 0x71, 0xC0, 0x40, 0x40, 0x61, 0x40, 0x61, 0xA0, 0x79, 0xC0, 0x79, 0xE0, 0xC2, 0xE0, 0xC2,
    0xC0, 0x79, 0xC0, 0x81, 0xE0, 0xC2, 0xE0, 0xC2, 0xC0, 0x81, 0xC0, 0x79, 0xE0, 0xC2, 0xE0, 0xC2,
    0xE0, 0xCA, 0xE0, 0xC2, 0xC0, 0x81, 0xC0, 0x81, 0xE0, 0xC2, 0xE0, 0xC2, 0xC0, 0x81, 0xC0, 0x81,
    0xE0, 0xC2, 0xE0, 0xC2, 0xC0, 0x81, 0xC0, 0x79, 0x21, 0xCB, 0x00, 0xCB, 0x00, 0x82, 0xE0, 0x81,
    0xE0, 0xC2, 0xE0, 0xC2, 0xC0, 0x81, 0xC0, 0x81, 0x45, 0xCB, 0x24, 0xCB, 0x44, 0x82, 0x02, 0x82,
    0x29, 0xFD, 0xC6, 0xFC, 0xC6, 0xFC, 0x62, 0xCB, 0x80, 0x71, 0xC0, 0x81, 0xE0, 0xC2, 0x45, 0xCB,
    0xD7, 0xFE, 0x73, 0xFE, 0x53, 0xFE, 0x8A, 0xE4, 0xE6, 0xFC, 0xC1, 0xFB, 0xA0, 0xF3, 0xA0, 0x71,
    0xC0, 0x38, 0xC0, 0x79, 0xE0, 0xC2, 0x24, 0xCB, 0x73, 0xFE, 0x08, 0xFD, 0xE7, 0xFC, 0x40, 0x9A,
    0xE6, 0xFC, 0xA0, 0xF3, 0x80, 0xF3, 0xA0, 0x71, 0x40, 0x61, 0xE0, 0xC2, 0xC0, 0x81, 0x44, 0x82,
    0x53, 0xFE, 0xE7, 0xFC, 0xC5, 0xFC, 0x40, 0x92, 0xA4, 0xD3, 0x02, 0x82, 0xE2, 0x79, 0xA2, 0x69,
    0xA2, 0x69, 0x02, 0xCB, 0x02, 0x82, 0x44, 0x82, 0x8B, 0xE4, 0x83, 0x9A, 0x62, 0x9A, 0x02, 0x82,
    0x2E, 0xF5, 0x0E, 0xE5, 0x0E, 0xE5, 0x0E, 0xE5, 0x0E, 0xE5, 0x0E, 0xE5, 0x0E, 0xE5, 0x0E, 0xE5,
    0x0E, 0xED, 0x0E, 0xE5, 0x0E, 0xE5, 0xAA, 0xB3, 0x2E, 0xED, 0x06, 0xDC, 0xE5, 0xD3, 0xE5, 0xD3,
    0xE5, 0xD3, 0xE5, 0xD3, 0xE5, 0xD3, 0xE5, 0xD3, 0xE5, 0xD3, 0xE5, 0xD3, 0xE5, 0xD3, 0xC0, 0x79,
    0x2E, 0xED, 0xE5, 0xD3, 0xC4, 0xD3, 0xC4, 0xD3, 0xC4, 0xD3, 0xC4, 0xD3, 0xC4, 0xD3, 0xC4, 0xD3,
    0xC4, 0xD3, 0xC4, 0xD3, 0xC4, 0xD3, 0xC0, 0x79, 0xCA, 0xB3, 0xC0, 0x79, 0xC0, 0x71, 0xC0, 0x71,
    0xA0, 0x71, 0xA0, 0x71, 0xC0, 0x71, 0xC0, 0x71, 0xA0, 0x71, 0xA0, 0x71, 0xA0, 0x71, 0x80, 0x69,
    0xC0, 0x38, 0xC0, 0x38, 0x40, 0x61, 0x40, 0x61, 0xC0, 0x38, 0xC0, 0x38, 0x40, 0x61, 0x40, 0x61,
    0xC0, 0x38, 0xC0, 0x38, 0x40, 0x61, 0x40, 0x61, 0xA0, 0x79, 0xC0, 0x79, 0xE0, 0xC2, 0xE0, 0xC2,
    0xC0, 0x79, 0xC0, 0x79, 0xE0, 0xC2, 0xE0, 0xC2, 0xC0, 0x79, 0xC0, 0x79, 0xE0, 0xC2, 0xE0, 0xC2,
    0xE0, 0xCA, 0xE0, 0xC2, 0xC0, 0x81, 0xC0, 0x81, 0xE0, 0xC2, 0xE0, 0xC2, 0xC0, 0x81, 0xC0, 0x81,
    0xE0, 0xC2, 0xE0, 0xC2, 0xC0, 0x81, 0xC0, 0x79, 0x45, 0xCB, 0x24, 0xCB, 0x44, 0x82, 0x02, 0x82,
    0xE0, 0xC2, 0xE0, 0xC2, 0xC0, 0x81, 0xC0, 0x81, 0x45, 0xCB, 0x24, 0xCB, 0x44, 0x82, 0x02, 0x82,
    0xD7, 0xFE, 0x73, 0xFE, 0x53, 0xFE, 0x6A, 0xE4, 0xA0, 0x71, 0xC0, 0x81, 0xE0, 0xC2, 0x45, 0xCB,
    0xD7, 0xFE, 0x73, 0xFE, 0x53, 0xFE, 0x8A, 0xE4, 0x94, 0xFE, 0x08, 0xFD, 0xE7, 0xFC, 0x40, 0x9A,
    0xC0, 0x40, 0xC0, 0x79, 0xE0, 0xC2, 0x24, 0xCB, 0x73, 0xFE, 0x08, 0xFD, 0xE7, 0xFC, 0x40, 0x9A,
    0x73, 0xFE, 0xE7, 0xFC, 0xC5, 0xFC, 0x20, 0x92, 0x40, 0x61, 0xE0, 0xC2, 0xC0, 0x81, 0x44, 0x82,
    0x53, 0xFE, 0xE7, 0xFC, 0xC5, 0xFC, 0x40, 0x92, 0xCC, 0xEC, 0xA4, 0xA2, 0xA4, 0x9A, 0x22, 0x8A,
    0x40, 0x61, 0xE0, 0xC2, 0xC0, 0x81, 0x02, 0x82, 0x8B, 0xE4, 0x83, 0x9A, 0x62, 0x9A, 0x02, 0x82,
    0xF7, 0xFE, 0x73, 0xFE, 0x53, 0xFE, 0x6A, 0xE4, 0xE0, 0x40, 0xC0, 0x79, 0xE0, 0xC2, 0x02, 0xCB,
    0x2E, 0xF5, 0x0E, 0xE5, 0x0E, 0xE5, 0xAA, 0xB3, 0x94, 0xFE, 0x08, 0xFD, 0xE7, 0xFC, 0x40, 0x9A,
    0xC0, 0x38, 0xC0, 0x79, 0xE0, 0xC2, 0x02, 0xCB, 0x0E, 0xED, 0x06, 0xDC, 0xE5, 0xD3, 0xC0, 0x79,
    0x73, 0xFE, 0xE7, 0xFC, 0xC5, 0xFC, 0x20, 0x92, 0x40, 0x61, 0xE0, 0xC2, 0xC0, 0x81, 0x02, 0x82,
    0x0E, 0xE5, 0xE5, 0xD3, 0xC4, 0xD3, 0xC0, 0x79, 0x8B, 0xE4, 0x40, 0x9A, 0x20, 0x92, 0xC0, 0x79,
    0x40, 0x61, 0xE0, 0xC2, 0xC0, 0x81, 0x02, 0x82, 0x0E, 0xE5, 0xE5, 0xD3, 0xC4, 0xD3, 0xC0, 0x79,
    0xE0, 0x40, 0xC0, 0x38, 0x40, 0x61, 0x40, 0x61, 0xC0, 0x38, 0xC0, 0x79, 0xE0, 0xC2, 0x02, 0xCB,
    0x0E, 0xE5, 0xE5, 0xD3, 0xC4, 0xD3, 0xC0, 0x79, 0xA0, 0x79, 0xC0, 0x79, 0xE0, 0xC2, 0xE0, 0xC2,
    0xC0, 0x79, 0xC0, 0x81, 0xE0, 0xC2, 0x02, 0xCB, 0x0E, 0xE5, 0xE5, 0xD3, 0xC4, 0xD3, 0xC0, 0x79,
    0xE0, 0xCA, 0xE0, 0xC2, 0xC0, 0x81, 0xC0, 0x81, 0xE0, 0xC2, 0xE0, 0xC2, 0xC0, 0x81, 0x02, 0x82,
    0x0E, 0xE5, 0xE5, 0xD3, 0xC4, 0xD3, 0xC0, 0x79, 0x45, 0xCB, 0x24, 0xCB, 0x44, 0x82, 0x02, 0x82,
    0xE0, 0xC2, 0xE0, 0xC2, 0xC0, 0x81, 0x02, 0x82, 0x0E, 0xE5, 0xE5, 0xD3, 0xC4, 0xD3, 0xC0, 0x79,
    0xD7, 0xFE, 0x73, 0xFE, 0x53, 0xFE, 0x6A, 0xE4, 0xA0, 0x71, 0xC0, 0x81, 0xE0, 0xC2, 0x02, 0xCB,
    0x0E, 0xE5, 0xE5, 0xD3, 0xC4, 0xD3, 0xC0, 0x79, 0x94, 0xFE, 0x08, 0xFD, 0xE7, 0xFC, 0x40, 0x9A,
    0xC0, 0x40, 0xC0, 0x79, 0xE0, 0xC2, 0x02, 0xCB, 0x0E, 0xE5, 0xE5, 0xD3, 0xC4, 0xD3, 0xC0, 0x79,
    0x73, 0xFE, 0xE7, 0xFC, 0xC5, 0xFC, 0x20, 0x92, 0x40, 0x61, 0xE0, 0xC2, 0xC0, 0x81, 0x02, 0x82,
    0x0E, 0xE5, 0xE5, 0xD3, 0xC4, 0xD3, 0xC0, 0x79, 0xCC, 0xEC, 0xA4, 0xA2, 0xA4, 0x9A, 0x44, 0x8A,
    0xE4, 0x69, 0x24, 0xCB, 0x44, 0x82, 0x65, 0x82, 0xEB, 0xB3, 0x44, 0x82, 0x44, 0x82, 0xE2, 0x79,
    0xF7, 0xFE, 0x73, 0xFE, 0x73, 0xFE, 0x53, 0xFE, 0x53, 0xFE, 0x73, 0xFE, 0x53, 0xFE, 0x53, 0xFE,
    0x73, 0xFE, 0x53, 0xFE, 0x53, 0xFE, 0x8A, 0xE4, 0x94, 0xFE, 0x08, 0xFD, 0x07, 0xFD, 0x07, 0xFD,
    0x07, 0xFD, 0x07, 0xFD, 0x07, 0xFD, 0x07, 0xFD, 0x07, 0xFD, 0x07, 0xFD, 0xE7, 0xFC, 0x40, 0x9A,
    0x73, 0xFE, 0xE7, 0xFC, 0xC6, 0xFC, 0xC6, 0xFC, 0xC6, 0xFC, 0xC6, 0xFC, 0xC6, 0xFC, 0xC6, 0xFC,
    0xC6, 0xFC, 0xE6, 0xFC, 0xC6, 0xFC, 0x40, 0x92, 0x8B, 0xE4, 0x40, 0x9A, 0x40, 0x92, 0x40, 0x92,
    0x40, 0x92, 0x40, 0x92, 0x40, 0x92, 0x40, 0x9A, 0xAA, 0xEC, 0xE6, 0xFC, 0xC6, 0xFC, 0x40, 0x92,
    0xE0, 0x40, 0xC0, 0x38, 0x40, 0x61, 0x40, 0x61, 0xC0, 0x38, 0xC0, 0x38, 0x40, 0x61, 0xE4, 0x71,
    0x53, 0xFE, 0x07, 0xFD, 0xC6, 0xFC, 0x40, 0x92, 0xA0, 0x79, 0xC0, 0x79, 0xE0, 0xC2, 0xE0, 0xC2,
    0xC0, 0x79, 0xC0, 0x79, 0xE0, 0xC2, 0x24, 0xCB, 0x73, 0xFE, 0x07, 0xFD, 0xC6, 0xFC, 0x40, 0x92,
    0xE0, 0xCA, 0xE0, 0xC2, 0xC0, 0x81, 0xC0, 0x81, 0xE0, 0xC2, 0xE0, 0xC2, 0xC0, 0x81, 0x44, 0x82,
    0x53, 0xFE, 0xE7, 0xFC, 0xC5, 0xFC, 0x40, 0x92, 0x45, 0xCB, 0x24, 0xCB, 0x44, 0x82, 0x02, 0x82,
    0xE0, 0xC2, 0xE0, 0xC2, 0xC0, 0x81, 0x02, 0x82, 0x8A, 0xE4, 0x81, 0xA2, 0x61, 0x9A, 0x00, 0x8A,
    0xD7, 0xFE, 0x73, 0xFE, 0x53, 0xFE, 0x6A, 0xE4, 0xA0, 0x71, 0xC0, 0x81, 0xE0, 0xC2, 0x01, 0xCB,
    0x29, 0xFD, 0xC6, 0xFC, 0xC6, 0xFC, 0x62, 0xCB, 0x94, 0xFE, 0x08, 0xFD, 0xE7, 0xFC, 0x40, 0x9A,
    0xC0, 0x40, 0xC0, 0x79, 0xE0, 0xC2, 0x00, 0xCB, 0xC6, 0xFC, 0xC1, 0xFB, 0xA0, 0xF3, 0xA0, 0x79,
    0x73, 0xFE, 0xE7, 0xFC, 0xC5, 0xFC, 0x20, 0x92, 0x40, 0x61, 0xE0, 0xC2, 0xC0, 0x81, 0x00, 0x82,
    0xC6, 0xFC, 0xA0, 0xF3, 0x80, 0xF3, 0xA0, 0x71, 0xCC, 0xEC, 0xA4, 0xA2, 0xA4, 0x9A, 0x22, 0x8A,
    0x40, 0x61, 0xE0, 0xC2, 0xC0, 0x81, 0xE0, 0x81, 0xA6, 0xCB, 0x24, 0x82, 0x24, 0x7A, 0xC2, 0x69,
    0xF7, 0xFE, 0x73, 0xFE, 0x53, 0xFE, 0x6A, 0xE4, 0xE0, 0x40, 0xC0, 0x79, 0xE0, 0xC2, 0x45, 0xCB,
    0xD7, 0xFE, 0x73, 0xFE, 0x53, 0xFE, 0x8A, 0xE4, 0x94, 0xFE, 0x08, 0xFD, 0xE7, 0xFC, 0x40, 0x9A,
    0xC0, 0x38, 0xC0, 0x79, 0xE0, 0xC2, 0x24, 0xCB, 0x73, 0xFE, 0x08, 0xFD, 0xE7, 0xFC, 0x40, 0x9A,
    0x73, 0xFE, 0xE7, 0xFC, 0xC5, 0xFC, 0x20, 0x92, 0x40, 0x61, 0xE0, 0xC2, 0xC0, 0x81, 0x44, 0x82,
    0x53, 0xFE, 0xE7, 0xFC, 0xC5, 0xFC, 0x40, 0x92, 0x8B, 0xE4, 0x40, 0x9A, 0x20, 0x92, 0xC0, 0x79,
    0x40, 0x61, 0xE0, 0xC2, 0xC0, 0x81, 0x02, 0x82, 0x6A, 0xE4, 0x40, 0x9A, 0x20, 0x92, 0xC0, 0x81,
    0xE0, 0x40, 0xC0, 0x38, 0x40, 0x61, 0x40, 0x61, 0xC0, 0x38, 0xC0, 0x79, 0xE0, 0xC2, 0xE0, 0xC2,
    0xA0, 0x71, 0xC0, 0x40, 0x40, 0x61, 0x40, 0x61, 0xA0, 0x79, 0xC0, 0x79, 0xE0, 0xC2, 0xE0, 0xC2,
    0xC0, 0x79, 0xC0, 0x81, 0xE0, 0xC2, 0xE0, 0xC2, 0xC0, 0x81, 0xC0, 0x79, 0xE0, 0xC2, 0xE0, 0xC2,
    0xE0, 0xCA, 0xE0, 0xC2, 0xC0, 0x81, 0xC0, 0x81, 0xE0, 0xC2, 0xE0, 0xC2, 0xC0, 0x81, 0xC0, 0x81,
    0xE0, 0xC2, 0xE0, 0xC2, 0xC0, 0x81, 0xC0, 0x79, 0x22, 0xCB, 0x02, 0xCB, 0x02, 0x82, 0x02, 0x82,
    0x02, 0xCB, 0x02, 0xCB, 0x02, 0x82, 0x02, 0x82, 0x02, 0xCB, 0x02, 0xCB, 0x02, 0x82, 0xE2, 0x79,
    0x2E, 0xF5, 0x0E, 0xED, 0x0E, 0xE5, 0x0E, 0xE5, 0x0E, 0xE5, 0x0E, 0xE5, 0x0E, 0xE5, 0x0E, 0xE5,
    0x0E, 0xE5, 0x0E, 0xE5, 0x0E, 0xE5, 0xAA, 0xAB, 0x2E, 0xED, 0x06, 0xDC, 0xE5, 0xD3, 0xE5, 0xD3,
    0xE5, 0xD3, 0xE5, 0xD3, 0xE5, 0xD3, 0xE5, 0xD3, 0xE5, 0xD3, 0xE5, 0xD3, 0xE5, 0xD3, 0xC0, 0x79,
    0x2E, 0xED, 0xE5, 0xD3, 0xC4, 0xD3, 0xC4, 0xD3, 0xC4, 0xD3, 0xC4, 0xD3, 0xC4, 0xD3, 0xC4, 0xD3,
    0xC4, 0xD3, 0xC4, 0xD3, 0xC4, 0xD3, 0xC0, 0x79, 0x0B, 0xBC, 0x44, 0x82, 0x44, 0x82, 0x44, 0x82,
    0x44, 0x82, 0x44, 0x82, 0x44, 0x82, 0x44, 0x82, 0x44, 0x82, 0x44, 0x82, 0x44, 0x82, 0xE2, 0x79,
    0xD7, 0xFE, 0x73, 0xFE, 0x53, 0xFE, 0x53, 0xFE, 0x53, 0xFE, 0x53, 0xFE, 0x53, 0xFE, 0x53, 0xFE,
    0x53, 0xFE, 0x53, 0xFE, 0x53, 0xFE, 0x8A, 0xE4, 0x94, 0xFE, 0x08, 0xFD, 0x07, 0xFD, 0x07, 0xFD,
    0x07, 0xFD, 0x07, 0xFD, 0x07, 0xFD, 0x07, 0xFD, 0x07, 0xFD, 0x07, 0xFD, 0xE7, 0xFC, 0x40, 0x9A,
    0x73, 0xFE, 0xE7, 0xFC, 0xC6, 0xFC, 0xC6, 0xFC, 0xC6, 0xFC, 0xC6, 0xFC, 0xC6, 0xFC, 0xC6, 0xFC,
    0xC6, 0xFC, 0xC6, 0xFC, 0xC5, 0xFC, 0x40, 0x92, 0x8B, 0xE4, 0x40, 0x9A, 0x40, 0x92, 0x40, 0x92,
    0x40, 0x92, 0x40, 0x92, 0x40, 0x92, 0x40, 0x92, 0x40, 0x92, 0x40, 0x92, 0x20, 0x92, 0xC0, 0x81,
    0xE0, 0x40, 0xC0, 0x38, 0x40, 0x61, 0x40, 0x61, 0xC0, 0x38, 0xC0, 0x38, 0x40, 0x61, 0x40, 0x61,
    0xC0, 0x38, 0xC0, 0x38, 0x40, 0x61, 0x40, 0x61, 0xA0, 0x79, 0xC0, 0x79, 0xE0, 0xC2, 0xE0, 0xC2,
    0xC0, 0x79, 0xC0, 0x79, 0xE0, 0xC2, 0xE0, 0xC2, 0xC0, 0x79, 0xC0, 0x79, 0xE0, 0xC2, 0xE0, 0xC2,
    0xE0, 0xCA, 0xE0, 0xC2, 0xC0, 0x81, 0xC0, 0x81, 0xE0, 0xC2, 0xE0, 0xC2, 0xC0, 0x81, 0xC0, 0x81,
    0xE0, 0xC2, 0xE0, 0xC2, 0xC0, 0x81, 0xC0, 0x79, 0x21, 0xCB, 0x00, 0xCB, 0x00, 0x82, 0x00, 0x82,
    0x00, 0xCB, 0x00, 0xCB, 0x00, 0x82, 0xE0, 0x81, 0x45, 0xCB, 0x24, 0xCB, 0x44, 0x82, 0x02, 0x82,
    0x29, 0xFD, 0xC6, 0xFC, 0xC6, 0xFC, 0xC6, 0xFC, 0xC6, 0xFC, 0xC6, 0xFC, 0xC6, 0xFC, 0xA6, 0xCB,
    0xD7, 0xFE, 0x73, 0xFE, 0x53, 0xFE, 0x8A, 0xE4, 0xE6, 0xFC, 0xC1, 0xFB, 0xC0, 0xFB, 0xC0, 0xFB,
    0xC0, 0xFB, 0xC0, 0xFB, 0xA0, 0xF3, 0x24, 0x82, 0x73, 0xFE, 0x08, 0xFD, 0xE7, 0xFC, 0x40, 0x9A,
    0xE6, 0xFC, 0xA0, 0xF3, 0xA0, 0xF3, 0xA0, 0xF3, 0xA0, 0xF3, 0xA0, 0xF3, 0x80, 0xF3, 0x24, 0x7A,
    0x53, 0xFE, 0xE7, 0xFC, 0xC5, 0xFC, 0x40, 0x92, 0xC6, 0xD3, 0x24, 0x82, 0x24, 0x82, 0x02, 0x7A,
    0xA0, 0x71, 0xA0, 0x71, 0xC0, 0x79, 0xE2, 0x71, 0xAB, 0xE4, 0xA4, 0xA2, 0xA4, 0x9A, 0x22, 0x8A,
    0xD7, 0xFE, 0x73, 0xFE, 0x53, 0xFE, 0x6A, 0xE4, 0xE0, 0x48, 0xA0, 0x79, 0xE0, 0xC2, 0x45, 0xCB,
    0xD7, 0xFE, 0x73, 0xFE, 0x53, 0xFE, 0x8A, 0xE4, 0x94, 0xFE, 0x08, 0xFD, 0xE7, 0xFC, 0x40, 0x9A,
    0xC0, 0x38, 0xC0, 0x79, 0xE0, 0xC2, 0x24, 0xCB, 0x73, 0xFE, 0x08, 0xFD, 0xE7, 0xFC, 0x40, 0x9A,
    0x73, 0xFE, 0xE7, 0xFC, 0xC5, 0xFC, 0x20, 0x92, 0x40, 0x61, 0xE0, 0xC2, 0xC0, 0x81, 0x44, 0x82,
    0x53, 0xFE, 0x07, 0xFD, 0xC6, 0xFC, 0x40, 0x92, 0x8B, 0xE4, 0x40, 0x9A, 0x20, 0x92, 0xC0, 0x79,
    0x40, 0x61, 0xE0, 0xC2, 0xC0, 0x81, 0x44, 0x82, 0x53, 0xFE, 0x07, 0xFD, 0xC6, 0xFC, 0x40, 0x92,
    0xE0, 0x40, 0xC0, 0x38, 0x40, 0x61, 0x40, 0x61, 0xC0, 0x38, 0xC0, 0x79, 0xE0, 0xC2, 0x24, 0xCB,
    0x73, 0xFE, 0x07, 0xFD, 0xC6, 0xFC, 0x40, 0x92, 0xA0, 0x79, 0xC0, 0x79, 0xE0, 0xC2, 0xE0, 0xC2,
    0xC0, 0x79, 0xC0, 0x81, 0xE0, 0xC2, 0x24, 0xCB, 0x73, 0xFE, 0x07, 0xFD, 0xC6, 0xFC, 0x40, 0x92,
    0xE0, 0xCA, 0xE0, 0xC2, 0xC0, 0x81, 0xC0, 0x81, 0xE0, 0xC2, 0xE0, 0xC2, 0xC0, 0x81, 0x44, 0x82,
    0x53, 0xFE, 0x07, 0xFD, 0xC6, 0xFC, 0x40, 0x92, 0x21, 0xCB, 0x00, 0xCB, 0x00, 0x82, 0xE0, 0x81,
    0x45, 0xCB, 0x24, 0xCB, 0x44, 0x82, 0x86, 0x8A, 0x73, 0xFE, 0x07, 0xFD, 0xC6, 0xFC, 0x40, 0x92,
    0x29, 0xFD, 0xC6, 0xFC, 0xC6, 0xFC, 0xA6, 0xCB, 0xD7, 0xFE, 0x73, 0xFE, 0x53, 0xFE, 0x73, 0xFE,
    0xD7, 0xFE, 0x08, 0xFD, 0xC6, 0xFC, 0x40, 0x92, 0xE6, 0xFC, 0xC1, 0xFB, 0xA0, 0xF3, 0x24, 0x82,
    0x73, 0xFE, 0x08, 0xFD, 0x07, 0xFD, 0x07, 0xFD, 0x08, 0xFD, 0xE6, 0xFC, 0xC6, 0xFC, 0x40, 0x92,
    0xE6, 0xFC, 0xA0, 0xF3, 0x80, 0xF3, 0x24, 0x7A, 0x53, 0xFE, 0xE7, 0xFC, 0xC6, 0xFC, 0xC6, 0xFC,
    0xC6, 0xFC, 0xC6, 0xFC, 0xC5, 0xFC, 0x40, 0x92, 0xC6, 0xD3, 0x24, 0x82, 0x24, 0x7A, 0x24, 0x7A,
    0x8B, 0xE4, 0x83, 0x9A, 0x82, 0x9A, 0x82, 0x9A, 0x82, 0x9A, 0x82, 0x9A, 0x62, 0x9A, 0x02, 0x82,
    0xD7, 0xFE, 0x73, 0xFE, 0x53, 0xFE, 0x8B, 0xE4, 0x2E, 0xF5, 0x0E, 0xE5, 0x0E, 0xE5, 0x0E, 0xE5,
    0x0E, 0xE5, 0x0E, 0xE5, 0x0E, 0xE5, 0xAA, 0xB3, 0x94, 0xFE, 0x08, 0xFD, 0xE7, 0xFC, 0x83, 0x9A,
    0x0E, 0xE5, 0x06, 0xDC, 0xE5, 0xD3, 0xE5, 0xD3, 0xE5, 0xD3, 0xE5, 0xD3, 0xE5, 0xD3, 0xC0, 0x79,
    0x73, 0xFE, 0xE7, 0xFC, 0xC5, 0xFC, 0x62, 0x9A, 0x0E, 0xE5, 0xE5, 0xD3, 0xC4, 0xD3, 0xC4, 0xD3,
    0xC4, 0xD3, 0xE4, 0xD3, 0xC4, 0xD3, 0xC0, 0x79, 0x8B, 0xE4, 0x40, 0x9A, 0x20, 0x92, 0x02, 0x82,
    0xAA, 0xAB, 0xC0, 0x79, 0xC0, 0x71, 0xC0, 0x79, 0xCA, 0xB3, 0xE5, 0xD3, 0xC4, 0xD3, 0xC0, 0x79,
    0xE0, 0x40, 0xC0, 0x38, 0x40, 0x61, 0x40, 0x61, 0xC0, 0x38, 0xC0, 0x38, 0x40, 0x61, 0xA2, 0x69,
    0x0E, 0xE5, 0xE5, 0xD3, 0xC4, 0xD3, 0xC0, 0x79, 0xA0, 0x79, 0xC0, 0x79, 0xE0, 0xC2, 0xE0, 0xC2,
    0xC0, 0x79, 0xC0, 0x79, 0xE0, 0xC2, 0x02, 0xCB, 0x0E, 0xE5, 0xE5, 0xD3, 0xC4, 0xD3, 0xC0, 0x79,
    0xE0, 0xCA, 0xE0, 0xC2, 0xC0, 0x81, 0xC0, 0x81, 0xE0, 0xC2, 0xE0, 0xC2, 0xC0, 0x81, 0x02, 0x82,
    0x0E, 0xE5, 0xE5, 0xD3, 0xC4, 0xD3, 0xC0, 0x79, 0x45, 0xCB, 0x24, 0xCB, 0x44, 0x82, 0x02, 0x82,
    0x02, 0xCB, 0x02, 0xCB, 0x02, 0x82, 0x44, 0x82, 0x0E, 0xE5, 0xE5, 0xD3, 0xC4, 0xD3, 0xC0, 0x79,
    0xD7, 0xFE, 0x73, 0xFE, 0x53, 0xFE, 0x8B, 0xE4, 0x2E, 0xF5, 0x0E, 0xED, 0x0E, 0xE5, 0x0E, 0xE5,
    0x2E, 0xF5, 0xE5, 0xD3, 0xC4, 0xD3, 0xC0, 0x79, 0x94, 0xFE, 0x08, 0xFD, 0xE7, 0xFC, 0x83, 0x9A,
    0x0E, 0xE5, 0x06, 0xDC, 0xE5, 0xD3, 0xE5, 0xD3, 0xE5, 0xD3, 0xE4, 0xD3, 0xC4, 0xD3, 0xC0, 0x79,
    0x73, 0xFE, 0xE7, 0xFC, 0xC5, 0xFC, 0x62, 0x9A, 0x0E, 0xE5, 0xE5, 0xD3, 0xC4, 0xD3, 0xC4, 0xD3,
    0xC4, 0xD3, 0xC4, 0xD3, 0xC4, 0xD3, 0xC0, 0x79, 0xAB, 0xEC, 0x83, 0x9A, 0x62, 0x9A, 0x44, 0x8A,
    0xAA, 0xAB, 0xC0, 0x79, 0xC0, 0x79, 0xC0, 0x79, 0x45, 0x82, 0x44, 0x82, 0x44, 0x82, 0xE2, 0x79,
    0x4E, 0xF5, 0x0E, 0xE5, 0x0E, 0xE5, 0xAA, 0xAB, 0xC0, 0x40, 0xA0, 0x79, 0xE0, 0xC2, 0x45, 0xCB,
    0xB7, 0xFE, 0x73, 0xFE, 0x53, 0xFE, 0x8A, 0xE4, 0x2E, 0xED, 0x06, 0xDC, 0xE5, 0xD3, 0xC0, 0x79,
    0xC0, 0x38, 0xC0, 0x79, 0xE0, 0xC2, 0x24, 0xCB, 0x73, 0xFE, 0x08, 0xFD, 0xE7, 0xFC, 0x40, 0x9A,
    0x2E, 0xED, 0xE5, 0xD3, 0xC4, 0xD3, 0xC0, 0x71, 0x40, 0x61, 0xE0, 0xC2, 0xC0, 0x81, 0x44, 0x82,
    0x53, 0xFE, 0xE7, 0xFC, 0xC5, 0xFC, 0x40, 0x92, 0x2E, 0xED, 0xE5, 0xD3, 0xC4, 0xD3, 0xC0, 0x71,
    0x40, 0x61, 0xE0, 0xC2, 0xC0, 0x81, 0x02, 0x82, 0x6A, 0xE4, 0x40, 0x9A, 0x20, 0x92, 0xC0, 0x81,
    0x2E, 0xED, 0xE5, 0xD3, 0xC4, 0xD3, 0xA0, 0x71, 0xC0, 0x38, 0xC0, 0x79, 0xE0, 0xC2, 0xE0, 0xC2,
    0xA0, 0x71, 0xC0, 0x40, 0x40, 0x61, 0x40, 0x61, 0x2E, 0xED, 0xE5, 0xD3, 0xC4, 0xD3, 0xA0, 0x71,
    0xC0, 0x38, 0xC0, 0x79, 0xE0, 0xC2, 0xE0, 0xC2, 0xC0, 0x81, 0xC0, 0x79, 0xE0, 0xC2, 0xE0, 0xC2,
    0x2E, 0xED, 0xE5, 0xD3, 0xC4, 0xD3, 0xC0, 0x71, 0x40, 0x61, 0xE0, 0xC2, 0xC0, 0x81, 0xC0, 0x81,
    0xE0, 0xC2, 0xE0, 0xC2, 0xC0, 0x81, 0xC0, 0x79, 0x2E, 0xED, 0xE5, 0xD3, 0xC4, 0xD3, 0xC0, 0x71,
    0x40, 0x61, 0xE0, 0xC2, 0xC0, 0x81, 0xC0, 0x81, 0x45, 0xCB, 0x24, 0xCB, 0x44, 0x82, 0x02, 0x82,
    0x2E, 0xED, 0xE5, 0xD3, 0xC4, 0xD3, 0xA0, 0x71, 0xC0, 0x38, 0xC0, 0x79, 0xE0, 0xC2, 0x45, 0xCB,
    0xD7, 0xFE, 0x73, 0xFE, 0x53, 0xFE, 0x8A, 0xE4, 0x2E, 0xED, 0xE5, 0xD3, 0xC4, 0xD3, 0xA0, 0x71,
    0xC0, 0x38, 0xC0, 0x79, 0xE0, 0xC2, 0x24, 0xCB, 0x73, 0xFE, 0x08, 0xFD, 0xE7, 0xFC, 0x40, 0x9A,
    0x2E, 0xED, 0xE5, 0xD3, 0xC4, 0xD3, 0xA0, 0x71, 0x40, 0x61, 0xE0, 0xC2, 0xC0, 0x81, 0x44, 0x82,
    0x53, 0xFE, 0xE7, 0xFC, 0xC5, 0xFC, 0x40, 0x92, 0x0B, 0xBC, 0x44, 0x82, 0x44, 0x82, 0x04, 0x7A,
    0xE4, 0x69, 0x24, 0xCB, 0x44, 0x82, 0x44, 0x8A, 0x8A, 0xE4, 0x81, 0xA2, 0x61, 0x9A, 0x00, 0x8A,
    0xD7, 0xFE, 0x73, 0xFE, 0x53, 0xFE, 0x53, 0xFE, 0x53, 0xFE, 0x73, 0xFE, 0x53, 0xFE, 0x8A, 0xE4,
    0x29, 0xFD, 0xC6, 0xFC, 0xC6, 0xFC, 0x62, 0xCB, 0x94, 0xFE, 0x08, 0xFD, 0x07, 0xFD, 0x07, 0xFD,
    0x07, 0xFD, 0x07, 0xFD, 0xE7, 0xFC, 0x81, 0xA2, 0xC6, 0xFC, 0xC1, 0xFB, 0xA0, 0xF3, 0xA0, 0x79,
    0x73, 0xFE, 0x07, 0xFD, 0xE6, 0xFC, 0xC6, 0xFC, 0xC6, 0xFC, 0xC6, 0xFC, 0xC5, 0xFC, 0x61, 0x9A,
    0xC6, 0xFC, 0xA0, 0xF3, 0x80, 0xF3, 0xA0, 0x71, 0x73, 0xFE, 0x07, 0xFD, 0xC6, 0xFC, 0x41, 0x92,
    0x20, 0x92, 0x40, 0x92, 0x20, 0x92, 0xE0, 0x81, 0x62, 0xCB, 0xA0, 0x71, 0xA0, 0x71, 0x40, 0x61,
    0x73, 0xFE, 0x07, 0xFD, 0xC6, 0xFC, 0x20, 0x92, 0xC0, 0x38, 0xC0, 0x38, 0x40, 0x61, 0x40, 0x61,
    0xC0, 0x40, 0xC0, 0x38, 0x40, 0x61, 0x40, 0x61, 0x73, 0xFE, 0x07, 0xFD, 0xC6, 0xFC, 0x40, 0x92,
    0xC0, 0x38, 0xC0, 0x79, 0xE0, 0xC2, 0xE0, 0xC2, 0xC0, 0x79, 0xC0, 0x79, 0xE0, 0xC2, 0xE0, 0xC2,
    0x73, 0xFE, 0x07, 0xFD, 0xC6, 0xFC, 0x40, 0x92, 0x40, 0x61, 0xE0, 0xC2, 0xC0, 0x81, 0xC0, 0x81,
    0xE0, 0xC2, 0xE0, 0xC2, 0xC0, 0x81, 0xC0, 0x79, 0x73, 0xFE, 0x07, 0xFD, 0xC6, 0xFC, 0x40, 0x92,
    0x40, 0x61, 0xE0, 0xC2, 0xC0, 0x81, 0xC0, 0x81, 0x45, 0xCB, 0x24, 0xCB, 0x44, 0x82, 0x02, 0x82,
    0x73, 0xFE, 0x07, 0xFD, 0xC6, 0xFC, 0x40, 0x92, 0xC0, 0x38, 0xC0, 0x79, 0xE0, 0xC2, 0x45, 0xCB,
    0xD7, 0xFE, 0x73, 0xFE, 0x53, 0xFE, 0x8A, 0xE4, 0x73, 0xFE, 0x07, 0xFD, 0xC6, 0xFC, 0x40, 0x92,
    0xC0, 0x38, 0xC0, 0x79, 0xE0, 0xC2, 0x24, 0xCB, 0x73, 0xFE, 0x08, 0xFD, 0xE7, 0xFC, 0x40, 0x9A,
    0x73, 0xFE, 0xE7, 0xFC, 0xC5, 0xFC, 0x20, 0x92, 0x40, 0x61, 0xE0, 0xC2, 0xC0, 0x81, 0x44, 0x82,
    0x53, 0xFE, 0xE7, 0xFC, 0xC5, 0xFC, 0x40, 0x92, 0xCC, 0xEC, 0xA4, 0xA2, 0xA4, 0x9A, 0x22, 0x8A,
    0x40, 0x61, 0xE0, 0xC2, 0xC0, 0x81, 0x02, 0x82, 0xAB, 0xE4, 0xA4, 0xA2, 0xA4, 0x9A, 0x22, 0x8A,
    0xF7, 0xFE, 0x73, 0xFE, 0x53, 0xFE, 0x6A, 0xE4, 0xE0, 0x40, 0xC0, 0x79, 0xE0, 0xC2, 0x45, 0xCB,
    0xD7, 0xFE, 0x73, 0xFE, 0x53, 0xFE, 0x8A, 0xE4, 0x94, 0xFE, 0x08, 0xFD, 0xE7, 0xFC, 0x40, 0x9A,
    0xC0, 0x38, 0xC0, 0x79, 0xE0, 0xC2, 0x24, 0xCB, 0x73, 0xFE, 0x08, 0xFD, 0xE7, 0xFC, 0x40, 0x9A,
    0x73, 0xFE, 0x07, 0xFD, 0xC6, 0xFC, 0x40, 0x92, 0x40, 0x61, 0xE0, 0xC2, 0xC0, 0x81, 0x44, 0x82,
    0x53, 0xFE, 0xE7, 0xFC, 0xC5, 0xFC, 0x40, 0x92, 0x73, 0xFE, 0x07, 0xFD, 0xC6, 0xFC, 0x40, 0x92,
    0x40, 0x61, 0xE0, 0xC2, 0xC0, 0x81, 0x02, 0x82, 0x8A, 0xE4, 0x81, 0xA2, 0x61, 0x9A, 0x00, 0x8A,
    0x73, 0xFE, 0x07, 0xFD, 0xC6, 0xFC, 0x40, 0x92, 0xC0, 0x38, 0xC0, 0x79, 0xE0, 0xC2, 0x01, 0xCB,
    0x29, 0xFD, 0xC6, 0xFC, 0xC6, 0xFC, 0x62, 0xCB, 0x73, 0xFE, 0x07, 0xFD, 0xC6, 0xFC, 0x40, 0x92,
    0xC0, 0x38, 0xC0, 0x79, 0xE0, 0xC2, 0x00, 0xCB, 0xC6, 0xFC, 0xC1, 0xFB, 0xA0, 0xF3, 0xA0, 0x79,
    0x73, 0xFE, 0x07, 0xFD, 0xC6, 0xFC, 0x40, 0x92, 0x40, 0x61, 0xE0, 0xC2, 0xC0, 0x81, 0x00, 0x82,
    0xC6, 0xFC, 0xC0, 0xFB, 0xA0, 0xF3, 0xA0, 0x71, 0x73, 0xFE, 0x07, 0xFD, 0xC6, 0xFC, 0x40, 0x92,
    0x40, 0x61, 0xE0, 0xC2, 0xC0, 0x81, 0x00, 0x82, 0xC6, 0xFC, 0xC0, 0xFB, 0xA0, 0xF3, 0xA0, 0x71,
    0x73, 0xFE, 0x07, 0xFD, 0xC6, 0xFC, 0x40, 0x92, 0xC0, 0x38, 0xC0, 0x79, 0xE0, 0xC2, 0x00, 0xCB,
    0xC6, 0xFC, 0xC0, 0xFB, 0xA0, 0xF3, 0xA0, 0x71, 0x73, 0xFE, 0x07, 0xFD, 0xC6, 0xFC, 0x40, 0x92,
    0xC0, 0x38, 0xC0, 0x79, 0xE0, 0xC2, 0x00, 0xCB, 0xC6, 0xFC, 0xC0, 0xFB, 0xA0, 0xF3, 0xA0, 0x71,
    0x73, 0xFE, 0xE7, 0xFC, 0xC5, 0xFC, 0x20, 0x92, 0x40, 0x61, 0xE0, 0xC2, 0xC0, 0x81, 0x00, 0x82,
    0xC6, 0xFC, 0xA0, 0xF3, 0x80, 0xF3, 0xA0, 0x71, 0xAB, 0xEC, 0x83, 0x9A, 0x62, 0x9A, 0x02, 0x82,
    0xA2, 0x69, 0x02, 0xCB, 0x02, 0x82, 0x22, 0x82, 0x84, 0xCB, 0x02, 0x82, 0xE2, 0x79, 0xA2, 0x69,
    0x4E, 0xF5, 0x0E, 0xE5, 0x0E, 0xE5, 0x0E, 0xE5, 0x0E, 0xE5, 0x0E, 0xE5, 0x0E, 0xE5, 0x0E, 0xE5,
    0x0E, 0xE5, 0x0E, 0xE5, 0x0E, 0xE5, 0xAA, 0xAB, 0x2E, 0xED, 0x06, 0xDC, 0xE5, 0xD3, 0xE5, 0xD3,
    0xE5, 0xD3, 0xE5, 0xD3, 0xE5, 0xD3, 0xE5, 0xD3, 0xE5, 0xD3, 0xE5, 0xD3, 0xE5, 0xD3, 0xC0, 0x79,
    0x2E, 0xED, 0xE5, 0xD3, 0xE4, 0xD3, 0xC4, 0xD3, 0xC4, 0xD3, 0xC4, 0xD3, 0xC4, 0xD3, 0xC4, 0xD3,
    0xC4, 0xD3, 0xE4, 0xD3, 0xC4, 0xD3, 0xC0, 0x79, 0x2E, 0xED, 0xE5, 0xD3, 0xC4, 0xD3, 0xE0, 0x79,
    0xA0, 0x71, 0xA0, 0x71, 0xC0, 0x71, 0xC0, 0x79, 0xCA, 0xB3, 0xE5, 0xD3, 0xC4, 0xD3, 0xC0, 0x79,
    0x2E, 0xED, 0xE5, 0xD3, 0xC4, 0xD3, 0xA0, 0x71, 0xA0, 0x38, 0xC0, 0x38, 0x40, 0x61, 0xA2, 0x69,
    0x0E, 0xE5, 0xE5, 0xD3, 0xC4, 0xD3, 0xC0, 0x79, 0x2E, 0xED, 0xE5, 0xD3, 0xC4, 0xD3, 0xA0, 0x71,
    0xC0, 0x38, 0xC0, 0x79, 0xE0, 0xC2, 0x02, 0xCB, 0x0E, 0xE5, 0xE5, 0xD3, 0xC4, 0xD3, 0xC0, 0x79,
    0x2E, 0xED, 0xE5, 0xD3, 0xC4, 0xD3, 0xA0, 0x71, 0x40, 0x61, 0xE0, 0xC2, 0xC0, 0x81, 0x02, 0x82,
    0x0E, 0xE5, 0xE5, 0xD3, 0xC4, 0xD3, 0xC0, 0x79, 0x0B, 0xBC, 0x44, 0x82, 0x44, 0x82, 0xE2, 0x79,
    0x40, 0x61, 0xE0, 0xC2, 0xC0, 0x81, 0x02, 0x82, 0xEB, 0xB3, 0x44, 0x82, 0x44, 0x82, 0xE2, 0x79,
    0xD7, 0xFE, 0x73, 0xFE, 0x53, 0xFE, 0x6A, 0xE4, 0xE0, 0x40, 0xC0, 0x79, 0xE0, 0xC2, 0x45, 0xCB,
    0xD7, 0xFE, 0x73, 0xFE, 0x53, 0xFE, 0x8A, 0xE4, 0x94, 0xFE, 0x08, 0xFD, 0xE7, 0xFC, 0x40, 0x9A,
    0xC0, 0x38, 0xC0, 0x79, 0xE0, 0xC2, 0x24, 0xCB, 0x73, 0xFE, 0x08, 0xFD, 0xE7, 0xFC, 0x40, 0x9A,
    0x73, 0xFE, 0xE7, 0xFC, 0xC5, 0xFC, 0x20, 0x92, 0x40, 0x61, 0xE0, 0xC2, 0xC0, 0x81, 0x44, 0x82,
    0x53, 0xFE, 0xE7, 0xFC, 0xC5, 0xFC, 0x40, 0x92, 0xAB, 0xEC, 0x81, 0xA2, 0x61, 0x9A, 0xE0, 0x81,
    0x40, 0x61, 0xE0, 0xC2, 0xC0, 0x81, 0x02, 0x82, 0xAB, 0xE4, 0xA4, 0xA2, 0xA4, 0x9A, 0x22, 0x8A,
    0x29, 0xFD, 0xC6, 0xFC, 0xC6, 0xFC, 0x62, 0xCB, 0xC0, 0x40, 0xC0, 0x79, 0xE0, 0xC2, 0x45, 0xCB,
    0xD7, 0xFE, 0x73, 0xFE, 0x53, 0xFE, 0x8A, 0xE4, 0xE6, 0xFC, 0xC1, 0xFB, 0xA0, 0xF3, 0xA0, 0x71,
    0xC0, 0x38, 0xC0, 0x79, 0xE0, 0xC2, 0x24, 0xCB, 0x73, 0xFE, 0x08, 0xFD, 0xE7, 0xFC, 0x40, 0x9A,
    0xE6, 0xFC, 0xA0, 0xF3, 0x80, 0xF3, 0xA0, 0x71, 0x40, 0x61, 0xE0, 0xC2, 0xC0, 0x81, 0x44, 0x82,
    0x53, 0xFE, 0xE7, 0xFC, 0xC5, 0xFC, 0x40, 0x92, 0xC6, 0xD3, 0x24, 0x82, 0x24, 0x7A, 0xC2, 0x69,
    0x40, 0x61, 0xE0, 0xC2, 0xC0, 0x81, 0x02, 0x82, 0x6A, 0xE4, 0x40, 0x9A, 0x20, 0x92, 0xC0, 0x81,
    0xD7, 0xFE, 0x73, 0xFE, 0x53, 0xFE, 0x6A, 0xE4, 0xE0, 0x40, 0xC0, 0x79, 0xE0, 0xC2, 0xE0, 0xC2,
    0xA0, 0x71, 0xC0, 0x40, 0x40, 0x61, 0x40, 0x61, 0x94, 0xFE, 0x08, 0xFD, 0xE7, 0xFC, 0x40, 0x9A,
    0xC0, 0x38, 0xC0, 0x79, 0xE0, 0xC2, 0xE0, 0xC2, 0xC0, 0x81, 0xC0, 0x79, 0xE0, 0xC2, 0xE0, 0xC2,
    0x73, 0xFE, 0x07, 0xFD, 0xC6, 0xFC, 0x40, 0x92, 0x40, 0x61, 0xE0, 0xC2, 0xC0, 0x81, 0xC0, 0x81,
    0xE0, 0xC2, 0xE0, 0xC2, 0xC0, 0x81, 0xC0, 0x79, 0x73, 0xFE, 0x07, 0xFD, 0xC6, 0xFC, 0x40, 0x9A,
    0xE4, 0x71, 0x24, 0xCB, 0x44, 0x82, 0x44, 0x82, 0x24, 0xCB, 0x24, 0xCB, 0x44, 0x82, 0x02, 0x82,
    0x73, 0xFE, 0x07, 0xFD, 0xC6, 0xFC, 0xAA, 0xEC, 0x53, 0xFE, 0x73, 0xFE, 0x53, 0xFE, 0x53, 0xFE,
    0x73, 0xFE, 0x73, 0xFE, 0x53, 0xFE, 0x8A, 0xE4, 0x73, 0xFE, 0x07, 0xFD, 0xE6, 0xFC, 0xE6, 0xFC,
    0x07, 0xFD, 0x07, 0xFD, 0x07, 0xFD, 0x07, 0xFD, 0x07, 0xFD, 0x07, 0xFD, 0xE7, 0xFC, 0x40, 0x9A,
    0x73, 0xFE, 0xE7, 0xFC, 0xC6, 0xFC, 0xC6, 0xFC, 0xC6, 0xFC, 0xC6, 0xFC, 0xC6, 0xFC, 0xC6, 0xFC,
    0xC6, 0xFC, 0xC6, 0xFC, 0xC5, 0xFC, 0x40, 0x92, 0xAB, 0xEC, 0x83, 0x9A, 0x82, 0x9A, 0x82, 0x9A,
    0x82, 0x9A, 0x82, 0x9A, 0x82, 0x9A, 0x83, 0x9A, 0xA5, 0x9A, 0xA4, 0x9A, 0xA4, 0x9A, 0x22, 0x8A,
    0x4E, 0xF5, 0x0E, 0xE5, 0x0E, 0xE5, 0x0E, 0xE5, 0x0E, 0xE5, 0x0E, 0xE5, 0x0E, 0xE5, 0x0B, 0xB4,
    0xB7, 0xFE, 0x73, 0xFE, 0x53, 0xFE, 0x8A, 0xE4, 0x2E, 0xED, 0x06, 0xDC, 0xE5, 0xD3, 0xE5, 0xD3,
    0xE5, 0xD3, 0xE5, 0xD3, 0xE5, 0xD3, 0x44, 0x82, 0x73, 0xFE, 0x08, 0xFD, 0xE7, 0xFC, 0x40, 0x9A,
    0x2E, 0xED, 0xE5, 0xD3, 0xE4, 0xD3, 0xC4, 0xD3, 0xC4, 0xD3, 0xC4, 0xD3, 0xC4, 0xD3, 0x44, 0x82,
    0x53, 0xFE, 0xE7, 0xFC, 0xC5, 0xFC, 0x40, 0x92, 0x2E, 0xED, 0xE5, 0xD3, 0xC4, 0xD3, 0xE0, 0x79,
    0xA0, 0x71, 0xA0, 0x71, 0xA0, 0x71, 0xE2, 0x79, 0x6A, 0xE4, 0x40, 0x9A, 0x20, 0x92, 0xC0, 0x81,
    0x2E, 0xED, 0xE5, 0xD3, 0xC4, 0xD3, 0xA0, 0x71, 0xA0, 0x38, 0xC0, 0x38, 0x40, 0x61, 0x40, 0x61,
    0xE0, 0x40, 0xC0, 0x38, 0x40, 0x61, 0x40, 0x61, 0x2E, 0xED, 0xE5, 0xD3, 0xC4, 0xD3, 0xA0, 0x71,
    0xC0, 0x38, 0xC0, 0x79, 0xE0, 0xC2, 0xE0, 0xC2, 0xC0, 0x79, 0xC0, 0x79, 0xE0, 0xC2, 0xE0, 0xC2,
    0x2E, 0xED, 0xE5, 0xD3, 0xC4, 0xD3, 0xC0, 0x71, 0x40, 0x61, 0xE0, 0xC2, 0xC0, 0x81, 0xC0, 0x81,
    0xE0, 0xC2, 0xE0, 0xC2, 0xC0, 0x81, 0xC0, 0x79, 0x2E, 0xED, 0xE5, 0xD3, 0xC4, 0xD3, 0xC0, 0x79,
    0xA2, 0x69, 0x02, 0xCB, 0x02, 0x82, 0x02, 0x82, 0x45, 0xCB, 0x24, 0xCB, 0x44, 0x82, 0x02, 0x82,
    0x2E, 0xED, 0xE5, 0xD3, 0xC4, 0xD3, 0xCA, 0xB3, 0x0E, 0xE5, 0x0E, 0xE5, 0x0E, 0xE5, 0xEB, 0xB3,
    0xD7, 0xFE, 0x73, 0xFE, 0x53, 0xFE, 0x8A, 0xE4, 0x2E, 0xED, 0xE5, 0xD3, 0xE4, 0xD3, 0xE5, 0xD3,
    0xE5, 0xD3, 0xE5, 0xD3, 0xE5, 0xD3, 0x44, 0x82, 0x73, 0xFE, 0x08, 0xFD, 0xE7, 0xFC, 0x40, 0x9A,
    0x2E, 0xED, 0xE5, 0xD3, 0xC4, 0xD3, 0xC4, 0xD3, 0xC4, 0xD3, 0xC4, 0xD3, 0xC4, 0xD3, 0x44, 0x82,
    0x53, 0xFE, 0xE7, 0xFC, 0xC5, 0xFC, 0x40, 0x92, 0x0B, 0xBC, 0x44, 0x82, 0x44, 0x82, 0x02, 0x82,
    0xA0, 0x71, 0xC0, 0x79, 0xC0, 0x79, 0x02, 0x7A, 0xAB, 0xE4, 0xA4, 0xA2, 0xA4, 0x9A, 0x22, 0x8A,
    0xD7, 0xFE, 0x73, 0xFE, 0x53, 0xFE, 0x6A, 0xE4, 0xE0, 0x48, 0xA0, 0x79, 0xE0, 0xC2, 0x45, 0xCB,
    0xD7, 0xFE, 0x73, 0xFE, 0x53, 0xFE, 0x8A, 0xE4, 0x94, 0xFE, 0x08, 0xFD, 0xE7, 0xFC, 0x40, 0x9A,
    0xC0, 0x38, 0xC0, 0x79, 0xE0, 0xC2, 0x24, 0xCB, 0x73, 0xFE, 0x08, 0xFD, 0xE7, 0xFC, 0x40, 0x9A,
    0x73, 0xFE, 0xE7, 0xFC, 0xC5, 0xFC, 0x20, 0x92, 0x40, 0x61, 0xE0, 0xC2, 0xC0, 0x81, 0x44, 0x82,
    0x53, 0xFE, 0xE7, 0xFC, 0xC5, 0xFC, 0x40, 0x92, 0xAB, 0xEC, 0x83, 0x9A, 0x62, 0x9A, 0x02, 0x82,
    0x40, 0x61, 0xE0, 0xC2, 0xC0, 0x81, 0x02, 0x82, 0x8B, 0xE4, 0x83, 0x9A, 0x62, 0x9A, 0x02, 0x82,
    0x4E, 0xF5, 0x0E, 0xE5, 0x0E, 0xE5, 0xAA, 0xAB, 0xC0, 0x38, 0xC0, 0x79, 0xE0, 0xC2, 0x02, 0xCB,
    0x2E, 0xF5, 0x0E, 0xE5, 0x0E, 0xE5, 0xAA, 0xB3, 0x2E, 0xED, 0x06, 0xDC, 0xE5, 0xD3, 0xC0, 0x79,
    0xC0, 0x38, 0xC0, 0x79, 0xE0, 0xC2, 0x02, 0xCB, 0x0E, 0xED, 0x06, 0xDC, 0xE5, 0xD3, 0xC0, 0x79,
    0x2E, 0xED, 0xE5, 0xD3, 0xC4, 0xD3, 0xC0, 0x71, 0x40, 0x61, 0xE0, 0xC2, 0xC0, 0x81, 0x02, 0x82,
    0x0E, 0xE5, 0xE5, 0xD3, 0xC4, 0xD3, 0xC0, 0x79, 0x2E, 0xED, 0xE5, 0xD3, 0xC4, 0xD3, 0xC0, 0x79,
    0xA2, 0x69, 0x02, 0xCB, 0x02, 0x82, 0x44, 0x82, 0x0E, 0xE5, 0xE5, 0xD3, 0xC4, 0xD3, 0xC0, 0x79,
    0x2E, 0xED, 0xE5, 0xD3, 0xC4, 0xD3, 0xCA, 0xB3, 0x0E, 0xE5, 0x0E, 0xE5, 0x0E, 0xE5, 0x0E, 0xE5,
    0x2E, 0xF5, 0xE5, 0xD3, 0xC4, 0xD3, 0xC0, 0x79, 0x2E, 0xED, 0xE5, 0xD3, 0xE4, 0xD3, 0xE5, 0xD3,
    0xE5, 0xD3, 0xE5, 0xD3, 0xE5, 0xD3, 0xE5, 0xD3, 0xE5, 0xD3, 0xE4, 0xD3, 0xC4, 0xD3, 0xC0, 0x79,
    0x2E, 0xED, 0xE5, 0xD3, 0xC4, 0xD3, 0xC4, 0xD3, 0xC4, 0xD3, 0xC4, 0xD3, 0xC4, 0xD3, 0xC4, 0xD3,
    0xC4, 0xD3, 0xC4, 0xD3, 0xC4, 0xD3, 0xC0, 0x79, 0xCA, 0xB3, 0xC0, 0x79, 0xC0, 0x79, 0xC0, 0x79,
    0xC0, 0x79, 0xC0, 0x79, 0xC0, 0x79, 0xC0, 0x79, 0xC0, 0x79, 0xC0, 0x79, 0xC0, 0x79, 0xA0, 0x71,
    0xA0, 0x79, 0xA0, 0x79, 0xE0, 0xC2, 0xE0, 0xC2, 0xA0, 0x79, 0xA0, 0x79, 0xE0, 0xC2, 0xE0, 0xC2,
    0xA0, 0x79, 0xA0, 0x79, 0xE0, 0xC2, 0xE0, 0xCA, 0xC0, 0x79, 0xC0, 0x81, 0xE0, 0xC2, 0xE0, 0xC2,
    0xC0, 0x81, 0xC0, 0x81, 0xE0, 0xC2, 0xE0, 0xC2, 0xC0, 0x81, 0xC0, 0x81, 0xE0, 0xC2, 0xE0, 0xCA,
    0xE0, 0xCA, 0xE0, 0xC2, 0xC0, 0x81, 0xC0, 0x81, 0xE0, 0xC2, 0xE0, 0xC2, 0xC0, 0x81, 0xC0, 0x81,
    0xE0, 0xC2, 0xE0, 0xC2, 0xC0, 0x81, 0xC0, 0x79, 0xE0, 0xCA, 0xE0, 0xC2, 0xC0, 0x81, 0xC0, 0x81,
    0xE0, 0xC2, 0xE0, 0xC2, 0xC0, 0x81, 0xC0, 0x81, 0xE0, 0xC2, 0xE0, 0xC2, 0xC0, 0x81, 0xC0, 0x79,
    0xC0, 0x79, 0xC0, 0x81, 0xE0, 0xC2, 0xE0, 0xC2, 0xC0, 0x81, 0xC0, 0x81, 0xE0, 0xC2, 0xE0, 0xC2,
    0xC0, 0x81, 0xC0, 0x81, 0xE0, 0xC2, 0xE0, 0xCA, 0xC0, 0x79, 0xC0, 0x81, 0xE0, 0xC2, 0xE0, 0xC2,
    0xC0, 0x81, 0xC0, 0x81, 0xE0, 0xC2, 0xE0, 0xC2, 0xC0, 0x81, 0xC0, 0x81, 0xE0, 0xC2, 0xE0, 0xCA,
    0xE0, 0xCA, 0xE0, 0xC2, 0xC0, 0x81, 0xC0, 0x81, 0xE0, 0xC2, 0xE0, 0xC2, 0xC0, 0x81, 0xC0, 0x81,
    0xE0, 0xC2, 0xE0, 0xC2, 0xC0, 0x81, 0xC0, 0x79, 0xE0, 0xCA, 0xE0, 0xC2, 0xC0, 0x81, 0xC0, 0x81,
    0xE0, 0xC2, 0xE0, 0xC2, 0xC0, 0x81, 0xC0, 0x81, 0xE0, 0xC2, 0xE0, 0xC2, 0xC0, 0x81, 0xC0, 0x79,
    0xC0, 0x79, 0xC0, 0x81, 0xE0, 0xC2, 0xE0, 0xC2, 0xC0, 0x81, 0xC0, 0x81, 0xE0, 0xC2, 0xE0, 0xC2,
    0xC0, 0x81, 0xC0, 0x81, 0xE0, 0xC2, 0xE0, 0xCA, 0xC0, 0x79, 0xC0, 0x81, 0xE0, 0xC2, 0xE0, 0xC2,
    0xC0, 0x81, 0xC0, 0x81, 0xE0, 0xC2, 0xE0, 0xC2, 0xC0, 0x81, 0xC0, 0x81, 0xE0, 0xC2, 0xE0, 0xCA,
    0xE0, 0xCA, 0xE0, 0xC2, 0xC0, 0x81, 0xC0, 0x81, 0xE0, 0xC2, 0xE0, 0xC2, 0xC0, 0x81, 0xC0, 0x81,
    0xE0, 0xC2, 0xE0, 0xC2, 0xC0, 0x81, 0xC0, 0x79, 0x45, 0xCB, 0x24, 0xCB, 0x44, 0x82, 0x02, 0x82,
    0x45, 0xCB, 0x44, 0xC3, 0x44, 0x7A, 0x22, 0x7A, 0x45, 0xCB, 0x24, 0xCB, 0x44, 0x82, 0x02, 0x82,
    0xD7, 0xFE, 0x73, 0xFE, 0x53, 0xFE, 0xAB, 0xE4, 0x91, 0x86, 0x6E, 0x66, 0x6E, 0x5E, 0x2B, 0x5D,
    0xD7, 0xFE, 0x73, 0xFE, 0x53, 0xFE, 0x8A, 0xE4, 0x94, 0xFE, 0x08, 0xFD, 0xE7, 0xFC, 0xA3, 0x9A,
    0x6E, 0x5E, 0xA4, 0x0D, 0x83, 0x05, 0x24, 0x3B, 0x73, 0xFE, 0x08, 0xFD, 0xE7, 0xFC, 0x40, 0x9A,
    0x73, 0xFE, 0xE7, 0xFC, 0xC5, 0xFC, 0xA3, 0x92, 0x6E, 0x5E, 0xA4, 0x0D, 0x83, 0x05, 0x04, 0x3B,
    0x53, 0xFE, 0xE7, 0xFC, 0xC5, 0xFC, 0x40, 0x92, 0xCB, 0xE4, 0xA3, 0x9A, 0xA3, 0x92, 0xA4, 0x7A,
    0x6E, 0x66, 0xA4, 0x0D, 0x83, 0x05, 0x02, 0x3B, 0xAB, 0xE4, 0xA3, 0x9A, 0xA3, 0x92, 0x20, 0x7A,
    0xB2, 0x86, 0x6E, 0x5E, 0x6E, 0x5E, 0x6E, 0x66, 0xF4, 0x8E, 0xA4, 0x0D, 0x83, 0x05, 0x4A, 0x45,
    0x6E, 0x66, 0x6E, 0x5E, 0x6E, 0x5E, 0xC2, 0x1C, 0x8F, 0x5E, 0xA4, 0x0D, 0xA4, 0x0D, 0xA4, 0x0D,
    0xA4, 0x0D, 0x62, 0x05, 0x62, 0x05, 0xA4, 0x0D, 0xA4, 0x0D, 0xA4, 0x0D, 0x84, 0x0D, 0xC0, 0x02,
    0x8F, 0x5E, 0x83, 0x05, 0x83, 0x05, 0x83, 0x05, 0x83, 0x05, 0x62, 0x05, 0x62, 0x05, 0x83, 0x05,
    0x83, 0x05, 0x83, 0x05, 0x63, 0x05, 0xA0, 0x02, 0x4A, 0x5D, 0xE0, 0x3A, 0xE0, 0x3A, 0xE0, 0x32,
    0x4A, 0x45, 0xA4, 0x0D, 0x83, 0x05, 0xE0, 0x02, 0x05, 0x3B, 0x04, 0x3B, 0x04, 0x3B, 0x82, 0x3A,
    0x29, 0xFD, 0xC6, 0xFC, 0xC6, 0xFC, 0xA4, 0xC3, 0x6E, 0x5E, 0xA4, 0x0D, 0x83, 0x05, 0x05, 0x3B,
    0xD7, 0xF6, 0x73, 0xFE, 0x53, 0xFE, 0x8A, 0xE4, 0xE6, 0xFC, 0xC1, 0xFB, 0xA0, 0xF3, 0x42, 0x7A,
    0x6E, 0x5E, 0xA4, 0x0D, 0x83, 0x05, 0x04, 0x3B, 0x73, 0xFE, 0x08, 0xFD, 0xE7, 0xFC, 0x40, 0x9A,
    0xE6, 0xFC, 0xA0, 0xF3, 0x80, 0xF3, 0x22, 0x72, 0x6E, 0x5E, 0x84, 0x0D, 0x63, 0x05, 0x04, 0x3B,
    0x53, 0xFE, 0xE7, 0xFC, 0xC5, 0xFC, 0x40, 0x92, 0xA4, 0xD3, 0x02, 0x82, 0xE2, 0x79, 0x22, 0x6A,
    0xC4, 0x34, 0xE2, 0x32, 0xE2, 0x32, 0xA4, 0x4A, 0x8B, 0xE4, 0x83, 0x9A, 0x62, 0x9A, 0x02, 0x82,
    0x2E, 0xF5, 0x0E, 0xE5, 0x0E, 0xE5, 0x0E, 0xE5, 0x2E, 0xE5, 0x0E, 0xE5, 0x0E, 0xE5, 0x0E, 0xE5,
    0x0E, 0xED, 0x0E, 0xE5, 0x0E, 0xE5, 0xAA, 0xB3, 0x2E, 0xED, 0x06, 0xDC, 0xE5, 0xD3, 0xE5, 0xD3,
    0xE5, 0xD3, 0xE5, 0xD3, 0xE5, 0xD3, 0xE5, 0xD3, 0xE5, 0xD3, 0xE5, 0xD3, 0xE5, 0xD3, 0xC0, 0x79,
    0x2E, 0xED, 0xE5, 0xD3, 0xC4, 0xD3, 0xC4, 0xD3, 0xC4, 0xD3, 0xC4, 0xD3, 0xC4, 0xD3, 0xC4, 0xD3,
    0xC4, 0xD3, 0xC4, 0xD3, 0xC4, 0xD3, 0xC0, 0x79, 0x0B, 0xB4, 0x42, 0x7A, 0x42, 0x72, 0x42, 0x72,
    0x42, 0x72, 0x42, 0x72, 0x42, 0x72, 0x42, 0x72, 0x42, 0x72, 0x42, 0x72, 0x42, 0x72, 0xE0, 0x69,
    0xB2, 0x7E, 0x6E, 0x5E, 0x6E, 0x5E, 0x6E, 0x5E, 0x6E, 0x5E, 0x6E, 0x5E, 0x6E, 0x5E, 0x6E, 0x5E,
    0x6E, 0x5E, 0x6E, 0x5E, 0x6E, 0x5E, 0xC2, 0x14, 0x8F, 0x5E, 0xA4, 0x0D, 0xA4, 0x0D, 0xA4, 0x0D,
    0xA4, 0x0D, 0xA4, 0x0D, 0xA4, 0x0D, 0xA4, 0x0D, 0xA4, 0x0D, 0xA4, 0x0D, 0x84, 0x0D, 0xC0, 0x02,
    0x8F, 0x5E, 0x83, 0x05, 0x83, 0x05, 0x83, 0x05, 0x83, 0x05, 0x62, 0x05, 0x62, 0x05, 0x83, 0x05,
    0x83, 0x05, 0x83, 0x05, 0x63, 0x05, 0xA0, 0x02, 0x4B, 0x5D, 0x24, 0x3B, 0x04, 0x3B, 0x02, 0x3B,
    0x4A, 0x45, 0xA4, 0x0D, 0x83, 0x05, 0xE0, 0x02, 0x05, 0x3B, 0x04, 0x3B, 0x04, 0x3B, 0x82, 0x3A,
    0xF7, 0xFE, 0x73, 0xFE, 0x53, 0xFE, 0xAB, 0xE4, 0x6E, 0x66, 0xA4, 0x0D, 0x83, 0x05, 0x05, 0x3B,
    0xD7, 0xF6, 0x73, 0xFE, 0x53, 0xFE, 0x8A, 0xE4, 0x94, 0xFE, 0x08, 0xFD, 0xE7, 0xFC, 0xA3, 0x9A,
    0x6E, 0x5E, 0xA4, 0x0D, 0x83, 0x05, 0x04, 0x3B, 0x73, 0xFE, 0x08, 0xFD, 0xE7, 0xFC, 0x40, 0x9A,
    0x73, 0xFE, 0xE7, 0xFC, 0xC5, 0xFC, 0xA3, 0x92, 0x6E, 0x5E, 0x84, 0x0D, 0x63, 0x05, 0x04, 0x3B,
    0x53, 0xFE, 0xE7, 0xFC, 0xC5, 0xFC, 0x40, 0x92, 0xCC, 0xEC, 0xA4, 0xA2, 0xA4, 0x9A, 0x83, 0x82,
    0xE5, 0x2C, 0x24, 0x1B, 0x04, 0x1B, 0xC4, 0x3A, 0x8B, 0xE4, 0x83, 0x9A, 0x62, 0x9A, 0x02, 0x82,
    0xF7, 0xFE, 0x73, 0xFE, 0x53, 0xFE, 0xAB, 0xE4, 0xB1, 0x7E, 0x6E, 0x5E, 0x6E, 0x5E, 0x2A, 0x55,
    0x2E, 0xED, 0x0E, 0xE5, 0x0E, 0xE5, 0xAA, 0xB3, 0x94, 0xFE, 0x08, 0xFD, 0xE7, 0xFC, 0xA3, 0x9A,
    0x6E, 0x5E, 0xA4, 0x0D, 0x83, 0x05, 0x02, 0x33, 0x0E, 0xE5, 0x06, 0xDC, 0xE5, 0xD3, 0xC0, 0x79,
    0x73, 0xFE, 0xE7, 0xFC, 0xC5, 0xFC, 0xA3, 0x92, 0x6E, 0x5E, 0xA4, 0x0D, 0x83, 0x05, 0xE2, 0x32,
    0x0E, 0xE5, 0xE5, 0xD3, 0xC4, 0xD3, 0xC0, 0x79, 0xCB, 0xE4, 0xA3, 0x9A, 0xA3, 0x92, 0xA4, 0x7A,
    0x6E, 0x66, 0xA4, 0x0D, 0x83, 0x05, 0xE2, 0x32, 0x0E, 0xE5, 0xE5, 0xD3, 0xC4, 0xD3, 0xC0, 0x79,
    0xB2, 0x86, 0x6E, 0x5E, 0x6E, 0x5E, 0x6E, 0x66, 0xF4, 0x8E, 0xA4, 0x0D, 0x83, 0x05, 0xE2, 0x32,
    0x0E, 0xE5, 0xE5, 0xD3, 0xC4, 0xD3, 0xC0, 0x79, 0x8F, 0x5E, 0xA4, 0x0D, 0xA4, 0x0D, 0xA4, 0x0D,
    0xA4, 0x0D, 0x62, 0x05, 0x83, 0x05, 0xE2, 0x32, 0x0E, 0xE5, 0xE5, 0xD3, 0xC4, 0xD3, 0xC0, 0x79,
    0x8F, 0x5E, 0x83, 0x05, 0x83, 0x05, 0x83, 0x05, 0x83, 0x05, 0x62, 0x05, 0x83, 0x05, 0xE2, 0x32,
    0x0E, 0xE5, 0xE5, 0xD3, 0xC4, 0xD3, 0xC0, 0x79, 0x4B, 0x5D, 0x24, 0x3B, 0x04, 0x3B, 0x02, 0x3B,
    0x4A, 0x45, 0xA4, 0x0D, 0x83, 0x05, 0xE2, 0x32, 0x0E, 0xE5, 0xE5, 0xD3, 0xC4, 0xD3, 0xC0, 0x79,
    0xF7, 0xFE, 0x73, 0xFE, 0x53, 0xFE, 0xAB, 0xE4, 0x6E, 0x66, 0xA4, 0x0D, 0x83, 0x05, 0xE2, 0x32,
    0x0E, 0xE5, 0xE5, 0xD3, 0xC4, 0xD3, 0xC0, 0x79, 0x94, 0xFE, 0x08, 0xFD, 0xE7, 0xFC, 0xA3, 0x9A,
    0x6E, 0x5E, 0xA4, 0x0D, 0x83, 0x05, 0xE2, 0x32, 0x0E, 0xE5, 0xE5, 0xD3, 0xC4, 0xD3, 0xC0, 0x79,
    0x73, 0xFE, 0xE7, 0xFC, 0xC5, 0xFC, 0xA3, 0x92, 0x6E, 0x5E, 0x84, 0x0D, 0x63, 0x05, 0xE2, 0x32,
    0x0E, 0xE5, 0xE5, 0xD3, 0xC4, 0xD3, 0xC0, 0x79, 0xCC, 0xEC, 0xA4, 0xA2, 0xA4, 0x9A, 0x84, 0x82,
    0xE5, 0x3C, 0x04, 0x3B, 0x04, 0x3B, 0xC5, 0x4A, 0xEB, 0xB3, 0x44, 0x82, 0x44, 0x82, 0xE2, 0x79,
    0xF7, 0xFE, 0x73, 0xFE, 0x73, 0xFE, 0x73, 0xFE, 0x73, 0xFE, 0x73, 0xFE, 0x73, 0xFE, 0x73, 0xFE,
    0x73, 0xFE, 0x53, 0xFE, 0x53, 0xFE, 0x8A, 0xE4, 0x94, 0xFE, 0x08, 0xFD, 0x07, 0xFD, 0x07, 0xFD,
    0x07, 0xFD, 0x07, 0xFD, 0x07, 0xFD, 0x07, 0xFD, 0x07, 0xFD, 0x07, 0xFD, 0xE7, 0xFC, 0x40, 0x9A,
    0x73, 0xFE, 0xE7, 0xFC, 0xC6, 0xFC, 0xC6, 0xFC, 0xC6, 0xFC, 0xC6, 0xFC, 0xC6, 0xFC, 0xC6, 0xFC,
    0xC6, 0xFC, 0xE6, 0xFC, 0xC6, 0xFC, 0x40, 0x92, 0xCB, 0xE4, 0xA3, 0x9A, 0xA3, 0x92, 0xA3, 0x92,
    0xA3, 0x92, 0xA3, 0x92, 0xA3, 0x92, 0xA1, 0x9A, 0xAA, 0xEC, 0xE6, 0xFC, 0xC6, 0xFC, 0x40, 0x92,
    0xB2, 0x86, 0x6E, 0x5E, 0x6E, 0x5E, 0x6E, 0x5E, 0x6E, 0x5E, 0x6E, 0x5E, 0x6E, 0x5E, 0xC5, 0x44,
    0x73, 0xFE, 0x07, 0xFD, 0xC6, 0xFC, 0x40, 0x92, 0x8F, 0x5E, 0xA4, 0x0D, 0xA4, 0x0D, 0xA4, 0x0D,
    0xA4, 0x0D, 0xA4, 0x0D, 0xC5, 0x0D, 0x24, 0x3B, 0x73, 0xFE, 0x07, 0xFD, 0xC6, 0xFC, 0x40, 0x92,
    0x8F, 0x5E, 0x83, 0x05, 0x83, 0x05, 0x83, 0x05, 0x83, 0x05, 0x62, 0x05, 0x83, 0x05, 0x04, 0x3B,
    0x53, 0xFE, 0xE7, 0xFC, 0xC5, 0xFC, 0x40, 0x92, 0x4B, 0x5D, 0x24, 0x3B, 0x04, 0x3B, 0x02, 0x3B,
    0x4A, 0x45, 0xA4, 0x0D, 0x83, 0x05, 0xE2, 0x3A, 0x8A, 0xE4, 0x81, 0xA2, 0x61, 0x9A, 0x00, 0x8A,
    0xF7, 0xFE, 0x73, 0xFE, 0x53, 0xFE, 0xAB, 0xE4, 0x6E, 0x66, 0xA4, 0x0D, 0x83, 0x05, 0xE1, 0x3A,
    0x29, 0xFD, 0xC6, 0xFC, 0xC6, 0xFC, 0x62, 0xCB, 0x94, 0xFE, 0x08, 0xFD, 0xE7, 0xFC, 0xA3, 0x9A,
    0x6E, 0x5E, 0xA4, 0x0D, 0x83, 0x05, 0xE0, 0x3A, 0xC6, 0xFC, 0xC1, 0xFB, 0xA0, 0xF3, 0xA0, 0x79,
    0x73, 0xFE, 0xE7, 0xFC, 0xC5, 0xFC, 0xA3, 0x92, 0x6E, 0x5E, 0x84, 0x0D, 0x63, 0x05, 0xE0, 0x3A,
    0xC6, 0xFC, 0xA0, 0xF3, 0x80, 0xF3, 0xA0, 0x71, 0xCC, 0xEC, 0xA4, 0xA2, 0xA4, 0x9A, 0x83, 0x82,
    0xE5, 0x2C, 0x24, 0x1B, 0x04, 0x1B, 0xA3, 0x3A, 0xA6, 0xCB, 0x24, 0x82, 0x24, 0x7A, 0xC2, 0x69,
    0xF7, 0xFE, 0x73, 0xFE, 0x53, 0xFE, 0xAB, 0xE4, 0xB1, 0x7E, 0x6E, 0x5E, 0x6E, 0x5E, 0x2B, 0x55,
    0xD7, 0xF6, 0x73, 0xFE, 0x53, 0xFE, 0x8A, 0xE4, 0x94, 0xFE, 0x08, 0xFD, 0xE7, 0xFC, 0xA3, 0x9A,
    0x6E, 0x5E, 0xA4, 0x0D, 0x83, 0x05, 0x24, 0x3B, 0x73, 0xFE, 0x08, 0xFD, 0xE7, 0xFC, 0x40, 0x9A,
    0x73, 0xFE, 0xE7, 0xFC, 0xC5, 0xFC, 0xA3, 0x92, 0x6E, 0x5E, 0xA4, 0x0D, 0x83, 0x05, 0x04, 0x3B,
    0x53, 0xFE, 0xE7, 0xFC, 0xC5, 0xFC, 0x40, 0x92, 0xCB, 0xE4, 0xA3, 0x9A, 0xA3, 0x92, 0xA4, 0x7A,
    0x6E, 0x66, 0xA4, 0x0D, 0x83, 0x05, 0x02, 0x3B, 0xAB, 0xE4, 0xA3, 0x9A, 0xA3, 0x92, 0x20, 0x7A,
    0xB2, 0x86, 0x6E, 0x5E, 0x6E, 0x5E, 0x6E, 0x66, 0xF4, 0x8E, 0xA4, 0x0D, 0x83, 0x05, 0x4A, 0x45,
    0x6E, 0x66, 0x6E, 0x5E, 0x6E, 0x5E, 0xC2, 0x1C, 0x8F, 0x5E, 0xA4, 0x0D, 0xA4, 0x0D, 0xA4, 0x0D,
    0xA4, 0x0D, 0x62, 0x05, 0x62, 0x05, 0xA4, 0x0D, 0xA4, 0x0D, 0xA4, 0x0D, 0x84, 0x0D, 0xC0, 0x02,
    0x8F, 0x5E, 0x83, 0x05, 0x83, 0x05, 0x83, 0x05, 0x83, 0x05, 0x83, 0x05, 0x83, 0x05, 0x83, 0x05,
    0x83, 0x05, 0x83, 0x05, 0x63, 0x05, 0xA0, 0x02, 0x4B, 0x55, 0x02, 0x33, 0xE2, 0x32, 0xE2, 0x32,
    0xE2, 0x32, 0xE2, 0x32, 0xE2, 0x32, 0xE2, 0x32, 0xE2, 0x32, 0xE2, 0x32, 0xE2, 0x32, 0x62, 0x2A,
    0x4E, 0xF5, 0x0E, 0xE5, 0x0E, 0xE5, 0x0E, 0xE5, 0x0E, 0xE5, 0x0E, 0xE5, 0x0E, 0xE5, 0x0E, 0xE5,
    0x0E, 0xE5, 0x0E, 0xE5, 0x0E, 0xE5, 0xCA, 0xAB, 0x2E, 0xED, 0x06, 0xDC, 0xE5, 0xD3, 0xE5, 0xD3,
    0xE5, 0xD3, 0xE5, 0xD3, 0xE5, 0xD3, 0xE5, 0xD3, 0xE5, 0xD3, 0xE5, 0xD3, 0xE5, 0xD3, 0xC0, 0x79,
    0x2E, 0xED, 0xE5, 0xD3, 0xC4, 0xD3, 0xC4, 0xD3, 0xC4, 0xD3, 0xC4, 0xD3, 0xC4, 0xD3, 0xC4, 0xD3,
    0xC4, 0xD3, 0xC4, 0xD3, 0xC4, 0xD3, 0xC0, 0x79, 0x0B, 0xBC, 0x44, 0x82, 0x44, 0x82, 0x44, 0x82,
    0x44, 0x82, 0x44, 0x82, 0x44, 0x82, 0x44, 0x82, 0x44, 0x82, 0x44, 0x82, 0x44, 0x82, 0xE2, 0x79,
    0xD7, 0xFE, 0x73, 0xFE, 0x53, 0xFE, 0x53, 0xFE, 0x53, 0xFE, 0x53, 0xFE, 0x53, 0xFE, 0x53, 0xFE,
    0x53, 0xFE, 0x53, 0xFE, 0x53, 0xFE, 0x8A, 0xE4, 0x94, 0xFE, 0x08, 0xFD, 0x07, 0xFD, 0x07, 0xFD,
    0x07, 0xFD, 0x07, 0xFD, 0x07, 0xFD, 0x07, 0xFD, 0x07, 0xFD, 0x07, 0xFD, 0xE7, 0xFC, 0x40, 0x9A,
    0x73, 0xFE, 0xE7, 0xFC, 0xC6, 0xFC, 0xC6, 0xFC, 0xC6, 0xFC, 0xC6, 0xFC, 0xC6, 0xFC, 0xC6, 0xFC,
    0xC6, 0xFC, 0xC6, 0xFC, 0xC5, 0xFC, 0x40, 0x92, 0xCB, 0xE4, 0xA3, 0x9A, 0xA3, 0x92, 0xA3, 0x92,
    0xA3, 0x92, 0xA3, 0x92, 0xA3, 0x92, 0xA3, 0x92, 0xA3, 0x92, 0xA3, 0x92, 0xA3, 0x92, 0x20, 0x7A,
    0xB2, 0x86, 0x6E, 0x5E, 0x6E, 0x5E, 0x6E, 0x5E, 0x6E, 0x5E, 0x6E, 0x5E, 0x6E, 0x5E, 0x6E, 0x5E,
    0x6E, 0x5E, 0x6E, 0x5E, 0x6E, 0x5E, 0xC2, 0x1C, 0x8F, 0x5E, 0xA4, 0x0D, 0xA4, 0x0D, 0xA4, 0x0D,
    0xA4, 0x0D, 0xA4, 0x0D, 0xA4, 0x0D, 0xA4, 0x0D, 0xA4, 0x0D, 0xA4, 0x0D, 0x84, 0x0D, 0xC0, 0x02,
    0x8F, 0x5E, 0x83, 0x05, 0x83, 0x05, 0x83, 0x05, 0x83, 0x05, 0x83, 0x05, 0x83, 0x05, 0x83, 0x05,
    0x83, 0x05, 0x83, 0x05, 0x63, 0x05, 0xA0, 0x02, 0x4A, 0x5D, 0xE0, 0x3A, 0xE0, 0x3A, 0xE0, 0x3A,
    0xE0, 0x3A, 0xE0, 0x3A, 0xE0, 0x3A, 0xE1, 0x32, 0x25, 0x3B, 0x04, 0x3B, 0x04, 0x3B, 0x82, 0x3A,
    0x29, 0xFD, 0xC6, 0xFC, 0xC6, 0xFC, 0xC6, 0xFC, 0xC6, 0xFC, 0xC6, 0xFC, 0xC6, 0xFC, 0xA6, 0xCB,
    0xB7, 0xF6, 0x73, 0xFE, 0x53, 0xFE, 0x8A, 0xE4, 0xE6, 0xFC, 0xC1, 0xFB, 0xC0, 0xFB, 0xC0, 0xFB,
    0xC0, 0xFB, 0xC0, 0xFB, 0xA0, 0xF3, 0x24, 0x82, 0x73, 0xFE, 0x08, 0xFD, 0xE7, 0xFC, 0x40, 0x9A,
    0xE6, 0xFC, 0xA0, 0xF3, 0xA0, 0xF3, 0xA0, 0xF3, 0xA0, 0xF3, 0xA0, 0xF3, 0x80, 0xF3, 0x24, 0x7A,
    0x53, 0xFE, 0xE7, 0xFC, 0xC5, 0xFC, 0x40, 0x92, 0xC6, 0xD3, 0x24, 0x82, 0x24, 0x82, 0x02, 0x82,
    0x45, 0x7A, 0x44, 0x72, 0x44, 0x72, 0x44, 0x6A, 0xAB, 0xE4, 0xA4, 0xA2, 0xA4, 0x9A, 0x22, 0x8A,
    0xD7, 0xFE, 0x73, 0xFE, 0x53, 0xFE, 0xAB, 0xE4, 0x91, 0x86, 0x6E, 0x5E, 0x6E, 0x5E, 0x2B, 0x5D,
    0xD7, 0xFE, 0x73, 0xFE, 0x53, 0xFE, 0x8A, 0xE4, 0x94, 0xFE, 0x08, 0xFD, 0xE7, 0xFC, 0xA3, 0x9A,
    0x6E, 0x5E, 0xA4, 0x0D, 0x83, 0x05, 0x24, 0x3B, 0x73, 0xFE, 0x08, 0xFD, 0xE7, 0xFC, 0x40, 0x9A,
    0x73, 0xFE, 0xE7, 0xFC, 0xC5, 0xFC, 0xA3, 0x92, 0x6E, 0x5E, 0xA4, 0x0D, 0x83, 0x05, 0x04, 0x3B,
    0x73, 0xFE, 0x07, 0xFD, 0xC6, 0xFC, 0x40, 0x92, 0xCB, 0xE4, 0xA3, 0x9A, 0xA3, 0x92, 0xA4, 0x7A,
    0x6E, 0x66, 0xA4, 0x0D, 0x83, 0x05, 0x04, 0x3B, 0x73, 0xFE, 0x07, 0xFD, 0xC6, 0xFC, 0x40, 0x92,
    0xB2, 0x86, 0x6E, 0x5E, 0x6E, 0x5E, 0x6E, 0x66, 0xF4, 0x8E, 0xA4, 0x0D, 0x83, 0x05, 0x04, 0x3B,
    0x73, 0xFE, 0x07, 0xFD, 0xC6, 0xFC, 0x40, 0x92, 0x8F, 0x5E, 0xA4, 0x0D, 0xA4, 0x0D, 0xA4, 0x0D,
    0xA4, 0x0D, 0x62, 0x05, 0x83, 0x05, 0x04, 0x3B, 0x73, 0xFE, 0x07, 0xFD, 0xC6, 0xFC, 0x40, 0x92,
    0x8F, 0x5E, 0x83, 0x05, 0x83, 0x05, 0x83, 0x05, 0x83, 0x05, 0x83, 0x05, 0xA4, 0x05, 0x04, 0x3B,
    0x73, 0xFE, 0x07, 0xFD, 0xC6, 0xFC, 0x40, 0x92, 0x4A, 0x5D, 0xE0, 0x3A, 0xE0, 0x3A, 0xE1, 0x32,
    0x25, 0x3B, 0x04, 0x3B, 0x04, 0x3B, 0xC6, 0x52, 0x73, 0xFE, 0x07, 0xFD, 0xC6, 0xFC, 0x40, 0x92,
    0x29, 0xFD, 0xC6, 0xFC, 0xC6, 0xFC, 0xA6, 0xCB, 0xB7, 0xF6, 0x73, 0xFE, 0x73, 0xFE, 0x73, 0xFE,
    0xD7, 0xFE, 0x08, 0xFD, 0xC6, 0xFC, 0x40, 0x92, 0xE6, 0xFC, 0xC1, 0xFB, 0xA0, 0xF3, 0x24, 0x82,
    0x73, 0xFE, 0x08, 0xFD, 0x07, 0xFD, 0x07, 0xFD, 0x08, 0xFD, 0xE6, 0xFC, 0xC6, 0xFC, 0x40, 0x92,
    0xE6, 0xFC, 0xA0, 0xF3, 0x80, 0xF3, 0x24, 0x7A, 0x53, 0xFE, 0xE7, 0xFC, 0xC6, 0xFC, 0xC6, 0xFC,
    0xC6, 0xFC, 0xC6, 0xFC, 0xC5, 0xFC, 0x40, 0x92, 0xC6, 0xD3, 0x24, 0x82, 0x24, 0x7A, 0x24, 0x7A,
    0x8B, 0xE4, 0x83, 0x9A, 0x82, 0x9A, 0x82, 0x9A, 0x82, 0x9A, 0x82, 0x9A, 0x62, 0x9A, 0x02, 0x82,
    0xD7, 0xFE, 0x73, 0xFE, 0x53, 0xFE, 0x8B, 0xE4, 0x2E, 0xF5, 0x0E, 0xE5, 0x0E, 0xE5, 0x0E, 0xE5,
    0x0E, 0xE5, 0x0E, 0xE5, 0x0E, 0xE5, 0xAA, 0xB3, 0x94, 0xFE, 0x08, 0xFD, 0xE7, 0xFC, 0x83, 0x9A,
    0x0E, 0xE5, 0x06, 0xDC, 0xE5, 0xD3, 0xE5, 0xD3, 0xE5, 0xD3, 0xE5, 0xD3, 0xE5, 0xD3, 0xC0, 0x79,
    0x73, 0xFE, 0xE7, 0xFC, 0xC5, 0xFC, 0x62, 0x9A, 0x0E, 0xE5, 0xE5, 0xD3, 0xC4, 0xD3, 0xC4, 0xD3,
    0xC4, 0xD3, 0xE4, 0xD3, 0xC4, 0xD3, 0xC0, 0x79, 0xCB, 0xE4, 0xA3, 0x9A, 0xA3, 0x92, 0x84, 0x82,
    0xEA, 0xAB, 0x42, 0x7A, 0x42, 0x72, 0x20, 0x7A, 0xCA, 0xB3, 0xE5, 0xD3, 0xC4, 0xD3, 0xC0, 0x79,
    0xB2, 0x86, 0x6E, 0x5E, 0x6E, 0x5E, 0x6E, 0x5E, 0x6E, 0x5E, 0x6E, 0x5E, 0x6E, 0x5E, 0xC4, 0x3C,
    0x0E, 0xE5, 0xE5, 0xD3, 0xC4, 0xD3, 0xC0, 0x79, 0x8F, 0x5E, 0xA4, 0x0D, 0xA4, 0x0D, 0xA4, 0x0D,
    0xA4, 0x0D, 0xA4, 0x0D, 0x84, 0x0D, 0xE2, 0x32, 0x0E, 0xE5, 0xE5, 0xD3, 0xC4, 0xD3, 0xC0, 0x79,
    0x8F, 0x5E, 0x83, 0x05, 0x83, 0x05, 0x83, 0x05, 0x83, 0x05, 0x83, 0x05, 0x63, 0x05, 0xE2, 0x32,
    0x0E, 0xE5, 0xE5, 0xD3, 0xC4, 0xD3, 0xC0, 0x79, 0x4B, 0x5D, 0x24, 0x3B, 0x04, 0x3B, 0xE2, 0x3A,
    0xE2, 0x32, 0xE2, 0x32, 0xE2, 0x32, 0xA4, 0x4A, 0x0E, 0xE5, 0xE5, 0xD3, 0xC4, 0xD3, 0xC0, 0x79,
    0xF7, 0xFE, 0x73, 0xFE, 0x53, 0xFE, 0xAB, 0xE4, 0x2E, 0xED, 0x0E, 0xE5, 0x0E, 0xE5, 0x0E, 0xE5,
    0x2E, 0xF5, 0xE5, 0xD3, 0xC4, 0xD3, 0xC0, 0x79, 0x94, 0xFE, 0x08, 0xFD, 0xE7, 0xFC, 0x83, 0x9A,
    0x0E, 0xE5, 0x06, 0xDC, 0xE5, 0xD3, 0xE5, 0xD3, 0xE5, 0xD3, 0xE4, 0xD3, 0xC4, 0xD3, 0xC0, 0x79,
    0x73, 0xFE, 0xE7, 0xFC, 0xC5, 0xFC, 0x62, 0x9A, 0x0E, 0xE5, 0xE5, 0xD3, 0xC4, 0xD3, 0xC4, 0xD3,
    0xC4, 0xD3, 0xC4, 0xD3, 0xC4, 0xD3, 0xC0, 0x79, 0xAB, 0xEC, 0x83, 0x9A, 0x62, 0x9A, 0x44, 0x8A,
    0x0B, 0xB4, 0x44, 0x7A, 0x44, 0x7A, 0x43, 0x7A, 0x45, 0x82, 0x44, 0x82, 0x44, 0x82, 0xE2, 0x79,
    0x4E, 0xF5, 0x0E, 0xE5, 0x0E, 0xE5, 0xEB, 0xB3, 0x91, 0x7E, 0x6E, 0x5E, 0x6E, 0x5E, 0x2B, 0x5D,
    0xD7, 0xF6, 0x73, 0xFE, 0x53, 0xFE, 0x8A, 0xE4, 0x2E, 0xED, 0x06, 0xDC, 0xE5, 0xD3, 0x42, 0x7A,
    0x6E, 0x5E, 0xA4, 0x0D, 0x83, 0x05, 0x24, 0x3B, 0x73, 0xFE, 0x08, 0xFD, 0xE7, 0xFC, 0x40, 0x9A,
    0x2E, 0xED, 0xE5, 0xD3, 0xC4, 0xD3, 0x42, 0x72, 0x6E, 0x5E, 0xA4, 0x0D, 0x83, 0x05, 0x04, 0x3B,
    0x53, 0xFE, 0xE7, 0xFC, 0xC5, 0xFC, 0x40, 0x92, 0x2E, 0xED, 0xE5, 0xD3, 0xC4, 0xD3, 0x42, 0x72,
    0x6E, 0x5E, 0xA4, 0x0D, 0x83, 0x05, 0x02, 0x3B, 0xAB, 0xE4, 0xA3, 0x9A, 0xA3, 0x92, 0x20, 0x7A,
    0x2E, 0xED, 0xE5, 0xD3, 0xC4, 0xD3, 0x42, 0x72, 0x6E, 0x5E, 0xA4, 0x0D, 0x83, 0x05, 0x4A, 0x45,
    0x6E, 0x66, 0x6E, 0x5E, 0x6E, 0x5E, 0xC2, 0x1C, 0x2E, 0xED, 0xE5, 0xD3, 0xC4, 0xD3, 0x42, 0x72,
    0x6E, 0x5E, 0xA4, 0x0D, 0x62, 0x05, 0xA4, 0x0D, 0xA4, 0x0D, 0xA4, 0x0D, 0x84, 0x0D, 0xC0, 0x02,
    0x2E, 0xED, 0xE5, 0xD3, 0xC4, 0xD3, 0x42, 0x72, 0x6E, 0x5E, 0xA4, 0x0D, 0x62, 0x05, 0x83, 0x05,
    0x83, 0x05, 0x83, 0x05, 0x63, 0x05, 0xA0, 0x02, 0x2E, 0xED, 0xE5, 0xD3, 0xC4, 0xD3, 0x42, 0x72,
    0x6E, 0x5E, 0xA4, 0x0D, 0x83, 0x05, 0xE0, 0x02, 0x05, 0x3B, 0x04, 0x3B, 0x04, 0x3B, 0x82, 0x3A,
    0x2E, 0xED, 0xE5, 0xD3, 0xC4, 0xD3, 0x42, 0x72, 0x6E, 0x5E, 0xA4, 0x0D, 0x83, 0x05, 0x05, 0x3B,
    0xD7, 0xF6, 0x73, 0xFE, 0x53, 0xFE, 0x8A, 0xE4, 0x2E, 0xED, 0xE5, 0xD3, 0xC4, 0xD3, 0x42, 0x72,
    0x6E, 0x5E, 0xA4, 0x0D, 0x83, 0x05, 0x04, 0x3B, 0x73, 0xFE, 0x08, 0xFD, 0xE7, 0xFC, 0x40, 0x9A,
    0x2E, 0xED, 0xE5, 0xD3, 0xC4, 0xD3, 0x42, 0x72, 0x6E, 0x5E, 0x84, 0x0D, 0x63, 0x05, 0x04, 0x3B,
    0x53, 0xFE, 0xE7, 0xFC, 0xC5, 0xFC, 0x40, 0x92, 0x0B, 0xBC, 0x44, 0x82, 0x44, 0x82, 0x64, 0x72,
    0xE5, 0x3C, 0x04, 0x3B, 0x04, 0x3B, 0xC4, 0x52, 0x8A, 0xE4, 0x81, 0xA2, 0x61, 0x9A, 0x00, 0x8A,
    0xD7, 0xFE, 0x73, 0xFE, 0x53, 0xFE, 0x73, 0xFE, 0x73, 0xFE, 0x73, 0xFE, 0x53, 0xFE, 0x8A, 0xE4,
    0x29, 0xFD, 0xC6, 0xFC, 0xC6, 0xFC, 0x62, 0xCB, 0x94, 0xFE, 0x08, 0xFD, 0x07, 0xFD, 0x07, 0xFD,
    0x07, 0xFD, 0x07, 0xFD, 0xE7, 0xFC, 0x81, 0xA2, 0xC6, 0xFC, 0xC1, 0xFB, 0xA0, 0xF3, 0xA0, 0x79,
    0x73, 0xFE, 0x07, 0xFD, 0xE6, 0xFC, 0xC6, 0xFC, 0xC6, 0xFC, 0xC6, 0xFC, 0xC5, 0xFC, 0x61, 0x9A,
    0xC6, 0xFC, 0xA0, 0xF3, 0x80, 0xF3, 0xA0, 0x71, 0x73, 0xFE, 0x07, 0xFD, 0xC6, 0xFC, 0x41, 0x92,
    0xA4, 0x92, 0xA3, 0x92, 0xA3, 0x92, 0x62, 0x82, 0xA4, 0xCB, 0x42, 0x7A, 0x22, 0x72, 0xC0, 0x59,
    0x73, 0xFE, 0x07, 0xFD, 0xC6, 0xFC, 0xA4, 0x92, 0x4F, 0x6E, 0x6E, 0x5E, 0x6E, 0x5E, 0x6E, 0x5E,
    0x6E, 0x66, 0x6E, 0x5E, 0x6E, 0x5E, 0xC2, 0x0C, 0x73, 0xFE, 0x07, 0xFD, 0xC6, 0xFC, 0xA3, 0x92,
    0x6E, 0x5E, 0xE6, 0x1D, 0xA4, 0x0D, 0xA4, 0x0D, 0xA4, 0x0D, 0xA4, 0x0D, 0x84, 0x0D, 0xC0, 0x02,
    0x73, 0xFE, 0x07, 0xFD, 0xC6, 0xFC, 0xA3, 0x92, 0x6E, 0x5E, 0xA4, 0x0D, 0x62, 0x05, 0x83, 0x05,
    0x83, 0x05, 0x83, 0x05, 0x63, 0x05, 0xA0, 0x02, 0x73, 0xFE, 0x07, 0xFD, 0xC6, 0xFC, 0xA3, 0x92,
    0x6E, 0x5E, 0xA4, 0x0D, 0x83, 0x05, 0xE0, 0x02, 0x05, 0x3B, 0x04, 0x3B, 0x04, 0x3B, 0x82, 0x3A,
    0x73, 0xFE, 0x07, 0xFD, 0xC6, 0xFC, 0xA3, 0x92, 0x6E, 0x5E, 0xA4, 0x0D, 0x83, 0x05, 0x05, 0x3B,
    0xD7, 0xF6, 0x73, 0xFE, 0x53, 0xFE, 0x8A, 0xE4, 0x73, 0xFE, 0x07, 0xFD, 0xC6, 0xFC, 0xA3, 0x92,
    0x6E, 0x5E, 0xA4, 0x0D, 0x83, 0x05, 0x04, 0x3B, 0x73, 0xFE, 0x08, 0xFD, 0xE7, 0xFC, 0x40, 0x9A,
    0x73, 0xFE, 0xE7, 0xFC, 0xC5, 0xFC, 0xA3, 0x92, 0x6E, 0x5E, 0x84, 0x0D, 0x63, 0x05, 0x04, 0x3B,
    0x53, 0xFE, 0xE7, 0xFC, 0xC5, 0xFC, 0x40, 0x92, 0xCC, 0xEC, 0xA4, 0xA2, 0xA4, 0x9A, 0x83, 0x82,
    0xE5, 0x2C, 0x24, 0x1B, 0x04, 0x1B, 0xC4, 0x3A, 0xAB, 0xE4, 0xA4, 0xA2, 0xA4, 0x9A, 0x22, 0x8A,
    0xF7, 0xFE, 0x73, 0xFE, 0x53, 0xFE, 0xAB, 0xE4, 0xB1, 0x7E, 0x6E, 0x5E, 0x6E, 0x5E, 0x2B, 0x55,
    0xD7, 0xFE, 0x73, 0xFE, 0x53, 0xFE, 0x8A, 0xE4, 0x94, 0xFE, 0x08, 0xFD, 0xE7, 0xFC, 0xA3, 0x9A,
    0x6E, 0x5E, 0xA4, 0x0D, 0x83, 0x05, 0x24, 0x3B, 0x73, 0xFE, 0x08, 0xFD, 0xE7, 0xFC, 0x40, 0x9A,
    0x73, 0xFE, 0x07, 0xFD, 0xC6, 0xFC, 0xA3, 0x92, 0x6E, 0x5E, 0xA4, 0x0D, 0x83, 0x05, 0x04, 0x3B,
    0x53, 0xFE, 0xE7, 0xFC, 0xC5, 0xFC, 0x40, 0x92, 0x73, 0xFE, 0x07, 0xFD, 0xC6, 0xFC, 0xA3, 0x92,
    0x6E, 0x5E, 0xA4, 0x0D, 0x83, 0x05, 0xE2, 0x3A, 0x8A, 0xE4, 0x81, 0xA2, 0x61, 0x9A, 0x00, 0x8A,
    0x73, 0xFE, 0x07, 0xFD, 0xC6, 0xFC, 0xA3, 0x92, 0x6E, 0x5E, 0xA4, 0x0D, 0x83, 0x05, 0xE1, 0x3A,
    0x29, 0xFD, 0xC6, 0xFC, 0xC6, 0xFC, 0x62, 0xCB, 0x73, 0xFE, 0x07, 0xFD, 0xC6, 0xFC, 0xA3, 0x92,
    0x6E, 0x5E, 0xA4, 0x0D, 0x83, 0x05, 0xE0, 0x3A, 0xC6, 0xFC, 0xC1, 0xFB, 0xA0, 0xF3, 0xA0, 0x79,
    0x73, 0xFE, 0x07, 0xFD, 0xC6, 0xFC, 0xA3, 0x92, 0x6E, 0x5E, 0xA4, 0x0D, 0x83, 0x05, 0xE0, 0x3A,
    0xC6, 0xFC, 0xC0, 0xFB, 0xA0, 0xF3, 0xA0, 0x71, 0x73, 0xFE, 0x07, 0xFD, 0xC6, 0xFC, 0xA3, 0x92,
    0x6E, 0x5E, 0xA4, 0x0D, 0x83, 0x05, 0xE0, 0x3A, 0xC6, 0xFC, 0xC0, 0xFB, 0xA0, 0xF3, 0xA0, 0x71,
    0x73, 0xFE, 0x07, 0xFD, 0xC6, 0xFC, 0xA3, 0x92, 0x6E, 0x5E, 0xA4, 0x0D, 0x83, 0x05, 0xE0, 0x3A,
    0xC6, 0xFC, 0xC0, 0xFB, 0xA0, 0xF3, 0xA0, 0x71, 0x73, 0xFE, 0x07, 0xFD, 0xC6, 0xFC, 0xA3, 0x92,
    0x6E, 0x5E, 0xA4, 0x0D, 0x83, 0x05, 0xE0, 0x3A, 0xC6, 0xFC, 0xC0, 0xFB, 0xA0, 0xF3, 0xA0, 0x71,
    0x73, 0xFE, 0xE7, 0xFC, 0xC5, 0xFC, 0xA3, 0x92, 0x6E, 0x5E, 0x84, 0x0D, 0x63, 0x05, 0xE0, 0x3A,
    0xC6, 0xFC, 0xA0, 0xF3, 0x80, 0xF3, 0xA0, 0x71, 0xAB, 0xEC, 0x83, 0x9A, 0x62, 0x9A, 0x62, 0x82,
    0xC4, 0x3C, 0xE2, 0x32, 0xE2, 0x32, 0x82, 0x4A, 0x84, 0xCB, 0x02, 0x82, 0xE2, 0x79, 0xA2, 0x69,
    0x4E, 0xF5, 0x0E, 0xE5, 0x0E, 0xE5, 0x0E, 0xE5, 0x2E, 0xE5, 0x0E, 0xE5, 0x0E, 0xE5, 0x0E, 0xE5,
    0x0E, 0xE5, 0x0E, 0xE5, 0x0E, 0xE5, 0xAA, 0xAB, 0x2E, 0xED, 0x06, 0xDC, 0xE5, 0xD3, 0xE5, 0xD3,
    0xE5, 0xD3, 0xE5, 0xD3, 0xE5, 0xD3, 0xE5, 0xD3, 0xE5, 0xD3, 0xE5, 0xD3, 0xE5, 0xD3, 0xC0, 0x79,
    0x2E, 0xED, 0xE5, 0xD3, 0xE4, 0xD3, 0xC4, 0xD3, 0xC4, 0xD3, 0xC4, 0xD3, 0xC4, 0xD3, 0xC4, 0xD3,
    0xC4, 0xD3, 0xE4, 0xD3, 0xC4, 0xD3, 0xC0, 0x79, 0x2E, 0xED, 0xE5, 0xD3, 0xC4, 0xD3, 0xE1, 0x79,
    0x45, 0x7A, 0x44, 0x7A, 0x44, 0x7A, 0x22, 0x7A, 0xCA, 0xB3, 0xE5, 0xD3, 0xC4, 0xD3, 0xC0, 0x79,
    0x2E, 0xED, 0xE5, 0xD3, 0xC4, 0xD3, 0x44, 0x7A, 0x91, 0x7E, 0x6E, 0x5E, 0x6E, 0x5E, 0x0A, 0x55,
    0x0E, 0xE5, 0xE5, 0xD3, 0xC4, 0xD3, 0xC0, 0x79, 0x2E, 0xED, 0xE5, 0xD3, 0xC4, 0xD3, 0x42, 0x72,
    0x6E, 0x5E, 0xA4, 0x0D, 0x83, 0x05, 0x02, 0x33, 0x0E, 0xE5, 0xE5, 0xD3, 0xC4, 0xD3, 0xC0, 0x79,
    0x2E, 0xED, 0xE5, 0xD3, 0xC4, 0xD3, 0x42, 0x72, 0x6E, 0x5E, 0xA4, 0x0D, 0x83, 0x05, 0xE2, 0x32,
    0x0E, 0xE5, 0xE5, 0xD3, 0xC4, 0xD3, 0xC0, 0x79, 0x0B, 0xBC, 0x44, 0x82, 0x44, 0x82, 0x64, 0x7A,
    0x6E, 0x5E, 0xA4, 0x0D, 0x83, 0x05, 0xE3, 0x2A, 0x0B, 0xB4, 0x44, 0x82, 0x44, 0x82, 0xE2, 0x79,
    0xD7, 0xFE, 0x73, 0xFE, 0x53, 0xFE, 0xAB, 0xE4, 0x6E, 0x66, 0xA4, 0x0D, 0x83, 0x05, 0x05, 0x3B,
    0xB7, 0xF6, 0x73, 0xFE, 0x53, 0xFE, 0x8A, 0xE4, 0x94, 0xFE, 0x08, 0xFD, 0xE7, 0xFC, 0xA3, 0x9A,
    0x6E, 0x5E, 0xA4, 0x0D, 0x83, 0x05, 0x04, 0x3B, 0x73, 0xFE, 0x08, 0xFD, 0xE7, 0xFC, 0x40, 0x9A,
    0x73, 0xFE, 0xE7, 0xFC, 0xC5, 0xFC, 0xA3, 0x92, 0x6E, 0x5E, 0x84, 0x0D, 0x63, 0x05, 0x04, 0x3B,
    0x53, 0xFE, 0xE7, 0xFC, 0xC5, 0xFC, 0x40, 0x92, 0xAB, 0xEC, 0x81, 0xA2, 0x61, 0x9A, 0x41, 0x82,
    0xE5, 0x2C, 0x24, 0x1B, 0x04, 0x1B, 0xC4, 0x3A, 0xAB, 0xE4, 0xA4, 0xA2, 0xA4, 0x9A, 0x22, 0x8A,
    0x29, 0xFD, 0xC6, 0xFC, 0xC6, 0xFC, 0xA5, 0xCB, 0x91, 0x7E, 0x6E, 0x5E, 0x6E, 0x5E, 0x2B, 0x55,
    0xD7, 0xFE, 0x73, 0xFE, 0x53, 0xFE, 0x8A, 0xE4, 0xE6, 0xFC, 0xC1, 0xFB, 0xA0, 0xF3, 0x42, 0x7A,
    0x6E, 0x5E, 0xA4, 0x0D, 0x83, 0x05, 0x24, 0x3B, 0x73, 0xFE, 0x08, 0xFD, 0xE7, 0xFC, 0x40, 0x9A,
    0xE6, 0xFC, 0xA0, 0xF3, 0x80, 0xF3, 0x22, 0x72, 0x6E, 0x5E, 0xA4, 0x0D, 0x83, 0x05, 0x04, 0x3B,
    0x53, 0xFE, 0xE7, 0xFC, 0xC5, 0xFC, 0x40, 0x92, 0xC6, 0xD3, 0x24, 0x82, 0x24, 0x7A, 0x44, 0x6A,
    0x6E, 0x5E, 0xA4, 0x0D, 0x83, 0x05, 0x02, 0x3B, 0xAB, 0xE4, 0xA3, 0x9A, 0xA3, 0x92, 0x20, 0x7A,
    0xD7, 0xFE, 0x73, 0xFE, 0x53, 0xFE, 0xAB, 0xE4, 0x6E, 0x66, 0xA4, 0x0D, 0x83, 0x05, 0x4A, 0x45,
    0x6E, 0x66, 0x6E, 0x5E, 0x6E, 0x5E, 0xC2, 0x1C, 0x94, 0xFE, 0x08, 0xFD, 0xE7, 0xFC, 0xA3, 0x9A,
    0x6E, 0x5E, 0xA4, 0x0D, 0x62, 0x05, 0xA4, 0x0D, 0xA4, 0x0D, 0xA4, 0x0D, 0x84, 0x0D, 0xC0, 0x02,
    0x73, 0xFE, 0x07, 0xFD, 0xC6, 0xFC, 0xA3, 0x92, 0x6E, 0x5E, 0xC5, 0x0D, 0x83, 0x05, 0x83, 0x05,
    0x83, 0x05, 0x83, 0x05, 0x63, 0x05, 0xA0, 0x02, 0x73, 0xFE, 0x07, 0xFD, 0xC6, 0xFC, 0xA1, 0x9A,
    0xC5, 0x44, 0x24, 0x3B, 0x04, 0x3B, 0x04, 0x3B, 0x04, 0x3B, 0x04, 0x3B, 0x04, 0x3B, 0x82, 0x3A,
    0x73, 0xFE, 0x07, 0xFD, 0xC6, 0xFC, 0xAA, 0xEC, 0x73, 0xFE, 0x73, 0xFE, 0x73, 0xFE, 0x73, 0xFE,
    0x73, 0xFE, 0x73, 0xFE, 0x53, 0xFE, 0x8A, 0xE4, 0x73, 0xFE, 0x07, 0xFD, 0xE6, 0xFC, 0xE6, 0xFC,
    0x07, 0xFD, 0x07, 0xFD, 0x07, 0xFD, 0x07, 0xFD, 0x07, 0xFD, 0x07, 0xFD, 0xE7, 0xFC, 0x40, 0x9A,
    0x73, 0xFE, 0xE7, 0xFC, 0xC6, 0xFC, 0xC6, 0xFC, 0xC6, 0xFC, 0xC6, 0xFC, 0xC6, 0xFC, 0xC6, 0xFC,
    0xC6, 0xFC, 0xC6, 0xFC, 0xC5, 0xFC, 0x40, 0x92, 0xAB, 0xEC, 0x83, 0x9A, 0x82, 0x9A, 0x82, 0x9A,
    0x82, 0x9A, 0x82, 0x9A, 0x82, 0x9A, 0x83, 0x9A, 0xA5, 0x9A, 0xA4, 0x9A, 0xA4, 0x9A, 0x22, 0x8A,
    0x4E, 0xF5, 0x0E, 0xE5, 0x0E, 0xE5, 0x0E, 0xE5, 0x0E, 0xE5, 0x0E, 0xE5, 0x0E, 0xE5, 0x0B, 0xB4,
    0xB7, 0xFE, 0x73, 0xFE, 0x53, 0xFE, 0x8A, 0xE4, 0x2E, 0xED, 0x06, 0xDC, 0xE5, 0xD3, 0xE5, 0xD3,
    0xE5, 0xD3, 0xE5, 0xD3, 0xE5, 0xD3, 0x44, 0x82, 0x73, 0xFE, 0x08, 0xFD, 0xE7, 0xFC, 0x40, 0x9A,
    0x2E, 0xED, 0xE5, 0xD3, 0xE4, 0xD3, 0xC4, 0xD3, 0xC4, 0xD3, 0xC4, 0xD3, 0xC4, 0xD3, 0x44, 0x82,
    0x53, 0xFE, 0xE7, 0xFC, 0xC5, 0xFC, 0x40, 0x92, 0x2E, 0xED, 0xE5, 0xD3, 0xC4, 0xD3, 0xE1, 0x79,
    0x44, 0x7A, 0x42, 0x72, 0x42, 0x72, 0x64, 0x7A, 0xAB, 0xE4, 0xA3, 0x9A, 0xA3, 0x92, 0x20, 0x7A,
    0x2E, 0xED, 0xE5, 0xD3, 0xC4, 0xD3, 0x45, 0x7A, 0x91, 0x7E, 0x6E, 0x5E, 0x6E, 0x5E, 0x6E, 0x5E,
    0x6E, 0x66, 0x6E, 0x5E, 0x6E, 0x5E, 0xC2, 0x1C, 0x2E, 0xED, 0xE5, 0xD3, 0xC4, 0xD3, 0x44, 0x7A,
    0x6E, 0x5E, 0xA4, 0x0D, 0xA4, 0x0D, 0xA4, 0x0D, 0xA4, 0x0D, 0xA4, 0x0D, 0x84, 0x0D, 0xC0, 0x02,
    0x2E, 0xED, 0xE5, 0xD3, 0xC4, 0xD3, 0x44, 0x7A, 0x6E, 0x5E, 0x83, 0x05, 0x83, 0x05, 0x83, 0x05,
    0x83, 0x05, 0x83, 0x05, 0x63, 0x05, 0xA0, 0x02, 0x2E, 0xED, 0xE5, 0xD3, 0xC4, 0xD3, 0x22, 0x7A,
    0x0A, 0x55, 0x02, 0x33, 0xE2, 0x32, 0xE3, 0x2A, 0x05, 0x3B, 0x04, 0x3B, 0x04, 0x3B, 0x82, 0x3A,
    0x2E, 0xED, 0xE5, 0xD3, 0xC4, 0xD3, 0xCA, 0xB3, 0x0E, 0xE5, 0x0E, 0xE5, 0x0E, 0xE5, 0x0B, 0xB4,
    0xB7, 0xF6, 0x73, 0xFE, 0x53, 0xFE, 0x8A, 0xE4, 0x2E, 0xED, 0xE5, 0xD3, 0xE4, 0xD3, 0xE5, 0xD3,
    0xE5, 0xD3, 0xE5, 0xD3, 0xE5, 0xD3, 0x44, 0x82, 0x73, 0xFE, 0x08, 0xFD, 0xE7, 0xFC, 0x40, 0x9A,
    0x2E, 0xED, 0xE5, 0xD3, 0xC4, 0xD3, 0xC4, 0xD3, 0xC4, 0xD3, 0xC4, 0xD3, 0xC4, 0xD3, 0x44, 0x82,
    0x53, 0xFE, 0xE7, 0xFC, 0xC5, 0xFC, 0x40, 0x92, 0x0B, 0xBC, 0x44, 0x82, 0x44, 0x82, 0x23, 0x82,
    0x65, 0x7A, 0x44, 0x7A, 0x44, 0x7A, 0x64, 0x7A, 0xAB, 0xE4, 0xA4, 0xA2, 0xA4, 0x9A, 0x22, 0x8A,
    0xD7, 0xFE, 0x73, 0xFE, 0x53, 0xFE, 0xAB, 0xE4, 0x91, 0x86, 0x6E, 0x5E, 0x6E, 0x5E, 0x2B, 0x5D,
    0xD7, 0xFE, 0x73, 0xFE, 0x53, 0xFE, 0x8A, 0xE4, 0x94, 0xFE, 0x08, 0xFD, 0xE7, 0xFC, 0xA3, 0x9A,
    0x6E, 0x5E, 0xA4, 0x0D, 0x83, 0x05, 0x24, 0x3B, 0x73, 0xFE, 0x08, 0xFD, 0xE7, 0xFC, 0x40, 0x9A,
    0x73, 0xFE, 0xE7, 0xFC, 0xC5, 0xFC, 0xA3, 0x92, 0x6E, 0x5E, 0xA4, 0x0D, 0x83, 0x05, 0x04, 0x3B,
    0x53, 0xFE, 0xE7, 0xFC, 0xC5, 0xFC, 0x40, 0x92, 0xAB, 0xEC, 0x83, 0x9A, 0x62, 0x9A, 0x84, 0x82,
    0x6E, 0x5E, 0xA4, 0x0D, 0x83, 0x05, 0xE2, 0x3A, 0xAB, 0xE4, 0x83, 0x9A, 0x62, 0x9A, 0x02, 0x82,
    0x4E, 0xF5, 0x0E, 0xE5, 0x0E, 0xE5, 0xEA, 0xAB, 0x6E, 0x5E, 0xA4, 0x0D, 0x83, 0x05, 0xE2, 0x32,
    0x2E, 0xED, 0x0E, 0xE5, 0x0E, 0xE5, 0xAA, 0xB3, 0x2E, 0xED, 0x06, 0xDC, 0xE5, 0xD3, 0x42, 0x7A,
    0x6E, 0x5E, 0xA4, 0x0D, 0x83, 0x05, 0xE2, 0x32, 0x0E, 0xE5, 0x06, 0xDC, 0xE5, 0xD3, 0xC0, 0x79,
    0x2E, 0xED, 0xE5, 0xD3, 0xC4, 0xD3, 0x42, 0x72, 0x6E, 0x5E, 0x84, 0x0D, 0x63, 0x05, 0xE2, 0x32,
    0x0E, 0xE5, 0xE5, 0xD3, 0xC4, 0xD3, 0xC0, 0x79, 0x2E, 0xED, 0xE5, 0xD3, 0xC4, 0xD3, 0x20, 0x7A,
    0xC4, 0x3C, 0xE2, 0x32, 0xE2, 0x32, 0xA4, 0x4A, 0x0E, 0xE5, 0xE5, 0xD3, 0xC4, 0xD3, 0xC0, 0x79,
    0x2E, 0xED, 0xE5, 0xD3, 0xC4, 0xD3, 0xCA, 0xB3, 0x0E, 0xE5, 0x0E, 0xE5, 0x0E, 0xE5, 0x0E, 0xE5,
    0x2E, 0xF5, 0xE5, 0xD3, 0xC4, 0xD3, 0xC0, 0x79, 0x2E, 0xED, 0xE5, 0xD3, 0xE4, 0xD3, 0xE5, 0xD3,
    0xE5, 0xD3, 0xE5, 0xD3, 0xE5, 0xD3, 0xE5, 0xD3, 0xE5, 0xD3, 0xE4, 0xD3, 0xC4, 0xD3, 0xC0, 0x79,
    0x2E, 0xED, 0xE5, 0xD3, 0xC4, 0xD3, 0xC4, 0xD3, 0xC4, 0xD3, 0xC4, 0xD3, 0xC4, 0xD3, 0xC4, 0xD3,
    0xC4, 0xD3, 0xC4, 0xD3, 0xC4, 0xD3, 0xC0, 0x79, 0xCA, 0xB3, 0xC0, 0x79, 0xC0, 0x79, 0xC0, 0x79,
    0xC0, 0x79, 0xC0, 0x79, 0xC0, 0x79, 0xC0, 0x79, 0xC0, 0x79, 0xC0, 0x79, 0xC0, 0x79, 0xA0, 0x71,
    0xA0, 0x79, 0xA0, 0x79, 0xE0, 0xC2, 0xE0, 0xC2, 0xA0, 0x79, 0xA0, 0x79, 0xE0, 0xC2, 0xE0, 0xC2,
    0xA0, 0x79, 0xA0, 0x79, 0xE0, 0xC2, 0xE0, 0xCA, 0xC0, 0x79, 0xC0, 0x81, 0xE0, 0xC2, 0xE0, 0xC2,
    0xC0, 0x81, 0xC0, 0x81, 0xE0, 0xC2, 0xE0, 0xC2, 0xC0, 0x81, 0xC0, 0x81, 0xE0, 0xC2, 0xE0, 0xCA,
    0xE0, 0xCA, 0xE0, 0xC2, 0xC0, 0x81, 0xC0, 0x81, 0xE0, 0xC2, 0xE0, 0xC2, 0xC0, 0x81, 0xC0, 0x81,
    0xE0, 0xC2, 0xE0, 0xC2, 0xC0, 0x81, 0xC0, 0x79, 0xE0, 0xCA, 0xE0, 0xC2, 0xC0, 0x81, 0xC0, 0x81,
    0xE0, 0xC2, 0xE0, 0xC2, 0xC0, 0x81, 0xC0, 0x81, 0xE0, 0xC2, 0xE0, 0xC2, 0xC0, 0x81, 0xC0, 0x79,
    0xC0, 0x79, 0xC0, 0x81, 0xE0, 0xC2, 0xE0, 0xC2, 0xC0, 0x81, 0xC0, 0x81, 0xE0, 0xC2, 0xE0, 0xC2,
    0xC0, 0x81, 0xC0, 0x81, 0xE0, 0xC2, 0xE0, 0xCA, 0xC0, 0x79, 0xC0, 0x81, 0xE0, 0xC2, 0xE0, 0xC2,
    0xC0, 0x81, 0xC0, 0x81, 0xE0, 0xC2, 0xE0, 0xC2, 0xC0, 0x81, 0xC0, 0x81, 0xE0, 0xC2, 0xE0, 0xCA,
    0xE0, 0xCA, 0xE0, 0xC2, 0xC0, 0x81, 0xC0, 0x81, 0xE0, 0xC2, 0xE0, 0xC2, 0xC0, 0x81, 0xC0, 0x81,
    0xE0, 0xC2, 0xE0, 0xC2, 0xC0, 0x81, 0xC0, 0x79, 0xE0, 0xCA, 0xE0, 0xC2, 0xC0, 0x81, 0xC0, 0x81,
    0xE0, 0xC2, 0xE0, 0xC2, 0xC0, 0x81, 0xC0, 0x81, 0xE0, 0xC2, 0xE0, 0xC2, 0xC0, 0x81, 0xC0, 0x79,
    0xC0, 0x79, 0xC0, 0x81, 0xE0, 0xC2, 0xE0, 0xC2, 0xC0, 0x81, 0xC0, 0x81, 0xE0, 0xC2, 0xE0, 0xC2,
    0xC0, 0x81, 0xC0, 0x81, 0xE0, 0xC2, 0xE0, 0xCA, 0xC0, 0x79, 0xC0, 0x81, 0xE0, 0xC2, 0xE0, 0xC2,
    0xC0, 0x81, 0xC0, 0x81, 0xE0, 0xC2, 0xE0, 0xC2, 0xC0, 0x81, 0xC0, 0x81, 0xE0, 0xC2, 0xE0, 0xCA,
    0xE0, 0xCA, 0xE0, 0xC2, 0xC0, 0x81, 0xC0, 0x81, 0xE0, 0xC2, 0xE0, 0xC2, 0xC0, 0x81, 0xC0, 0x81,
    0xE0, 0xC2, 0xE0, 0xC2, 0xC0, 0x81, 0xC0, 0x79, 0x45, 0xCB, 0x24, 0xCB, 0x44, 0x82, 0x02, 0x82,
    0x45, 0xCB, 0x44, 0xC3, 0x44, 0x7A, 0x22, 0x7A, 0x45, 0xCB, 0x24, 0xCB, 0x44, 0x82, 0x02, 0x82,
    0xD7, 0xFE, 0x73, 0xFE, 0x53, 0xFE, 0xAB, 0xE4, 0x91, 0x86, 0x6E, 0x66, 0x6E, 0x5E, 0x2B, 0x5D,
    0xD7, 0xFE, 0x73, 0xFE, 0x53, 0xFE, 0x8A, 0xE4, 0x94, 0xFE, 0x08, 0xFD, 0xE7, 0xFC, 0xA3, 0x9A,
    0x6F, 0x66, 0xC8, 0x3D, 0xA6, 0x35, 0x24, 0x3B, 0x73, 0xFE, 0x08, 0xFD, 0xE7, 0xFC, 0x40, 0x9A,
    0x73, 0xFE, 0xE7, 0xFC, 0xC6, 0xFC, 0xD1, 0xBC, 0x97, 0xDF, 0xB6, 0xEF, 0xB0, 0xEF, 0x42, 0xC6,
    0x10, 0xEE, 0xE7, 0xFC, 0xC5, 0xFC, 0x40, 0x92, 0xCB, 0xE4, 0xA3, 0x9A, 0xD1, 0xBC, 0x1A, 0xDF,
    0x48, 0xA5, 0xA3, 0x4C, 0x00, 0x4B, 0x60, 0xAD, 0x42, 0xCE, 0x81, 0x8A, 0xA2, 0x92, 0x20, 0x7A,
    0xB2, 0x86, 0x6F, 0x66, 0x97, 0xDF, 0x48, 0xA5, 0x12, 0x86, 0xA3, 0x0A, 0x40, 0x02, 0x83, 0x22,
    0x00, 0xBE, 0xA4, 0x6B, 0x6B, 0x4D, 0xC2, 0x1C, 0x8F, 0x5E, 0xC8, 0x3D, 0xB6, 0xEF, 0xA3, 0x4C,
    0xA3, 0x0A, 0x82, 0x03, 0xC2, 0x04, 0x83, 0x05, 0x10, 0xB7, 0xE4, 0xBD, 0x41, 0x0A, 0xA0, 0x02,
    0x8F, 0x5E, 0xA6, 0x35, 0xB0, 0xEF, 0x00, 0x4B, 0x40, 0x02, 0xC2, 0x04, 0x62, 0x05, 0x83, 0x05,
    0x16, 0xBF, 0xE7, 0xBD, 0x20, 0x0A, 0x20, 0x02, 0x4A, 0x5D, 0x00, 0x3B, 0x20, 0xC6, 0x60, 0xAD,
    0x83, 0x22, 0x83, 0x05, 0x83, 0x05, 0xA6, 0x4B, 0x95, 0xEF, 0xA5, 0x73, 0x21, 0x11, 0x00, 0x2A,
    0x29, 0xFD, 0xC6, 0xFC, 0xE5, 0xEC, 0x40, 0xCE, 0x00, 0xBE, 0x10, 0xB7, 0x16, 0xBF, 0x95, 0xEF,
    0x87, 0xB5, 0xCE, 0xBC, 0xA7, 0x6A, 0xC3, 0xA2, 0xE6, 0xFC, 0xC1, 0xFB, 0xA0, 0xF3, 0x20, 0x72,
    0xA4, 0x6B, 0xE4, 0xBD, 0xE7, 0xBD, 0xA5, 0x73, 0xCE, 0xBC, 0x25, 0xA3, 0x02, 0x72, 0x00, 0x8A,
    0xE6, 0xFC, 0xA0, 0xF3, 0x80, 0xF3, 0x22, 0x72, 0x6B, 0x45, 0x41, 0x0A, 0x20, 0x0A, 0x21, 0x11,
    0xA7, 0x6A, 0x02, 0x72, 0x24, 0xDC, 0x40, 0x92, 0xA4, 0xD3, 0x02, 0x82, 0xE2, 0x79, 0x22, 0x6A,
    0xC4, 0x34, 0xC2, 0x32, 0x62, 0x32, 0x22, 0x42, 0xE4, 0xA2, 0x42, 0x92, 0x62, 0x9A, 0x02, 0x82,
    0x2E, 0xF5, 0x0E, 0xE5, 0x0E, 0xE5, 0x0E, 0xE5, 0x2E, 0xE5, 0x0E, 0xE5, 0x0E, 0xE5, 0x0E, 0xE5,
    0x0E, 0xED, 0x0E, 0xE5, 0x0E, 0xE5, 0xAA, 0xB3, 0x2E, 0xED, 0x06, 0xDC, 0xE5, 0xD3, 0xE5, 0xD3,
    0x07, 0xD4, 0x28, 0xDC, 0x27, 0xDC, 0xE5, 0xD3, 0xE5, 0xD3, 0xE5, 0xD3, 0xE5, 0xD3, 0xC0, 0x79,
    0x2E, 0xED, 0xE5, 0xD3, 0xC4, 0xD3, 0x31, 0xD5, 0xF6, 0xE6, 0xB5, 0xF7, 0x90, 0xF7, 0x20, 0xCE,
    0x02, 0xBC, 0xC4, 0xD3, 0xC4, 0xD3, 0xC0, 0x79, 0x0B, 0xB4, 0x42, 0x7A, 0xB1, 0xA4, 0x1A, 0xDF,
    0x27, 0xA5, 0xA0, 0x6A, 0x80, 0x52, 0x60, 0xAD, 0x40, 0xC6, 0x00, 0x6A, 0x42, 0x72, 0xE0, 0x69,
    0xB2, 0x7E, 0x6F, 0x66, 0x97, 0xDF, 0x48, 0xA5, 0xAD, 0x5D, 0xA5, 0x22, 0xA5, 0x22, 0xE5, 0x2A,
    0x00, 0xBE, 0xA4, 0x6B, 0x6B, 0x45, 0xC2, 0x14, 0x8F, 0x5E, 0xC8, 0x3D, 0xB6, 0xEF, 0xA3, 0x4C,
    0xA3, 0x0A, 0xA2, 0x03, 0xE2, 0x04, 0x83, 0x05, 0x10, 0xB7, 0xE4, 0xBD, 0x41, 0x0A, 0xA0, 0x02,
    0x8F, 0x5E, 0xA6, 0x35, 0xB0, 0xEF, 0x00, 0x4B, 0x40, 0x02, 0xC2, 0x04, 0x62, 0x05, 0x83, 0x05,
    0x16, 0xBF, 0xE7, 0xBD, 0x20, 0x0A, 0x20, 0x02, 0x4B, 0x5D, 0x24, 0x3B, 0x42, 0xC6, 0x60, 0xAD,
    0x83, 0x22, 0x83, 0x05, 0x83, 0x05, 0xA6, 0x4B, 0x95, 0xEF, 0xA5, 0x73, 0x21, 0x11, 0x00, 0x2A,
    0xF7, 0xFE, 0x73, 0xFE, 0x10, 0xEE, 0x42, 0xCE, 0x00, 0xBE, 0x10, 0xB7, 0x16, 0xBF, 0x95, 0xEF,
    0x87, 0xB5, 0xCE, 0xBC, 0xA7, 0x6A, 0xC3, 0xA2, 0x94, 0xFE, 0x08, 0xFD, 0xE7, 0xFC, 0x81, 0x8A,
    0xA4, 0x6B, 0xE4, 0xBD, 0xE7, 0xBD, 0xA5, 0x73, 0xCE, 0xBC, 0x25, 0xA3, 0x02, 0x72, 0x00, 0x8A,
    0x73, 0xFE, 0xE7, 0xFC, 0xC5, 0xFC, 0xA2, 0x92, 0x6B, 0x4D, 0x41, 0x0A, 0x20, 0x0A, 0x21, 0x11,
    0xA7, 0x6A, 0x02, 0x72, 0x24, 0xDC, 0x40, 0x92, 0xCC, 0xEC, 0xA4, 0xA2, 0xA4, 0x9A, 0x83, 0x82,
    0xE5, 0x2C, 0xE4, 0x1A, 0xA4, 0x1A, 0x62, 0x2A, 0xE4, 0xA2, 0x42, 0x92, 0x62, 0x9A, 0x02, 0x82,
    0xF7, 0xFE, 0x73, 0xFE, 0x53, 0xFE, 0xAB, 0xE4, 0xB1, 0x7E, 0x6E, 0x5E, 0x6E, 0x5E, 0x2A, 0x55,
    0x2E, 0xED, 0x0E, 0xE5, 0x0E, 0xE5, 0xAA, 0xB3, 0x94, 0xFE, 0x08, 0xFD, 0xE7, 0xFC, 0xA3, 0x9A,
    0x6F, 0x66, 0xC8, 0x3D, 0xA6, 0x35, 0x02, 0x3B, 0x0E, 0xE5, 0x06, 0xDC, 0xE5, 0xD3, 0xC0, 0x79,
    0x73, 0xFE, 0xE7, 0xFC, 0xC6, 0xFC, 0xD1, 0xBC, 0x97, 0xDF, 0xB6, 0xEF, 0xB0, 0xEF, 0x20, 0xC6,
    0xCA, 0xD4, 0xE5, 0xD3, 0xC4, 0xD3, 0xC0, 0x79, 0xCB, 0xE4, 0xA3, 0x9A, 0xD1, 0xBC, 0x1A, 0xDF,
    0x48, 0xA5, 0xA3, 0x4C, 0x00, 0x4B, 0x60, 0xAD, 0x40, 0xCE, 0x42, 0xB3, 0xC4, 0xD3, 0xC0, 0x79,
    0xB2, 0x86, 0x6F, 0x66, 0x97, 0xDF, 0x48, 0xA5, 0x12, 0x86, 0xA3, 0x0A, 0x40, 0x02, 0x80, 0x21,
    0x02, 0xC6, 0x60, 0x73, 0x02, 0xAB, 0xC0, 0x79, 0x8F, 0x5E, 0xC8, 0x3D, 0xB6, 0xEF, 0xA3, 0x4C,
    0xA3, 0x0A, 0x82, 0x03, 0x03, 0x05, 0xE2, 0x32, 0x92, 0xEE, 0xE4, 0xBD, 0x80, 0x59, 0x80, 0x69,
    0x8F, 0x5E, 0xA6, 0x35, 0xB0, 0xEF, 0x00, 0x4B, 0x40, 0x02, 0xC2, 0x04, 0x83, 0x05, 0xE2, 0x32,
    0xB7, 0xEE, 0xE7, 0xBD, 0x60, 0x51, 0x20, 0x59, 0x4B, 0x5D, 0x24, 0x3B, 0x42, 0xC6, 0x60, 0xAD,
    0x83, 0x22, 0x83, 0x05, 0x83, 0x05, 0x86, 0x4B, 0x95, 0xEF, 0x84, 0x83, 0x60, 0x59, 0x20, 0x59,
    0xF7, 0xFE, 0x73, 0xFE, 0x10, 0xEE, 0x42, 0xCE, 0x00, 0xBE, 0x10, 0xB7, 0x16, 0xBF, 0x95, 0xEF,
    0x66, 0xAD, 0x40, 0x82, 0x60, 0x59, 0x20, 0x59, 0x94, 0xFE, 0x08, 0xFD, 0xE7, 0xFC, 0x81, 0x8A,
    0xA4, 0x6B, 0xE4, 0xBD, 0xE7, 0xBD, 0x84, 0x6B, 0xC3, 0x9A, 0xC1, 0x71, 0x81, 0x59, 0x80, 0x71,
    0x73, 0xFE, 0xE7, 0xFC, 0xC5, 0xFC, 0xA2, 0x92, 0x6B, 0x4D, 0x41, 0x0A, 0x20, 0x0A, 0x20, 0x11,
    0xE5, 0x61, 0xA1, 0x59, 0x83, 0xBB, 0xA0, 0x71, 0xCC, 0xEC, 0xA4, 0xA2, 0xA4, 0x9A, 0x84, 0x82,
    0xE5, 0x3C, 0xE4, 0x3A, 0x84, 0x3A, 0x44, 0x3A, 0x65, 0x7A, 0x24, 0x7A, 0x44, 0x82, 0xE2, 0x79,
    0xF7, 0xFE, 0x73, 0xFE, 0x73, 0xFE, 0x73, 0xFE, 0x73, 0xFE, 0x73, 0xFE, 0x73, 0xFE, 0x73, 0xFE,
    0x73, 0xFE, 0x53, 0xFE, 0x53, 0xFE, 0x8A, 0xE4, 0x94, 0xFE, 0x08, 0xFD, 0x07, 0xFD, 0x07, 0xFD,
    0x08, 0xFD, 0x2A, 0xFD, 0x28, 0xFD, 0x07, 0xFD, 0x07, 0xFD, 0x07, 0xFD, 0xE7, 0xFC, 0x40, 0x9A,
    0x73, 0xFE, 0xE7, 0xFC, 0xC6, 0xFC, 0xF1, 0xFD, 0x36, 0xFF, 0xB6, 0xF7, 0x90, 0xF7, 0x82, 0xE6,
    0x05, 0xED, 0xE6, 0xFC, 0xC6, 0xFC, 0x40, 0x92, 0xCB, 0xE4, 0xA3, 0x9A, 0xD1, 0xBC, 0x1A, 0xE7,
    0x27, 0xA5, 0xC0, 0x7A, 0x80, 0x52, 0x60, 0xAD, 0x40, 0xCE, 0x65, 0xDC, 0xC6, 0xFC, 0x40, 0x92,
    0xB2, 0x86, 0x6F, 0x66, 0x97, 0xDF, 0x48, 0xA5, 0xAD, 0x5D, 0xA5, 0x2A, 0xA5, 0x22, 0x20, 0x22,
    0x02, 0xC6, 0x80, 0x83, 0x25, 0xDC, 0x40, 0x92, 0x8F, 0x5E, 0xC8, 0x3D, 0xB6, 0xEF, 0xA3, 0x4C,
    0xA3, 0x0A, 0xA2, 0x03, 0x03, 0x05, 0x04, 0x3B, 0x14, 0xF7, 0xE4, 0xBD, 0x01, 0x72, 0x00, 0x8A,
    0x8F, 0x5E, 0xA6, 0x35, 0xB0, 0xEF, 0x00, 0x4B, 0x40, 0x02, 0xC2, 0x04, 0x83, 0x05, 0x04, 0x3B,
    0x39, 0xF7, 0xE7, 0xBD, 0xC1, 0x61, 0x80, 0x71, 0x4B, 0x5D, 0x24, 0x3B, 0x42, 0xC6, 0x60, 0xAD,
    0x83, 0x22, 0x83, 0x05, 0x83, 0x05, 0x86, 0x4B, 0x95, 0xEF, 0x84, 0x83, 0xE0, 0x40, 0x60, 0x61,
    0xF7, 0xFE, 0x73, 0xFE, 0x10, 0xEE, 0x42, 0xCE, 0x00, 0xBE, 0x10, 0xB7, 0x16, 0xBF, 0x95, 0xEF,
    0x66, 0xB5, 0xA4, 0xBB, 0xE1, 0x69, 0x00, 0x8A, 0x94, 0xFE, 0x08, 0xFD, 0xE7, 0xFC, 0x81, 0x8A,
    0xA4, 0x6B, 0xE4, 0xBD, 0xE7, 0xBD, 0xA4, 0x73, 0xA4, 0xBB, 0x40, 0x9A, 0x60, 0x69, 0x80, 0x69,
    0x73, 0xFE, 0xE7, 0xFC, 0xC5, 0xFC, 0xA2, 0x92, 0x6B, 0x4D, 0x41, 0x0A, 0x20, 0x0A, 0x20, 0x11,
    0xE1, 0x69, 0x60, 0x69, 0x00, 0xD3, 0xA0, 0x71, 0xCC, 0xEC, 0xA4, 0xA2, 0xA4, 0x9A, 0x83, 0x82,
    0xE5, 0x2C, 0xE4, 0x1A, 0xA4, 0x1A, 0x42, 0x2A, 0x85, 0x8A, 0x04, 0x72, 0x24, 0x7A, 0xC2, 0x69,
    0xF7, 0xFE, 0x73, 0xFE, 0x53, 0xFE, 0xAB, 0xE4, 0xB1, 0x7E, 0x6E, 0x5E, 0x6E, 0x5E, 0x2B, 0x55,
    0xD7, 0xF6, 0x73, 0xFE, 0x53, 0xFE, 0x8A, 0xE4, 0x94, 0xFE, 0x08, 0xFD, 0xE7, 0xFC, 0xA3, 0x9A,
    0x6F, 0x66, 0xC8, 0x3D, 0xA6, 0x35, 0x24, 0x3B, 0x73, 0xFE, 0x08, 0xFD, 0xE7, 0xFC, 0x40, 0x9A,
    0x73, 0xFE, 0xE7, 0xFC, 0xC6, 0xFC, 0xD1, 0xBC, 0x97, 0xDF, 0xB6, 0xEF, 0xB0, 0xEF, 0x42, 0xC6,
    0x10, 0xEE, 0xE7, 0xFC, 0xC5, 0xFC, 0x40, 0x92, 0xCB, 0xE4, 0xA3, 0x9A, 0xD1, 0xBC, 0x1A, 0xDF,
    0x48, 0xA5, 0xA3, 0x4C, 0x00, 0x4B, 0x60, 0xAD, 0x42, 0xCE, 0x81, 0x8A, 0xA2, 0x92, 0x20, 0x7A,
    0xB2, 0x86, 0x6F, 0x66, 0x97, 0xDF, 0x48, 0xA5, 0x12, 0x86, 0xA3, 0x0A, 0x40, 0x02, 0x83, 0x22,
    0x00, 0xBE, 0xA4, 0x6B, 0x6B, 0x4D, 0xC2, 0x1C, 0x8F, 0x5E, 0xC8, 0x3D, 0xB6, 0xEF, 0xA3, 0x4C,
    0xA3, 0x0A, 0x82, 0x03, 0xC2, 0x04, 0x83, 0x05, 0x10, 0xB7, 0xE4, 0xBD, 0x41, 0x0A, 0xA0, 0x02,
    0x8F, 0x5E, 0xA6, 0x35, 0xB0, 0xEF, 0x00, 0x4B, 0x40, 0x02, 0x03, 0x05, 0x83, 0x05, 0x83, 0x05,
    0x16, 0xBF, 0xE7, 0xBD, 0x20, 0x0A, 0x20, 0x02, 0x4B, 0x55, 0x02, 0x3B, 0x20, 0xC6, 0x60, 0xAD,
    0x80, 0x21, 0xE2, 0x32, 0xE2, 0x32, 0x86, 0x4B, 0x95, 0xEF, 0x84, 0x6B, 0x20, 0x11, 0xE0, 0x11,
    0x4E, 0xF5, 0x0E, 0xE5, 0xCA, 0xD4, 0x40, 0xCE, 0x02, 0xC6, 0x92, 0xEE, 0xB7, 0xEE, 0x95, 0xEF,
    0x66, 0xAD, 0xC3, 0x9A, 0xE5, 0x61, 0xE3, 0x71, 0x2E, 0xED, 0x06, 0xDC, 0xE5, 0xD3, 0x42, 0xB3,
    0x60, 0x73, 0xE4, 0xBD, 0xE7, 0xBD, 0x84, 0x83, 0x40, 0x82, 0xC1, 0x71, 0xA1, 0x59, 0x80, 0x71,
    0x2E, 0xED, 0xE5, 0xD3, 0xC4, 0xD3, 0xC4, 0xD3, 0x02, 0xAB, 0x80, 0x59, 0x60, 0x51, 0x60, 0x59,
    0x60, 0x59, 0x81, 0x59, 0x83, 0xBB, 0xA0, 0x71, 0x0B, 0xBC, 0x44, 0x82, 0x44, 0x82, 0x44, 0x82,
    0x44, 0x82, 0x04, 0x7A, 0xE4, 0x69, 0xE4, 0x61, 0xE4, 0x61, 0x24, 0x7A, 0x44, 0x82, 0xE2, 0x79,
    0xD7, 0xFE, 0x73, 0xFE, 0x53, 0xFE, 0x53, 0xFE, 0x53, 0xFE, 0x53, 0xFE, 0x53, 0xFE, 0x53, 0xFE,
    0x53, 0xFE, 0x53, 0xFE, 0x53, 0xFE, 0x8A, 0xE4, 0x94, 0xFE, 0x08, 0xFD, 0x07, 0xFD, 0x07, 0xFD,
    0x08, 0xFD, 0x2A, 0xFD, 0x28, 0xFD, 0x07, 0xFD, 0x07, 0xFD, 0x07, 0xFD, 0xE7, 0xFC, 0x40, 0x9A,
    0x73, 0xFE, 0xE7, 0xFC, 0xC6, 0xFC, 0xF1, 0xFD, 0x36, 0xFF, 0xB6, 0xF7, 0x90, 0xF7, 0x82, 0xE6,
    0x05, 0xED, 0xC6, 0xFC, 0xC5, 0xFC, 0x40, 0x92, 0xCB, 0xE4, 0xA3, 0x9A, 0xD1, 0xBC, 0x1A, 0xE7,
    0x27, 0xA5, 0xC0, 0x7A, 0x80, 0x52, 0x60, 0xAD, 0x40, 0xCE, 0x81, 0x8A, 0xA2, 0x92, 0x20, 0x7A,
    0xB2, 0x86, 0x6F, 0x66, 0x97, 0xDF, 0x48, 0xA5, 0xAD, 0x5D, 0xA5, 0x2A, 0xA5, 0x22, 0xE5, 0x2A,
    0x00, 0xBE, 0xA4, 0x6B, 0x6B, 0x4D, 0xC2, 0x1C, 0x8F, 0x5E, 0xC8, 0x3D, 0xB6, 0xEF, 0xA3, 0x4C,
    0xA3, 0x0A, 0xA2, 0x03, 0xE2, 0x04, 0x83, 0x05, 0x10, 0xB7, 0xE4, 0xBD, 0x41, 0x0A, 0xA0, 0x02,
    0x8F, 0x5E, 0xA6, 0x35, 0xB0, 0xEF, 0x00, 0x4B, 0x40, 0x02, 0x03, 0x05, 0x83, 0x05, 0x83, 0x05,
    0x16, 0xBF, 0xE7, 0xBD, 0x20, 0x0A, 0x20, 0x02, 0x4A, 0x5D, 0x00, 0x3B, 0x20, 0xC6, 0x60, 0xAD,
    0x80, 0x21, 0xE0, 0x3A, 0xE0, 0x3A, 0x86, 0x4B, 0x95, 0xEF, 0xA5, 0x73, 0x21, 0x11, 0x00, 0x2A,
    0x29, 0xFD, 0xC6, 0xFC, 0xE5, 0xEC, 0x40, 0xCE, 0x00, 0xC6, 0x90, 0xF6, 0xB6, 0xF6, 0x95, 0xEF,
    0x87, 0xB5, 0xCE, 0xBC, 0xA7, 0x6A, 0xC3, 0xA2, 0xE6, 0xFC, 0xC1, 0xFB, 0xC0, 0xFB, 0x60, 0xDB,
    0x60, 0x7B, 0xE4, 0xBD, 0xE7, 0xBD, 0x85, 0x7B, 0xCE, 0xBC, 0x25, 0xA3, 0x02, 0x72, 0x00, 0x8A,
    0xE6, 0xFC, 0xA0, 0xF3, 0xA0, 0xF3, 0xA0, 0xF3, 0x20, 0xD3, 0x60, 0x69, 0x40, 0x59, 0xC1, 0x30,
    0xA7, 0x6A, 0x02, 0x72, 0x24, 0xDC, 0x40, 0x92, 0xC6, 0xD3, 0x24, 0x82, 0x24, 0x82, 0x02, 0x82,
    0x45, 0x7A, 0x24, 0x6A, 0xE4, 0x51, 0xC3, 0x51, 0x06, 0xA3, 0x64, 0x92, 0xA4, 0x9A, 0x22, 0x8A,
    0xD7, 0xFE, 0x73, 0xFE, 0x53, 0xFE, 0xAB, 0xE4, 0x91, 0x86, 0x6E, 0x5E, 0x6E, 0x5E, 0x2B, 0x5D,
    0xD7, 0xFE, 0x73, 0xFE, 0x53, 0xFE, 0x8A, 0xE4, 0x94, 0xFE, 0x08, 0xFD, 0xE7, 0xFC, 0xA3, 0x9A,
    0x6F, 0x66, 0xC8, 0x3D, 0xA6, 0x35, 0x24, 0x3B, 0x73, 0xFE, 0x08, 0xFD, 0xE7, 0xFC, 0x40, 0x9A,
    0x73, 0xFE, 0xE7, 0xFC, 0xC6, 0xFC, 0xD1, 0xBC, 0x97, 0xDF, 0xB6, 0xEF, 0xB0, 0xEF, 0x42, 0xC6,
    0x10, 0xEE, 0xE7, 0xFC, 0xC6, 0xFC, 0x40, 0x92, 0xCB, 0xE4, 0xA3, 0x9A, 0xD1, 0xBC, 0x1A, 0xDF,
    0x48, 0xA5, 0xA3, 0x4C, 0x00, 0x4B, 0x60, 0xAD, 0x62, 0xCE, 0x65, 0xDC, 0xC6, 0xFC, 0x40, 0x92,
    0xB2, 0x86, 0x6F, 0x66, 0x97, 0xDF, 0x48, 0xA5, 0x12, 0x86, 0xA3, 0x0A, 0x40, 0x02, 0x80, 0x21,
    0x02, 0xC6, 0x80, 0x83, 0x25, 0xDC, 0x40, 0x92, 0x8F, 0x5E, 0xC8, 0x3D, 0xB6, 0xEF, 0xA3, 0x4C,
    0xA3, 0x0A, 0x82, 0x03, 0x03, 0x05, 0x04, 0x3B, 0x14, 0xF7, 0xE4, 0xBD, 0x01, 0x72, 0x00, 0x8A,
    0x8F, 0x5E, 0xA6, 0x35, 0xB0, 0xEF, 0x00, 0x4B, 0x40, 0x02, 0x03, 0x05, 0xA4, 0x05, 0x04, 0x3B,
    0x39, 0xF7, 0xE7, 0xBD, 0xC1, 0x61, 0x80, 0x71, 0x4A, 0x5D, 0x00, 0x3B, 0x20, 0xC6, 0x60, 0xAD,
    0x80, 0x21, 0x04, 0x3B, 0x04, 0x3B, 0x26, 0x4B, 0x95, 0xEF, 0x05, 0xA4, 0xE1, 0x69, 0x80, 0x71,
    0x29, 0xFD, 0xC6, 0xFC, 0xE5, 0xEC, 0x40, 0xCE, 0x02, 0xC6, 0x14, 0xF7, 0x39, 0xF7, 0x95, 0xEF,
    0x66, 0xB5, 0xC4, 0xBB, 0xE1, 0x69, 0x80, 0x71, 0xE6, 0xFC, 0xC1, 0xFB, 0xA0, 0xF3, 0x20, 0x72,
    0xA4, 0x7B, 0xE4, 0xBD, 0xE7, 0xBD, 0x05, 0xA4, 0xC4, 0xBB, 0x03, 0xA3, 0x01, 0x72, 0x00, 0x8A,
    0xE6, 0xFC, 0xA0, 0xF3, 0x80, 0xF3, 0x24, 0x7A, 0x91, 0xDD, 0x23, 0x72, 0xC1, 0x61, 0xE1, 0x69,
    0xE1, 0x69, 0x01, 0x72, 0x24, 0xDC, 0x40, 0x92, 0xC6, 0xD3, 0x24, 0x82, 0x24, 0x7A, 0x24, 0x7A,
    0x8B, 0xE4, 0x62, 0x92, 0xE2, 0x79, 0xE2, 0x71, 0xE2, 0x79, 0x42, 0x92, 0x62, 0x9A, 0x02, 0x82,
    0xD7, 0xFE, 0x73, 0xFE, 0x53, 0xFE, 0x8B, 0xE4, 0x2E, 0xF5, 0x0E, 0xE5, 0x0E, 0xE5, 0x0E, 0xE5,
    0x2E, 0xF5, 0x0E, 0xE5, 0x0E, 0xE5, 0xAA, 0xB3, 0x94, 0xFE, 0x08, 0xFD, 0xE7, 0xFC, 0x83, 0x9A,
    0x0E, 0xE5, 0x49, 0xDC, 0x27, 0xDC, 0x05, 0xD4, 0x0E, 0xED, 0x06, 0xDC, 0xE5, 0xD3, 0xC0, 0x79,
    0x73, 0xFE, 0xE7, 0xFC, 0xC6, 0xFC, 0xD1, 0xBC, 0xD5, 0xEE, 0x95, 0xF7, 0x90, 0xF7, 0x20, 0xD6,
    0xCA, 0xD4, 0xE5, 0xD3, 0xC4, 0xD3, 0xC0, 0x79, 0xCB, 0xE4, 0xA3, 0x9A, 0xD1, 0xBC, 0x1A, 0xDF,
    0x27, 0xA5, 0xA0, 0x6A, 0x80, 0x52, 0x60, 0xAD, 0x40, 0xCE, 0x42, 0xB3, 0xC4, 0xD3, 0xC0, 0x79,
    0xB2, 0x86, 0x6F, 0x66, 0x97, 0xDF, 0x48, 0xA5, 0xAD, 0x5D, 0xA5, 0x22, 0xA5, 0x22, 0xA5, 0x2A,
    0x22, 0xC6, 0x60, 0x73, 0x02, 0xAB, 0xC0, 0x79, 0x8F, 0x5E, 0xC8, 0x3D, 0xB6, 0xEF, 0xA3, 0x4C,
    0xA3, 0x0A, 0x82, 0x03, 0x03, 0x05, 0xE2, 0x32, 0x92, 0xEE, 0xE4, 0xBD, 0x80, 0x59, 0x80, 0x69,
    0x8F, 0x5E, 0xA6, 0x35, 0xB0, 0xEF, 0x00, 0x4B, 0x40, 0x02, 0xC2, 0x04, 0x63, 0x05, 0xE2, 0x32,
    0xB7, 0xEE, 0xE7, 0xBD, 0x60, 0x51, 0x20, 0x59, 0x4B, 0x5D, 0x24, 0x3B, 0x42, 0xC6, 0x60, 0xAD,
    0x80, 0x21, 0xC2, 0x32, 0xE2, 0x32, 0x66, 0x4B, 0x95, 0xEF, 0x84, 0x83, 0x60, 0x59, 0x20, 0x59,
    0xF7, 0xFE, 0x73, 0xFE, 0x10, 0xEE, 0x42, 0xCE, 0x02, 0xC6, 0x92, 0xEE, 0xB7, 0xEE, 0x95, 0xEF,
    0x66, 0xAD, 0x40, 0x82, 0x60, 0x59, 0x20, 0x59, 0x94, 0xFE, 0x08, 0xFD, 0xE7, 0xFC, 0x60, 0x8A,
    0x60, 0x73, 0xE4, 0xBD, 0xE7, 0xBD, 0x84, 0x83, 0x83, 0x92, 0xC1, 0x71, 0x81, 0x59, 0x80, 0x71,
    0x73, 0xFE, 0xE7, 0xFC, 0xC5, 0xFC, 0x40, 0x9A, 0xE2, 0xAA, 0x80, 0x59, 0x60, 0x51, 0x60, 0x59,
    0xA3, 0x59, 0xA1, 0x59, 0x83, 0xBB, 0xA0, 0x71, 0xAB, 0xEC, 0x83, 0x9A, 0x62, 0x9A, 0x23, 0x82,
    0x45, 0x7A, 0x24, 0x72, 0x04, 0x5A, 0xC2, 0x59, 0xE5, 0x69, 0x24, 0x7A, 0x44, 0x82, 0xE2, 0x79,
    0x4E, 0xF5, 0x0E, 0xE5, 0x0E, 0xE5, 0xEB, 0xB3, 0x91, 0x7E, 0x6E, 0x5E, 0x6E, 0x5E, 0x2B, 0x5D,
    0xD7, 0xF6, 0x73, 0xFE, 0x53, 0xFE, 0x8A, 0xE4, 0x2E, 0xED, 0x06, 0xDC, 0xE5, 0xD3, 0x42, 0x7A,
    0x6F, 0x66, 0xC8, 0x3D, 0xA6, 0x35, 0x24, 0x3B, 0x73, 0xFE, 0x08, 0xFD, 0xE7, 0xFC, 0x40, 0x9A,
    0x2E, 0xED, 0xE5, 0xD3, 0xC4, 0xD3, 0xB1, 0xA4, 0x97, 0xDF, 0xB6, 0xEF, 0xB0, 0xEF, 0x42, 0xC6,
    0x10, 0xEE, 0xE7, 0xFC, 0xC5, 0xFC, 0x40, 0x92, 0x2E, 0xED, 0xE5, 0xD3, 0x31, 0xD5, 0x1A, 0xDF,
    0x48, 0xA5, 0xA3, 0x4C, 0x00, 0x4B, 0x60, 0xAD, 0x42, 0xCE, 0x81, 0x8A, 0xA2, 0x92, 0x20, 0x7A,
    0x2E, 0xED, 0x07, 0xD4, 0xF6, 0xE6, 0x27, 0xA5, 0xAD, 0x5D, 0xA3, 0x0A, 0x40, 0x02, 0x83, 0x22,
    0x00, 0xBE, 0xA4, 0x6B, 0x6B, 0x4D, 0xC2, 0x1C, 0x2E, 0xED, 0x28, 0xDC, 0xB5, 0xF7, 0xA0, 0x6A,
    0xA5, 0x22, 0xA2, 0x03, 0xC2, 0x04, 0x83, 0x05, 0x10, 0xB7, 0xE4, 0xBD, 0x41, 0x0A, 0xA0, 0x02,
    0x2E, 0xED, 0x27, 0xDC, 0x90, 0xF7, 0x80, 0x52, 0xA5, 0x22, 0xE2, 0x04, 0x62, 0x05, 0x83, 0x05,
    0x16, 0xBF, 0xE7, 0xBD, 0x20, 0x0A, 0x20, 0x02, 0x2E, 0xED, 0xE5, 0xD3, 0x20, 0xCE, 0x60, 0xAD,
    0xE5, 0x2A, 0x83, 0x05, 0x83, 0x05, 0xA6, 0x4B, 0x95, 0xEF, 0xA5, 0x73, 0x21, 0x11, 0x00, 0x2A,
    0x2E, 0xED, 0xE5, 0xD3, 0x02, 0xBC, 0x40, 0xC6, 0x00, 0xBE, 0x10, 0xB7, 0x16, 0xBF, 0x95, 0xEF,
    0x87, 0xB5, 0xCE, 0xBC, 0xA7, 0x6A, 0xC3, 0xA2, 0x2E, 0xED, 0xE5, 0xD3, 0xC4, 0xD3, 0x00, 0x6A,
    0xA4, 0x6B, 0xE4, 0xBD, 0xE7, 0xBD, 0xA5, 0x73, 0xCE, 0xBC, 0x25, 0xA3, 0x02, 0x72, 0x00, 0x8A,
    0x2E, 0xED, 0xE5, 0xD3, 0xC4, 0xD3, 0x42, 0x72, 0x6B, 0x45, 0x41, 0x0A, 0x20, 0x0A, 0x21, 0x11,
    0xA7, 0x6A, 0x02, 0x72, 0x24, 0xDC, 0x40, 0x92, 0x0B, 0xBC, 0x44, 0x82, 0x44, 0x82, 0x64, 0x72,
    0xE5, 0x3C, 0xE4, 0x3A, 0x84, 0x3A, 0x42, 0x42, 0xE4, 0xA2, 0x40, 0x92, 0x61, 0x9A, 0x00, 0x8A,
    0xD7, 0xFE, 0x73, 0xFE, 0x53, 0xFE, 0x73, 0xFE, 0x73, 0xFE, 0x73, 0xFE, 0x53, 0xFE, 0x8A, 0xE4,
    0x29, 0xFD, 0xC6, 0xFC, 0xC6, 0xFC, 0x62, 0xCB, 0x94, 0xFE, 0x08, 0xFD, 0x07, 0xFD, 0x07, 0xFD,
    0x08, 0xFD, 0x2A, 0xFD, 0x08, 0xFD, 0xA1, 0xA2, 0xC6, 0xFC, 0xC1, 0xFB, 0xA0, 0xF3, 0xA0, 0x79,
    0x73, 0xFE, 0x07, 0xFD, 0xE6, 0xFC, 0xF1, 0xFD, 0x36, 0xFF, 0xB6, 0xF7, 0x90, 0xF7, 0x20, 0xCE,
    0xE5, 0xEC, 0xA0, 0xF3, 0x80, 0xF3, 0xA0, 0x71, 0x73, 0xFE, 0x07, 0xFD, 0xF1, 0xFD, 0x1A, 0xE7,
    0x28, 0xA5, 0xC0, 0x7A, 0x80, 0x52, 0x60, 0xAD, 0x40, 0xCE, 0x20, 0x72, 0x22, 0x72, 0xC0, 0x59,
    0x73, 0xFE, 0x08, 0xFD, 0x36, 0xFF, 0x28, 0xA5, 0x8E, 0x6D, 0xA5, 0x2A, 0xA5, 0x22, 0xE5, 0x2A,
    0x00, 0xBE, 0xA4, 0x6B, 0x6B, 0x45, 0xC2, 0x0C, 0x73, 0xFE, 0x2A, 0xFD, 0xB6, 0xF7, 0xC0, 0x7A,
    0xA5, 0x2A, 0xA3, 0x03, 0xE2, 0x04, 0x83, 0x05, 0x10, 0xB7, 0xE4, 0xBD, 0x41, 0x0A, 0xA0, 0x02,
    0x73, 0xFE, 0x28, 0xFD, 0x90, 0xF7, 0x80, 0x52, 0xA5, 0x22, 0xE2, 0x04, 0x62, 0x05, 0x83, 0x05,
    0x16, 0xBF, 0xE7, 0xBD, 0x20, 0x0A, 0x20, 0x02, 0x73, 0xFE, 0x07, 0xFD, 0x82, 0xE6, 0x60, 0xAD,
    0xE5, 0x2A, 0x83, 0x05, 0x83, 0x05, 0xA6, 0x4B, 0x95, 0xEF, 0xA5, 0x73, 0x21, 0x11, 0x00, 0x2A,
    0x73, 0xFE, 0x07, 0xFD, 0x05, 0xED, 0x40, 0xCE, 0x00, 0xBE, 0x10, 0xB7, 0x16, 0xBF, 0x95, 0xEF,
    0x87, 0xB5, 0xCE, 0xBC, 0xA7, 0x6A, 0xC3, 0xA2, 0x73, 0xFE, 0x07, 0xFD, 0xC6, 0xFC, 0x81, 0x8A,
    0xA4, 0x6B, 0xE4, 0xBD, 0xE7, 0xBD, 0xA5, 0x73, 0xCE, 0xBC, 0x25, 0xA3, 0x02, 0x72, 0x00, 0x8A,
    0x73, 0xFE, 0xE7, 0xFC, 0xC5, 0xFC, 0xA2, 0x92, 0x6B, 0x4D, 0x41, 0x0A, 0x20, 0x0A, 0x21, 0x11,
    0xA7, 0x6A, 0x02, 0x72, 0x24, 0xDC, 0x40, 0x92, 0xCC, 0xEC, 0xA4, 0xA2, 0xA4, 0x9A, 0x83, 0x82,
    0xE5, 0x2C, 0xE4, 0x1A, 0xA4, 0x1A, 0x63, 0x2A, 0x06, 0xA3, 0x64, 0x92, 0xA4, 0x9A, 0x22, 0x8A,
    0xF7, 0xFE, 0x73, 0xFE, 0x53, 0xFE, 0xAB, 0xE4, 0xB1, 0x7E, 0x6E, 0x5E, 0x6E, 0x5E, 0x2B, 0x55,
    0xD7, 0xFE, 0x73, 0xFE, 0x53, 0xFE, 0x8A, 0xE4, 0x94, 0xFE, 0x08, 0xFD, 0xE7, 0xFC, 0xA3, 0x9A,
    0x6F, 0x66, 0xC8, 0x3D, 0xA6, 0x35, 0x24, 0x3B, 0x73, 0xFE, 0x08, 0xFD, 0xE7, 0xFC, 0x40, 0x9A,
    0x73, 0xFE, 0x07, 0xFD, 0xC6, 0xFC, 0xD1, 0xBC, 0x97, 0xDF, 0xB6, 0xEF, 0xB0, 0xEF, 0x42, 0xC6,
    0x10, 0xEE, 0xE7, 0xFC, 0xC5, 0xFC, 0x40, 0x92, 0x73, 0xFE, 0x07, 0xFD, 0xF1, 0xFD, 0x1A, 0xE7,
    0x48, 0xA5, 0xA3, 0x4C, 0x00, 0x4B, 0x60, 0xAD, 0x42, 0xCE, 0x60, 0x8A, 0x61, 0x9A, 0x00, 0x8A,
    0x73, 0xFE, 0x08, 0xFD, 0x36, 0xFF, 0x27, 0xA5, 0xAD, 0x5D, 0xA3, 0x0A, 0x40, 0x02, 0x80, 0x21,
    0x00, 0xC6, 0x80, 0x7B, 0x25, 0xDC, 0x62, 0xCB, 0x73, 0xFE, 0x2A, 0xFD, 0xB6, 0xF7, 0xC0, 0x7A,
    0xA5, 0x2A, 0xA2, 0x03, 0x03, 0x05, 0xE0, 0x3A, 0x90, 0xF6, 0xE4, 0xBD, 0x80, 0x69, 0x80, 0x69,
    0x73, 0xFE, 0x28, 0xFD, 0x90, 0xF7, 0x80, 0x52, 0xA5, 0x22, 0xE2, 0x04, 0x83, 0x05, 0xE0, 0x3A,
    0xB6, 0xF6, 0xE7, 0xBD, 0x60, 0x61, 0x20, 0x51, 0x73, 0xFE, 0x07, 0xFD, 0x82, 0xE6, 0x60, 0xAD,
    0xE5, 0x2A, 0x83, 0x05, 0x83, 0x05, 0x86, 0x4B, 0x95, 0xEF, 0xC4, 0xA3, 0x60, 0x61, 0x20, 0x51,
    0x73, 0xFE, 0x07, 0xFD, 0x05, 0xED, 0x40, 0xCE, 0x00, 0xBE, 0x10, 0xB7, 0x16, 0xBF, 0x95, 0xEF,
    0x66, 0xB5, 0xE0, 0xBA, 0x60, 0x69, 0x20, 0x51, 0x73, 0xFE, 0x07, 0xFD, 0xC6, 0xFC, 0x81, 0x8A,
    0xA4, 0x6B, 0xE4, 0xBD, 0xE7, 0xBD, 0xA4, 0x73, 0xA4, 0xBB, 0x40, 0x9A, 0x60, 0x69, 0x80, 0x69,
    0x73, 0xFE, 0xE7, 0xFC, 0xC5, 0xFC, 0xA2, 0x92, 0x6B, 0x4D, 0x41, 0x0A, 0x20, 0x0A, 0x20, 0x11,
    0xE1, 0x69, 0x60, 0x69, 0x00, 0xD3, 0xA0, 0x71, 0xAB, 0xEC, 0x83, 0x9A, 0x62, 0x9A, 0x62, 0x82,
    0xC4, 0x3C, 0xC2, 0x32, 0x62, 0x32, 0x22, 0x3A, 0x42, 0x8A, 0xC2, 0x71, 0xE2, 0x79, 0xA2, 0x69,
    0x4E, 0xF5, 0x0E, 0xE5, 0x0E, 0xE5, 0x0E, 0xE5, 0x2E, 0xE5, 0x0E, 0xE5, 0x0E, 0xE5, 0x0E, 0xE5,
    0x0E, 0xE5, 0x0E, 0xE5, 0x0E, 0xE5, 0xAA, 0xAB, 0x2E, 0xED, 0x06, 0xDC, 0xE5, 0xD3, 0xE5, 0xD3,
    0x07, 0xD4, 0x28, 0xDC, 0x27, 0xDC, 0xE5, 0xD3, 0xE5, 0xD3, 0xE5, 0xD3, 0xE5, 0xD3, 0xC0, 0x79,
    0x2E, 0xED, 0xE5, 0xD3, 0xE4, 0xD3, 0x31, 0xD5, 0xF6, 0xE6, 0xB5, 0xF7, 0x90, 0xF7, 0x20, 0xCE,
    0x02, 0xBC, 0xE4, 0xD3, 0xC4, 0xD3, 0xC0, 0x79, 0x2E, 0xED, 0xE5, 0xD3, 0x31, 0xD5, 0x1A, 0xDF,
    0x27, 0xA5, 0xA0, 0x6A, 0x80, 0x52, 0x60, 0xAD, 0x40, 0xC6, 0x22, 0xA3, 0xC4, 0xD3, 0xC0, 0x79,
    0x2E, 0xED, 0x07, 0xD4, 0xF6, 0xE6, 0x28, 0xA5, 0xAD, 0x5D, 0xA5, 0x22, 0xA5, 0x22, 0xE5, 0x2A,
    0x22, 0xC6, 0x60, 0x73, 0x02, 0xAB, 0xC0, 0x79, 0x2E, 0xED, 0x28, 0xDC, 0xB5, 0xF7, 0xA0, 0x6A,
    0x62, 0x1A, 0xA2, 0x03, 0xE2, 0x04, 0x64, 0x35, 0xB2, 0xEE, 0xE4, 0xBD, 0x80, 0x59, 0x80, 0x69,
    0x2E, 0xED, 0x27, 0xD4, 0x90, 0xF7, 0x60, 0x52, 0x20, 0x02, 0xC2, 0x04, 0x62, 0x05, 0x84, 0x35,
    0xD7, 0xEE, 0xE7, 0xBD, 0x60, 0x51, 0x20, 0x59, 0x0B, 0xBC, 0x44, 0x82, 0x02, 0xC6, 0x60, 0xAD,
    0x83, 0x2A, 0x83, 0x05, 0x83, 0x05, 0xA6, 0x4B, 0x95, 0xEF, 0x85, 0x7B, 0xA1, 0x71, 0xA0, 0x71,
    0xD7, 0xFE, 0x73, 0xFE, 0x10, 0xEE, 0x42, 0xCE, 0x00, 0xBE, 0x10, 0xB7, 0x16, 0xBF, 0x95, 0xEF,
    0x87, 0xB5, 0xCE, 0xBC, 0xA7, 0x6A, 0xC3, 0xA2, 0x94, 0xFE, 0x08, 0xFD, 0xE7, 0xFC, 0x81, 0x8A,
    0xA4, 0x6B, 0xE4, 0xBD, 0xE7, 0xBD, 0xA5, 0x73, 0xCE, 0xBC, 0x25, 0xA3, 0x02, 0x72, 0x00, 0x8A,
    0x73, 0xFE, 0xE7, 0xFC, 0xC5, 0xFC, 0xA2, 0x92, 0x6B, 0x4D, 0x41, 0x0A, 0x20, 0x0A, 0x21, 0x11,
    0xA7, 0x6A, 0x02, 0x72, 0x24, 0xDC, 0x40, 0x92, 0xAB, 0xEC, 0x81, 0xA2, 0x61, 0x9A, 0x41, 0x82,
    0xE5, 0x2C, 0xE4, 0x1A, 0xA4, 0x1A, 0x63, 0x2A, 0x06, 0xA3, 0x64, 0x92, 0xA4, 0x9A, 0x22, 0x8A,
    0x29, 0xFD, 0xC6, 0xFC, 0xC6, 0xFC, 0xA5, 0xCB, 0x91, 0x7E, 0x6E, 0x5E, 0x6E, 0x5E, 0x2B, 0x55,
    0xD7, 0xFE, 0x73, 0xFE, 0x53, 0xFE, 0x8A, 0xE4, 0xE6, 0xFC, 0xC1, 0xFB, 0xA0, 0xF3, 0x42, 0x7A,
    0x6F, 0x66, 0xC8, 0x3D, 0xA6, 0x35, 0x24, 0x3B, 0x73, 0xFE, 0x08, 0xFD, 0xE7, 0xFC, 0x40, 0x9A,
    0xE6, 0xFC, 0xA0, 0xF3, 0xA0, 0xF3, 0xB1, 0xAC, 0x97, 0xDF, 0xB6, 0xEF, 0xB0, 0xEF, 0x42, 0xC6,
    0x10, 0xEE, 0xE7, 0xFC, 0xC5, 0xFC, 0x40, 0x92, 0xC6, 0xD3, 0x24, 0x82, 0xB1, 0xAC, 0x1A, 0xDF,
    0x48, 0xA5, 0xA3, 0x4C, 0x00, 0x4B, 0x60, 0xAD, 0x42, 0xCE, 0x81, 0x8A, 0xA2, 0x92, 0x20, 0x7A,
    0xD7, 0xFE, 0x74, 0xFE, 0x77, 0xF7, 0x27, 0xA5, 0xAD, 0x5D, 0xA3, 0x0A, 0x40, 0x02, 0x83, 0x22,
    0x00, 0xBE, 0xA4, 0x6B, 0x6B, 0x4D, 0xC2, 0x1C, 0x94, 0xFE, 0x2A, 0xFD, 0xB6, 0xF7, 0xC0, 0x7A,
    0xA5, 0x2A, 0xA2, 0x03, 0xC2, 0x04, 0x83, 0x05, 0x10, 0xB7, 0xE4, 0xBD, 0x41, 0x0A, 0xA0, 0x02,
    0x73, 0xFE, 0x28, 0xFD, 0x90, 0xF7, 0x80, 0x52, 0xA5, 0x22, 0x03, 0x05, 0x83, 0x05, 0x83, 0x05,
    0x16, 0xBF, 0xE7, 0xBD, 0x20, 0x0A, 0x20, 0x02, 0x73, 0xFE, 0x07, 0xFD, 0x82, 0xE6, 0x60, 0xAD,
    0x20, 0x22, 0x04, 0x3B, 0x04, 0x3B, 0x86, 0x4B, 0x95, 0xEF, 0xA5, 0x73, 0x21, 0x11, 0x00, 0x2A,
    0x73, 0xFE, 0x07, 0xFD, 0x05, 0xED, 0x40, 0xCE, 0x02, 0xC6, 0x14, 0xF7, 0x39, 0xF7, 0x95, 0xEF,
    0x87, 0xB5, 0xCE, 0xBC, 0xA7, 0x6A, 0xC3, 0xA2, 0x73, 0xFE, 0x07, 0xFD, 0xE6, 0xFC, 0x65, 0xDC,
    0x80, 0x83, 0xE4, 0xBD, 0xE7, 0xBD, 0x05, 0xA4, 0xC4, 0xBB, 0x04, 0xA3, 0x02, 0x72, 0x00, 0x8A,
    0x73, 0xFE, 0xE7, 0xFC, 0xC6, 0xFC, 0xC6, 0xFC, 0x25, 0xDC, 0x01, 0x72, 0xC1, 0x61, 0xE1, 0x69,
    0xE1, 0x69, 0x01, 0x72, 0x24, 0xDC, 0x40, 0x92, 0xAB, 0xEC, 0x83, 0x9A, 0x82, 0x9A, 0x82, 0x9A,
    0x82, 0x9A, 0x42, 0x92, 0xE2, 0x79, 0xE3, 0x71, 0x25, 0x7A, 0x64, 0x92, 0xA4, 0x9A, 0x22, 0x8A,
    0x4E, 0xF5, 0x0E, 0xE5, 0x0E, 0xE5, 0x0E, 0xE5, 0x0E, 0xE5, 0x0E, 0xE5, 0x0E, 0xE5, 0x0B, 0xB4,
    0xB7, 0xFE, 0x73, 0xFE, 0x53, 0xFE, 0x8A, 0xE4, 0x2E, 0xED, 0x06, 0xDC, 0xE5, 0xD3, 0xE5, 0xD3,
    0x07, 0xD4, 0x28, 0xDC, 0x27, 0xD4, 0x44, 0x82, 0x73, 0xFE, 0x08, 0xFD, 0xE7, 0xFC, 0x40, 0x9A,
    0x2E, 0xED, 0xE5, 0xD3, 0xE4, 0xD3, 0x31, 0xD5, 0xF6, 0xE6, 0xB5, 0xF7, 0x90, 0xF7, 0xE2, 0xC5,
    0x10, 0xEE, 0xE7, 0xFC, 0xC5, 0xFC, 0x40, 0x92, 0x2E, 0xED, 0xE5, 0xD3, 0x31, 0xD5, 0x1A, 0xDF,
    0x28, 0xA5, 0xA0, 0x6A, 0x60, 0x52, 0x60, 0xAD, 0x42, 0xCE, 0x81, 0x8A, 0xA2, 0x92, 0x20, 0x7A,
    0x2E, 0xED, 0x07, 0xD4, 0xF6, 0xE6, 0x27, 0xA5, 0xAD, 0x5D, 0x62, 0x1A, 0x20, 0x02, 0x83, 0x2A,
    0x00, 0xBE, 0xA4, 0x6B, 0x6B, 0x4D, 0xC2, 0x1C, 0x2E, 0xED, 0x28, 0xDC, 0xB5, 0xF7, 0xA0, 0x6A,
    0xA5, 0x22, 0xA2, 0x03, 0xC2, 0x04, 0x83, 0x05, 0x10, 0xB7, 0xE4, 0xBD, 0x41, 0x0A, 0xA0, 0x02,
    0x2E, 0xED, 0x27, 0xDC, 0x90, 0xF7, 0x80, 0x52, 0xA5, 0x22, 0xC2, 0x04, 0x42, 0x05, 0x83, 0x05,
    0x16, 0xBF, 0xE7, 0xBD, 0x20, 0x0A, 0x20, 0x02, 0x2E, 0xED, 0xE5, 0xD3, 0x20, 0xCE, 0x60, 0xAD,
    0x20, 0x22, 0xE2, 0x32, 0xE2, 0x32, 0x86, 0x4B, 0x95, 0xEF, 0xA5, 0x73, 0x21, 0x11, 0x00, 0x2A,
    0x2E, 0xED, 0xE5, 0xD3, 0x22, 0xCC, 0x40, 0xCE, 0x02, 0xC6, 0x92, 0xEE, 0xB7, 0xEE, 0x95, 0xEF,
    0x87, 0xB5, 0xCE, 0xBC, 0xA7, 0x6A, 0xC3, 0xA2, 0x2E, 0xED, 0xE5, 0xD3, 0xE4, 0xD3, 0x42, 0xB3,
    0x60, 0x73, 0xE4, 0xBD, 0xE7, 0xBD, 0xA5, 0x83, 0xCE, 0xBC, 0x25, 0xA3, 0x02, 0x72, 0x00, 0x8A,
    0x2E, 0xED, 0xE5, 0xD3, 0xC4, 0xD3, 0xC4, 0xD3, 0x02, 0xAB, 0x80, 0x59, 0x60, 0x51, 0x81, 0x59,
    0xA7, 0x6A, 0x02, 0x72, 0x24, 0xDC, 0x40, 0x92, 0x0B, 0xBC, 0x44, 0x82, 0x44, 0x82, 0x23, 0x82,
    0x65, 0x7A, 0x24, 0x72, 0x04, 0x5A, 0xE3, 0x61, 0x06, 0xA3, 0x64, 0x92, 0xA4, 0x9A, 0x22, 0x8A,
    0xD7, 0xFE, 0x73, 0xFE, 0x53, 0xFE, 0xAB, 0xE4, 0x91, 0x86, 0x6E, 0x5E, 0x6E, 0x5E, 0x2B, 0x5D,
    0xD7, 0xFE, 0x73, 0xFE, 0x53, 0xFE, 0x8A, 0xE4, 0x94, 0xFE, 0x08, 0xFD, 0xE7, 0xFC, 0xA3, 0x9A,
    0x6F, 0x66, 0xC8, 0x3D, 0xA6, 0x35, 0x24, 0x3B, 0x73, 0xFE, 0x08, 0xFD, 0xE7, 0xFC, 0x40, 0x9A,
    0x73, 0xFE, 0xE7, 0xFC, 0xC6, 0xFC, 0xD1, 0xBC, 0x97, 0xDF, 0xB6, 0xEF, 0xB0, 0xEF, 0x42, 0xC6,
    0x10, 0xEE, 0xE7, 0xFC, 0xC5, 0xFC, 0x40, 0x92, 0xAB, 0xEC, 0x61, 0x9A, 0xD1, 0xBC, 0x1A, 0xDF,
    0x48, 0xA5, 0xA3, 0x4C, 0x00, 0x4B, 0x60, 0xAD, 0x42, 0xCE, 0x60, 0x8A, 0x40, 0x9A, 0xC0, 0x81,
    0x0E, 0xED, 0x07, 0xD4, 0xF6, 0xE6, 0x28, 0xA5, 0x12, 0x86, 0xA3, 0x0A, 0x40, 0x02, 0x80, 0x21,
    0x02, 0xC6, 0x60, 0x73, 0xE2, 0xAA, 0xC0, 0x79, 0x2E, 0xED, 0x28, 0xDC, 0xB5, 0xF7, 0xA0, 0x6A,
    0x62, 0x1A, 0x82, 0x03, 0x03, 0x05, 0xE2, 0x32, 0x92, 0xEE, 0xE4, 0xBD, 0x80, 0x59, 0x80, 0x69,
    0x2E, 0xED, 0x27, 0xDC, 0x90, 0xF7, 0x60, 0x52, 0x20, 0x02, 0x03, 0x05, 0xA4, 0x05, 0xE2, 0x32,
    0xB7, 0xEE, 0xE7, 0xBD, 0x60, 0x51, 0x20, 0x59, 0x2E, 0xED, 0xE5, 0xD3, 0x20, 0xCE, 0x60, 0xAD,
    0x80, 0x21, 0xE2, 0x32, 0xE2, 0x32, 0x26, 0x4B, 0x95, 0xEF, 0x84, 0x83, 0x60, 0x59, 0x20, 0x59,
    0x2E, 0xED, 0xE5, 0xD3, 0x22, 0xCC, 0x40, 0xCE, 0x02, 0xC6, 0x92, 0xEE, 0xB7, 0xEE, 0x95, 0xEF,
    0x66, 0xAD, 0x40, 0x82, 0x60, 0x59, 0x20, 0x59, 0x2E, 0xED, 0xE5, 0xD3, 0xE4, 0xD3, 0x42, 0xB3,
    0x60, 0x73, 0xE4, 0xBD, 0xE7, 0xBD, 0x84, 0x83, 0x83, 0x92, 0xC1, 0x71, 0x81, 0x59, 0x80, 0x71,
    0x2E, 0xED, 0xE5, 0xD3, 0xC4, 0xD3, 0xC4, 0xD3, 0x02, 0xAB, 0x80, 0x59, 0x60, 0x51, 0x60, 0x59,
    0xA3, 0x59, 0xA1, 0x59, 0x83, 0xBB, 0xA0, 0x71, 0xCA, 0xB3, 0xC0, 0x79, 0xC0, 0x79, 0xC0, 0x79,
    0xC0, 0x79, 0x80, 0x71, 0x40, 0x61, 0x40, 0x59, 0x40, 0x59, 0x80, 0x71, 0xC0, 0x79, 0xA0, 0x71,
    0xA0, 0x79, 0xA0, 0x79, 0xE0, 0xC2, 0xE0, 0xC2, 0xA0, 0x79, 0xA0, 0x79, 0xE0, 0xC2, 0xE0, 0xC2,
    0xA0, 0x79, 0xA0, 0x79, 0xE0, 0xC2, 0xE0, 0xCA, 0xC0, 0x79, 0xC0, 0x81, 0xE0, 0xC2, 0xE0, 0xC2,
    0xC0, 0x81, 0xC0, 0x81, 0xE0, 0xC2, 0xE0, 0xC2, 0xC0, 0x81, 0xC0, 0x81, 0xE0, 0xC2, 0xE0, 0xCA,
    0xE0, 0xCA, 0xE0, 0xC2, 0xC0, 0x81, 0xC0, 0x81, 0xE0, 0xC2, 0xE0, 0xC2, 0xC0, 0x81, 0xC0, 0x81,
    0xE0, 0xC2, 0xE0, 0xC2, 0xC0, 0x81, 0xC0, 0x79, 0xE0, 0xCA, 0xE0, 0xC2, 0xC0, 0x81, 0xC0, 0x81,
    0xE0, 0xC2, 0xE0, 0xC2, 0xC0, 0x81, 0xC0, 0x81, 0xE0, 0xC2, 0xE0, 0xC2, 0xC0, 0x81, 0xC0, 0x79,
    0xC0, 0x79, 0xC0, 0x81, 0xE0, 0xC2, 0xE0, 0xC2, 0xC0, 0x81, 0xC0, 0x81, 0xE0, 0xC2, 0xE0, 0xC2,
    0xC0, 0x81, 0xC0, 0x81, 0xE0, 0xC2, 0xE0, 0xCA, 0xC0, 0x79, 0xC0, 0x81, 0xE0, 0xC2, 0xE0, 0xC2,
    0xC0, 0x81, 0xC0, 0x81, 0xE0, 0xC2, 0xE0, 0xC2, 0xC0, 0x81, 0xC0, 0x81, 0xE0, 0xC2, 0xE0, 0xCA,
    0xE0, 0xCA, 0xE0, 0xC2, 0xC0, 0x81, 0xC0, 0x81, 0xE0, 0xC2, 0xE0, 0xC2, 0xC0, 0x81, 0xC0, 0x81,
    0xE0, 0xC2, 0xE0, 0xC2, 0xC0, 0x81, 0xC0, 0x79, 0xE0, 0xCA, 0xE0, 0xC2, 0xC0, 0x81, 0xC0, 0x81,
    0xE0, 0xC2, 0xE0, 0xC2, 0xC0, 0x81, 0xC0, 0x81, 0xE0, 0xC2, 0xE0, 0xC2, 0xC0, 0x81, 0xC0, 0x79,
    0xC0, 0x79, 0xC0, 0x81, 0xE0, 0xC2, 0xE0, 0xC2, 0xC0, 0x81, 0xC0, 0x81, 0xE0, 0xC2, 0xE0, 0xC2,
    0xC0, 0x81, 0xC0, 0x81, 0xE0, 0xC2, 0xE0, 0xCA, 0xC0, 0x79, 0xC0, 0x81, 0xE0, 0xC2, 0xE0, 0xC2,
    0xC0, 0x81, 0xC0, 0x81, 0xE0, 0xC2, 0xE0, 0xC2, 0xC0, 0x81, 0xC0, 0x81, 0xE0, 0xC2, 0xE0, 0xCA,
    0xE0, 0xCA, 0xE0, 0xC2, 0xC0, 0x81, 0xC0, 0x81, 0xE0, 0xC2, 0xE0, 0xC2, 0xC0, 0x81, 0xC0, 0x81,
    0xE0, 0xC2, 0xE0, 0xC2, 0xC0, 0x81, 0xC0, 0x79, 0xE0, 0xCA, 0xE0, 0xC2, 0xC0, 0x81, 0xC0, 0x81,
    0xE0, 0xC2, 0xE0, 0xC2, 0xC0, 0x81, 0xC0, 0x81, 0xE0, 0xC2, 0xE0, 0xC2, 0xC0, 0x81, 0xC0, 0x79,
    0xC0, 0x79, 0xC0, 0x81, 0xE0, 0xC2, 0xE0, 0xC2, 0xC0, 0x81, 0xC0, 0x81, 0xE0, 0xC2, 0xE0, 0xC2,
    0xC0, 0x81, 0xC0, 0x81, 0xE0, 0xC2, 0xE0, 0xCA, 0xC0, 0x79, 0xC0, 0x81, 0xE0, 0xC2, 0xE0, 0xC2,
    0xC0, 0x81, 0xC0, 0x81, 0xE0, 0xC2, 0xE0, 0xC2, 0xC0, 0x81, 0xC0, 0x81, 0xE0, 0xC2, 0xE0, 0xCA,
    0xE0, 0xCA, 0xE0, 0xC2, 0xC0, 0x81, 0xC0, 0x81, 0xE0, 0xC2, 0xE0, 0xC2, 0xC0, 0x81, 0xC0, 0x81,
    0xE0, 0xC2, 0xE0, 0xC2, 0xC0, 0x81, 0xC0, 0x79, 0xE0, 0xCA, 0xE0, 0xC2, 0xC0, 0x81, 0xC0, 0x81,
    0xE0, 0xC2, 0xE0, 0xC2, 0xC0, 0x81, 0xC0, 0x81, 0xE0, 0xC2, 0xE0, 0xC2, 0xC0, 0x81, 0xC0, 0x79,
    0xC0, 0x79, 0xC0, 0x81, 0xE0, 0xC2, 0xE0, 0xC2, 0xC0, 0x81, 0xC0, 0x81, 0xE0, 0xC2, 0xE0, 0xC2,
    0xC0, 0x81, 0xC0, 0x81, 0xE0, 0xC2, 0xE0, 0xCA, 0xC0, 0x79, 0xC0, 0x81, 0xE0, 0xC2, 0xE0, 0xC2,
    0xC0, 0x81, 0xC0, 0x81, 0xE0, 0xC2, 0xE0, 0xC2, 0xC0, 0x81, 0xC0, 0x81, 0xE0, 0xC2, 0xE0, 0xCA,
    0xE0, 0xCA, 0xE0, 0xC2, 0xC0, 0x81, 0xC0, 0x81, 0xE0, 0xC2, 0xE0, 0xC2, 0xC0, 0x81, 0xC0, 0x81,
    0xE0, 0xC2, 0xE0, 0xC2, 0xC0, 0x81, 0xC0, 0x79, 0xE0, 0xCA, 0xE0, 0xC2, 0xC0, 0x81, 0xC0, 0x81,
    0xE0, 0xC2, 0xE0, 0xC2, 0xC0, 0x81, 0xC0, 0x81, 0xE0, 0xC2, 0xE0, 0xC2, 0xC0, 0x81, 0xC0, 0x79,
    0xC0, 0x79, 0xC0, 0x81, 0xE0, 0xC2, 0xE0, 0xC2, 0xC0, 0x81, 0xC0, 0x81, 0xE0, 0xC2, 0xE0, 0xC2,
    0xC0, 0x81, 0xC0, 0x81, 0xE0, 0xC2, 0xE0, 0xCA, 0xC0, 0x79, 0xC0, 0x81, 0xE0, 0xC2, 0xE0, 0xC2,
    0xC0, 0x81, 0xC0, 0x81, 0xE0, 0xC2, 0xE0, 0xC2, 0xC0, 0x81, 0xC0, 0x81, 0xE0, 0xC2, 0xE0, 0xCA,
    0xE0, 0xCA, 0xE0, 0xC2, 0xC0, 0x81, 0xC0, 0x81, 0xE0, 0xC2, 0xE0, 0xC2, 0xC0, 0x81, 0xC0, 0x81,
    0xE0, 0xC2, 0xE0, 0xC2, 0xC0, 0x81, 0xC0, 0x79, 0xE0, 0xCA, 0xE0, 0xC2, 0xC0, 0x81, 0xC0, 0x81,
    0xE0, 0xC2, 0xE0, 0xC2, 0xC0, 0x81, 0xC0, 0x81, 0xE0, 0xC2, 0xE0, 0xC2, 0xC0, 0x81, 0xC0, 0x79,
    0xC0, 0x79, 0xC0, 0x81, 0xE0, 0xC2, 0xE0, 0xC2, 0xC0, 0x81, 0xC0, 0x81, 0xE0, 0xC2, 0xE0, 0xC2,
    0xC0, 0x81, 0xC0, 0x81, 0xE0, 0xC2, 0xE0, 0xCA, 0xC0, 0x79, 0xC0, 0x81, 0xE0, 0xC2, 0xE0, 0xC2,
    0xC0, 0x81, 0xC0, 0x81, 0xE0, 0xC2, 0xE0, 0xC2, 0xC0, 0x81, 0xC0, 0x81, 0xE0, 0xC2, 0xE0, 0xCA,
    0xE0, 0xCA, 0xE0, 0xC2, 0xC0, 0x81, 0xC0, 0x81, 0xE0, 0xC2, 0xE0, 0xC2, 0xC0, 0x81, 0xC0, 0x81,
    0xE0, 0xC2, 0xE0, 0xC2, 0xC0, 0x81, 0xC0, 0x79, 0xE0, 0xCA, 0xE0, 0xC2, 0xC0, 0x81, 0xC0, 0x81,
    0xE0, 0xC2, 0xE0, 0xC2, 0xC0, 0x81, 0xC0, 0x81, 0xE0, 0xC2, 0xE0, 0xC2, 0xC0, 0x81, 0xC0, 0x79,
    0xC0, 0x79, 0xC0, 0x81, 0xE0, 0xC2, 0xE0, 0xC2, 0xC0, 0x81, 0xC0, 0x81, 0xE0, 0xC2, 0xE0, 0xC2,
    0xC0, 0x81, 0xC0, 0x81, 0xE0, 0xC2, 0xE0, 0xCA, 0xC0, 0x79, 0xC0, 0x81, 0xE0, 0xC2, 0xE0, 0xC2,
    0xC0, 0x81, 0xC0, 0x81, 0xE0, 0xC2, 0xE0, 0xC2, 0xC0, 0x81, 0xC0, 0x81, 0xE0, 0xC2, 0xE0, 0xCA,
    0xE0, 0xCA, 0xE0, 0xC2, 0xC0, 0x81, 0xC0, 0x81, 0xE0, 0xC2, 0xE0, 0xC2, 0xC0, 0x81, 0xC0, 0x81,
    0xE0, 0xC2, 0xE0, 0xC2, 0xC0, 0x81, 0xC0, 0x79, 0xE0, 0xCA, 0xE0, 0xC2, 0xC0, 0x81, 0xC0, 0x81,
    0xE0, 0xC2, 0xE0, 0xC2, 0xC0, 0x81, 0xC0, 0x81, 0xE0, 0xC2, 0xE0, 0xC2, 0xC0, 0x81, 0xC0, 0x79,
    0xC0, 0x79, 0xC0, 0x81, 0xE0, 0xC2, 0xE0, 0xC2, 0xC0, 0x81, 0xC0, 0x81, 0xE0, 0xC2, 0xE0, 0xC2,
    0xC0, 0x81, 0xC0, 0x81, 0xE0, 0xC2, 0xE0, 0xCA, 0xC0, 0x79, 0xC0, 0x81, 0xE0, 0xC2, 0xE0, 0xC2,
    0xC0, 0x81, 0xC0, 0x81, 0xE0, 0xC2, 0xE0, 0xC2, 0xC0, 0x81, 0xC0, 0x81, 0xE0, 0xC2, 0xE0, 0xCA,
    0xE0, 0xCA, 0xE0, 0xC2, 0xC0, 0x81, 0xC0, 0x81, 0xE0, 0xC2, 0xE0, 0xC2, 0xC0, 0x81, 0xC0, 0x81,
    0xE0, 0xC2, 0xE0, 0xC2, 0xC0, 0x81, 0xC0, 0x79, 0xE0, 0xCA, 0xE0, 0xC2, 0xA0, 0x79, 0xA0, 0x79,
    0xE0, 0xC2, 0xE0, 0xC2, 0xA0, 0x79, 0xA0, 0x79, 0xE0, 0xC2, 0xE0, 0xC2, 0xA0, 0x79, 0xA0, 0x71,
    0xC0, 0x79, 0xA0, 0x79, 0xA0, 0x71, 0xA0, 0x71, 0xA0, 0x79, 0xA0, 0x79, 0xA0, 0x71, 0xA0, 0x71,
    0xA0, 0x79, 0xA0, 0x79, 0xA0, 0x71, 0xA0, 0x71, 0x60, 0xA2, 0x60, 0xAA, 0x60, 0xA2, 0x20, 0x92,
    0x60, 0xA2, 0x60, 0xAA, 0x60, 0xA2, 0x20, 0x92, 0x60, 0xA2, 0x60, 0xAA, 0x60, 0xA2, 0x20, 0x92,
    0xC0, 0xBA, 0xE0, 0xCA, 0xC0, 0xBA, 0xE0, 0xCA, 0xC0, 0xBA, 0xE0, 0xCA, 0xC0, 0xBA, 0xE0, 0xCA,
    0xC0, 0xBA, 0xE0, 0xCA, 0xC0, 0xBA, 0xE0, 0xCA, 0xE0, 0xCA, 0xC0, 0xBA, 0xE0, 0xCA, 0xC0, 0xBA,
    0xE0, 0xCA, 0xC0, 0xBA, 0xE0, 0xCA, 0xC0, 0xBA, 0xE0, 0xCA, 0xC0, 0xBA, 0xE0, 0xCA, 0xC0, 0xBA,
    0xC0, 0xBA, 0xE0, 0xCA, 0xC0, 0xBA, 0xE0, 0xCA, 0xC0, 0xBA, 0xE0, 0xCA, 0xC0, 0xBA, 0xE0, 0xCA,
    0xC0, 0xBA, 0xE0, 0xCA, 0xC0, 0xBA, 0xE0, 0xCA, 0xE0, 0xCA, 0xC0, 0xBA, 0xE0, 0xCA, 0xC0, 0xBA,
    0xE0, 0xCA, 0xC0, 0xBA, 0xE0, 0xCA, 0xC0, 0xBA, 0xE0, 0xCA, 0xC0, 0xBA, 0xE0, 0xCA, 0xC0, 0xBA,
    0xC0, 0xBA, 0xE0, 0xCA, 0xC0, 0xBA, 0xE0, 0xCA, 0xC0, 0xBA, 0xE0, 0xCA, 0xC0, 0xBA, 0xE0, 0xCA,
    0xC0, 0xBA, 0xE0, 0xCA, 0xC0, 0xBA, 0xE0, 0xCA, 0xE0, 0xCA, 0xC0, 0xBA, 0xE0, 0xCA, 0xC0, 0xBA,
    0xE0, 0xCA, 0xC0, 0xBA, 0xE0, 0xCA, 0xC0, 0xBA, 0xE0, 0xCA, 0xC0, 0xBA, 0xE0, 0xCA, 0xC0, 0xBA,
    0xC0, 0xBA, 0xE0, 0xCA, 0xC0, 0xBA, 0xE0, 0xCA, 0xC0, 0xBA, 0xE0, 0xCA, 0xC0, 0xBA, 0xE0, 0xCA,
    0xC0, 0xBA, 0xE0, 0xCA, 0xC0, 0xBA, 0xE0, 0xCA, 0xE0, 0xCA, 0xC0, 0xBA, 0xE0, 0xCA, 0xC0, 0xBA,
    0xE0, 0xCA, 0xC0, 0xBA, 0xE0, 0xCA, 0xC0, 0xBA, 0xE0, 0xCA, 0xC0, 0xBA, 0xE0, 0xCA, 0xC0, 0xBA,
    0xC0, 0xBA, 0xE0, 0xCA, 0xC0, 0xBA, 0xE0, 0xCA, 0xC0, 0xBA, 0xE0, 0xCA, 0xC0, 0xBA, 0xE0, 0xCA,
    0xC0, 0xBA, 0xE0, 0xCA, 0xC0, 0xBA, 0xE0, 0xCA, 0xE0, 0xCA, 0xC0, 0xBA, 0xE0, 0xCA, 0xC0, 0xBA,
    0xE0, 0xCA, 0xC0, 0xBA, 0xE0, 0xCA, 0xC0, 0xBA, 0xE0, 0xCA, 0xC0, 0xBA, 0xE0, 0xCA, 0xA0, 0xBA,
    0xC0, 0xBA, 0xE0, 0xCA, 0xC0, 0xBA, 0xE0, 0xCA, 0xC0, 0xBA, 0xE0, 0xCA, 0xC0, 0xBA, 0xE0, 0xCA,
    0xC0, 0xBA, 0xE0, 0xCA, 0x20, 0x9A, 0xA0, 0x79, 0xE0, 0xCA, 0xC0, 0xBA, 0xE0, 0xCA, 0xC0, 0xBA,
    0xE0, 0xCA, 0xC0, 0xBA, 0xE0, 0xCA, 0xC0, 0xBA, 0xE0, 0xCA, 0xC0, 0xBA, 0x60, 0xAA, 0xA0, 0x71,
    0xC0, 0xBA, 0xE0, 0xCA, 0xC0, 0xBA, 0xE0, 0xCA, 0xC0, 0xBA, 0xE0, 0xCA, 0xC0, 0xBA, 0xE0, 0xCA,
    0xC0, 0xBA, 0xE0, 0xCA, 0x20, 0x92, 0xA0, 0x71, 0xE0, 0xCA, 0xC0, 0xBA, 0xE0, 0xCA, 0xC0, 0xBA,
    0xE0, 0xCA, 0xC0, 0xBA, 0xE0, 0xCA, 0xC0, 0xBA, 0xE0, 0xCA, 0xC0, 0xBA, 0x60, 0xA2, 0xA0, 0x71,
    0xC0, 0xBA, 0xE0, 0xCA, 0xC0, 0xBA, 0xE0, 0xCA, 0xC0, 0xBA, 0xE0, 0xCA, 0xC0, 0xBA, 0xE0, 0xCA,
    0xC0, 0xBA, 0xE0, 0xCA, 0x20, 0x92, 0xA0, 0x71, 0xE0, 0xCA, 0xC0, 0xBA, 0xE0, 0xCA, 0xC0, 0xBA,
    0xE0, 0xCA, 0xC0, 0xBA, 0xE0, 0xCA, 0xC0, 0xBA, 0xE0, 0xCA, 0xC0, 0xBA, 0x60, 0xAA, 0xA0, 0x71,
    0xC0, 0xBA, 0xE0, 0xCA, 0xC0, 0xBA, 0xE0, 0xCA, 0xC0, 0xBA, 0xE0, 0xCA, 0xC0, 0xBA, 0xE0, 0xCA,
    0xC0, 0xBA, 0xE0, 0xCA, 0x20, 0x92, 0xA0, 0x71, 0xE0, 0xCA, 0xC0, 0xBA, 0xE0, 0xCA, 0xC0, 0xBA,
    0xE0, 0xCA, 0xC0, 0xBA, 0xE0, 0xCA, 0xC0, 0xBA, 0xE0, 0xCA, 0xC0, 0xBA, 0x60, 0xA2, 0xA0, 0x71,
    0xC0, 0xBA, 0xE0, 0xCA, 0xC0, 0xBA, 0xE0, 0xCA, 0xC0, 0xBA, 0xE0, 0xCA, 0xC0, 0xBA, 0xE0, 0xCA,
    0xC0, 0xBA, 0xE0, 0xCA, 0x20, 0x92, 0xA0, 0x71, 0xE0, 0xCA, 0xC0, 0xBA, 0xE0, 0xCA, 0xC0, 0xBA,
    0xE0, 0xCA, 0xC0, 0xBA, 0xE0, 0xCA, 0xC0, 0xBA, 0xE0, 0xCA, 0xC0, 0xBA, 0x60, 0xAA, 0xA0, 0x71,
    0xC0, 0xBA, 0xE0, 0xCA, 0xC0, 0xBA, 0xE0, 0xCA, 0xC0, 0xBA, 0xE0, 0xCA, 0xC0, 0xBA, 0xE0, 0xCA,
    0xC0, 0xBA, 0xE0, 0xCA, 0x20, 0x92, 0xA0, 0x71, 0xE0, 0xCA, 0xC0, 0xBA, 0xE0, 0xCA, 0xC0, 0xBA,
    0xE0, 0xCA, 0xC0, 0xBA, 0xE0, 0xCA, 0xC0, 0xBA, 0xE0, 0xCA, 0xC0, 0xBA, 0x60, 0xA2, 0xC0, 0x79,
    0xC0, 0xBA, 0xE0, 0xCA, 0xC0, 0xBA, 0xE0, 0xCA, 0xC0, 0xBA, 0xE0, 0xCA, 0xC0, 0xBA, 0xE0, 0xCA,
    0xC0, 0xBA, 0xE0, 0xCA, 0xC0, 0xBA, 0xE0, 0xCA, 0xE0, 0xCA, 0xC0, 0xBA, 0xE0, 0xCA, 0xC0, 0xBA,
    0xE0, 0xCA, 0xC0, 0xBA, 0xE0, 0xCA, 0xC0, 0xBA, 0xE0, 0xCA, 0xC0, 0xBA, 0xE0, 0xCA, 0xC0, 0xBA,
    0xC0, 0xBA, 0xE0, 0xCA, 0xC0, 0xBA, 0xE0, 0xCA, 0xC0, 0xBA, 0xE0, 0xCA, 0xC0, 0xBA, 0xE0, 0xCA,
    0xC0, 0xBA, 0xE0, 0xCA, 0xC0, 0xBA, 0xE0, 0xCA, 0xE0, 0xCA, 0xC0, 0xBA, 0xE0, 0xCA, 0xC0, 0xBA,
    0xE0, 0xCA, 0xC0, 0xBA, 0xE0, 0xCA, 0xC0, 0xBA, 0xE0, 0xCA, 0xC0, 0xBA, 0xE0, 0xCA, 0xC0, 0xBA,
    0xC0, 0xBA, 0xE0, 0xCA, 0xC0, 0xBA, 0xE0, 0xCA, 0xC0, 0xBA, 0xE0, 0xCA, 0xC0, 0xBA, 0xE0, 0xCA,
    0xC0, 0xBA, 0xE0, 0xCA, 0xC0, 0xBA, 0xE0, 0xCA, 0xE0, 0xCA, 0xC0, 0xBA, 0xE0, 0xCA, 0xC0, 0xBA,
    0xE0, 0xCA, 0xC0, 0xBA, 0xE0, 0xCA, 0xC0, 0xBA, 0xE0, 0xCA, 0xC0, 0xBA, 0xE0, 0xCA, 0xC0, 0xBA,
    0xC0, 0xBA, 0xE0, 0xCA, 0xC0, 0xBA, 0xE0, 0xCA, 0xC0, 0xBA, 0xE0, 0xCA, 0xC0, 0xBA, 0xE0, 0xCA,
    0xC0, 0xBA, 0xE0, 0xCA, 0xC0, 0xBA, 0xE0, 0xCA, 0xE0, 0xCA, 0xC0, 0xBA, 0xE0, 0xCA, 0xC0, 0xBA,
    0xE0, 0xCA, 0xC0, 0xBA, 0xE0, 0xCA, 0xC0, 0xBA, 0xE0, 0xCA, 0xC0, 0xBA, 0xE0, 0xCA, 0xC0, 0xBA,
    0xC0, 0xBA, 0xE0, 0xCA, 0xC0, 0xBA, 0xE0, 0xCA, 0xC0, 0xBA, 0xE0, 0xCA, 0xC0, 0xBA, 0xE0, 0xCA,
    0xC0, 0xBA, 0xE0, 0xCA, 0xC0, 0xBA, 0xE0, 0xCA, 0xE0, 0xCA, 0xC0, 0xBA, 0xE0, 0xCA, 0xC0, 0xBA,
    0xE0, 0xCA, 0xC0, 0xBA, 0xE0, 0xCA, 0xC0, 0xBA, 0xE0, 0xCA, 0xC0, 0xBA, 0xE0, 0xCA, 0xC0, 0xBA,
    0x20, 0x92, 0x60, 0xAA, 0x60, 0xAA, 0x60, 0xA2, 0x20, 0x92, 0x60, 0xAA, 0x60, 0xAA, 0x60, 0xA2,
    0x20, 0x92, 0x60, 0xAA, 0x60, 0xAA, 0x60, 0xA2, 0xA0, 0x71, 0xA0, 0x79, 0xA0, 0x79, 0xA0, 0x79,
    0xA0, 0x79, 0xA0, 0x79, 0xA0, 0x79, 0xA0, 0x79, 0xA0, 0x79, 0xA0, 0x79, 0xA0, 0x79, 0xC0, 0x79,
    0xA0, 0x71, 0x60, 0xA2, 0xC0, 0xBA, 0xE0, 0xCA, 0xA0, 0xBA, 0xE0, 0xC2, 0xC0, 0xBA, 0xE0, 0xCA,
    0xA0, 0xBA, 0xE0, 0xC2, 0xC0, 0xBA, 0xE0, 0xCA, 0xA0, 0x71, 0x60, 0xAA, 0xE0, 0xCA, 0xC0, 0xBA,
    0xE0, 0xCA, 0xC0, 0xBA, 0xE0, 0xCA, 0xC0, 0xBA, 0xE0, 0xCA, 0xC0, 0xBA, 0xE0, 0xCA, 0xC0, 0xBA,
    0xA0, 0x71, 0x60, 0xA2, 0xC0, 0xBA, 0xE0, 0xCA, 0xC0, 0xBA, 0xE0, 0xCA, 0xC0, 0xBA, 0xE0, 0xCA,
    0xC0, 0xBA, 0xE0, 0xCA, 0xC0, 0xBA, 0xE0, 0xCA, 0xA0, 0x71, 0x60, 0xAA, 0xE0, 0xCA, 0xC0, 0xBA,
    0xE0, 0xCA, 0xC0, 0xBA, 0xE0, 0xCA, 0xC0, 0xBA, 0xE0, 0xCA, 0xC0, 0xBA, 0xE0, 0xCA, 0xC0, 0xBA,
    0xA0, 0x71, 0x60, 0xA2, 0xC0, 0xBA, 0xE0, 0xCA, 0xC0, 0xBA, 0xE0, 0xCA, 0xC0, 0xBA, 0xE0, 0xCA,
    0xC0, 0xBA, 0xE0, 0xCA, 0xC0, 0xBA, 0xE0, 0xCA, 0xA0, 0x71, 0x60, 0xAA, 0xE0, 0xCA, 0xC0, 0xBA,
    0xE0, 0xCA, 0xC0, 0xBA, 0xE0, 0xCA, 0xC0, 0xBA, 0xE0, 0xCA, 0xC0, 0xBA, 0xE0, 0xCA, 0xC0, 0xBA,
    0xA0, 0x71, 0x60, 0xA2, 0xC0, 0xBA, 0xE0, 0xCA, 0xC0, 0xBA, 0xE0, 0xCA, 0xC0, 0xBA, 0xE0, 0xCA,
    0xC0, 0xBA, 0xE0, 0xCA, 0xC0, 0xBA, 0xE0, 0xCA, 0xA0, 0x71, 0x60, 0xAA, 0xE0, 0xCA, 0xC0, 0xBA,
    0xE0, 0xCA, 0xC0, 0xBA, 0xE0, 0xCA, 0xC0, 0xBA, 0xE0, 0xCA, 0xC0, 0xBA, 0xE0, 0xCA, 0xC0, 0xBA,
    0xA0, 0x71, 0x60, 0xA2, 0xC0, 0xBA, 0xE0, 0xCA, 0xC0, 0xBA, 0xE0, 0xCA, 0xC0, 0xBA, 0xE0, 0xCA,
    0xC0, 0xBA, 0xE0, 0xCA, 0xC0, 0xBA, 0xE0, 0xCA, 0xA0, 0x71, 0x60, 0xAA, 0xE0, 0xCA, 0xC0, 0xBA,
    0xE0, 0xCA, 0xC0, 0xBA, 0xE0, 0xCA, 0xC0, 0xBA, 0xE0, 0xCA, 0xC0, 0xBA, 0xE0, 0xCA, 0xC0, 0xBA,
    0xA0, 0x71, 0x60, 0xA2, 0xC0, 0xBA, 0xE0, 0xCA, 0xC0, 0xBA, 0xE0, 0xCA, 0xC0, 0xBA, 0xE0, 0xCA,
    0xC0, 0xBA, 0xE0, 0xCA, 0xC0, 0xBA, 0xE0, 0xCA, 0xA0, 0x71, 0x60, 0xA2, 0xE0, 0xCA, 0xC0, 0xBA,
    0xE0, 0xC2, 0xA0, 0xBA, 0xE0, 0xCA, 0xC0, 0xBA, 0xE0, 0xC2, 0xA0, 0xBA, 0xE0, 0xCA, 0xA0, 0xBA,
    0xA0, 0x71, 0xA0, 0x79, 0xC0, 0x79, 0xA0, 0x79, 0xA0, 0x79, 0xA0, 0x79, 0xC0, 0x79, 0xA0, 0x79,
    0xA0, 0x79, 0xA0, 0x79, 0xC0, 0x79, 0xA0, 0x79, 0xA0, 0x71, 0x00, 0x92, 0x60, 0xA2, 0x20, 0x92,
    0x60, 0xA2, 0x60, 0xAA, 0x60, 0xA2, 0x20, 0x92, 0x60, 0xA2, 0x60, 0xAA, 0x60, 0xA2, 0x20, 0x92,
    0xA0, 0x71, 0x60, 0xA2, 0xC0, 0xBA, 0xE0, 0xCA, 0xC0, 0xBA, 0xE0, 0xCA, 0xC0, 0xBA, 0xE0, 0xCA,
    0xC0, 0xBA, 0xE0, 0xCA, 0xC0, 0xBA, 0xE0, 0xCA, 0xA0, 0x71, 0x60, 0xAA, 0xE0, 0xCA, 0xC0, 0xBA,
    0xE0, 0xCA, 0xC0, 0xBA, 0xE0, 0xCA, 0xC0, 0xBA, 0xE0, 0xCA, 0xC0, 0xBA, 0xE0, 0xCA, 0xC0, 0xBA,
    0xA0, 0x71, 0x60, 0xA2, 0xC0, 0xBA, 0xE0, 0xCA, 0xC0, 0xBA, 0xE0, 0xCA, 0xC0, 0xBA, 0xE0, 0xCA,
    0xC0, 0xBA, 0xE0, 0xCA, 0xC0, 0xBA, 0xE0, 0xCA, 0xA0, 0x71, 0x60, 0xAA, 0xE0, 0xCA, 0xC0, 0xBA,
    0xE0, 0xCA, 0xC0, 0xBA, 0xE0, 0xCA, 0xC0, 0xBA, 0xE0, 0xCA, 0xC0, 0xBA, 0xE0, 0xCA, 0xC0, 0xBA,
    0xA0, 0x71, 0x60, 0xA2, 0xC0, 0xBA, 0xE0, 0xCA, 0xC0, 0xBA, 0xE0, 0xCA, 0xC0, 0xBA, 0xE0, 0xCA,
    0xC0, 0xBA, 0xE0, 0xCA, 0xC0, 0xBA, 0xE0, 0xCA, 0xA0, 0x71, 0x60, 0xAA, 0xE0, 0xCA, 0xC0, 0xBA,
    0xE0, 0xCA, 0xC0, 0xBA, 0xE0, 0xCA, 0xC0, 0xBA, 0xE0, 0xCA, 0xC0, 0xBA, 0xE0, 0xCA, 0xC0, 0xBA,
    0xA0, 0x71, 0x60, 0xA2, 0xC0, 0xBA, 0xE0, 0xCA, 0xC0, 0xBA, 0xE0, 0xCA, 0xC0, 0xBA, 0xE0, 0xCA,
    0xC0, 0xBA, 0xE0, 0xCA, 0xC0, 0xBA, 0xE0, 0xCA, 0xA0, 0x71, 0x60, 0xAA, 0xE0, 0xCA, 0xC0, 0xBA,
    0xE0, 0xCA, 0xC0, 0xBA, 0xE0, 0xCA, 0xC0, 0xBA, 0xE0, 0xCA, 0xC0, 0xBA, 0xE0, 0xCA, 0xC0, 0xBA,
    0xA0, 0x71, 0x60, 0xA2, 0xC0, 0xBA, 0xE0, 0xCA, 0xC0, 0xBA, 0xE0, 0xCA, 0xC0, 0xBA, 0xE0, 0xCA,
    0xC0, 0xBA, 0xE0, 0xCA, 0xC0, 0xBA, 0xE0, 0xCA, 0xA0, 0x71, 0x60, 0xA2, 0xE0, 0xCA, 0xC0, 0xBA,
    0xE0, 0xC2, 0xA0, 0xBA, 0xE0, 0xCA, 0xC0, 0xBA, 0xE0, 0xC2, 0xA0, 0xBA, 0xE0, 0xCA, 0xA0, 0xBA,
    0xA0, 0x71, 0xA0, 0x79, 0xC0, 0x79, 0xA0, 0x79, 0xA0, 0x79, 0xA0, 0x79, 0xC0, 0x79, 0xA0, 0x79,
    0xA0, 0x79, 0xA0, 0x79, 0xC0, 0x79, 0xA0, 0x79, 0x60, 0xA2, 0x60, 0xAA, 0x60, 0xA2, 0x20, 0x92,
    0x60, 0xA2, 0x60, 0xAA, 0x60, 0xA2, 0x20, 0x92, 0x60, 0xA2, 0x60, 0xAA, 0x00, 0x92, 0xA0, 0x71,
    0xC0, 0xBA, 0xE0, 0xCA, 0xC0, 0xBA, 0xE0, 0xCA, 0xC0, 0xBA, 0xE0, 0xCA, 0xC0, 0xBA, 0xE0, 0xCA,
    0xC0, 0xBA, 0xE0, 0xCA, 0x20, 0x92, 0xA0, 0x71, 0xE0, 0xCA, 0xC0, 0xBA, 0xE0, 0xCA, 0xC0, 0xBA,
    0xE0, 0xCA, 0xC0, 0xBA, 0xE0, 0xCA, 0xC0, 0xBA, 0xE0, 0xCA, 0xC0, 0xBA, 0x60, 0xA2, 0xA0, 0x71,
    0xC0, 0xBA, 0xE0, 0xCA, 0xC0, 0xBA, 0xE0, 0xCA, 0xC0, 0xBA, 0xE0, 0xCA, 0xC0, 0xBA, 0xE0, 0xCA,
    0xC0, 0xBA, 0xE0, 0xCA, 0x20, 0x92, 0xA0, 0x71, 0xE0, 0xCA, 0xC0, 0xBA, 0xE0, 0xCA, 0xC0, 0xBA,
    0xE0, 0xCA, 0xC0, 0xBA, 0xE0, 0xCA, 0xC0, 0xBA, 0xE0, 0xCA, 0xC0, 0xBA, 0x60, 0xAA, 0xA0, 0x71,
    0xC0, 0xBA, 0xE0, 0xCA, 0xC0, 0xBA, 0xE0, 0xCA, 0xC0, 0xBA, 0xE0, 0xCA, 0xC0, 0xBA, 0xE0, 0xCA,
    0xC0, 0xBA, 0xE0, 0xCA, 0x20, 0x92, 0xA0, 0x71, 0xE0, 0xCA, 0xC0, 0xBA, 0xE0, 0xCA, 0xC0, 0xBA,
    0xE0, 0xCA, 0xC0, 0xBA, 0xE0, 0xCA, 0xC0, 0xBA, 0xE0, 0xCA, 0xC0, 0xBA, 0x60, 0xA2, 0xA0, 0x71,
    0xC0, 0xBA, 0xE0, 0xCA, 0xC0, 0xBA, 0xE0, 0xCA, 0xC0, 0xBA, 0xE0, 0xCA, 0xC0, 0xBA, 0xE0, 0xCA,
    0xC0, 0xBA, 0xE0, 0xCA, 0x20, 0x92, 0xA0, 0x71, 0xE0, 0xCA, 0xC0, 0xBA, 0xE0, 0xCA, 0xC0, 0xBA,
    0xE0, 0xCA, 0xC0, 0xBA, 0xE0, 0xCA, 0xC0, 0xBA, 0xE0, 0xCA, 0xC0, 0xBA, 0x60, 0xAA, 0xA0, 0x71,
    0xC0, 0xBA, 0xE0, 0xCA, 0xC0, 0xBA, 0xE0, 0xCA, 0xC0, 0xBA, 0xE0, 0xCA, 0xC0, 0xBA, 0xE0, 0xCA,
    0xC0, 0xBA, 0xE0, 0xCA, 0x20, 0x92, 0xA0, 0x71, 0xE0, 0xCA, 0xC0, 0xBA, 0xE0, 0xCA, 0xC0, 0xBA,
    0xE0, 0xCA, 0xC0, 0xBA, 0xE0, 0xCA, 0xC0, 0xBA, 0xE0, 0xCA, 0xC0, 0xBA, 0x60, 0xA2, 0xA0, 0x71,
    0xC0, 0xBA, 0xE0, 0xCA, 0xC0, 0xBA, 0xE0, 0xCA, 0xC0, 0xBA, 0xE0, 0xCA, 0xC0, 0xBA, 0xE0, 0xCA,
    0xC0, 0xBA, 0xE0, 0xCA, 0x20, 0x92, 0xA0, 0x71, 0xE0, 0xCA, 0xC0, 0xBA, 0xE0, 0xCA, 0xC0, 0xBA,
    0xE0, 0xCA, 0xC0, 0xBA, 0xE0, 0xCA, 0xC0, 0xBA, 0xE0, 0xCA, 0xC0, 0xBA, 0x60, 0xAA, 0xA0, 0x71,
    0xC0, 0xBA, 0xE0, 0xCA, 0xC0, 0xBA, 0xE0, 0xCA, 0xC0, 0xBA, 0xE0, 0xCA, 0xC0, 0xBA, 0xE0, 0xCA,
    0xC0, 0xBA, 0xE0, 0xCA, 0x20, 0x92, 0xA0, 0x71, 0xE0, 0xCA, 0xC0, 0xBA, 0xE0, 0xCA, 0xC0, 0xBA,
    0xE0, 0xCA, 0xC0, 0xBA, 0xE0, 0xCA, 0xC0, 0xBA, 0xE0, 0xCA, 0xC0, 0xBA, 0x60, 0xA2, 0xA0, 0x71,
    0xC0, 0xBA, 0xE0, 0xCA, 0xC0, 0xBA, 0xE0, 0xCA, 0xC0, 0xBA, 0xE0, 0xCA, 0xC0, 0xBA, 0xE0, 0xCA,
    0xC0, 0xBA, 0xE0, 0xCA, 0x20, 0x92, 0xA0, 0x71, 0xE0, 0xCA, 0xC0, 0xBA, 0xE0, 0xCA, 0xC0, 0xBA,
    0xE0, 0xCA, 0xC0, 0xBA, 0xE0, 0xCA, 0xC0, 0xBA, 0xE0, 0xCA, 0xC0, 0xBA, 0x60, 0xAA, 0xA0, 0x71,
    0xC0, 0xBA, 0xE0, 0xCA, 0xC0, 0xBA, 0xE0, 0xCA, 0xC0, 0xBA, 0xE0, 0xCA, 0xC0, 0xBA, 0xE0, 0xCA,
    0xC0, 0xBA, 0xE0, 0xCA, 0x20, 0x92, 0xA0, 0x71, 0xE0, 0xCA, 0xC0, 0xBA, 0xE0, 0xCA, 0xC0, 0xBA,
    0xE0, 0xCA, 0xC0, 0xBA, 0xE0, 0xCA, 0xC0, 0xBA, 0xE0, 0xCA, 0xC0, 0xBA, 0x60, 0xA2, 0xA0, 0x71,
    0xC0, 0xBA, 0xE0, 0xCA, 0xC0, 0xBA, 0xE0, 0xCA, 0xC0, 0xBA, 0xE0, 0xCA, 0xC0, 0xBA, 0xE0, 0xCA,
    0xC0, 0xBA, 0xE0, 0xCA, 0x20, 0x92, 0xA0, 0x71, 0xE0, 0xCA, 0xC0, 0xBA, 0xE0, 0xCA, 0xC0, 0xBA,
    0xE0, 0xCA, 0xC0, 0xBA, 0xE0, 0xCA, 0xC0, 0xBA, 0xE0, 0xCA, 0xC0, 0xBA, 0x60, 0xAA, 0xA0, 0x71,
    0x20, 0x92, 0x60, 0xAA, 0x60, 0xAA, 0x60, 0xA2, 0x20, 0x92, 0x60, 0xAA, 0x60, 0xAA, 0x60, 0xA2,
    0x20, 0x92, 0x60, 0xAA, 0x00, 0x92, 0xA0, 0x71, 0xA0, 0x71, 0xA0, 0x79, 0xA0, 0x79, 0xA0, 0x79,
    0xA0, 0x79, 0xA0, 0x79, 0xA0, 0x79, 0xA0, 0x79, 0xA0, 0x79, 0xA0, 0x79, 0xA0, 0x79, 0xC0, 0x79,
    0xA0, 0x71, 0x60, 0xA2, 0xC0, 0xBA, 0xE0, 0xCA, 0xA0, 0xBA, 0xE0, 0xC2, 0xC0, 0xBA, 0xE0, 0xCA,
    0xA0, 0xBA, 0xE0, 0xC2, 0xC0, 0xBA, 0xE0, 0xCA, 0xA0, 0x71, 0x60, 0xAA, 0xE0, 0xCA, 0xC0, 0xBA,
    0xE0, 0xCA, 0xC0, 0xBA, 0xE0, 0xCA, 0xC0, 0xBA, 0xE0, 0xCA, 0xC0, 0xBA, 0xE0, 0xCA, 0xC0, 0xBA,
    0xA0, 0x71, 0x60, 0xA2, 0xC0, 0xBA, 0xE0, 0xCA, 0xC0, 0xBA, 0xE0, 0xCA, 0xC0, 0xBA, 0xE0, 0xCA,
    0xC0, 0xBA, 0xE0, 0xCA, 0xC0, 0xBA, 0xE0, 0xCA, 0xA0, 0x71, 0x60, 0xAA, 0xE0, 0xCA, 0xC0, 0xBA,
    0xE0, 0xCA, 0xC0, 0xBA, 0xE0, 0xCA, 0xC0, 0xBA, 0xE0, 0xCA, 0xC0, 0xBA, 0xE0, 0xCA, 0xC0, 0xBA,
    0xA0, 0x71, 0x60, 0xA2, 0xC0, 0xBA, 0xE0, 0xCA, 0xC0, 0xBA, 0xE0, 0xCA, 0xC0, 0xBA, 0xE0, 0xCA,
    0xC0, 0xBA, 0xE0, 0xCA, 0xC0, 0xBA, 0xE0, 0xCA, 0xA0, 0x71, 0x60, 0xAA, 0xE0, 0xCA, 0xC0, 0xBA,
    0xE0, 0xCA, 0xC0, 0xBA, 0xE0, 0xCA, 0xC0, 0xBA, 0xE0, 0xCA, 0xC0, 0xBA, 0xE0, 0xCA, 0xC0, 0xBA,
    0xA0, 0x71, 0x60, 0xA2, 0xC0, 0xBA, 0xE0, 0xCA, 0xC0, 0xBA, 0xE0, 0xCA, 0xC0, 0xBA, 0xE0, 0xCA,
    0xC0, 0xBA, 0xE0, 0xCA, 0xC0, 0xBA, 0xE0, 0xCA, 0xA0, 0x71, 0x60, 0xAA, 0xE0, 0xCA, 0xC0, 0xBA,
    0xE0, 0xCA, 0xC0, 0xBA, 0xE0, 0xCA, 0xC0, 0xBA, 0xE0, 0xCA, 0xC0, 0xBA, 0xE0, 0xCA, 0xC0, 0xBA,
    0xA0, 0x71, 0x60, 0xA2, 0xC0, 0xBA, 0xE0, 0xCA, 0xC0, 0xBA, 0xE0, 0xCA, 0xC0, 0xBA, 0xE0, 0xCA,
    0xC0, 0xBA, 0xE0, 0xCA, 0xC0, 0xBA, 0xE0, 0xCA, 0xA0, 0x71, 0x60, 0xAA, 0xE0, 0xCA, 0xC0, 0xBA,
    0xE0, 0xCA, 0xC0, 0xBA, 0xE0, 0xCA, 0xC0, 0xBA, 0xE0, 0xCA, 0xC0, 0xBA, 0xE0, 0xCA, 0xC0, 0xBA,
    0xA0, 0x71, 0x00, 0x92, 0x60, 0xAA, 0x60, 0xA2, 0x20, 0x92, 0x60, 0xAA, 0x60, 0xAA, 0x60, 0xA2,
    0x20, 0x92, 0x60, 0xAA, 0x60, 0xAA, 0x60, 0xA2, 0xA0, 0x71, 0xA0, 0x71, 0xA0, 0x71, 0xA0, 0x71,
    0xA0, 0x71, 0xA0, 0x71, 0xA0, 0x71, 0xA0, 0x71, 0xA0, 0x71, 0xA0, 0x71, 0xA0, 0x71, 0xA0, 0x71,
    0xA0, 0x71, 0xA0, 0x71, 0xA0, 0x71, 0xA0, 0x71, 0xA0, 0x71, 0xA0, 0x71, 0xA0, 0x71, 0xA0, 0x71,
    0xA0, 0x71, 0xA0, 0x71, 0xA0, 0x71, 0xA0, 0x71, 0xA0, 0x71, 0xA0, 0x71, 0xA0, 0x71, 0xA0, 0x71,
    0xA0, 0x71, 0xA0, 0x71, 0xA0, 0x71, 0xA0, 0x71, 0xA0, 0x71, 0xA0, 0x71, 0xA0, 0x71, 0xA0, 0x71,
    0xA0, 0x71, 0xA0, 0x71, 0xA0, 0x71, 0xA0, 0x71, 0xA0, 0x71, 0xA0, 0x71, 0xA0, 0x71, 0xA0, 0x71,
    0xA0, 0x71, 0xA0, 0x71, 0xA0, 0x71, 0xA0, 0x71, 0xA0, 0x71, 0xA0, 0x71, 0xA0, 0x71, 0xA0, 0x71,
    0xA0, 0x71, 0xA0, 0x71, 0xA0, 0x71, 0xA0, 0x71, 0xA0, 0x71, 0xA0, 0x71, 0xA0, 0x71, 0xA0, 0x71,
    0xA0, 0x71, 0xA0, 0x71, 0xA0, 0x71, 0xA0, 0x71, 0xA0, 0x71, 0xA0, 0x71, 0xA0, 0x71, 0xA0, 0x71,
    0xA0, 0x71, 0xA0, 0x71, 0xA0, 0x71, 0xA0, 0x71, 0xA0, 0x71, 0xA0, 0x71, 0xA0, 0x71, 0xA0, 0x71,
    0xA0, 0x71, 0xA0, 0x71, 0xA0, 0x71, 0xA0, 0x71, 0xA0, 0x71, 0xA0, 0x71, 0xA0, 0x71, 0xA0, 0x71,
    0xA0, 0x71, 0xA0, 0x71, 0xA0, 0x71, 0xA0, 0x71, 0xA0, 0x71, 0xA0, 0x71, 0xA0, 0x71, 0xA0, 0x71,
    0xA0, 0x71, 0xA0, 0x71, 0xA0, 0x71, 0xA0, 0x71, 0xA0, 0x71, 0xA0, 0x71, 0xA0, 0x71, 0xA0, 0x71,
    0xA0, 0x71, 0xA0, 0x71, 0xA0, 0x71, 0xA0, 0x71, 0xA0, 0x71, 0xA0, 0x71, 0xA0, 0x71, 0xA0, 0x71,
    0xA0, 0x71, 0xA0, 0x71, 0xA0, 0x71, 0xA0, 0x71, 0xA0, 0x71, 0xA0, 0x71, 0xA0, 0x71, 0xA0, 0x71,
    0xA0, 0x71, 0xA0, 0x71, 0xA0, 0x71, 0xA0, 0x71, 0xA0, 0x71, 0xA0, 0x71, 0xA0, 0x71, 0xA0, 0x71,
    0xA0, 0x71, 0xA0, 0x71, 0xA0, 0x71, 0xA0, 0x71, 0xA0, 0x71, 0xA0, 0x71, 0xA0, 0x71, 0xA0, 0x71,
    0xA0, 0x71, 0xA0, 0x71, 0xA0, 0x71, 0xA0, 0x71, 0xA0, 0x71, 0xA0, 0x71, 0xA0, 0x71, 0xA0, 0x71,
    0xA0, 0x71, 0xA0, 0x71, 0xA0, 0x71, 0xA0, 0x71, 0xA0, 0x71, 0xA0, 0x71, 0xA0, 0x71, 0xA0, 0x71,
    0xA0, 0x71, 0xA0, 0x71, 0xA0, 0x71, 0xA0, 0x71, 0xA0, 0x71, 0xA0, 0x71, 0xA0, 0x71, 0xA0, 0x71,
    0xA0, 0x71, 0xA0, 0x71, 0xA0, 0x71, 0xA0, 0x71, 0xA0, 0x71, 0xA0, 0x71, 0xA0, 0x71, 0xA0, 0x71,
    0xA0, 0x71, 0xA0, 0x71, 0xA0, 0x71, 0xA0, 0x71, 0xA0, 0x71, 0xA0, 0x71, 0xA0, 0x71, 0xA0, 0x71,
    0xA0, 0x71, 0xA0, 0x71, 0xA0, 0x71, 0xA0, 0x71, 0xA0, 0x71, 0xA0, 0x71, 0xA0, 0x71, 0xA0, 0x71,
    0xA0, 0x71, 0xA0, 0x71, 0xA0, 0x71, 0xA0, 0x71, 0xA0, 0x71, 0xA0, 0x71, 0xA0, 0x71, 0xA0, 0x71,
    0xA0, 0x71, 0xA0, 0x71, 0xA0, 0x71, 0xA0, 0x71, 0xA0, 0x71, 0xA0, 0x71, 0xA0, 0x71, 0xA0, 0x71,
    0xA0, 0x71, 0xA0, 0x71, 0xA0, 0x71, 0xA0, 0x71, 0xA0, 0x71, 0xA0, 0x71, 0xA0, 0x71, 0xA0, 0x71,
    0xA0, 0x71, 0xA0, 0x71, 0xA0, 0x71, 0xA0, 0x71, 0xA0, 0x71, 0xA0, 0x71, 0xA0, 0x71, 0xA0, 0x71,
    0xA0, 0x71, 0xA0, 0x71, 0xA0, 0x71, 0xA0, 0x71, 0xA0, 0x71, 0xA0, 0x71, 0xA0, 0x71, 0xA0, 0x71,
    0xA0, 0x71, 0xA0, 0x71, 0xA0, 0x71, 0xA0, 0x71, 0xA0, 0x71, 0xA0, 0x71, 0xA0, 0x71, 0xA0, 0x71,
    0xA0, 0x71, 0xA0, 0x71, 0xA0, 0x71, 0xA0, 0x71, 0xA0, 0x71, 0xA0, 0x71, 0xA0, 0x71, 0xA0, 0x71,
    0xA0, 0x71, 0xA0, 0x71, 0xA0, 0x71, 0xA0, 0x71, 0xA0, 0x71, 0xA0, 0x71, 0xA0, 0x71, 0xA0, 0x71,
    0xA0, 0x71, 0xA0, 0x71, 0xA0, 0x71, 0xA0, 0x71, 0xA0, 0x71, 0xA0, 0x71, 0xA0, 0x71, 0xA0, 0x71,
    0xA0, 0x71, 0xA0, 0x71, 0xA0, 0x71, 0xA0, 0x71, 0xA0, 0x71, 0xA0, 0x71, 0xA0, 0x71, 0xA0, 0x71,
    0xA0, 0x71, 0xA0, 0x71, 0xA0, 0x71, 0xA0, 0x71, 0xA0, 0x71, 0xA0, 0x71, 0xA0, 0x71, 0xA0, 0x71,
    0xA0, 0x71, 0xA0, 0x71, 0xA0, 0x71, 0xA0, 0x71, 0xA0, 0x71, 0xA0, 0x71, 0xA0, 0x71, 0xA0, 0x71,
    0xA0, 0x71, 0xA0, 0x71, 0xA0, 0x71, 0xA0, 0x71, 0xA0, 0x71, 0xA0, 0x71, 0xA0, 0x71, 0xA0, 0x71,
    0xA0, 0x71, 0xA0, 0x71, 0xA0, 0x71, 0xA0, 0x71, 0xA0, 0x71, 0xA0, 0x71, 0xA0, 0x71, 0xA0, 0x71,
    0xA0, 0x71, 0xA0, 0x71, 0xA0, 0x71, 0xA0, 0x71, 0xA0, 0x71, 0xA0, 0x71, 0xA0, 0x71, 0xA0, 0x71,
    0xA0, 0x71, 0xA0, 0x71, 0xA0, 0x71, 0xA0, 0x71, 0xA0, 0x71, 0xA0, 0x71, 0xA0, 0x71, 0xA0, 0x71,
    0xA0, 0x71, 0xA0, 0x71, 0xA0, 0x71, 0xA0, 0x71, 0xA0, 0x71, 0xA0, 0x71, 0xA0, 0x71, 0xA0, 0x71,
    0xA0, 0x71, 0xA0, 0x71, 0xA0, 0x71, 0xA0, 0x71, 0xA0, 0x71, 0xA0, 0x71, 0xA0, 0x71, 0xA0, 0x71,
    0xA0, 0x71, 0xA0, 0x71, 0xA0, 0x71, 0xA0, 0x71, 0xA0, 0x71, 0xA0, 0x71, 0xA0, 0x71, 0xA0, 0x71,
    0xA0, 0x71, 0xA0, 0x71, 0xA0, 0x71, 0xA0, 0x71, 0xA0, 0x71, 0xA0, 0x71, 0xA0, 0x71, 0xA0, 0x71,
    0xA0, 0x71, 0xA0, 0x71, 0xA0, 0x71, 0xA0, 0x71, 0xA0, 0x71, 0xA0, 0x71, 0xA0, 0x71, 0xA0, 0x71,
    0xA0, 0x71, 0xA0, 0x71, 0xA0, 0x71, 0xA0, 0x71, 0xA0, 0x71, 0xA0, 0x71, 0xA0, 0x71, 0xA0, 0x71,
    0xA0, 0x71, 0xA0, 0x71, 0xA0, 0x71, 0xA0, 0x71, 0xA0, 0x71, 0xA0, 0x71, 0xA0, 0x71, 0xA0, 0x71,
    0xA0, 0x71, 0xA0, 0x71, 0xA0, 0x71, 0xA0, 0x71, 0xA0, 0x71, 0xA0, 0x71, 0xA0, 0x71, 0xA0, 0x71,
    0xA0, 0x71, 0xA0, 0x71, 0xA0, 0x71, 0xA0, 0x71, 0xA0, 0x71, 0xA0, 0x71, 0xA0, 0x71, 0xA0, 0x71,
    0xA0, 0x71, 0xA0, 0x71, 0xA0, 0x71, 0xA0, 0x71, 0xA0, 0x71, 0xA0, 0x71, 0xA0, 0x71, 0xA0, 0x71,
    0xA0, 0x71, 0xA0, 0x71, 0xA0, 0x71, 0xA0, 0x71, 0xA0, 0x71, 0xA0, 0x71, 0xA0, 0x71, 0xA0, 0x71,
    0xA0, 0x71, 0xA0, 0x71, 0xA0, 0x71, 0xA0, 0x71, 0xA0, 0x71, 0xA0, 0x71, 0xA0, 0x71, 0xA0, 0x71,
    0xA0, 0x71, 0xA0, 0x71, 0xA0, 0x71, 0xA0, 0x71, 0xA0, 0x71, 0xA0, 0x71, 0xA0, 0x71, 0xA0, 0x71,
    0xA0, 0x71, 0xA0, 0x71, 0xA0, 0x71, 0xA0, 0x71, 0xA0, 0x71, 0xA0, 0x71, 0xA0, 0x71, 0xA0, 0x71,
    0xA0, 0x71, 0xA0, 0x71, 0xA0, 0x71, 0xA0, 0x71, 0xA0, 0x71, 0xA0, 0x71, 0xA0, 0x71, 0xA0, 0x71,
    0xA0, 0x71, 0xA0, 0x71, 0xA0, 0x71, 0xA0, 0x71, 0xA0, 0x71, 0xA0, 0x71, 0xA0, 0x71, 0xA0, 0x71,
    0xA0, 0x71, 0xA0, 0x71, 0xA0, 0x71, 0xA0, 0x71, 0xA0, 0x71, 0xA0, 0x71, 0xA0, 0x71, 0xA0, 0x71,
    0xA0, 0x71, 0xA0, 0x71, 0xA0, 0x71, 0xA0, 0x71, 0xA0, 0x71, 0xA0, 0x71, 0xA0, 0x71, 0xA0, 0x71,
    0xA0, 0x71, 0xA0, 0x71, 0xA0, 0x71, 0xA0, 0x71, 0xA0, 0x71, 0xA0, 0x71, 0xA0, 0x71, 0xA0, 0x71,
    0xA0, 0x71, 0xA0, 0x71, 0xA0, 0x71, 0xA0, 0x71, 0xA0, 0x71, 0xA0, 0x71, 0xA0, 0x71, 0xA0, 0x71,
    0xA0, 0x71, 0xA0, 0x71, 0xA0, 0x71, 0xA0, 0x71, 0xA0, 0x71, 0xA0, 0x71, 0xA0, 0x71, 0xA0, 0x71,
    0xA0, 0x71, 0xA0, 0x71, 0xA0, 0x71, 0xA0, 0x71, 0xA0, 0x71, 0xA0, 0x71, 0xA0, 0x71, 0xA0, 0x71,
    0xA0, 0x71, 0xA0, 0x71, 0xA0, 0x71, 0xA0, 0x71, 0xA0, 0x71, 0xA0, 0x71, 0xA0, 0x71, 0xA0, 0x71,
    0xA0, 0x71, 0xA0, 0x71, 0xA0, 0x71, 0xA0, 0x71, 0xA0, 0x71, 0xA0, 0x71, 0xA0, 0x71, 0xA0, 0x71,
    0xA0, 0x71, 0xA0, 0x71, 0xA0, 0x71, 0xA0, 0x71, 0xA0, 0x71, 0xA0, 0x71, 0xA0, 0x71, 0xA0, 0x71,
    0xA0, 0x71, 0xA0, 0x71, 0xA0, 0x71, 0xA0, 0x71, 0xA0, 0x71, 0xA0, 0x71, 0xA0, 0x71, 0xA0, 0x71,
    0xA0, 0x71, 0xA0, 0x71, 0xA0, 0x71, 0xA0, 0x71, 0xA0, 0x71, 0xA0, 0x71, 0xA0, 0x71, 0xA0, 0x71,
    0xA0, 0x71, 0xA0, 0x71, 0xA0, 0x71, 0xA0, 0x71, 0xA0, 0x71, 0xA0, 0x71, 0xA0, 0x71, 0xA0, 0x71,
    0xA0, 0x71, 0xA0, 0x71, 0xA0, 0x71, 0xA0, 0x71, 0xA0, 0x71, 0xA0, 0x71, 0xA0, 0x71, 0xA0, 0x71,
    0xA0, 0x71, 0xA0, 0x71, 0xA0, 0x71, 0xA0, 0x71, 0xA0, 0x71, 0xA0, 0x71, 0xA0, 0x71, 0xA0, 0x71,
    0xA0, 0x71, 0xA0, 0x71, 0xA0, 0x71, 0xA0, 0x71, 0xA0, 0x71, 0xA0, 0x71, 0xA0, 0x71, 0xA0, 0x71,
    0xA0, 0x71, 0xA0, 0x71, 0xA0, 0x71, 0xA0, 0x71, 0xA0, 0x71, 0xA0, 0x71, 0xA0, 0x71, 0xA0, 0x71,
    0xA0, 0x71, 0xA0, 0x71, 0xA0, 0x71, 0xA0, 0x71, 0xA0, 0x71, 0xA0, 0x71, 0xA0, 0x71, 0xA0, 0x71,
    0xA0, 0x71, 0xA0, 0x71, 0xA0, 0x71, 0xA0, 0x71, 0xA0, 0x71, 0xA0, 0x71, 0xA0, 0x71, 0xA0, 0x71,
    0xA0, 0x71, 0xA0, 0x71, 0xA0, 0x71, 0xA0, 0x71, 0xA0, 0x71, 0xA0, 0x71, 0xA0, 0x71, 0xA0, 0x71,
    0xE0, 0xCA, 0xE0, 0xCA, 0xE0, 0xCA, 0xE0, 0xCA, 0xE0, 0xCA, 0xE0, 0xCA, 0xE0, 0xCA, 0xE0, 0xCA,
    0xE0, 0xCA, 0xE0, 0xCA, 0xE0, 0xCA, 0xE0, 0xCA, 0x60, 0xAA, 0x60, 0xAA, 0x60, 0xAA, 0x60, 0xAA,
    0x60, 0xAA, 0x60, 0xAA, 0x60, 0xAA, 0x60, 0xAA, 0x60, 0xAA, 0x60, 0xAA, 0x60, 0xAA, 0x60, 0xAA,
    0xA0, 0x71, 0xA0, 0x71, 0xA0, 0x71, 0xA0, 0x71, 0xA0, 0x71, 0xA0, 0x71, 0xA0, 0x71, 0xA0, 0x71,
    0xA0, 0x71, 0xA0, 0x71, 0xA0, 0x71, 0xA0, 0x71, 0xA0, 0x71, 0xA0, 0x71, 0xA0, 0x71, 0xA0, 0x71,
    0xA0, 0x71, 0xA0, 0x71, 0xA0, 0x71, 0xA0, 0x71, 0xA0, 0x71, 0xA0, 0x71, 0xA0, 0x71, 0xA0, 0x71,
    0xA0, 0x71, 0xA0, 0x71, 0xA0, 0x71, 0xA0, 0x71, 0xA0, 0x71, 0xA0, 0x71, 0xA0, 0x71, 0xA0, 0x71,
    0xA0, 0x71, 0xA0, 0x71, 0xA0, 0x71, 0xA0, 0x71, 0xA0, 0x71, 0xA0, 0x71, 0xA0, 0x71, 0xA0, 0x71,
    0xA0, 0x71, 0xA0, 0x71, 0xA0, 0x71, 0xA0, 0x71, 0xA0, 0x71, 0xA0, 0x71, 0xA0, 0x71, 0xA0, 0x71,
    0xA0, 0x71, 0xA0, 0x71, 0xA0, 0x71, 0xA0, 0x71, 0xA0, 0x71, 0xA0, 0x71, 0xA0, 0x71, 0xA0, 0x71,
    0xA0, 0x71, 0xA0, 0x71, 0xA0, 0x71, 0xA0, 0x71, 0xA0, 0x71, 0xA0, 0x71, 0xA0, 0x71, 0xA0, 0x71,
    0xA0, 0x71, 0xA0, 0x71, 0xA0, 0x71, 0xA0, 0x71, 0xA0, 0x71, 0xA0, 0x71, 0xA0, 0x71, 0xA0, 0x71,
    0xA0, 0x71, 0xA0, 0x71, 0xA0, 0x71, 0xA0, 0x71, 0xA0, 0x71, 0xA0, 0x71, 0xA0, 0x71, 0xA0, 0x71,
    0xA0, 0x71, 0xA0, 0x71, 0xA0, 0x71, 0xA0, 0x71, 0xA0, 0x71, 0xA0, 0x71, 0xA0, 0x71, 0xA0, 0x71,
    0xA0, 0x71, 0xA0, 0x71, 0xA0, 0x71, 0xA0, 0x71, 0xA0, 0x71, 0xA0, 0x71, 0xA0, 0x71, 0xA0, 0x71,
    0xA0, 0x71, 0xA0, 0x71, 0xA0, 0x71, 0xA0, 0x71, 0xA0, 0x71, 0xA0, 0x71, 0xA0, 0x71, 0xA0, 0x71,
    0xA0, 0x71, 0xA0, 0x71, 0xA0, 0x71, 0xA0, 0x71, 0xA0, 0x71, 0xA0, 0x71, 0xA0, 0x71, 0xA0, 0x71,
    0xA0, 0x71, 0xA0, 0x71, 0xA0, 0x71, 0xA0, 0x71, 0xA0, 0x71, 0xA0, 0x71, 0xA0, 0x79, 0xC0, 0x79,
    0xA0, 0x71, 0xA0, 0x71, 0xA0, 0x71, 0xA0, 0x71, 0xA0, 0x71, 0xA0, 0x71, 0xA0, 0x71, 0xA0, 0x71,
    0xA0, 0x71, 0xA0, 0x71, 0x60, 0xA2, 0xE0, 0xCA, 0xA0, 0x71, 0xA0, 0x71, 0xA0, 0x71, 0xA0, 0x71,
    0xA0, 0x71, 0xA0, 0x71, 0xA0, 0x71, 0xA0, 0x71, 0xA0, 0x71, 0xA0, 0x71, 0x60, 0xAA, 0x00, 0xCB,
    0xA0, 0x71, 0xA0, 0x71, 0xA0, 0x71, 0xA0, 0x71, 0xA0, 0x71, 0xA0, 0x71, 0xA0, 0x71, 0xA0, 0x71,
    0xA0, 0x71, 0xA0, 0x71, 0x60, 0xAA, 0x00, 0xCB, 0xA0, 0x71, 0xA0, 0x71, 0xA0, 0x71, 0xA0, 0x71,
    0xA0, 0x71, 0xA0, 0x71, 0xA0, 0x71, 0xA0, 0x71, 0xA0, 0x71, 0xA0, 0x71, 0x60, 0xAA, 0x00, 0xCB,
    0xA0, 0x71, 0xA0, 0x71, 0xA0, 0x71, 0xA0, 0x71, 0xA0, 0x71, 0xA0, 0x71, 0xA0, 0x71, 0xA0, 0x71,
    0xA0, 0x71, 0xA0, 0x71, 0x60, 0xAA, 0x00, 0xCB, 0xA0, 0x71, 0xA0, 0x71, 0xA0, 0x71, 0xA0, 0x71,
    0xA0, 0x71, 0xA0, 0x71, 0xA0, 0x71, 0xA0, 0x71, 0xA0, 0x71, 0xA0, 0x71, 0x60, 0xAA, 0x00, 0xCB,
    0xA0, 0x71, 0xA0, 0x71, 0xA0, 0x71, 0xA0, 0x71, 0xA0, 0x71, 0xA0, 0x71, 0xA0, 0x71, 0xA0, 0x71,
    0xA0, 0x71, 0xA0, 0x71, 0x60, 0xAA, 0x00, 0xCB, 0xA0, 0x71, 0xA0, 0x71, 0xA0, 0x71, 0xA0, 0x71,
    0xA0, 0x71, 0xA0, 0x71, 0xA0, 0x71, 0xA0, 0x71, 0xA0, 0x71, 0xA0, 0x71, 0x60, 0xAA, 0x00, 0xCB,
    0xA0, 0x71, 0xA0, 0x71, 0xA0, 0x71, 0xA0, 0x71, 0xA0, 0x71, 0xA0, 0x71, 0xA0, 0x71, 0xA0, 0x71,
    0xA0, 0x71, 0xA0, 0x71, 0x60, 0xAA, 0x00, 0xCB, 0xA0, 0x71, 0xA0, 0x71, 0xA0, 0x71, 0xA0, 0x71,
    0xA0, 0x71, 0xA0, 0x71, 0xA0, 0x71, 0xA0, 0x71, 0xA0, 0x71, 0xA0, 0x71, 0x60, 0xAA, 0x00, 0xCB,
    0xA0, 0x71, 0xA0, 0x71, 0xA0, 0x71, 0xA0, 0x71, 0xA0, 0x71, 0xA0, 0x71, 0xA0, 0x71, 0xA0, 0x71,
    0xA0, 0x71, 0xA0, 0x71, 0x60, 0xAA, 0x00, 0xCB, 0xA0, 0x71, 0xA0, 0x71, 0xA0, 0x71, 0xA0, 0x71,
    0xA0, 0x71, 0xA0, 0x71, 0xA0, 0x71, 0xA0, 0x71, 0xA0, 0x71, 0xA0, 0x71, 0x60, 0xAA, 0x00, 0xCB,
    0xE0, 0xCA, 0xE0, 0xCA, 0xE0, 0xCA, 0xE0, 0xCA, 0xE0, 0xCA, 0xE0, 0xCA, 0xE0, 0xCA, 0xE0, 0xCA,
    0xE0, 0xCA, 0xE0, 0xCA, 0xE0, 0xCA, 0x00, 0xCB, 0x60, 0xAA, 0x60, 0xAA, 0x60, 0xAA, 0x60, 0xAA,
    0x60, 0xAA, 0x60, 0xAA, 0x60, 0xAA, 0x60, 0xAA, 0x60, 0xAA, 0x60, 0xAA, 0xC0, 0xBA, 0x00, 0xCB,
    0xA0, 0x71, 0xA0, 0x71, 0xA0, 0x71, 0xA0, 0x71, 0xA0, 0x71, 0xA0, 0x71, 0xA0, 0x71, 0xA0, 0x71,
    0xA0, 0x71, 0xA0, 0x71, 0x60, 0xAA, 0x00, 0xCB, 0xA0, 0x71, 0xA0, 0x71, 0xA0, 0x71, 0xA0, 0x71,
    0xA0, 0x71, 0xA0, 0x71, 0xA0, 0x71, 0xA0, 0x71, 0xA0, 0x71, 0xA0, 0x71, 0x60, 0xAA, 0x00, 0xCB,
    0xA0, 0x71, 0xA0, 0x71, 0xA0, 0x71, 0xA0, 0x71, 0xA0, 0x71, 0xA0, 0x71, 0xA0, 0x71, 0xA0, 0x71,
    0xA0, 0x71, 0xA0, 0x71, 0x60, 0xAA, 0x00, 0xCB, 0xA0, 0x71, 0xA0, 0x71, 0xA0, 0x71, 0xA0, 0x71,
    0xA0, 0x71, 0xA0, 0x71, 0xA0, 0x71, 0xA0, 0x71, 0xA0, 0x71, 0xA0, 0x71, 0x60, 0xAA, 0x00, 0xCB,
    0xA0, 0x71, 0xA0, 0x71, 0xA0, 0x71, 0xA0, 0x71, 0xA0, 0x71, 0xA0, 0x71, 0xA0, 0x71, 0xA0, 0x71,
    0xA0, 0x71, 0xA0, 0x71, 0x60, 0xAA, 0x00, 0xCB, 0xA0, 0x71, 0xA0, 0x71, 0xA0, 0x71, 0xA0, 0x71,
    0xA0, 0x71, 0xA0, 0x71, 0xA0, 0x71, 0xA0, 0x71, 0xA0, 0x71, 0xA0, 0x71, 0x60, 0xAA, 0x00, 0xCB,
    0xA0, 0x71, 0xA0, 0x71, 0xA0, 0x71, 0xA0, 0x71, 0xA0, 0x71, 0xA0, 0x71, 0xA0, 0x71, 0xA0, 0x71,
    0xA0, 0x71, 0xA0, 0x71, 0x60, 0xAA, 0x00, 0xCB, 0xA0, 0x71, 0xA0, 0x71, 0xA0, 0x71, 0xA0, 0x71,
    0xA0, 0x71, 0xA0, 0x71, 0xA0, 0x71, 0xA0, 0x71, 0xA0, 0x71, 0xA0, 0x71, 0x60, 0xAA, 0x00, 0xCB,
    0xA0, 0x71, 0xA0, 0x71, 0xA0, 0x71, 0xA0, 0x71, 0xA0, 0x71, 0xA0, 0x71, 0xA0, 0x71, 0xA0, 0x71,
    0xA0, 0x71, 0xA0, 0x71, 0x60, 0xAA, 0x00, 0xCB, 0xA0, 0x71, 0xA0, 0x71, 0xA0, 0x71, 0xA0, 0x71,
    0xA0, 0x71, 0xA0, 0x71, 0xA0, 0x71, 0xA0, 0x71, 0xA0, 0x71, 0xA0, 0x71, 0x60, 0xA2, 0xE0, 0xCA,
    0xA0, 0x71, 0xA0, 0x71, 0xA0, 0x71, 0xA0, 0x71, 0xA0, 0x71, 0xA0, 0x71, 0xA0, 0x71, 0xA0, 0x71,
    0xA0, 0x71, 0xA0, 0x71, 0xA0, 0x71, 0xA0, 0x71, 0xA0, 0x71, 0xA0, 0x71, 0xA0, 0x71, 0xA0, 0x71,
    0xA0, 0x71, 0xA0, 0x71, 0xA0, 0x71, 0xA0, 0x71, 0xA0, 0x71, 0xA0, 0x71, 0xA0, 0x71, 0xA0, 0x71,
    0xA0, 0x71, 0xA0, 0x71, 0xA0, 0x71, 0xA0, 0x71, 0xA0, 0x71, 0xA0, 0x71, 0xA0, 0x71, 0xA0, 0x71,
    0xA0, 0x71, 0xA0, 0x71, 0xA0, 0x71, 0xA0, 0x71, 0xA0, 0x71, 0xA0, 0x71, 0xA0, 0x71, 0xA0, 0x71,
    0xA0, 0x71, 0xA0, 0x71, 0xA0, 0x71, 0xA0, 0x71, 0xA0, 0x71, 0xA0, 0x71, 0xA0, 0x71, 0xA0, 0x71,
    0xA0, 0x71, 0xA0, 0x71, 0xA0, 0x71, 0xA0, 0x71, 0xA0, 0x71, 0xA0, 0x71, 0xA0, 0x71, 0xA0, 0x71,
    0xA0, 0x71, 0xA0, 0x71, 0xA0, 0x71, 0xA0, 0x71, 0xA0, 0x71, 0xA0, 0x71, 0xA0, 0x71, 0xA0, 0x71,
    0xA0, 0x71, 0xA0, 0x71, 0xA0, 0x71, 0xA0, 0x71, 0xA0, 0x71, 0xA0, 0x71, 0xA0, 0x71, 0xA0, 0x71,
    0xA0, 0x71, 0xA0, 0x71, 0xA0, 0x71, 0xA0, 0x71, 0xA0, 0x71, 0xA0, 0x71, 0xA0, 0x71, 0xA0, 0x71,
    0xA0, 0x71, 0xA0, 0x71, 0xA0, 0x71, 0xA0, 0x71, 0xA0, 0x71, 0xA0, 0x71, 0xA0, 0x71, 0xA0, 0x71,
    0xA0, 0x71, 0xA0, 0x71, 0xA0, 0x71, 0xA0, 0x71, 0xA0, 0x71, 0xA0, 0x71, 0xA0, 0x71, 0xA0, 0x71,
    0xA0, 0x71, 0xA0, 0x71, 0xA0, 0x71, 0xA0, 0x71, 0xA0, 0x71, 0xA0, 0x71, 0xA0, 0x71, 0xA0, 0x71,
    0xA0, 0x71, 0xA0, 0x71, 0xA0, 0x71, 0xA0, 0x71, 0xA0, 0x71, 0xA0, 0x71, 0xA0, 0x71, 0xA0, 0x71,
    0xA0, 0x71, 0xA0, 0x71, 0xA0, 0x71, 0xA0, 0x71, 0xA0, 0x71, 0xA0, 0x71, 0xA0, 0x71, 0xA0, 0x71,
    0x60, 0xAA, 0x60, 0xAA, 0x60, 0xAA, 0x60, 0xAA, 0x60, 0xAA, 0x60, 0xAA, 0x60, 0xAA, 0x60, 0xAA,
    0x60, 0xAA, 0x60, 0xAA, 0x60, 0xAA, 0x60, 0xAA, 0x00, 0xCB, 0x00, 0xCB, 0x00, 0xCB, 0x00, 0xCB,
    0x00, 0xCB, 0x00, 0xCB, 0x00, 0xCB, 0x00, 0xCB, 0x00, 0xCB, 0x00, 0xCB, 0x00, 0xCB, 0x00, 0xCB,
    0x00, 0xCB, 0x00, 0xCB, 0x00, 0xCB, 0x00, 0xCB, 0x00, 0xCB, 0x00, 0xCB, 0x00, 0xCB, 0x00, 0xCB,
    0x00, 0xCB, 0x00, 0xCB, 0x00, 0xCB, 0x00, 0xCB, 0x60, 0xAA, 0x60, 0xAA, 0x60, 0xAA, 0x60, 0xAA,
    0x60, 0xAA, 0x60, 0xAA, 0x60, 0xAA, 0x60, 0xAA, 0x60, 0xAA, 0x60, 0xAA, 0x60, 0xAA, 0x60, 0xAA,
    0xA0, 0x71, 0xA0, 0x71, 0xA0, 0x71, 0xA0, 0x71, 0xA0, 0x71, 0xA0, 0x71, 0xA0, 0x71, 0xA0, 0x71,
    0xA0, 0x71, 0xA0, 0x71, 0xA0, 0x71, 0xA0, 0x71, 0xA0, 0x71, 0xA0, 0x71, 0xA0, 0x71, 0xA0, 0x71,
    0xA0, 0x71, 0xA0, 0x71, 0xA0, 0x71, 0xA0, 0x71, 0xA0, 0x71, 0xA0, 0x71, 0xA0, 0x71, 0xA0, 0x71,
    0xA0, 0x71, 0xA0, 0x71, 0xA0, 0x71, 0xA0, 0x71, 0xA0, 0x71, 0xA0, 0x71, 0xA0, 0x71, 0xA0, 0x71,
    0xA0, 0x71, 0xA0, 0x71, 0xA0, 0x71, 0xA0, 0x71, 0xA0, 0x71, 0xA0, 0x71, 0xA0, 0x71, 0xA0, 0x71,
    0xA0, 0x71, 0xA0, 0x71, 0xA0, 0x71, 0xA0, 0x71, 0xA0, 0x71, 0xA0, 0x71, 0xA0, 0x71, 0xA0, 0x71,
    0xA0, 0x71, 0xA0, 0x71, 0xA0, 0x71, 0xA0, 0x71, 0xA0, 0x71, 0xA0, 0x71, 0xA0, 0x71, 0xA0, 0x71,
    0xA0, 0x71, 0xA0, 0x71, 0xA0, 0x71, 0xA0, 0x71, 0xA0, 0x71, 0xA0, 0x71, 0xA0, 0x71, 0xA0, 0x71,
    0xA0, 0x71, 0xA0, 0x71, 0xA0, 0x71, 0xA0, 0x71, 0xA0, 0x71, 0xA0, 0x71, 0xA0, 0x71, 0xA0, 0x71,
    0xA0, 0x71, 0xA0, 0x71, 0xA0, 0x71, 0xA0, 0x71, 0xA0, 0x71, 0xA0, 0x71, 0xA0, 0x71, 0xA0, 0x71,
    0xA0, 0x71, 0xA0, 0x71, 0xA0, 0x71, 0xA0, 0x71, 0xA0, 0x71, 0xA0, 0x71, 0xA0, 0x71, 0xA0, 0x71,
    0xA0, 0x71, 0xA0, 0x71, 0xA0, 0x71, 0xA0, 0x71, 0xA0, 0x71, 0xA0, 0x71, 0xA0, 0x71, 0xA0, 0x71,
    0x60, 0xAA, 0x60, 0xAA, 0x60, 0xAA, 0x60, 0xAA, 0x60, 0xAA, 0x60, 0xAA, 0x60, 0xAA, 0x60, 0xAA,
    0x60, 0xAA, 0x60, 0xAA, 0x60, 0xAA, 0x60, 0xAA, 0xE0, 0xCA, 0xE0, 0xCA, 0xE0, 0xCA, 0xE0, 0xCA,
    0xE0, 0xCA, 0xE0, 0xCA, 0xE0, 0xCA, 0xE0, 0xCA, 0xE0, 0xCA, 0xE0, 0xCA, 0xE0, 0xCA, 0x00, 0xCB,
    0xA0, 0x71, 0xA0, 0x71, 0xA0, 0x71, 0xA0, 0x71, 0xA0, 0x71, 0xA0, 0x71, 0xA0, 0x71, 0xA0, 0x71,
    0xA0, 0x71, 0xA0, 0x71, 0x60, 0xAA, 0x00, 0xCB, 0xA0, 0x71, 0xA0, 0x71, 0xA0, 0x71, 0xA0, 0x71,
    0xA0, 0x71, 0xA0, 0x71, 0xA0, 0x71, 0xA0, 0x71, 0xA0, 0x71, 0xA0, 0x71, 0x60, 0xAA, 0x00, 0xCB,
    0xA0, 0x71, 0xA0, 0x71, 0xA0, 0x71, 0xA0, 0x71, 0xA0, 0x71, 0xA0, 0x71, 0xA0, 0x71, 0xA0, 0x71,
    0xA0, 0x71, 0xA0, 0x71, 0x60, 0xAA, 0x00, 0xCB, 0xA0, 0x71, 0xA0, 0x71, 0xA0, 0x71, 0xA0, 0x71,
    0xA0, 0x71, 0xA0, 0x71, 0xA0, 0x71, 0xA0, 0x71, 0xA0, 0x71, 0xA0, 0x71, 0x60, 0xAA, 0x00, 0xCB,
    0xA0, 0x71, 0xA0, 0x71, 0xA0, 0x71, 0xA0, 0x71, 0xA0, 0x71, 0xA0, 0x71, 0xA0, 0x71, 0xA0, 0x71,
    0xA0, 0x71, 0xA0, 0x71, 0x60, 0xAA, 0x00, 0xCB, 0xA0, 0x71, 0xA0, 0x71, 0xA0, 0x71, 0xA0, 0x71,
    0xA0, 0x71, 0xA0, 0x71, 0xA0, 0x71, 0xA0, 0x71, 0xA0, 0x71, 0xA0, 0x71, 0x60, 0xAA, 0x00, 0xCB,
    0xA0, 0x71, 0xA0, 0x71, 0xA0, 0x71, 0xA0, 0x71, 0xA0, 0x71, 0xA0, 0x71, 0xA0, 0x71, 0xA0, 0x71,
    0xA0, 0x71, 0xA0, 0x71, 0x60, 0xAA, 0x00, 0xCB, 0xA0, 0x71, 0xA0, 0x71, 0xA0, 0x71, 0xA0, 0x71,
    0xA0, 0x71, 0xA0, 0x71, 0xA0, 0x71, 0xA0, 0x71, 0xA0, 0x71, 0xA0, 0x71, 0x60, 0xAA, 0x00, 0xCB,
    0xA0, 0x71, 0xA0, 0x71, 0xA0, 0x71, 0xA0, 0x71, 0xA0, 0x71, 0xA0, 0x71, 0xA0, 0x71, 0xA0, 0x71,
    0xA0, 0x71, 0xA0, 0x71, 0x60, 0xAA, 0x00, 0xCB, 0xA0, 0x71, 0xA0, 0x71, 0xA0, 0x71, 0xA0, 0x71,
    0xA0, 0x71, 0xA0, 0x71, 0xA0, 0x71, 0xA0, 0x71, 0xA0, 0x71, 0xA0, 0x71, 0x60, 0xAA, 0x00, 0xCB,
    0x60, 0xAA, 0x60, 0xAA, 0x60, 0xAA, 0x60, 0xAA, 0x60, 0xAA, 0x60, 0xAA, 0x60, 0xAA, 0x60, 0xAA,
    0x60, 0xAA, 0x60, 0xAA, 0xC0, 0xBA, 0x00, 0xCB, 0x00, 0xCB, 0x00, 0xCB, 0x00, 0xCB, 0x00, 0xCB,
    0x00, 0xCB, 0x00, 0xCB, 0x00, 0xCB, 0x00, 0xCB, 0x00, 0xCB, 0x00, 0xCB, 0x00, 0xCB, 0x00, 0xCB,
    0x00, 0xCB, 0x00, 0xCB, 0x00, 0xCB, 0x00, 0xCB, 0x00, 0xCB, 0x00, 0xCB, 0x00, 0xCB, 0x00, 0xCB,
    0x00, 0xCB, 0x00, 0xCB, 0x00, 0xCB, 0x00, 0xCB, 0x60, 0xAA, 0x60, 0xAA, 0x60, 0xAA, 0x60, 0xAA,
    0x60, 0xAA, 0x60, 0xAA, 0x60, 0xAA, 0x60, 0xAA, 0x60, 0xAA, 0x60, 0xAA, 0xC0, 0xBA, 0x00, 0xCB,
    0xA0, 0x71, 0xA0, 0x71, 0xA0, 0x71, 0xA0, 0x71, 0xA0, 0x71, 0xA0, 0x71, 0xA0, 0x71, 0xA0, 0x71,
    0xA0, 0x71, 0xA0, 0x71, 0x60, 0xAA, 0x00, 0xCB, 0xA0, 0x71, 0xA0, 0x71, 0xA0, 0x71, 0xA0, 0x71,
    0xA0, 0x71, 0xA0, 0x71, 0xA0, 0x71, 0xA0, 0x71, 0xA0, 0x71, 0xA0, 0x71, 0x60, 0xAA, 0x00, 0xCB,
    0xA0, 0x71, 0xA0, 0x71, 0xA0, 0x71, 0xA0, 0x71, 0xA0, 0x71, 0xA0, 0x71, 0xA0, 0x71, 0xA0, 0x71,
    0xA0, 0x71, 0xA0, 0x71, 0x60, 0xAA, 0x00, 0xCB, 0xA0, 0x71, 0xA0, 0x71, 0xA0, 0x71, 0xA0, 0x71,
    0xA0, 0x71, 0xA0, 0x71, 0xA0, 0x71, 0xA0, 0x71, 0xA0, 0x71, 0xA0, 0x71, 0x60, 0xAA, 0x00, 0xCB,
    0xA0, 0x71, 0xA0, 0x71, 0xA0, 0x71, 0xA0, 0x71, 0xA0, 0x71, 0xA0, 0x71, 0xA0, 0x71, 0xA0, 0x71,
    0xA0, 0x71, 0xA0, 0x71, 0x60, 0xAA, 0x00, 0xCB, 0xA0, 0x71, 0xA0, 0x71, 0xA0, 0x71, 0xA0, 0x71,
    0xA0, 0x71, 0xA0, 0x71, 0xA0, 0x71, 0xA0, 0x71, 0xA0, 0x71, 0xA0, 0x71, 0x60, 0xAA, 0x00, 0xCB,
    0xA0, 0x71, 0xA0, 0x71, 0xA0, 0x71, 0xA0, 0x71, 0xA0, 0x71, 0xA0, 0x71, 0xA0, 0x71, 0xA0, 0x71,
    0xA0, 0x71, 0xA0, 0x71, 0x60, 0xAA, 0x00, 0xCB, 0xA0, 0x71, 0xA0, 0x71, 0xA0, 0x71, 0xA0, 0x71,
    0xA0, 0x71, 0xA0, 0x71, 0xA0, 0x71, 0xA0, 0x71, 0xA0, 0x71, 0xA0, 0x71, 0x60, 0xAA, 0x00, 0xCB,
    0x60, 0xAA, 0x60, 0xAA, 0x60, 0xAA, 0x60, 0xAA, 0x60, 0xAA, 0x60, 0xAA, 0x60, 0xAA, 0x60, 0xAA,
    0x60, 0xAA, 0x60, 0xAA, 0xC0, 0xBA, 0x00, 0xCB, 0x00, 0xCB, 0xE0, 0xCA, 0xE0, 0xCA, 0xE0, 0xCA,
    0xE0, 0xCA, 0xE0, 0xCA, 0xE0, 0xCA, 0xE0, 0xCA, 0xE0, 0xCA, 0xE0, 0xCA, 0xE0, 0xCA, 0xE0, 0xCA,
    0x00, 0xCB, 0x60, 0xAA, 0xA0, 0x71, 0xA0, 0x71, 0xA0, 0x71, 0xA0, 0x71, 0xA0, 0x71, 0xA0, 0x71,
    0xA0, 0x71, 0xA0, 0x71, 0xA0, 0x71, 0xA0, 0x71, 0x00, 0xCB, 0x60, 0xAA, 0xA0, 0x71, 0xA0, 0x71,
    0xA0, 0x71, 0xA0, 0x71, 0xA0, 0x71, 0xA0, 0x71, 0xA0, 0x71, 0xA0, 0x71, 0xA0, 0x71, 0xA0, 0x71,
    0x00, 0xCB, 0x60, 0xAA, 0xA0, 0x71, 0xA0, 0x71, 0xA0, 0x71, 0xA0, 0x71, 0xA0, 0x71, 0xA0, 0x71,
    0xA0, 0x71, 0xA0, 0x71, 0xA0, 0x71, 0xA0, 0x71, 0x00, 0xCB, 0x60, 0xAA, 0xA0, 0x71, 0xA0, 0x71,
    0xA0, 0x71, 0xA0, 0x71, 0xA0, 0x71, 0xA0, 0x71, 0xA0, 0x71, 0xA0, 0x71, 0xA0, 0x71, 0xA0, 0x71,
    0x00, 0xCB, 0x60, 0xAA, 0xA0, 0x71, 0xA0, 0x71, 0xA0, 0x71, 0xA0, 0x71, 0xA0, 0x71, 0xA0, 0x71,
    0xA0, 0x71, 0xA0, 0x71, 0xA0, 0x71, 0xA0, 0x71, 0x00, 0xCB, 0x60, 0xAA, 0xA0, 0x71, 0xA0, 0x71,
    0xA0, 0x71, 0xA0, 0x71, 0xA0, 0x71, 0xA0, 0x71, 0xA0, 0x71, 0xA0, 0x71, 0xA0, 0x71, 0xA0, 0x71,
    0x00, 0xCB, 0x60, 0xAA, 0xA0, 0x71, 0xA0, 0x71, 0xA0, 0x71, 0xA0, 0x71, 0xA0, 0x71, 0xA0, 0x71,
    0xA0, 0x71, 0xA0, 0x71, 0xA0, 0x71, 0xA0, 0x71, 0x00, 0xCB, 0x60, 0xAA, 0xA0, 0x71, 0xA0, 0x71,
    0xA0, 0x71, 0xA0, 0x71, 0xA0, 0x71, 0xA0, 0x71, 0xA0, 0x71, 0xA0, 0x71, 0xA0, 0x71, 0xA0, 0x71,
    0x00, 0xCB, 0x60, 0xAA, 0xA0, 0x71, 0xA0, 0x71, 0xA0, 0x71, 0xA0, 0x71, 0xA0, 0x71, 0xA0, 0x71,
    0xA0, 0x71, 0xA0, 0x71, 0xA0, 0x71, 0xA0, 0x71, 0x00, 0xCB, 0x60, 0xAA, 0xA0, 0x71, 0xA0, 0x71,
    0xA0, 0x71, 0xA0, 0x71, 0xA0, 0x71, 0xA0, 0x71, 0xA0, 0x71, 0xA0, 0x71, 0xA0, 0x71, 0xA0, 0x71,
    0x00, 0xCB, 0x60, 0xAA, 0xA0, 0x71, 0xA0, 0x71, 0xA0, 0x71, 0xA0, 0x71, 0xA0, 0x71, 0xA0, 0x71,
    0xA0, 0x71, 0xA0, 0x71, 0xA0, 0x71, 0xA0, 0x71, 0x00, 0xCB, 0x60, 0xAA, 0xA0, 0x71, 0xA0, 0x71,
    0xA0, 0x71, 0xA0, 0x71, 0xA0, 0x71, 0xA0, 0x71, 0xA0, 0x71, 0xA0, 0x71, 0xA0, 0x71, 0xA0, 0x71,
    0x00, 0xCB, 0xE0, 0xCA, 0xE0, 0xCA, 0xE0, 0xCA, 0xE0, 0xCA, 0xE0, 0xCA, 0xE0, 0xCA, 0xE0, 0xCA,
    0xE0, 0xCA, 0xE0, 0xCA, 0xE0, 0xCA, 0xE0, 0xCA, 0x00, 0xCB, 0xC0, 0xBA, 0x60, 0xAA, 0x60, 0xAA,
    0x60, 0xAA, 0x60, 0xAA, 0x60, 0xAA, 0x60, 0xAA, 0x60, 0xAA, 0x60, 0xAA, 0x60, 0xAA, 0x60, 0xAA,
    0x00, 0xCB, 0x60, 0xAA, 0xA0, 0x71, 0xA0, 0x71, 0xA0, 0x71, 0xA0, 0x71, 0xA0, 0x71, 0xA0, 0x71,
    0xA0, 0x71, 0xA0, 0x71, 0xA0, 0x71, 0xA0, 0x71, 0x00, 0xCB, 0x60, 0xAA, 0xA0, 0x71, 0xA0, 0x71,
    0xA0, 0x71, 0xA0, 0x71, 0xA0, 0x71, 0xA0, 0x71, 0xA0, 0x71, 0xA0, 0x71, 0xA0, 0x71, 0xA0, 0x71,
    0x00, 0xCB, 0x60, 0xAA, 0xA0, 0x71, 0xA0, 0x71, 0xA0, 0x71, 0xA0, 0x71, 0xA0, 0x71, 0xA0, 0x71,
    0xA0, 0x71, 0xA0, 0x71, 0xA0, 0x71, 0xA0, 0x71, 0x00, 0xCB, 0x60, 0xAA, 0xA0, 0x71, 0xA0, 0x71,
    0xA0, 0x71, 0xA0, 0x71, 0xA0, 0x71, 0xA0, 0x71, 0xA0, 0x71, 0xA0, 0x71, 0xA0, 0x71, 0xA0, 0x71,
    0x00, 0xCB, 0x60, 0xAA, 0xA0, 0x71, 0xA0, 0x71, 0xA0, 0x71, 0xA0, 0x71, 0xA0, 0x71, 0xA0, 0x71,
    0xA0, 0x71, 0xA0, 0x71, 0xA0, 0x71, 0xA0, 0x71, 0x00, 0xCB, 0x60, 0xAA, 0xA0, 0x71, 0xA0, 0x71,
    0xA0, 0x71, 0xA0, 0x71, 0xA0, 0x71, 0xA0, 0x71, 0xA0, 0x71, 0xA0, 0x71, 0xA0, 0x71, 0xA0, 0x71,
    0x00, 0xCB, 0x60, 0xAA, 0xA0, 0x71, 0xA0, 0x71, 0xA0, 0x71, 0xA0, 0x71, 0xA0, 0x71, 0xA0, 0x71,
    0xA0, 0x71, 0xA0, 0x71, 0xA0, 0x71, 0xA0, 0x71, 0x00, 0xCB, 0x60, 0xAA, 0xA0, 0x71, 0xA0, 0x71,
    0xA0, 0x71, 0xA0, 0x71, 0xA0, 0x71, 0xA0, 0x71, 0xA0, 0x71, 0xA0, 0x71, 0xA0, 0x71, 0xA0, 0x71,
    0x00, 0xCB, 0x60, 0xAA, 0xA0, 0x71, 0xA0, 0x71, 0xA0, 0x71, 0xA0, 0x71, 0xA0, 0x71, 0xA0, 0x71,
    0xA0, 0x71, 0xA0, 0x71, 0xA0, 0x71, 0xA0, 0x71, 0x00, 0xCB, 0x60, 0xAA, 0xA0, 0x71, 0xA0, 0x71,
    0xA0, 0x71, 0xA0, 0x71, 0xA0, 0x71, 0xA0, 0x71, 0xA0, 0x71, 0xA0, 0x71, 0xA0, 0x71, 0xA0, 0x71,
    0x00, 0xCB, 0x60, 0xAA, 0xA0, 0x71, 0xA0, 0x71, 0xA0, 0x71, 0xA0, 0x71, 0xA0, 0x71, 0xA0, 0x71,
    0xA0, 0x71, 0xA0, 0x71, 0x60, 0xA2, 0xE0, 0xCA, 0x00, 0xCB, 0x60, 0xAA, 0xA0, 0x71, 0xA0, 0x71,
    0xA0, 0x71, 0xA0, 0x71, 0xA0, 0x71, 0xA0, 0x71, 0xA0, 0x71, 0xA0, 0x71, 0x60, 0xAA, 0x00, 0xCB,
    0x00, 0xCB, 0x60, 0xAA, 0xA0, 0x71, 0xA0, 0x71, 0xA0, 0x71, 0xA0, 0x71, 0xA0, 0x71, 0xA0, 0x71,
    0xA0, 0x71, 0xA0, 0x71, 0x60, 0xAA, 0x00, 0xCB, 0x00, 0xCB, 0x60, 0xAA, 0xA0, 0x71, 0xA0, 0x71,
    0xA0, 0x71, 0xA0, 0x71, 0xA0, 0x71, 0xA0, 0x71, 0xA0, 0x71, 0xA0, 0x71, 0x60, 0xAA, 0x00, 0xCB,
    0x00, 0xCB, 0x60, 0xAA, 0xA0, 0x71, 0xA0, 0x71, 0xA0, 0x71, 0xA0, 0x71, 0xA0, 0x71, 0xA0, 0x71,
    0xA0, 0x71, 0xA0, 0x71, 0x60, 0xAA, 0x00, 0xCB, 0x00, 0xCB, 0x60, 0xAA, 0xA0, 0x71, 0xA0, 0x71,
    0xA0, 0x71, 0xA0, 0x71, 0xA0, 0x71, 0xA0, 0x71, 0xA0, 0x71, 0xA0, 0x71, 0x60, 0xAA, 0x00, 0xCB,
    0x00, 0xCB, 0x60, 0xAA, 0xA0, 0x71, 0xA0, 0x71, 0xA0, 0x71, 0xA0, 0x71, 0xA0, 0x71, 0xA0, 0x71,
    0xA0, 0x71, 0xA0, 0x71, 0x60, 0xAA, 0x00, 0xCB, 0x00, 0xCB, 0x60, 0xAA, 0xA0, 0x71, 0xA0, 0x71,
    0xA0, 0x71, 0xA0, 0x71, 0xA0, 0x71, 0xA0, 0x71, 0xA0, 0x71, 0xA0, 0x71, 0x60, 0xAA, 0x00, 0xCB,
    0x00, 0xCB, 0x60, 0xAA, 0xA0, 0x71, 0xA0, 0x71, 0xA0, 0x71, 0xA0, 0x71, 0xA0, 0x71, 0xA0, 0x71,
    0xA0, 0x71, 0xA0, 0x71, 0x60, 0xAA, 0x00, 0xCB, 0x00, 0xCB, 0x60, 0xAA, 0xA0, 0x71, 0xA0, 0x71,
    0xA0, 0x71, 0xA0, 0x71, 0xA0, 0x71, 0xA0, 0x71, 0xA0, 0x71, 0xA0, 0x71, 0x60, 0xAA, 0x00, 0xCB,
    0x00, 0xCB, 0x60, 0xAA, 0xA0, 0x71, 0xA0, 0x71, 0xA0, 0x71, 0xA0, 0x71, 0xA0, 0x71, 0xA0, 0x71,
    0xA0, 0x71, 0xA0, 0x71, 0x60, 0xAA, 0x00, 0xCB, 0x00, 0xCB, 0x60, 0xAA, 0xA0, 0x71, 0xA0, 0x71,
    0xA0, 0x71, 0xA0, 0x71, 0xA0, 0x71, 0xA0, 0x71, 0xA0, 0x71, 0xA0, 0x71, 0x60, 0xAA, 0x00, 0xCB,
    0x00, 0xCB, 0xE0, 0xCA, 0xE0, 0xCA, 0xE0, 0xCA, 0xE0, 0xCA, 0xE0, 0xCA, 0xE0, 0xCA, 0xE0, 0xCA,
    0xE0, 0xCA, 0xE0, 0xCA, 0xE0, 0xCA, 0x00, 0xCB, 0x00, 0xCB, 0xC0, 0xBA, 0x60, 0xAA, 0x60, 0xAA,
    0x60, 0xAA, 0x60, 0xAA, 0x60, 0xAA, 0x60, 0xAA, 0x60, 0xAA, 0x60, 0xAA, 0xC0, 0xBA, 0x00, 0xCB,
    0x00, 0xCB, 0x60, 0xAA, 0xA0, 0x71, 0xA0, 0x71, 0xA0, 0x71, 0xA0, 0x71, 0xA0, 0x71, 0xA0, 0x71,
    0xA0, 0x71, 0xA0, 0x71, 0x60, 0xAA, 0x00, 0xCB, 0x00, 0xCB, 0x60, 0xAA, 0xA0, 0x71, 0xA0, 0x71,
    0xA0, 0x71, 0xA0, 0x71, 0xA0, 0x71, 0xA0, 0x71, 0xA0, 0x71, 0xA0, 0x71, 0x60, 0xAA, 0x00, 0xCB,
    0x00, 0xCB, 0x60, 0xAA, 0xA0, 0x71, 0xA0, 0x71, 0xA0, 0x71, 0xA0, 0x71, 0xA0, 0x71, 0xA0, 0x71,
    0xA0, 0x71, 0xA0, 0x71, 0x60, 0xAA, 0x00, 0xCB, 0x00, 0xCB, 0x60, 0xAA, 0xA0, 0x71, 0xA0, 0x71,
    0xA0, 0x71, 0xA0, 0x71, 0xA0, 0x71, 0xA0, 0x71, 0xA0, 0x71, 0xA0, 0x71, 0x60, 0xAA, 0x00, 0xCB,
    0x00, 0xCB, 0x60, 0xAA, 0xA0, 0x71, 0xA0, 0x71, 0xA0, 0x71, 0xA0, 0x71, 0xA0, 0x71, 0xA0, 0x71,
    0xA0, 0x71, 0xA0, 0x71, 0x60, 0xAA, 0x00, 0xCB, 0x00, 0xCB, 0x60, 0xAA, 0xA0, 0x71, 0xA0, 0x71,
    0xA0, 0x71, 0xA0, 0x71, 0xA0, 0x71, 0xA0, 0x71, 0xA0, 0x71, 0xA0, 0x71, 0x60, 0xAA, 0x00, 0xCB,
    0x00, 0xCB, 0x60, 0xAA, 0xA0, 0x71, 0xA0, 0x71, 0xA0, 0x71, 0xA0, 0x71, 0xA0, 0x71, 0xA0, 0x71,
    0xA0, 0x71, 0xA0, 0x71, 0x60, 0xAA, 0x00, 0xCB, 0x00, 0xCB, 0x60, 0xAA, 0xA0, 0x71, 0xA0, 0x71,
    0xA0, 0x71, 0xA0, 0x71, 0xA0, 0x71, 0xA0, 0x71, 0xA0, 0x71, 0xA0, 0x71, 0x60, 0xAA, 0x00, 0xCB,
    0x00, 0xCB, 0x60, 0xAA, 0xA0, 0x71, 0xA0, 0x71, 0xA0, 0x71, 0xA0, 0x71, 0xA0, 0x71, 0xA0, 0x71,
    0xA0, 0x71, 0xA0, 0x71, 0x60, 0xAA, 0x00, 0xCB, 0x00, 0xCB, 0x60, 0xAA, 0xA0, 0x71, 0xA0, 0x71,
    0xA0, 0x71, 0xA0, 0x71, 0xA0, 0x71, 0xA0, 0x71, 0xA0, 0x71, 0xA0, 0x71, 0x60, 0xA2, 0xE0, 0xCA,
    0x00, 0xCB, 0x60, 0xAA, 0xA0, 0x71, 0xA0, 0x71, 0xA0, 0x71, 0xA0, 0x71, 0xA0, 0x71, 0xA0, 0x71,
    0xA0, 0x71, 0xA0, 0x71, 0xA0, 0x71, 0xA0, 0x71, 0x00, 0xCB, 0x60, 0xAA, 0xA0, 0x71, 0xA0, 0x71,
    0xA0, 0x71, 0xA0, 0x71, 0xA0, 0x71, 0xA0, 0x71, 0xA0, 0x71, 0xA0, 0x71, 0xA0, 0x71, 0xA0, 0x71,
    0x00, 0xCB, 0x60, 0xAA, 0xA0, 0x71, 0xA0, 0x71, 0xA0, 0x71, 0xA0, 0x71, 0xA0, 0x71, 0xA0, 0x71,
    0xA0, 0x71, 0xA0, 0x71, 0xA0, 0x71, 0xA0, 0x71, 0x00, 0xCB, 0x60, 0xAA, 0xA0, 0x71, 0xA0, 0x71,
    0xA0, 0x71, 0xA0, 0x71, 0xA0, 0x71, 0xA0, 0x71, 0xA0, 0x71, 0xA0, 0x71, 0xA0, 0x71, 0xA0, 0x71,
    0x00, 0xCB, 0x60, 0xAA, 0xA0, 0x71, 0xA0, 0x71, 0xA0, 0x71, 0xA0, 0x71, 0xA0, 0x71, 0xA0, 0x71,
    0xA0, 0x71, 0xA0, 0x71, 0xA0, 0x71, 0xA0, 0x71, 0x00, 0xCB, 0x60, 0xAA, 0xA0, 0x71, 0xA0, 0x71,
    0xA0, 0x71, 0xA0, 0x71, 0xA0, 0x71, 0xA0, 0x71, 0xA0, 0x71, 0xA0, 0x71, 0xA0, 0x71, 0xA0, 0x71,
    0x00, 0xCB, 0x60, 0xAA, 0xA0, 0x71, 0xA0, 0x71, 0xA0, 0x71, 0xA0, 0x71, 0xA0, 0x71, 0xA0, 0x71,
    0xA0, 0x71, 0xA0, 0x71, 0xA0, 0x71, 0xA0, 0x71, 0x00, 0xCB, 0x60, 0xAA, 0xA0, 0x71, 0xA0, 0x71,
    0xA0, 0x71, 0xA0, 0x71, 0xA0, 0x71, 0xA0, 0x71, 0xA0, 0x71, 0xA0, 0x71, 0xA0, 0x71, 0xA0, 0x71,
    0x00, 0xCB, 0x60, 0xAA, 0xA0, 0x71, 0xA0, 0x71, 0xA0, 0x71, 0xA0, 0x71, 0xA0, 0x71, 0xA0, 0x71,
    0xA0, 0x71, 0xA0, 0x71, 0xA0, 0x71, 0xA0, 0x71, 0x00, 0xCB, 0x60, 0xAA, 0xA0, 0x71, 0xA0, 0x71,
    0xA0, 0x71, 0xA0, 0x71, 0xA0, 0x71, 0xA0, 0x71, 0xA0, 0x71, 0xA0, 0x71, 0xA0, 0x71, 0xA0, 0x71,
    0x00, 0xCB, 0xC0, 0xBA, 0x60, 0xAA, 0x60, 0xAA, 0x60, 0xAA, 0x60, 0xAA, 0x60, 0xAA, 0x60, 0xAA,
    0x60, 0xAA, 0x60, 0xAA, 0x60, 0xAA, 0x60, 0xAA, 0x00, 0xCB, 0x00, 0xCB, 0x00, 0xCB, 0x00, 0xCB,
    0x00, 0xCB, 0x00, 0xCB, 0x00, 0xCB, 0x00, 0xCB, 0x00, 0xCB, 0x00, 0xCB, 0x00, 0xCB, 0x00, 0xCB,
    0x00, 0xCB, 0x00, 0xCB, 0x00, 0xCB, 0x00, 0xCB, 0x00, 0xCB, 0x00, 0xCB, 0x00, 0xCB, 0x00, 0xCB,
    0x00, 0xCB, 0x00, 0xCB, 0x00, 0xCB, 0x00, 0xCB, 0x00, 0xCB, 0xC0, 0xBA, 0x60, 0xAA, 0x60, 0xAA,
    0x60, 0xAA, 0x60, 0xAA, 0x60, 0xAA, 0x60, 0xAA, 0x60, 0xAA, 0x60, 0xAA, 0x60, 0xAA, 0x60, 0xAA,
    0x00, 0xCB, 0x60, 0xAA, 0xA0, 0x71, 0xA0, 0x71, 0xA0, 0x71, 0xA0, 0x71, 0xA0, 0x71, 0xA0, 0x71,
    0xA0, 0x71, 0xA0, 0x71, 0xA0, 0x71, 0xA0, 0x71, 0x00, 0xCB, 0x60, 0xAA, 0xA0, 0x71, 0xA0, 0x71,
    0xA0, 0x71, 0xA0, 0x71, 0xA0, 0x71, 0xA0, 0x71, 0xA0, 0x71, 0xA0, 0x71, 0xA0, 0x71, 0xA0, 0x71,
    0x00, 0xCB, 0x60, 0xAA, 0xA0, 0x71, 0xA0, 0x71, 0xA0, 0x71, 0xA0, 0x71, 0xA0, 0x71, 0xA0, 0x71,
    0xA0, 0x71, 0xA0, 0x71, 0xA0, 0x71, 0xA0, 0x71, 0x00, 0xCB, 0x60, 0xAA, 0xA0, 0x71, 0xA0, 0x71,
    0xA0, 0x71, 0xA0, 0x71, 0xA0, 0x71, 0xA0, 0x71, 0xA0, 0x71, 0xA0, 0x71, 0xA0, 0x71, 0xA0, 0x71,
    0x00, 0xCB, 0x60, 0xAA, 0xA0, 0x71, 0xA0, 0x71, 0xA0, 0x71, 0xA0, 0x71, 0xA0, 0x71, 0xA0, 0x71,
    0xA0, 0x71, 0xA0, 0x71, 0xA0, 0x71, 0xA0, 0x71, 0x00, 0xCB, 0x60, 0xAA, 0xA0, 0x71, 0xA0, 0x71,
    0xA0, 0x71, 0xA0, 0x71, 0xA0, 0x71, 0xA0, 0x71, 0xA0, 0x71, 0xA0, 0x71, 0xA0, 0x71, 0xA0, 0x71,
    0x00, 0xCB, 0x60, 0xAA, 0xA0, 0x71, 0xA0, 0x71, 0xA0, 0x71, 0xA0, 0x71, 0xA0, 0x71, 0xA0, 0x71,
    0xA0, 0x71, 0xA0, 0x71, 0xA0, 0x71, 0xA0, 0x71, 0x00, 0xCB, 0x60, 0xAA, 0xA0, 0x71, 0xA0, 0x71,
    0xA0, 0x71, 0xA0, 0x71, 0xA0, 0x71, 0xA0, 0x71, 0xA0, 0x71, 0xA0, 0x71, 0xA0, 0x71, 0xA0, 0x71,
    0x00, 0xCB, 0xC0, 0xBA, 0x60, 0xAA, 0x60, 0xAA, 0x60, 0xAA, 0x60, 0xAA, 0x60, 0xAA, 0x60, 0xAA,
    0x60, 0xAA, 0x60, 0xAA, 0x60, 0xAA, 0x60, 0xAA, 0x00, 0xCB, 0xE0, 0xCA, 0xE0, 0xCA, 0xE0, 0xCA,
    0xE0, 0xCA, 0xE0, 0xCA, 0xE0, 0xCA, 0xE0, 0xCA, 0xE0, 0xCA, 0xE0, 0xCA, 0xE0, 0xCA, 0x00, 0xCB,
    0x00, 0xCB, 0x60, 0xAA, 0xA0, 0x71, 0xA0, 0x71, 0xA0, 0x71, 0xA0, 0x71, 0xA0, 0x71, 0xA0, 0x71,
    0xA0, 0x71, 0xA0, 0x71, 0x60, 0xAA, 0x00, 0xCB, 0x00, 0xCB, 0x60, 0xAA, 0xA0, 0x71, 0xA0, 0x71,
    0xA0, 0x71, 0xA0, 0x71, 0xA0, 0x71, 0xA0, 0x71, 0xA0, 0x71, 0xA0, 0x71, 0x60, 0xAA, 0x00, 0xCB,
    0x00, 0xCB, 0x60, 0xAA, 0xA0, 0x71, 0xA0, 0x71, 0xA0, 0x71, 0xA0, 0x71, 0xA0, 0x71, 0xA0, 0x71,
    0xA0, 0x71, 0xA0, 0x71, 0x60, 0xAA, 0x00, 0xCB, 0x00, 0xCB, 0x60, 0xAA, 0xA0, 0x71, 0xA0, 0x71,
    0xA0, 0x71, 0xA0, 0x71, 0xA0, 0x71, 0xA0, 0x71, 0xA0, 0x71, 0xA0, 0x71, 0x60, 0xAA, 0x00, 0xCB,
    0x00, 0xCB, 0x60, 0xAA, 0xA0, 0x71, 0xA0, 0x71, 0xA0, 0x71, 0xA0, 0x71, 0xA0, 0x71, 0xA0, 0x71,
    0xA0, 0x71, 0xA0, 0x71, 0x60, 0xAA, 0x00, 0xCB, 0x00, 0xCB, 0x60, 0xAA, 0xA0, 0x71, 0xA0, 0x71,
    0xA0, 0x71, 0xA0, 0x71, 0xA0, 0x71, 0xA0, 0x71, 0xA0, 0x71, 0xA0, 0x71, 0x60, 0xAA, 0x00, 0xCB,
    0x00, 0xCB, 0x60, 0xAA, 0xA0, 0x71, 0xA0, 0x71, 0xA0, 0x71, 0xA0, 0x71, 0xA0, 0x71, 0xA0, 0x71,
    0xA0, 0x71, 0xA0, 0x71, 0x60, 0xAA, 0x00, 0xCB, 0x00, 0xCB, 0x60, 0xAA, 0xA0, 0x71, 0xA0, 0x71,
    0xA0, 0x71, 0xA0, 0x71, 0xA0, 0x71, 0xA0, 0x71, 0xA0, 0x71, 0xA0, 0x71, 0x60, 0xAA, 0x00, 0xCB,
    0x00, 0xCB, 0x60, 0xAA, 0xA0, 0x71, 0xA0, 0x71, 0xA0, 0x71, 0xA0, 0x71, 0xA0, 0x71, 0xA0, 0x71,
    0xA0, 0x71, 0xA0, 0x71, 0x60, 0xAA, 0x00, 0xCB, 0x00, 0xCB, 0x60, 0xAA, 0xA0, 0x71, 0xA0, 0x71,
    0xA0, 0x71, 0xA0, 0x71, 0xA0, 0x71, 0xA0, 0x71, 0xA0, 0x71, 0xA0, 0x71, 0x60, 0xAA, 0x00, 0xCB,
    0x00, 0xCB, 0xC0, 0xBA, 0x60, 0xAA, 0x60, 0xAA, 0x60, 0xAA, 0x60, 0xAA, 0x60, 0xAA, 0x60, 0xAA,
    0x60, 0xAA, 0x60, 0xAA, 0xC0, 0xBA, 0x00, 0xCB, 0xE0, 0xCA, 0xE0, 0xCA, 0xE0, 0xCA, 0xE0, 0xCA,
    0xE0, 0xCA, 0xE0, 0xCA, 0xE0, 0xCA, 0xE0, 0xCA, 0xE0, 0xCA, 0xE0, 0xCA, 0xE0, 0xCA, 0xE0, 0xCA,
    0xA0, 0x71, 0xA0, 0x71, 0xA0, 0x71, 0xA0, 0x71, 0xA0, 0x71, 0xA0, 0x71, 0xA0, 0x71, 0xA0, 0x71,
    0xA0, 0x71, 0xA0, 0x71, 0xA0, 0x71, 0xA0, 0x71, 0xA0, 0x71, 0xA0, 0x71, 0xA0, 0x71, 0xA0, 0x71,
    0xA0, 0x71, 0xA0, 0x71, 0xA0, 0x71, 0xA0, 0x71, 0xA0, 0x71, 0xA0, 0x71, 0xA0, 0x71, 0xA0, 0x71,
    0xA0, 0x71, 0xA0, 0x71, 0xA0, 0x71, 0xA0, 0x71, 0xA0, 0x71, 0xA0, 0x71, 0xA0, 0x71, 0xA0, 0x71,
    0xA0, 0x71, 0xA0, 0x71, 0xA0, 0x71, 0xA0, 0x71, 0xA0, 0x71, 0xA0, 0x71, 0xA0, 0x71, 0xA0, 0x71,
    0xA0, 0x71, 0xA0, 0x71, 0xA0, 0x71, 0xA0, 0x71, 0xA0, 0x71, 0xA0, 0x71, 0xA0, 0x71, 0xA0, 0x71,
    0xA0, 0x71, 0xA0, 0x71, 0xA0, 0x71, 0xA0, 0x71, 0xA0, 0x71, 0xA0, 0x71, 0xA0, 0x71, 0xA0, 0x71,
    0xA0, 0x71, 0xA0, 0x71, 0xA0, 0x71, 0xA0, 0x71, 0xA0, 0x71, 0xA0, 0x71, 0xA0, 0x71, 0xA0, 0x71,
    0xA0, 0x71, 0xA0, 0x71, 0xA0, 0x71, 0xA0, 0x71, 0xA0, 0x71, 0xA0, 0x71, 0xA0, 0x71, 0xA0, 0x71,
    0xA0, 0x71, 0xA0, 0x71, 0xA0, 0x71, 0xA0, 0x71, 0xA0, 0x71, 0xA0, 0x71, 0xA0, 0x71, 0xA0, 0x71,
    0xA0, 0x71, 0xA0, 0x71, 0xA0, 0x71, 0xA0, 0x71, 0xA0, 0x71, 0xA0, 0x71, 0xA0, 0x71, 0xA0, 0x71,
    0xA0, 0x71, 0xA0, 0x71, 0xA0, 0x71, 0xA0, 0x71, 0xA0, 0x71, 0xA0, 0x71, 0xA0, 0x71, 0xA0, 0x71,
    0xA0, 0x71, 0xA0, 0x71, 0xA0, 0x71, 0xA0, 0x71, 0xA0, 0x71, 0xA0, 0x71, 0xA0, 0x71, 0xA0, 0x71,
    0xA0, 0x71, 0xA0, 0x71, 0xA0, 0x71, 0xA0, 0x71, 0xA0, 0x71, 0xA0, 0x71, 0xA0, 0x71, 0xA0, 0x71,
    0xA0, 0x71, 0xA0, 0x71, 0xA0, 0x71, 0xA0, 0x71, 0xA0, 0x71, 0xA0, 0x71, 0xA0, 0x71, 0xA0, 0x71,
    0xA0, 0x71, 0xA0, 0x71, 0xA0, 0x71, 0xA0, 0x71, 0xA0, 0x71, 0xA0, 0x71, 0xA0, 0x71, 0xA0, 0x71,
    0xA0, 0x71, 0xA0, 0x71, 0xA0, 0x71, 0xA0, 0x71, 0xA0, 0x71, 0xA0, 0x71, 0xA0, 0x71, 0xA0, 0x71,
    0xA0, 0x71, 0xA0, 0x71, 0xA0, 0x71, 0xA0, 0x71, 0xA0, 0x71, 0xA0, 0x71, 0xA0, 0x71, 0xA0, 0x71,
    0xE0, 0xCA, 0xE0, 0xCA, 0xE0, 0xC2, 0xA0, 0x79, 0xA0, 0x71, 0xA0, 0x71, 0xA0, 0x71, 0xA0, 0x71,
    0xA0, 0x71, 0xA0, 0x71, 0xA0, 0x71, 0xA0, 0x71, 0x60, 0xAA, 0x60, 0xAA, 0x60, 0xAA, 0x60, 0xAA,
    0x00, 0x92, 0xA0, 0x71, 0xA0, 0x71, 0xA0, 0x71, 0xA0, 0x79, 0x60, 0xA2, 0x00, 0x92, 0xA0, 0x71,
    0xA0, 0x71, 0xA0, 0x79, 0xC0, 0x81, 0xE0, 0xC2, 0x60, 0xA2, 0xA0, 0x71, 0xA0, 0x71, 0xA0, 0x79,
    0xC0, 0x81, 0xE0, 0xC2, 0x60, 0xA2, 0xA0, 0x71, 0xA0, 0x71, 0x60, 0xA2, 0xE0, 0xC2, 0xC0, 0x81,
    0xA0, 0x79, 0xA0, 0x71, 0xA0, 0x71, 0x60, 0xA2, 0xE0, 0xC2, 0xC0, 0x81, 0xA0, 0x79, 0xA0, 0x71,
    0x60, 0xAA, 0xC0, 0xBA, 0xE0, 0xCA, 0x60, 0xAA, 0x00, 0x92, 0xA0, 0x79, 0x60, 0xA2, 0x60, 0xAA,
    0x60, 0xA2, 0xA0, 0x79, 0xA0, 0x71, 0xA0, 0x71, 0xE0, 0xCA, 0xE0, 0xCA, 0xE0, 0xCA, 0xE0, 0xCA,
    0x60, 0xAA, 0xC0, 0x81, 0xE0, 0xC2, 0x60, 0xAA, 0xC0, 0x79, 0xC0, 0x79, 0xA0, 0x79, 0xA0, 0x71,
    0xC0, 0x79, 0xC0, 0x79, 0xC0, 0x79, 0xC0, 0x79, 0x60, 0xAA, 0xE0, 0xC2, 0xC0, 0x81, 0x60, 0xAA,
    0xE0, 0xCA, 0xE0, 0xCA, 0x60, 0xA2, 0xA0, 0x71, 0xA0, 0x71, 0xA0, 0x71, 0xA0, 0x79, 0x60, 0xA2,
    0x60, 0xAA, 0x60, 0xA2, 0xA0, 0x79, 0x00, 0x92, 0x60, 0xAA, 0x60, 0xAA, 0x60, 0xAA, 0x60, 0xAA,
    0xA0, 0x71, 0xA0, 0x79, 0xC0, 0x81, 0xE0, 0xC2, 0x60, 0xA2, 0xA0, 0x71, 0xA0, 0x71, 0xA0, 0x71,
    0xA0, 0x71, 0xA0, 0x79, 0x60, 0xAA, 0xE0, 0xCA, 0xA0, 0x71, 0x60, 0xA2, 0xE0, 0xC2, 0xC0, 0x81,
    0xA0, 0x79, 0xA0, 0x71, 0xA0, 0x71, 0xA0, 0x71, 0xA0, 0x79, 0xE0, 0xC2, 0x60, 0xAA, 0xC0, 0x79,
    0xA0, 0x71, 0x00, 0x92, 0x60, 0xA2, 0xA0, 0x79, 0xA0, 0x71, 0xA0, 0x71, 0xA0, 0x71, 0x00, 0x92,
    0x60, 0xAA, 0xE0, 0xCA, 0xC0, 0xBA, 0x60, 0xAA, 0xA0, 0x71, 0xA0, 0x79, 0xA0, 0x79, 0xA0, 0x71,
    0xA0, 0x71, 0xA0, 0x71, 0xA0, 0x71, 0x60, 0xA2, 0xE0, 0xCA, 0xE0, 0xCA, 0xE0, 0xCA, 0xE0, 0xCA,
    0xA0, 0x71, 0x60, 0xA2, 0xE0, 0xC2, 0xA0, 0x79, 0xA0, 0x71, 0xA0, 0x71, 0xA0, 0x71, 0xA0, 0x79,
    0xC0, 0x79, 0xC0, 0x79, 0xC0, 0x79, 0xC0, 0x79, 0xA0, 0x71, 0x60, 0xAA, 0xE0, 0xCA, 0xC0, 0x79,
    0xA0, 0x71, 0xA0, 0x71, 0xA0, 0x71, 0xA0, 0x71, 0xA0, 0x79, 0x60, 0xA2, 0x00, 0x92, 0xA0, 0x71,
    0xA0, 0x71, 0x60, 0xAA, 0xE0, 0xCA, 0xC0, 0x79, 0xA0, 0x71, 0xA0, 0x71, 0xA0, 0x71, 0xA0, 0x79,
    0xC0, 0x81, 0xE0, 0xC2, 0x60, 0xA2, 0xA0, 0x71, 0xA0, 0x71, 0x60, 0xAA, 0xE0, 0xCA, 0xC0, 0x79,
    0xA0, 0x71, 0xA0, 0x71, 0xA0, 0x71, 0x60, 0xA2, 0xE0, 0xC2, 0xC0, 0x81, 0xA0, 0x79, 0xA0, 0x71,
    0xA0, 0x71, 0x60, 0xAA, 0xE0, 0xCA, 0xC0, 0x79, 0xA0, 0x71, 0xA0, 0x79, 0x60, 0xA2, 0x60, 0xAA,
    0x60, 0xA2, 0xA0, 0x79, 0xA0, 0x71, 0xA0, 0x71, 0xA0, 0x71, 0x60, 0xA2, 0xE0, 0xC2, 0xA0, 0x79,
    0xA0, 0x79, 0xC0, 0x81, 0xE0, 0xC2, 0x60, 0xAA, 0xC0, 0x79, 0xC0, 0x79, 0xA0, 0x79, 0xA0, 0x71,
    0xA0, 0x71, 0xA0, 0x79, 0xA0, 0x79, 0xA0, 0x71, 0x60, 0xA2, 0xE0, 0xC2, 0xC0, 0x81, 0x60, 0xAA,
    0xE0, 0xCA, 0xE0, 0xCA, 0x60, 0xA2, 0xA0, 0x71, 0xA0, 0x71, 0xA0, 0x71, 0xA0, 0x79, 0x60, 0xA2,
    0x60, 0xAA, 0x60, 0xA2, 0xA0, 0x79, 0x00, 0x92, 0x60, 0xAA, 0x60, 0xAA, 0x60, 0xAA, 0x60, 0xAA,
    0xA0, 0x71, 0xA0, 0x79, 0xC0, 0x81, 0xE0, 0xC2, 0x60, 0xA2, 0xA0, 0x71, 0xA0, 0x71, 0xA0, 0x71,
    0xA0, 0x71, 0xA0, 0x79, 0x60, 0xAA, 0xE0, 0xCA, 0xA0, 0x71, 0x60, 0xA2, 0xE0, 0xC2, 0xC0, 0x81,
    0xA0, 0x79, 0xA0, 0x71, 0xA0, 0x71, 0xA0, 0x71, 0xA0, 0x79, 0xE0, 0xC2, 0x60, 0xAA, 0xC0, 0x79,
    0xA0, 0x71, 0x00, 0x92, 0x60, 0xA2, 0xA0, 0x79, 0xA0, 0x71, 0xA0, 0x71, 0xA0, 0x71, 0x00, 0x92,
    0x60, 0xAA, 0xE0, 0xCA, 0xC0, 0xBA, 0x60, 0xAA, 0xA0, 0x71, 0xA0, 0x71, 0xA0, 0x71, 0xA0, 0x71,
    0xA0, 0x71, 0xA0, 0x71, 0xA0, 0x71, 0x60, 0xA2, 0xE0, 0xCA, 0xE0, 0xCA, 0xE0, 0xCA, 0xE0, 0xCA,
    0xA0, 0x71, 0xA0, 0x71, 0xA0, 0x71, 0xA0, 0x71, 0xA0, 0x71, 0xA0, 0x71, 0xA0, 0x71, 0xA0, 0x71,
    0xA0, 0x71, 0xA0, 0x71, 0xA0, 0x71, 0xA0, 0x71, 0xA0, 0x71, 0xA0, 0x71, 0xA0, 0x71, 0xA0, 0x71,
    0xA0, 0x71, 0xA0, 0x71, 0xA0, 0x71, 0xA0, 0x71, 0xA0, 0x71, 0xA0, 0x71, 0xA0, 0x71, 0xA0, 0x71,
    0xA0, 0x71, 0xA0, 0x71, 0xA0, 0x71, 0xA0, 0x71, 0xA0, 0x71, 0xA0, 0x71, 0xA0, 0x71, 0xA0, 0x71,
    0xA0, 0x71, 0xA0, 0x71, 0xA0, 0x71, 0xA0, 0x71, 0xA0, 0x71, 0xA0, 0x71, 0xA0, 0x71, 0xA0, 0x71,
    0xA0, 0x71, 0xA0, 0x71, 0xA0, 0x71, 0xA0, 0x71, 0xA0, 0x71, 0xA0, 0x71, 0xA0, 0x71, 0xA0, 0x71,
    0xA0, 0x71, 0xA0, 0x71, 0xA0, 0x71, 0xA0, 0x71, 0xA0, 0x71, 0xA0, 0x71, 0xA0, 0x71, 0xA0, 0x71,
    0xA0, 0x71, 0xA0, 0x71, 0xA0, 0x71, 0xA0, 0x71, 0xA0, 0x71, 0xA0, 0x71, 0xA0, 0x71, 0xA0, 0x71,
    0xA0, 0x71, 0xA0, 0x71, 0xA0, 0x71, 0xA0, 0x71, 0xA0, 0x71, 0xA0, 0x71, 0xA0, 0x71, 0xA0, 0x71,
    0xA0, 0x71, 0xA0, 0x71, 0xA0, 0x71, 0xA0, 0x71, 0xA0, 0x71, 0xA0, 0x71, 0xA0, 0x71, 0xA0, 0x71,
    0xA0, 0x71, 0xA0, 0x71, 0xA0, 0x71, 0xA0, 0x71, 0xA0, 0x71, 0xA0, 0x71, 0xA0, 0x71, 0xA0, 0x71,
    0xA0, 0x71, 0xA0, 0x71, 0xA0, 0x71, 0xA0, 0x71, 0xA0, 0x71, 0xA0, 0x71, 0xA0, 0x71, 0xA0, 0x71,
    0xA0, 0x71, 0xA0, 0x71, 0xA0, 0x71, 0xA0, 0x71, 0xA0, 0x71, 0xA0, 0x71, 0xA0, 0x71, 0xA0, 0x71,
    0xA0, 0x71, 0xA0, 0x71, 0xA0, 0x71, 0xA0, 0x71, 0xA0, 0x71, 0xA0, 0x71, 0xA0, 0x71, 0xA0, 0x71,
    0xA0, 0x71, 0xA0, 0x71, 0xA0, 0x71, 0xA0, 0x71, 0xA0, 0x71, 0xA0, 0x71, 0xA0, 0x71, 0xA0, 0x71,
    0xA0, 0x71, 0xA0, 0x71, 0xA0, 0x71, 0xA0, 0x71, 0xA0, 0x71, 0xA0, 0x71, 0xA0, 0x71, 0xA0, 0x71,
    0xA0, 0x71, 0xA0, 0x71, 0xA0, 0x71, 0xA0, 0x71, 0xA0, 0x71, 0xA0, 0x71, 0xA0, 0x71, 0xA0, 0x71,
    0xA0, 0x71, 0xA0, 0x71, 0xA0, 0x71, 0xA0, 0x71, 0xA0, 0x71, 0xA0, 0x71, 0xA0, 0x71, 0xA0, 0x71,
    0xA0, 0x71, 0xA0, 0x71, 0xA0, 0x79, 0xE0, 0xC2, 0xE0, 0xCA, 0xE0, 0xCA, 0xE0, 0xCA, 0xE0, 0xCA,
    0xE0, 0xC2, 0xA0, 0x79, 0xA0, 0x71, 0xA0, 0x71, 0xA0, 0x71, 0x00, 0x92, 0x60, 0xAA, 0xE0, 0xCA,
    0x00, 0xCB, 0x00, 0xCB, 0x00, 0xCB, 0x00, 0xCB, 0xE0, 0xCA, 0x60, 0xAA, 0x00, 0x92, 0xA0, 0x71,
    0xA0, 0x71, 0x60, 0xAA, 0x00, 0xCB, 0x00, 0xCB, 0xE0, 0xCA, 0xE0, 0xCA, 0xE0, 0xCA, 0xE0, 0xCA,
    0x00, 0xCB, 0x00, 0xCB, 0x60, 0xAA, 0xA0, 0x71, 0xA0, 0x71, 0x60, 0xAA, 0x00, 0xCB, 0x00, 0xCB,
    0x60, 0xAA, 0xC0, 0x79, 0xC0, 0x79, 0x60, 0xAA, 0x00, 0xCB, 0x00, 0xCB, 0x60, 0xAA, 0xA0, 0x71,
    0xA0, 0x71, 0x60, 0xAA, 0x00, 0xCB, 0x00, 0xCB, 0x60, 0xAA, 0xA0, 0x71, 0xA0, 0x71, 0x60, 0xAA,
    0x00, 0xCB, 0x00, 0xCB, 0x60, 0xAA, 0xA0, 0x71, 0xA0, 0x71, 0x60, 0xAA, 0x00, 0xCB, 0x00, 0xCB,
    0x60, 0xAA, 0xA0, 0x71, 0xA0, 0x71, 0x60, 0xAA, 0x00, 0xCB, 0x00, 0xCB, 0x60, 0xAA, 0xA0, 0x71,
    0xA0, 0x71, 0x60, 0xAA, 0x00, 0xCB, 0x00, 0xCB, 0x60, 0xAA, 0xA0, 0x71, 0xA0, 0x71, 0x60, 0xAA,
    0x00, 0xCB, 0x00, 0xCB, 0x60, 0xAA, 0xA0, 0x71, 0xA0, 0x71, 0x60, 0xAA, 0x00, 0xCB, 0x00, 0xCB,
    0xC0, 0xBA, 0x60, 0xAA, 0x60, 0xAA, 0xC0, 0xBA, 0x00, 0xCB, 0x00, 0xCB, 0x60, 0xAA, 0xA0, 0x71,
    0xA0, 0x71, 0x60, 0xA2, 0xE0, 0xCA, 0x00, 0xCB, 0x00, 0xCB, 0x00, 0xCB, 0x00, 0xCB, 0x00, 0xCB,
    0x00, 0xCB, 0xE0, 0xCA, 0x60, 0xA2, 0xA0, 0x71, 0xA0, 0x71, 0xA0, 0x79, 0xC0, 0x81, 0xE0, 0xCA,
    0x00, 0xCB, 0x00, 0xCB, 0x00, 0xCB, 0x00, 0xCB, 0xE0, 0xCA, 0xC0, 0x81, 0xA0, 0x79, 0xA0, 0x71,
    0xA0, 0x71, 0xA0, 0x71, 0xA0, 0x79, 0x60, 0xA2, 0x60, 0xAA, 0x60, 0xAA, 0x60, 0xAA, 0x60, 0xAA,
    0x60, 0xA2, 0xA0, 0x79, 0xA0, 0x71, 0xA0, 0x71, 0xA0, 0x71, 0xA0, 0x71, 0xA0, 0x71, 0xA0, 0x71,
    0xA0, 0x79, 0xC0, 0x79, 0xC0, 0x79, 0xA0, 0x79, 0xA0, 0x71, 0xA0, 0x71, 0xA0, 0x71, 0xA0, 0x71,
    0xA0, 0x71, 0xA0, 0x71, 0xA0, 0x71, 0xA0, 0x71, 0x60, 0xA2, 0xE0, 0xCA, 0xE0, 0xCA, 0x60, 0xA2,
    0xA0, 0x71, 0xA0, 0x71, 0xA0, 0x71, 0xA0, 0x71, 0xA0, 0x71, 0xA0, 0x71, 0xA0, 0x71, 0xA0, 0x71,
    0x60, 0xAA, 0x00, 0xCB, 0x00, 0xCB, 0x60, 0xAA, 0xA0, 0x71, 0xA0, 0x71, 0xA0, 0x71, 0xA0, 0x71,
    0xA0, 0x71, 0xA0, 0x71, 0xA0, 0x71, 0xA0, 0x71, 0x60, 0xAA, 0x00, 0xCB, 0x00, 0xCB, 0x60, 0xAA,
    0xA0, 0x71, 0xA0, 0x71, 0xA0, 0x71, 0xA0, 0x71, 0xA0, 0x71, 0xA0, 0x71, 0xA0, 0x71, 0xA0, 0x71,
    0x60, 0xAA, 0x00, 0xCB, 0x00, 0xCB, 0x60, 0xAA, 0xA0, 0x71, 0xA0, 0x71, 0xA0, 0x71, 0xA0, 0x71,
    0xA0, 0x71, 0xA0, 0x71, 0xA0, 0x71, 0xA0, 0x71, 0x60, 0xAA, 0x00, 0xCB, 0x00, 0xCB, 0x60, 0xAA,
    0xA0, 0x71, 0xA0, 0x71, 0xA0, 0x71, 0xA0, 0x71, 0xA0, 0x71, 0xA0, 0x71, 0xA0, 0x71, 0xA0, 0x71,
    0x60, 0xAA, 0x00, 0xCB, 0x00, 0xCB, 0x60, 0xAA, 0xA0, 0x71, 0xA0, 0x71, 0xA0, 0x71, 0xA0, 0x71,
    0xA0, 0x71, 0xA0, 0x71, 0xA0, 0x71, 0xA0, 0x71, 0x60, 0xAA, 0x00, 0xCB, 0x00, 0xCB, 0x60, 0xAA,
    0xA0, 0x71, 0xA0, 0x71, 0xA0, 0x71, 0xA0, 0x71, 0xA0, 0x71, 0xA0, 0x71, 0xA0, 0x71, 0xA0, 0x71,
    0x60, 0xAA, 0x00, 0xCB, 0x00, 0xCB, 0x60, 0xAA, 0xA0, 0x71, 0xA0, 0x71, 0xA0, 0x71, 0xA0, 0x71,
    0xA0, 0x71, 0xA0, 0x71, 0xA0, 0x71, 0xA0, 0x71, 0x60, 0xAA, 0x00, 0xCB, 0x00, 0xCB, 0x60, 0xAA,
    0xA0, 0x71, 0xA0, 0x71, 0xA0, 0x71, 0xA0, 0x71, 0xA0, 0x71, 0xA0, 0x71, 0xA0, 0x71, 0xA0, 0x71,
    0x60, 0xAA, 0x00, 0xCB, 0x00, 0xCB, 0x60, 0xAA, 0xA0, 0x71, 0xA0, 0x71, 0xA0, 0x71, 0xA0, 0x71,
    0xA0, 0x71, 0xA0, 0x71, 0xA0, 0x71, 0xA0, 0x71, 0x00, 0x92, 0x60, 0xAA, 0x60, 0xAA, 0x00, 0x92,
    0xA0, 0x71, 0xA0, 0x71, 0xA0, 0x71, 0xA0, 0x71, 0xA0, 0x71, 0xA0, 0x79, 0xC0, 0x79, 0xC0, 0x79,
    0xC0, 0x79, 0xC0, 0x79, 0xC0, 0x79, 0xC0, 0x79, 0xA0, 0x79, 0xA0, 0x71, 0xA0, 0x71, 0xA0, 0x71,
    0xA0, 0x71, 0x60, 0xA2, 0xE0, 0xCA, 0xE0, 0xCA, 0xE0, 0xCA, 0xE0, 0xCA, 0xE0, 0xCA, 0xE0, 0xCA,
    0xE0, 0xC2, 0xA0, 0x79, 0xA0, 0x71, 0xA0, 0x71, 0xA0, 0x71, 0x60, 0xAA, 0x00, 0xCB, 0x00, 0xCB,
    0x00, 0xCB, 0x00, 0xCB, 0x00, 0xCB, 0x00, 0xCB, 0xE0, 0xCA, 0xC0, 0x79, 0xA0, 0x71, 0xA0, 0x71,
    0xA0, 0x71, 0x60, 0xA2, 0xE0, 0xCA, 0xE0, 0xCA, 0xE0, 0xCA, 0xE0, 0xCA, 0x00, 0xCB, 0x00, 0xCB,
    0xE0, 0xCA, 0xC0, 0x79, 0xA0, 0x71, 0xA0, 0x71, 0xA0, 0x71, 0xA0, 0x79, 0xC0, 0x79, 0xC0, 0x79,
    0xC0, 0x79, 0xC0, 0x81, 0xE0, 0xCA, 0x00, 0xCB, 0xE0, 0xCA, 0xC0, 0x79, 0xA0, 0x71, 0xA0, 0x71,
    0xA0, 0x71, 0x00, 0x92, 0x60, 0xAA, 0x60, 0xAA, 0x60, 0xAA, 0x60, 0xAA, 0xE0, 0xCA, 0x00, 0xCB,
    0xE0, 0xCA, 0xC0, 0x79, 0xA0, 0x71, 0xA0, 0x71, 0xA0, 0x71, 0x60, 0xAA, 0x00, 0xCB, 0x00, 0xCB,
    0xE0, 0xCA, 0xE0, 0xCA, 0xE0, 0xCA, 0xE0, 0xCA, 0xE0, 0xC2, 0xA0, 0x79, 0xA0, 0x71, 0xA0, 0x71,
    0xA0, 0x71, 0x60, 0xAA, 0x00, 0xCB, 0x00, 0xCB, 0x60, 0xAA, 0xC0, 0x79, 0xC0, 0x79, 0xC0, 0x79,
    0xA0, 0x79, 0xA0, 0x71, 0xA0, 0x71, 0xA0, 0x71, 0xA0, 0x71, 0x60, 0xAA, 0x00, 0xCB, 0x00, 0xCB,
    0xC0, 0xBA, 0x60, 0xAA, 0x60, 0xAA, 0x60, 0xAA, 0x60, 0xA2, 0xA0, 0x79, 0xA0, 0x71, 0xA0, 0x71,
    0xA0, 0x71, 0x60, 0xAA, 0x00, 0xCB, 0x00, 0xCB, 0x00, 0xCB, 0x00, 0xCB, 0x00, 0xCB, 0x00, 0xCB,
    0xE0, 0xCA, 0xC0, 0x79, 0xA0, 0x71, 0xA0, 0x71, 0xA0, 0x71, 0x60, 0xAA, 0x00, 0xCB, 0x00, 0xCB,
    0x00, 0xCB, 0x00, 0xCB, 0x00, 0xCB, 0x00, 0xCB, 0xE0, 0xCA, 0xC0, 0x79, 0xA0, 0x71, 0xA0, 0x71,
    0xA0, 0x71, 0x00, 0x92, 0x60, 0xAA, 0x60, 0xAA, 0x60, 0xAA, 0x60, 0xAA, 0x60, 0xAA, 0x60, 0xAA,
    0x60, 0xA2, 0xA0, 0x79, 0xA0, 0x71, 0xA0, 0x71, 0xA0, 0x71, 0xA0, 0x79, 0xC0, 0x79, 0xC0, 0x79,
    0xC0, 0x79, 0xC0, 0x79, 0xC0, 0x79, 0xC0, 0x79, 0xA0, 0x79, 0xA0, 0x71, 0xA0, 0x71, 0xA0, 0x71,
    0xA0, 0x71, 0x60, 0xA2, 0xE0, 0xCA, 0xE0, 0xCA, 0xE0, 0xCA, 0xE0, 0xCA, 0xE0, 0xCA, 0xE0, 0xCA,
    0xE0, 0xC2, 0xA0, 0x79, 0xA0, 0x71, 0xA0, 0x71, 0xA0, 0x71, 0x60, 0xAA, 0x00, 0xCB, 0x00, 0xCB,
    0x00, 0xCB, 0x00, 0xCB, 0x00, 0xCB, 0x00, 0xCB, 0xE0, 0xCA, 0xC0, 0x79, 0xA0, 0x71, 0xA0, 0x71,
    0xA0, 0x71, 0x60, 0xA2, 0xE0, 0xCA, 0xE0, 0xCA, 0xE0, 0xCA, 0xE0, 0xCA, 0x00, 0xCB, 0x00, 0xCB,
    0xE0, 0xCA, 0xC0, 0x79, 0xA0, 0x71, 0xA0, 0x71, 0xA0, 0x71, 0xA0, 0x79, 0xC0, 0x79, 0xC0, 0x79,
    0xC0, 0x79, 0xC0, 0x81, 0xE0, 0xCA, 0x00, 0xCB, 0xE0, 0xCA, 0xC0, 0x79, 0xA0, 0x71, 0xA0, 0x71,
    0xA0, 0x71, 0x00, 0x92, 0x60, 0xAA, 0x60, 0xAA, 0x60, 0xAA, 0x60, 0xAA, 0xE0, 0xCA, 0x00, 0xCB,
    0xE0, 0xCA, 0xC0, 0x79, 0xA0, 0x71, 0xA0, 0x71, 0xA0, 0x71, 0x60, 0xA2, 0xE0, 0xCA, 0xE0, 0xCA,
    0xE0, 0xCA, 0xE0, 0xCA, 0x00, 0xCB, 0x00, 0xCB, 0xE0, 0xCA, 0xC0, 0x79, 0xA0, 0x71, 0xA0, 0x71,
    0xA0, 0x71, 0xA0, 0x79, 0xC0, 0x79, 0xC0, 0x79, 0xC0, 0x79, 0xC0, 0x81, 0xE0, 0xCA, 0x00, 0xCB,
    0xE0, 0xCA, 0xC0, 0x79, 0xA0, 0x71, 0xA0, 0x71, 0xA0, 0x71, 0x00, 0x92, 0x60, 0xAA, 0x60, 0xAA,
    0x60, 0xAA, 0x60, 0xAA, 0xE0, 0xCA, 0x00, 0xCB, 0xE0, 0xCA, 0xC0, 0x79, 0xA0, 0x71, 0xA0, 0x71,
    0xA0, 0x71, 0x60, 0xAA, 0x00, 0xCB, 0x00, 0xCB, 0x00, 0xCB, 0x00, 0xCB, 0x00, 0xCB, 0x00, 0xCB,
    0xE0, 0xCA, 0xC0, 0x79, 0xA0, 0x71, 0xA0, 0x71, 0xA0, 0x71, 0x60, 0xAA, 0x00, 0xCB, 0x00, 0xCB,
    0x00, 0xCB, 0x00, 0xCB, 0x00, 0xCB, 0x00, 0xCB, 0xE0, 0xCA, 0xC0, 0x79, 0xA0, 0x71, 0xA0, 0x71,
    0xA0, 0x71, 0x00, 0x92, 0x60, 0xAA, 0x60, 0xAA, 0x60, 0xAA, 0x60, 0xAA, 0x60, 0xAA, 0x60, 0xAA,
    0x60, 0xA2, 0xA0, 0x79, 0xA0, 0x71, 0xA0, 0x71, 0xA0, 0x71, 0xA0, 0x71, 0xA0, 0x71, 0xA0, 0x71,
    0xA0, 0x71, 0xA0, 0x71, 0xA0, 0x79, 0xC0, 0x79, 0xA0, 0x79, 0xA0, 0x71, 0xA0, 0x71, 0xA0, 0x71,
    0xA0, 0x71, 0xA0, 0x71, 0xA0, 0x71, 0xA0, 0x71, 0xA0, 0x71, 0xA0, 0x79, 0xE0, 0xC2, 0xE0, 0xCA,
    0xE0, 0xC2, 0xA0, 0x79, 0xA0, 0x71, 0xA0, 0x71, 0xA0, 0x71, 0xA0, 0x71, 0xA0, 0x71, 0xA0, 0x71,
    0x00, 0x92, 0x60, 0xAA, 0xE0, 0xCA, 0x00, 0xCB, 0xE0, 0xCA, 0xC0, 0x79, 0xA0, 0x71, 0xA0, 0x71,
    0xA0, 0x71, 0xA0, 0x71, 0xA0, 0x71, 0xA0, 0x79, 0x60, 0xAA, 0x00, 0xCB, 0x00, 0xCB, 0x00, 0xCB,
    0xE0, 0xCA, 0xC0, 0x79, 0xA0, 0x71, 0xA0, 0x71, 0xA0, 0x71, 0xA0, 0x71, 0xA0, 0x79, 0xE0, 0xC2,
    0xE0, 0xCA, 0x00, 0xCB, 0x00, 0xCB, 0x00, 0xCB, 0xE0, 0xCA, 0xC0, 0x79, 0xA0, 0x71, 0xA0, 0x71,
    0xA0, 0x71, 0x00, 0x92, 0x60, 0xAA, 0xE0, 0xCA, 0xC0, 0xBA, 0x60, 0xAA, 0xE0, 0xCA, 0x00, 0xCB,
    0xE0, 0xCA, 0xC0, 0x79, 0xA0, 0x71, 0xA0, 0x71, 0xA0, 0x71, 0x60, 0xAA, 0x00, 0xCB, 0x00, 0xCB,
    0x60, 0xAA, 0xC0, 0x81, 0xE0, 0xCA, 0x00, 0xCB, 0xE0, 0xCA, 0xC0, 0x79, 0xA0, 0x71, 0xA0, 0x71,
    0xA0, 0x71, 0x60, 0xAA, 0x00, 0xCB, 0x00, 0xCB, 0xE0, 0xCA, 0xE0, 0xCA, 0x00, 0xCB, 0x00, 0xCB,
    0xE0, 0xCA, 0xC0, 0x79, 0xA0, 0x71, 0xA0, 0x71, 0xA0, 0x71, 0x00, 0x92, 0x60, 0xAA, 0x60, 0xAA,
    0x60, 0xAA, 0x60, 0xAA, 0xE0, 0xCA, 0x00, 0xCB, 0xE0, 0xCA, 0xC0, 0x79, 0xA0, 0x71, 0xA0, 0x71,
    0xA0, 0x71, 0xA0, 0x71, 0xA0, 0x71, 0xA0, 0x71, 0xA0, 0x71, 0xC0, 0x79, 0xE0, 0xCA, 0x00, 0xCB,
    0xE0, 0xCA, 0xC0, 0x79, 0xA0, 0x71, 0xA0, 0x71, 0xA0, 0x71, 0xA0, 0x71, 0xA0, 0x71, 0xA0, 0x71,
    0xA0, 0x71, 0xC0, 0x79, 0xE0, 0xCA, 0x00, 0xCB, 0xE0, 0xCA, 0xC0, 0x79, 0xA0, 0x71, 0xA0, 0x71,
    0xA0, 0x71, 0xA0, 0x71, 0xA0, 0x71, 0xA0, 0x71, 0xA0, 0x71, 0xA0, 0x79, 0x60, 0xA2, 0x60, 0xAA,
    0x60, 0xA2, 0xA0, 0x79, 0xA0, 0x71, 0xA0, 0x71, 0xA0, 0x71, 0xA0, 0x79, 0xC0, 0x79, 0xC0, 0x79,
    0xC0, 0x79, 0xC0, 0x79, 0xC0, 0x79, 0xC0, 0x79, 0xA0, 0x79, 0xA0, 0x71, 0xA0, 0x71, 0xA0, 0x71,
    0xA0, 0x71, 0x60, 0xA2, 0xE0, 0xCA, 0xE0, 0xCA, 0xE0, 0xCA, 0xE0, 0xCA, 0xE0, 0xCA, 0xE0, 0xCA,
    0xE0, 0xC2, 0xA0, 0x79, 0xA0, 0x71, 0xA0, 0x71, 0xA0, 0x71, 0x60, 0xAA, 0x00, 0xCB, 0x00, 0xCB,
    0x00, 0xCB, 0x00, 0xCB, 0x00, 0xCB, 0x00, 0xCB, 0xE0, 0xCA, 0xC0, 0x79, 0xA0, 0x71, 0xA0, 0x71,
    0xA0, 0x71, 0x60, 0xAA, 0x00, 0xCB, 0x00, 0xCB, 0xE0, 0xCA, 0xE0, 0xCA, 0xE0, 0xCA, 0xE0, 0xCA,
    0xE0, 0xC2, 0xA0, 0x79, 0xA0, 0x71, 0xA0, 0x71, 0xA0, 0x71, 0x60, 0xAA, 0x00, 0xCB, 0x00, 0xCB,
    0x60, 0xAA, 0xC0, 0x79, 0xC0, 0x79, 0xC0, 0x79, 0xA0, 0x79, 0xA0, 0x71, 0xA0, 0x71, 0xA0, 0x71,
    0xA0, 0x71, 0x60, 0xAA, 0x00, 0xCB, 0x00, 0xCB, 0xC0, 0xBA, 0x60, 0xAA, 0x60, 0xAA, 0x60, 0xAA,
    0x60, 0xA2, 0xA0, 0x79, 0xA0, 0x71, 0xA0, 0x71, 0xA0, 0x71, 0x60, 0xA2, 0xE0, 0xCA, 0xE0, 0xCA,
    0xE0, 0xCA, 0xE0, 0xCA, 0x00, 0xCB, 0x00, 0xCB, 0xE0, 0xCA, 0xC0, 0x79, 0xA0, 0x71, 0xA0, 0x71,
    0xA0, 0x71, 0xA0, 0x79, 0xC0, 0x79, 0xC0, 0x79, 0xC0, 0x79, 0xC0, 0x81, 0xE0, 0xCA, 0x00, 0xCB,
    0xE0, 0xCA, 0xC0, 0x79, 0xA0, 0x71, 0xA0, 0x71, 0xA0, 0x71, 0x00, 0x92, 0x60, 0xAA, 0x60, 0xAA,
    0x60, 0xAA, 0x60, 0xAA, 0xE0, 0xCA, 0x00, 0xCB, 0xE0, 0xCA, 0xC0, 0x79, 0xA0, 0x71, 0xA0, 0x71,
    0xA0, 0x71, 0x60, 0xAA, 0x00, 0xCB, 0x00, 0xCB, 0x00, 0xCB, 0x00, 0xCB, 0x00, 0xCB, 0x00, 0xCB,
    0xE0, 0xCA, 0xC0, 0x79, 0xA0, 0x71, 0xA0, 0x71, 0xA0, 0x71, 0x60, 0xAA, 0x00, 0xCB, 0x00, 0xCB,
    0x00, 0xCB, 0x00, 0xCB, 0x00, 0xCB, 0x00, 0xCB, 0xE0, 0xCA, 0xC0, 0x79, 0xA0, 0x71, 0xA0, 0x71,
    0xA0, 0x71, 0x00, 0x92, 0x60, 0xAA, 0x60, 0xAA, 0x60, 0xAA, 0x60, 0xAA, 0x60, 0xAA, 0x60, 0xAA,
    0x60, 0xA2, 0xA0, 0x79, 0xA0, 0x71, 0xA0, 0x71, 0xA0, 0x71, 0xA0, 0x79, 0xC0, 0x79, 0xC0, 0x79,
    0xA0, 0x79, 0xA0, 0x71, 0xA0, 0x71, 0xA0, 0x71, 0xA0, 0x71, 0xA0, 0x71, 0xA0, 0x71, 0xA0, 0x71,
    0xA0, 0x71, 0x60, 0xA2, 0xE0, 0xCA, 0xE0, 0xCA, 0x60, 0xA2, 0xA0, 0x71, 0xA0, 0x71, 0xA0, 0x71,
    0xA0, 0x71, 0xA0, 0x71, 0xA0, 0x71, 0xA0, 0x71, 0xA0, 0x71, 0x60, 0xAA, 0x00, 0xCB, 0x00, 0xCB,
    0x60, 0xAA, 0xA0, 0x71, 0xA0, 0x71, 0xA0, 0x71, 0xA0, 0x71, 0xA0, 0x71, 0xA0, 0x71, 0xA0, 0x71,
    0xA0, 0x71, 0x60, 0xAA, 0x00, 0xCB, 0x00, 0xCB, 0x60, 0xAA, 0xC0, 0x79, 0xC0, 0x79, 0xC0, 0x79,
    0xA0, 0x79, 0xA0, 0x71, 0xA0, 0x71, 0xA0, 0x71, 0xA0, 0x71, 0x60, 0xAA, 0x00, 0xCB, 0x00, 0xCB,
    0xE0, 0xCA, 0xE0, 0xCA, 0xE0, 0xCA, 0xE0, 0xCA, 0xE0, 0xC2, 0xA0, 0x79, 0xA0, 0x71, 0xA0, 0x71,
    0xA0, 0x71, 0x60, 0xAA, 0x00, 0xCB, 0x00, 0xCB, 0x00, 0xCB, 0x00, 0xCB, 0x00, 0xCB, 0x00, 0xCB,
    0xE0, 0xCA, 0xC0, 0x79, 0xA0, 0x71, 0xA0, 0x71, 0xA0, 0x71, 0x60, 0xAA, 0x00, 0xCB, 0x00, 0xCB,
    0xE0, 0xCA, 0xE0, 0xCA, 0x00, 0xCB, 0x00, 0xCB, 0xE0, 0xCA, 0xC0, 0x79, 0xA0, 0x71, 0xA0, 0x71,
    0xA0, 0x71, 0x60, 0xAA, 0x00, 0xCB, 0x00, 0xCB, 0x60, 0xAA, 0xC0, 0x81, 0xE0, 0xCA, 0x00, 0xCB,
    0xE0, 0xCA, 0xC0, 0x79, 0xA0, 0x71, 0xA0, 0x71, 0xA0, 0x71, 0x60, 0xAA, 0x00, 0xCB, 0x00, 0xCB,
    0xC0, 0xBA, 0x60, 0xAA, 0xE0, 0xCA, 0x00, 0xCB, 0xE0, 0xCA, 0xC0, 0x79, 0xA0, 0x71, 0xA0, 0x71,
    0xA0, 0x71, 0x60, 0xAA, 0x00, 0xCB, 0x00, 0xCB, 0x00, 0xCB, 0x00, 0xCB, 0x00, 0xCB, 0x00, 0xCB,
    0xE0, 0xCA, 0xC0, 0x79, 0xA0, 0x71, 0xA0, 0x71, 0xA0, 0x71, 0x60, 0xAA, 0x00, 0xCB, 0x00, 0xCB,
    0x00, 0xCB, 0x00, 0xCB, 0x00, 0xCB, 0x00, 0xCB, 0xE0, 0xCA, 0xC0, 0x79, 0xA0, 0x71, 0xA0, 0x71,
    0xA0, 0x71, 0x00, 0x92, 0x60, 0xAA, 0x60, 0xAA, 0x60, 0xAA, 0x60, 0xAA, 0x60, 0xAA, 0x60, 0xAA,
    0x60, 0xA2, 0xA0, 0x79, 0xA0, 0x71, 0xA0, 0x71, 0xA0, 0x71, 0xA0, 0x79, 0xC0, 0x79, 0xC0, 0x79,
    0xC0, 0x79, 0xC0, 0x79, 0xC0, 0x79, 0xC0, 0x79, 0xA0, 0x79, 0xA0, 0x71, 0xA0, 0x71, 0xA0, 0x71,
    0xA0, 0x71, 0x60, 0xA2, 0xE0, 0xCA, 0xE0, 0xCA, 0xE0, 0xCA, 0xE0, 0xCA, 0xE0, 0xCA, 0xE0, 0xCA,
    0xE0, 0xC2, 0xA0, 0x79, 0xA0, 0x71, 0xA0, 0x71, 0xA0, 0x71, 0x60, 0xAA, 0x00, 0xCB, 0x00, 0xCB,
    0x00, 0xCB, 0x00, 0xCB, 0x00, 0xCB, 0x00, 0xCB, 0xE0, 0xCA, 0xC0, 0x79, 0xA0, 0x71, 0xA0, 0x71,
    0xA0, 0x71, 0x60, 0xA2, 0xE0, 0xCA, 0xE0, 0xCA, 0xE0, 0xCA, 0xE0, 0xCA, 0x00, 0xCB, 0x00, 0xCB,
    0xE0, 0xCA, 0xC0, 0x79, 0xA0, 0x71, 0xA0, 0x71, 0xA0, 0x71, 0xA0, 0x79, 0xC0, 0x79, 0xC0, 0x79,
    0xC0, 0x79, 0xC0, 0x81, 0xE0, 0xCA, 0x00, 0xCB, 0xE0, 0xCA, 0xC0, 0x79, 0xA0, 0x71, 0xA0, 0x71,
    0xA0, 0x71, 0xA0, 0x71, 0xA0, 0x71, 0xA0, 0x71, 0x00, 0x92, 0x60, 0xAA, 0xE0, 0xCA, 0xC0, 0xBA,
    0x60, 0xA2, 0xA0, 0x79, 0xA0, 0x71, 0xA0, 0x71, 0xA0, 0x71, 0xA0, 0x71, 0xA0, 0x71, 0xA0, 0x79,
    0x60, 0xAA, 0x00, 0xCB, 0xE0, 0xCA, 0x60, 0xA2, 0xA0, 0x71, 0xA0, 0x71, 0xA0, 0x71, 0xA0, 0x71,
    0xA0, 0x71, 0xA0, 0x71, 0xA0, 0x79, 0xE0, 0xC2, 0xE0, 0xCA, 0xE0, 0xCA, 0xC0, 0x81, 0xA0, 0x79,
    0xA0, 0x71, 0xA0, 0x71, 0xA0, 0x71, 0xA0, 0x71, 0xA0, 0x71, 0xA0, 0x71, 0xC0, 0x79, 0xE0, 0xCA,
    0x00, 0xCB, 0xE0, 0xCA, 0xC0, 0x79, 0xA0, 0x71, 0xA0, 0x71, 0xA0, 0x71, 0xA0, 0x71, 0xA0, 0x71,
    0xA0, 0x71, 0xA0, 0x71, 0xC0, 0x79, 0xE0, 0xCA, 0x00, 0xCB, 0xE0, 0xCA, 0xC0, 0x79, 0xA0, 0x71,
    0xA0, 0x71, 0xA0, 0x71, 0xA0, 0x71, 0xA0, 0x71, 0xA0, 0x71, 0xA0, 0x71, 0xC0, 0x79, 0xE0, 0xCA,
    0x00, 0xCB, 0xE0, 0xCA, 0xC0, 0x79, 0xA0, 0x71, 0xA0, 0x71, 0xA0, 0x71, 0xA0, 0x71, 0xA0, 0x71,
    0xA0, 0x71, 0xA0, 0x71, 0xA0, 0x79, 0x60, 0xA2, 0x60, 0xAA, 0x60, 0xA2, 0xA0, 0x79, 0xA0, 0x71,
    0xA0, 0x71, 0xA0, 0x71, 0xA0, 0x71, 0xA0, 0x71, 0xA0, 0x71, 0xA0, 0x79, 0xC0, 0x79, 0xC0, 0x79,
    0xC0, 0x79, 0xC0, 0x79, 0xC0, 0x79, 0xC0, 0x79, 0xA0, 0x79, 0xA0, 0x71, 0xA0, 0x71, 0xA0, 0x71,
    0xA0, 0x71, 0x60, 0xA2, 0xE0, 0xCA, 0xE0, 0xCA, 0xE0, 0xCA, 0xE0, 0xCA, 0xE0, 0xCA, 0xE0, 0xCA,
    0xE0, 0xC2, 0xA0, 0x79, 0xA0, 0x71, 0xA0, 0x71, 0xA0, 0x71, 0x60, 0xAA, 0x00, 0xCB, 0x00, 0xCB,
    0x00, 0xCB, 0x00, 0xCB, 0x00, 0xCB, 0x00, 0xCB, 0xE0, 0xCA, 0xC0, 0x79, 0xA0, 0x71, 0xA0, 0x71,
    0xA0, 0x71, 0x60, 0xAA, 0x00, 0xCB, 0x00, 0xCB, 0xE0, 0xCA, 0xE0, 0xCA, 0x00, 0xCB, 0x00, 0xCB,
    0xE0, 0xCA, 0xC0, 0x79, 0xA0, 0x71, 0xA0, 0x71, 0xA0, 0x71, 0x60, 0xAA, 0x00, 0xCB, 0x00, 0xCB,
    0x60, 0xAA, 0xC0, 0x81, 0xE0, 0xCA, 0x00, 0xCB, 0xE0, 0xCA, 0xC0, 0x79, 0xA0, 0x71, 0xA0, 0x71,
    0xA0, 0x71, 0x60, 0xAA, 0x00, 0xCB, 0x00, 0xCB, 0xC0, 0xBA, 0x60, 0xAA, 0xE0, 0xCA, 0x00, 0xCB,
    0xE0, 0xCA, 0xC0, 0x79, 0xA0, 0x71, 0xA0, 0x71, 0xA0, 0x71, 0x60, 0xAA, 0x00, 0xCB, 0x00, 0xCB,
    0xE0, 0xCA, 0xE0, 0xCA, 0x00, 0xCB, 0x00, 0xCB, 0xE0, 0xCA, 0xC0, 0x79, 0xA0, 0x71, 0xA0, 0x71,
    0xA0, 0x71, 0x60, 0xAA, 0x00, 0xCB, 0x00, 0xCB, 0x60, 0xAA, 0xC0, 0x81, 0xE0, 0xCA, 0x00, 0xCB,
    0xE0, 0xCA, 0xC0, 0x79, 0xA0, 0x71, 0xA0, 0x71, 0xA0, 0x71, 0x60, 0xAA, 0x00, 0xCB, 0x00, 0xCB,
    0xC0, 0xBA, 0x60, 0xAA, 0xE0, 0xCA, 0x00, 0xCB, 0xE0, 0xCA, 0xC0, 0x79, 0xA0, 0x71, 0xA0, 0x71,
    0xA0, 0x71, 0x60, 0xAA, 0x00, 0xCB, 0x00, 0xCB, 0x00, 0xCB, 0x00, 0xCB, 0x00, 0xCB, 0x00, 0xCB,
    0xE0, 0xCA, 0xC0, 0x79, 0xA0, 0x71, 0xA0, 0x71, 0xA0, 0x71, 0x60, 0xAA, 0x00, 0xCB, 0x00, 0xCB,
    0x00, 0xCB, 0x00, 0xCB, 0x00, 0xCB, 0x00, 0xCB, 0xE0, 0xCA, 0xC0, 0x79, 0xA0, 0x71, 0xA0, 0x71,
    0xA0, 0x71, 0x00, 0x92, 0x60, 0xAA, 0x60, 0xAA, 0x60, 0xAA, 0x60, 0xAA, 0x60, 0xAA, 0x60, 0xAA,
    0x60, 0xA2, 0xA0, 0x79, 0xA0, 0x71, 0xA0, 0x71, 0xA0, 0x71, 0xA0, 0x79, 0xC0, 0x79, 0xC0, 0x79,
    0xC0, 0x79, 0xC0, 0x79, 0xC0, 0x79, 0xC0, 0x79, 0xA0, 0x79, 0xA0, 0x71, 0xA0, 0x71, 0xA0, 0x71,
    0xA0, 0x71, 0x60, 0xA2, 0xE0, 0xCA, 0xE0, 0xCA, 0xE0, 0xCA, 0xE0, 0xCA, 0xE0, 0xCA, 0xE0, 0xCA,
    0xE0, 0xC2, 0xA0, 0x79, 0xA0, 0x71, 0xA0, 0x71, 0xA0, 0x71, 0x60, 0xAA, 0x00, 0xCB, 0x00, 0xCB,
    0x00, 0xCB, 0x00, 0xCB, 0x00, 0xCB, 0x00, 0xCB, 0xE0, 0xCA, 0xC0, 0x79, 0xA0, 0x71, 0xA0, 0x71,
    0xA0, 0x71, 0x60, 0xAA, 0x00, 0xCB, 0x00, 0xCB, 0xE0, 0xCA, 0xE0, 0xCA, 0x00, 0xCB, 0x00, 0xCB,
    0xE0, 0xCA, 0xC0, 0x79, 0xA0, 0x71, 0xA0, 0x71, 0xA0, 0x71, 0x60, 0xAA, 0x00, 0xCB, 0x00, 0xCB,
    0x60, 0xAA, 0xC0, 0x81, 0xE0, 0xCA, 0x00, 0xCB, 0xE0, 0xCA, 0xC0, 0x79, 0xA0, 0x71, 0xA0, 0x71,
    0xA0, 0x71, 0x60, 0xAA, 0x00, 0xCB, 0x00, 0xCB, 0xC0, 0xBA, 0x60, 0xAA, 0xE0, 0xCA, 0x00, 0xCB,
    0xE0, 0xCA, 0xC0, 0x79, 0xA0, 0x71, 0xA0, 0x71, 0xA0, 0x71, 0x60, 0xA2, 0xE0, 0xCA, 0xE0, 0xCA,
    0xE0, 0xCA, 0xE0, 0xCA, 0x00, 0xCB, 0x00, 0xCB, 0xE0, 0xCA, 0xC0, 0x79, 0xA0, 0x71, 0xA0, 0x71,
    0xA0, 0x71, 0xA0, 0x79, 0xC0, 0x79, 0xC0, 0x79, 0xC0, 0x79, 0xC0, 0x81, 0xE0, 0xCA, 0x00, 0xCB,
    0xE0, 0xCA, 0xC0, 0x79, 0xA0, 0x71, 0xA0, 0x71, 0xA0, 0x71, 0x00, 0x92, 0x60, 0xAA, 0x60, 0xAA,
    0x60, 0xAA, 0x60, 0xAA, 0xE0, 0xCA, 0x00, 0xCB, 0xE0, 0xCA, 0xC0, 0x79, 0xA0, 0x71, 0xA0, 0x71,
    0xA0, 0x71, 0x60, 0xAA, 0x00, 0xCB, 0x00, 0xCB, 0x00, 0xCB, 0x00, 0xCB, 0x00, 0xCB, 0x00, 0xCB,
    0xE0, 0xCA, 0xC0, 0x79, 0xA0, 0x71, 0xA0, 0x71, 0xA0, 0x71, 0x60, 0xAA, 0x00, 0xCB, 0x00, 0xCB,
    0x00, 0xCB, 0x00, 0xCB, 0x00, 0xCB, 0x00, 0xCB, 0xE0, 0xCA, 0xC0, 0x79, 0xA0, 0x71, 0xA0, 0x71,
    0xA0, 0x71, 0x00, 0x92, 0x60, 0xAA, 0x60, 0xAA, 0x60, 0xAA, 0x60, 0xAA, 0x60, 0xAA, 0x60, 0xAA,
    0x60, 0xA2, 0xA0, 0x79, 0xA0, 0x71, 0xA0, 0x71, 0xA0, 0x71, 0xA0, 0x79, 0xC0, 0x79, 0xC0, 0x79,
    0xC0, 0x79, 0xC0, 0x79, 0xC0, 0x79, 0xC0, 0x79, 0xC0, 0x79, 0xC0, 0x79, 0xA0, 0x79, 0xA0, 0x71,
    0xA0, 0x71, 0x60, 0xA2, 0xE0, 0xCA, 0xE0, 0xCA, 0xE0, 0xCA, 0xE0, 0xCA, 0xE0, 0xCA, 0xE0, 0xCA,
    0xE0, 0xCA, 0xE0, 0xCA, 0x60, 0xA2, 0xA0, 0x71, 0xA0, 0x71, 0x60, 0xAA, 0x00, 0xCB, 0x00, 0xCB,
    0x00, 0xCB, 0x00, 0xCB, 0x00, 0xCB, 0x00, 0xCB, 0x00, 0xCB, 0x00, 0xCB, 0x60, 0xAA, 0xA0, 0x71,
    0xA0, 0x71, 0x60, 0xAA, 0x00, 0xCB, 0x00, 0xCB, 0xE0, 0xCA, 0xE0, 0xCA, 0xE0, 0xCA, 0xE0, 0xCA,
    0x00, 0xCB, 0x00, 0xCB, 0x60, 0xAA, 0xA0, 0x71, 0xA0, 0x71, 0x60, 0xAA, 0x00, 0xCB, 0x00, 0xCB,
    0x60, 0xAA, 0xC0, 0x79, 0xC0, 0x79, 0x60, 0xAA, 0x00, 0xCB, 0x00, 0xCB, 0x60, 0xAA, 0xA0, 0x71,
    0xA0, 0x71, 0x60, 0xAA, 0x00, 0xCB, 0x00, 0xCB, 0xC0, 0xBA, 0x60, 0xAA, 0x60, 0xAA, 0xC0, 0xBA,
    0x00, 0xCB, 0x00, 0xCB, 0x60, 0xAA, 0xA0, 0x71, 0xA0, 0x71, 0x60, 0xAA, 0x00, 0xCB, 0x00, 0xCB,
    0x00, 0xCB, 0x00, 0xCB, 0x00, 0xCB, 0x00, 0xCB, 0x00, 0xCB, 0x00, 0xCB, 0x60, 0xAA, 0xA0, 0x71,
    0xA0, 0x71, 0x60, 0xAA, 0x00, 0xCB, 0x00, 0xCB, 0x00, 0xCB, 0x00, 0xCB, 0x00, 0xCB, 0x00, 0xCB,
    0x00, 0xCB, 0x00, 0xCB, 0x60, 0xAA, 0xA0, 0x71, 0xA0, 0x71, 0x60, 0xAA, 0x00, 0xCB, 0x00, 0xCB,
    0xC0, 0xBA, 0x60, 0xAA, 0x60, 0xAA, 0xC0, 0xBA, 0x00, 0xCB, 0x00, 0xCB, 0x60, 0xAA, 0xA0, 0x71,
    0xA0, 0x71, 0x60, 0xAA, 0x00, 0xCB, 0x00, 0xCB, 0x60, 0xAA, 0xA0, 0x71, 0xA0, 0x71, 0x60, 0xAA,
    0x00, 0xCB, 0x00, 0xCB, 0x60, 0xAA, 0xA0, 0x71, 0xA0, 0x71, 0x60, 0xAA, 0x00, 0xCB, 0x00, 0xCB,
    0x60, 0xAA, 0xA0, 0x71, 0xA0, 0x71, 0x60, 0xAA, 0x00, 0xCB, 0x00, 0xCB, 0x60, 0xAA, 0xA0, 0x71,
    0xA0, 0x71, 0x00, 0x92, 0x60, 0xAA, 0x60, 0xAA, 0x00, 0x92, 0xA0, 0x71, 0xA0, 0x71, 0x00, 0x92,
    0x60, 0xAA, 0x60, 0xAA, 0x00, 0x92, 0xA0, 0x71, 0xA0, 0x71, 0xA0, 0x79, 0xC0, 0x79, 0xC0, 0x79,
    0xC0, 0x79, 0xC0, 0x79, 0xC0, 0x79, 0xC0, 0x79, 0xA0, 0x79, 0xA0, 0x71, 0xA0, 0x71, 0xA0, 0x71,
    0xA0, 0x71, 0x60, 0xA2, 0xE0, 0xCA, 0xE0, 0xCA, 0xE0, 0xCA, 0xE0, 0xCA, 0xE0, 0xCA, 0xE0, 0xCA,
    0xE0, 0xC2, 0xA0, 0x79, 0xA0, 0x71, 0xA0, 0x71, 0xA0, 0x71, 0x60, 0xAA, 0x00, 0xCB, 0x00, 0xCB,
    0x00, 0xCB, 0x00, 0xCB, 0x00, 0xCB, 0x00, 0xCB, 0xE0, 0xCA, 0x60, 0xAA, 0x00, 0x92, 0xA0, 0x71,
    0xA0, 0x71, 0x60, 0xAA, 0x00, 0xCB, 0x00, 0xCB, 0xE0, 0xCA, 0xE0, 0xCA, 0xE0, 0xCA, 0xE0, 0xCA,
    0x00, 0xCB, 0x00, 0xCB, 0x60, 0xAA, 0xA0, 0x71, 0xA0, 0x71, 0x60, 0xAA, 0x00, 0xCB, 0x00, 0xCB,
    0x60, 0xAA, 0xC0, 0x79, 0xC0, 0x79, 0x60, 0xAA, 0x00, 0xCB, 0x00, 0xCB, 0x60, 0xAA, 0xA0, 0x71,
    0xA0, 0x71, 0x60, 0xAA, 0x00, 0xCB, 0x00, 0xCB, 0x60, 0xAA, 0xA0, 0x79, 0x60, 0xA2, 0xC0, 0xBA,
    0xE0, 0xCA, 0x60, 0xAA, 0x00, 0x92, 0xA0, 0x71, 0xA0, 0x71, 0x60, 0xAA, 0x00, 0xCB, 0x00, 0xCB,
    0x60, 0xAA, 0xA0, 0x79, 0xE0, 0xC2, 0xE0, 0xCA, 0xE0, 0xCA, 0xC0, 0x81, 0xA0, 0x79, 0xA0, 0x71,
    0xA0, 0x71, 0x60, 0xAA, 0x00, 0xCB, 0x00, 0xCB, 0x60, 0xAA, 0xA0, 0x71, 0xA0, 0x79, 0x60, 0xAA,
    0x00, 0xCB, 0xE0, 0xCA, 0x60, 0xA2, 0xA0, 0x71, 0xA0, 0x71, 0x60, 0xAA, 0x00, 0xCB, 0x00, 0xCB,
    0xC0, 0xBA, 0x60, 0xAA, 0x60, 0xAA, 0xC0, 0xBA, 0x00, 0xCB, 0x00, 0xCB, 0x60, 0xAA, 0xA0, 0x71,
    0xA0, 0x71, 0x60, 0xAA, 0x00, 0xCB, 0x00, 0xCB, 0x00, 0xCB, 0x00, 0xCB, 0x00, 0xCB, 0x00, 0xCB,
    0x00, 0xCB, 0xE0, 0xCA, 0x60, 0xA2, 0xA0, 0x71, 0xA0, 0x71, 0x60, 0xAA, 0x00, 0xCB, 0x00, 0xCB,
    0x00, 0xCB, 0x00, 0xCB, 0x00, 0xCB, 0x00, 0xCB, 0xE0, 0xCA, 0xC0, 0x81, 0xA0, 0x79, 0xA0, 0x71,
    0xA0, 0x71, 0x00, 0x92, 0x60, 0xAA, 0x60, 0xAA, 0x60, 0xAA, 0x60, 0xAA, 0x60, 0xAA, 0x60, 0xAA,
    0x60, 0xA2, 0xA0, 0x79, 0xA0, 0x71, 0xA0, 0x71, 0xA0, 0x71, 0xA0, 0x79, 0xC0, 0x79, 0xC0, 0x79,
    0xC0, 0x79, 0xC0, 0x79, 0xC0, 0x79, 0xC0, 0x79, 0xA0, 0x79, 0xA0, 0x71, 0xA0, 0x71, 0xA0, 0x71,
    0xA0, 0x71, 0x60, 0xA2, 0xE0, 0xCA, 0xE0, 0xCA, 0xE0, 0xCA, 0xE0, 0xCA, 0xE0, 0xCA, 0xE0, 0xCA,
    0xE0, 0xC2, 0xA0, 0x79, 0xA0, 0x71, 0xA0, 0x71, 0xA0, 0x71, 0x60, 0xAA, 0x00, 0xCB, 0x00, 0xCB,
    0x00, 0xCB, 0x00, 0xCB, 0x00, 0xCB, 0x00, 0xCB, 0xE0, 0xCA, 0xC0, 0x79, 0xA0, 0x71, 0xA0, 0x71,
    0xA0, 0x71, 0x60, 0xAA, 0x00, 0xCB, 0x00, 0xCB, 0xE0, 0xCA, 0xE0, 0xCA, 0xE0, 0xCA, 0xE0, 0xCA,
    0xE0, 0xC2, 0xA0, 0x79, 0xA0, 0x71, 0xA0, 0x71, 0xA0, 0x71, 0x60, 0xAA, 0x00, 0xCB, 0x00, 0xCB,
    0x60, 0xAA, 0xC0, 0x79, 0xC0, 0x79, 0xC0, 0x79, 0xA0, 0x79, 0xA0, 0x71, 0xA0, 0x71, 0xA0, 0x71,
    0xA0, 0x71, 0x60, 0xAA, 0x00, 0xCB, 0x00, 0xCB, 0x60, 0xAA, 0xA0, 0x71, 0xA0, 0x71, 0xA0, 0x71,
    0xA0, 0x71, 0xA0, 0x71, 0xA0, 0x71, 0xA0, 0x71, 0xA0, 0x71, 0x60, 0xAA, 0x00, 0xCB, 0x00, 0xCB,
    0x60, 0xAA, 0xA0, 0x71, 0xA0, 0x71, 0xA0, 0x71, 0xA0, 0x71, 0xA0, 0x71, 0xA0, 0x71, 0xA0, 0x71,
    0xA0, 0x71, 0x60, 0xAA, 0x00, 0xCB, 0x00, 0xCB, 0x60, 0xAA, 0xA0, 0x71, 0xA0, 0x71, 0xA0, 0x71,
    0xA0, 0x71, 0xA0, 0x71, 0xA0, 0x71, 0xA0, 0x71, 0xA0, 0x71, 0x60, 0xAA, 0x00, 0xCB, 0x00, 0xCB,
    0xC0, 0xBA, 0x60, 0xAA, 0x60, 0xAA, 0x60, 0xAA, 0x60, 0xA2, 0xA0, 0x79, 0xA0, 0x71, 0xA0, 0x71,
    0xA0, 0x71, 0x60, 0xAA, 0x00, 0xCB, 0x00, 0xCB, 0x00, 0xCB, 0x00, 0xCB, 0x00, 0xCB, 0x00, 0xCB,
    0xE0, 0xCA, 0xC0, 0x79, 0xA0, 0x71, 0xA0, 0x71, 0xA0, 0x71, 0x60, 0xAA, 0x00, 0xCB, 0x00, 0xCB,
    0x00, 0xCB, 0x00, 0xCB, 0x00, 0xCB, 0x00, 0xCB, 0xE0, 0xCA, 0xC0, 0x79, 0xA0, 0x71, 0xA0, 0x71,
    0xA0, 0x71, 0x00, 0x92, 0x60, 0xAA, 0x60, 0xAA, 0x60, 0xAA, 0x60, 0xAA, 0x60, 0xAA, 0x60, 0xAA,
    0x60, 0xA2, 0xA0, 0x79, 0xA0, 0x71, 0xA0, 0x71, 0xA0, 0x71, 0xA0, 0x79, 0xC0, 0x79, 0xC0, 0x79,
    0xC0, 0x79, 0xC0, 0x79, 0xC0, 0x79, 0xA0, 0x79, 0xA0, 0x71, 0xA0, 0x71, 0xA0, 0x71, 0xA0, 0x71,
    0xA0, 0x71, 0x60, 0xA2, 0xE0, 0xCA, 0xE0, 0xCA, 0xE0, 0xCA, 0xE0, 0xCA, 0xE0, 0xCA, 0x60, 0xA2,
    0xA0, 0x71, 0xA0, 0x71, 0xA0, 0x71, 0xA0, 0x71, 0xA0, 0x71, 0x60, 0xAA, 0x00, 0xCB, 0x00, 0xCB,
    0x00, 0xCB, 0x00, 0xCB, 0x00, 0xCB, 0xC0, 0xBA, 0x60, 0xA2, 0xA0, 0x79, 0xA0, 0x71, 0xA0, 0x71,
    0xA0, 0x71, 0x60, 0xAA, 0x00, 0xCB, 0x00, 0xCB, 0xE0, 0xCA, 0xE0, 0xCA, 0xE0, 0xCA, 0xE0, 0xCA,
    0xE0, 0xCA, 0xC0, 0x81, 0xA0, 0x79, 0xA0, 0x71, 0xA0, 0x71, 0x60, 0xAA, 0x00, 0xCB, 0x00, 0xCB,
    0x60, 0xAA, 0xC0, 0x79, 0xC0, 0x79, 0x60, 0xAA, 0x00, 0xCB, 0xE0, 0xCA, 0x60, 0xA2, 0xA0, 0x71,
    0xA0, 0x71, 0x60, 0xAA, 0x00, 0xCB, 0x00, 0xCB, 0x60, 0xAA, 0xA0, 0x71, 0xA0, 0x71, 0x60, 0xAA,
    0x00, 0xCB, 0x00, 0xCB, 0x60, 0xAA, 0xA0, 0x71, 0xA0, 0x71, 0x60, 0xAA, 0x00, 0xCB, 0x00, 0xCB,
    0x60, 0xAA, 0xA0, 0x71, 0xA0, 0x71, 0x60, 0xAA, 0x00, 0xCB, 0x00, 0xCB, 0x60, 0xAA, 0xA0, 0x71,
    0xA0, 0x71, 0x60, 0xAA, 0x00, 0xCB, 0x00, 0xCB, 0x60, 0xAA, 0xA0, 0x71, 0xA0, 0x71, 0x60, 0xAA,
    0x00, 0xCB, 0x00, 0xCB, 0x60, 0xAA, 0xA0, 0x71, 0xA0, 0x71, 0x60, 0xAA, 0x00, 0xCB, 0x00, 0xCB,
    0xC0, 0xBA, 0x60, 0xAA, 0x60, 0xAA, 0xC0, 0xBA, 0xE0, 0xCA, 0x60, 0xAA, 0x00, 0x92, 0xA0, 0x71,
    0xA0, 0x71, 0x60, 0xAA, 0x00, 0xCB, 0x00, 0xCB, 0x00, 0xCB, 0x00, 0xCB, 0x00, 0xCB, 0xE0, 0xCA,
    0xE0, 0xC2, 0xA0, 0x79, 0xA0, 0x71, 0xA0, 0x71, 0xA0, 0x71, 0x60, 0xAA, 0x00, 0xCB, 0x00, 0xCB,
    0x00, 0xCB, 0x00, 0xCB, 0x00, 0xCB, 0x60, 0xAA, 0xA0, 0x79, 0xA0, 0x71, 0xA0, 0x71, 0xA0, 0x71,
    0xA0, 0x71, 0x00, 0x92, 0x60, 0xAA, 0x60, 0xAA, 0x60, 0xAA, 0x60, 0xAA, 0x60, 0xAA, 0x00, 0x92,
    0xA0, 0x71, 0xA0, 0x71, 0xA0, 0x71, 0xA0, 0x71, 0xA0, 0x71, 0xA0, 0x79, 0xC0, 0x79, 0xC0, 0x79,
    0xC0, 0x79, 0xC0, 0x79, 0xC0, 0x79, 0xC0, 0x79, 0xA0, 0x79, 0xA0, 0x71, 0xA0, 0x71, 0xA0, 0x71,
    0xA0, 0x71, 0x60, 0xA2, 0xE0, 0xCA, 0xE0, 0xCA, 0xE0, 0xCA, 0xE0, 0xCA, 0xE0, 0xCA, 0xE0, 0xCA,
    0xE0, 0xC2, 0xA0, 0x79, 0xA0, 0x71, 0xA0, 0x71, 0xA0, 0x71, 0x60, 0xAA, 0x00, 0xCB, 0x00, 0xCB,
    0x00, 0xCB, 0x00, 0xCB, 0x00, 0xCB, 0x00, 0xCB, 0xE0, 0xCA, 0xC0, 0x79, 0xA0, 0x71, 0xA0, 0x71,
    0xA0, 0x71, 0x60, 0xAA, 0x00, 0xCB, 0x00, 0xCB, 0xE0, 0xCA, 0xE0, 0xCA, 0xE0, 0xCA, 0xE0, 0xCA,
    0xE0, 0xC2, 0xA0, 0x79, 0xA0, 0x71, 0xA0, 0x71, 0xA0, 0x71, 0x60, 0xAA, 0x00, 0xCB, 0x00, 0xCB,
    0x60, 0xAA, 0xC0, 0x79, 0xC0, 0x79, 0xC0, 0x79, 0xA0, 0x79, 0xA0, 0x71, 0xA0, 0x71, 0xA0, 0x71,
    0xA0, 0x71, 0x60, 0xAA, 0x00, 0xCB, 0x00, 0xCB, 0xC0, 0xBA, 0x60, 0xAA, 0x60, 0xAA, 0x60, 0xAA,
    0x60, 0xA2, 0xA0, 0x79, 0xA0, 0x71, 0xA0, 0x71, 0xA0, 0x71, 0x60, 0xAA, 0x00, 0xCB, 0x00, 0xCB,
    0xE0, 0xCA, 0xE0, 0xCA, 0xE0, 0xCA, 0xE0, 0xCA, 0xE0, 0xC2, 0xA0, 0x79, 0xA0, 0x71, 0xA0, 0x71,
    0xA0, 0x71, 0x60, 0xAA, 0x00, 0xCB, 0x00, 0xCB, 0x60, 0xAA, 0xC0, 0x79, 0xC0, 0x79, 0xC0, 0x79,
    0xA0, 0x79, 0xA0, 0x71, 0xA0, 0x71, 0xA0, 0x71, 0xA0, 0x71, 0x60, 0xAA, 0x00, 0xCB, 0x00, 0xCB,
    0xC0, 0xBA, 0x60, 0xAA, 0x60, 0xAA, 0x60, 0xAA, 0x60, 0xA2, 0xA0, 0x79, 0xA0, 0x71, 0xA0, 0x71,
    0xA0, 0x71, 0x60, 0xAA, 0x00, 0xCB, 0x00, 0xCB, 0x00, 0xCB, 0x00, 0xCB, 0x00, 0xCB, 0x00, 0xCB,
    0xE0, 0xCA, 0xC0, 0x79, 0xA0, 0x71, 0xA0, 0x71, 0xA0, 0x71, 0x60, 0xAA, 0x00, 0xCB, 0x00, 0xCB,
    0x00, 0xCB, 0x00, 0xCB, 0x00, 0xCB, 0x00, 0xCB, 0xE0, 0xCA, 0xC0, 0x79, 0xA0, 0x71, 0xA0, 0x71,
    0xA0, 0x71, 0x00, 0x92, 0x60, 0xAA, 0x60, 0xAA, 0x60, 0xAA, 0x60, 0xAA, 0x60, 0xAA, 0x60, 0xAA,
    0x60, 0xA2, 0xA0, 0x79, 0xA0, 0x71, 0xA0, 0x71, 0xA0, 0x71, 0xA0, 0x79, 0xC0, 0x79, 0xC0, 0x79,
    0xC0, 0x79, 0xC0, 0x79, 0xC0, 0x79, 0xC0, 0x79, 0xA0, 0x79, 0xA0, 0x71, 0xA0, 0x71, 0xA0, 0x71,
    0xA0, 0x71, 0x60, 0xA2, 0xE0, 0xCA, 0xE0, 0xCA, 0xE0, 0xCA, 0xE0, 0xCA, 0xE0, 0xCA, 0xE0, 0xCA,
    0xE0, 0xC2, 0xA0, 0x79, 0xA0, 0x71, 0xA0, 0x71, 0xA0, 0x71, 0x60, 0xAA, 0x00, 0xCB, 0x00, 0xCB,
    0x00, 0xCB, 0x00, 0xCB, 0x00, 0xCB, 0x00, 0xCB, 0xE0, 0xCA, 0xC0, 0x79, 0xA0, 0x71, 0xA0, 0x71,
    0xA0, 0x71, 0x60, 0xAA, 0x00, 0xCB, 0x00, 0xCB, 0xE0, 0xCA, 0xE0, 0xCA, 0xE0, 0xCA, 0xE0, 0xCA,
    0xE0, 0xC2, 0xA0, 0x79, 0xA0, 0x71, 0xA0, 0x71, 0xA0, 0x71, 0x60, 0xAA, 0x00, 0xCB, 0x00, 0xCB,
    0x60, 0xAA, 0xC0, 0x79, 0xC0, 0x79, 0xC0, 0x79, 0xA0, 0x79, 0xA0, 0x71, 0xA0, 0x71, 0xA0, 0x71,
    0xA0, 0x71, 0x60, 0xAA, 0x00, 0xCB, 0x00, 0xCB, 0xC0, 0xBA, 0x60, 0xAA, 0x60, 0xAA, 0x00, 0x92,
    0xA0, 0x71, 0xA0, 0x71, 0xA0, 0x71, 0xA0, 0x71, 0xA0, 0x71, 0x60, 0xAA, 0x00, 0xCB, 0x00, 0xCB,
    0x00, 0xCB, 0x00, 0xCB, 0x00, 0xCB, 0x60, 0xAA, 0xA0, 0x71, 0xA0, 0x71, 0xA0, 0x71, 0xA0, 0x71,
    0xA0, 0x71, 0x60, 0xAA, 0x00, 0xCB, 0x00, 0xCB, 0x00, 0xCB, 0x00, 0xCB, 0x00, 0xCB, 0x60, 0xAA,
    0xA0, 0x71, 0xA0, 0x71, 0xA0, 0x71, 0xA0, 0x71, 0xA0, 0x71, 0x60, 0xAA, 0x00, 0xCB, 0x00, 0xCB,
    0xC0, 0xBA, 0x60, 0xAA, 0x60, 0xAA, 0x00, 0x92, 0xA0, 0x71, 0xA0, 0x71, 0xA0, 0x71, 0xA0, 0x71,
    0xA0, 0x71, 0x60, 0xAA, 0x00, 0xCB, 0x00, 0xCB, 0x60, 0xAA, 0xA0, 0x71, 0xA0, 0x71, 0xA0, 0x71,
    0xA0, 0x71, 0xA0, 0x71, 0xA0, 0x71, 0xA0, 0x71, 0xA0, 0x71, 0x60, 0xAA, 0x00, 0xCB, 0x00, 0xCB,
    0x60, 0xAA, 0xA0, 0x71, 0xA0, 0x71, 0xA0, 0x71, 0xA0, 0x71, 0xA0, 0x71, 0xA0, 0x71, 0xA0, 0x71,
    0xA0, 0x71, 0x00, 0x92, 0x60, 0xAA, 0x60, 0xAA, 0x00, 0x92, 0xA0, 0x71, 0xA0, 0x71, 0xA0, 0x71,
    0xA0, 0x71, 0xA0, 0x71, 0xA0, 0x71, 0xA0, 0x71, 0xA0, 0x71, 0xA0, 0x71, 0xA0, 0x71, 0xA0, 0x79,
    0xC0, 0x79, 0xC0, 0x79, 0xC0, 0x79, 0xC0, 0x79, 0xC0, 0x79, 0xC0, 0x79, 0xA0, 0x79, 0xA0, 0x71,
    0xA0, 0x71, 0xA0, 0x71, 0xA0, 0x79, 0xE0, 0xC2, 0xE0, 0xCA, 0xE0, 0xCA, 0xE0, 0xCA, 0xE0, 0xCA,
    0xE0, 0xCA, 0xE0, 0xCA, 0x60, 0xA2, 0xA0, 0x71, 0xA0, 0x71, 0x00, 0x92, 0x60, 0xAA, 0xE0, 0xCA,
    0x00, 0xCB, 0x00, 0xCB, 0x00, 0xCB, 0x00, 0xCB, 0x00, 0xCB, 0x00, 0xCB, 0x60, 0xAA, 0xA0, 0x71,
    0xA0, 0x71, 0x60, 0xAA, 0x00, 0xCB, 0x00, 0xCB, 0xE0, 0xCA, 0xE0, 0xCA, 0xE0, 0xCA, 0xE0, 0xCA,
    0xE0, 0xCA, 0xE0, 0xCA, 0x60, 0xA2, 0xA0, 0x71, 0xA0, 0x71, 0x60, 0xAA, 0x00, 0xCB, 0x00, 0xCB,
    0x60, 0xAA, 0xC0, 0x79, 0xC0, 0x79, 0xC0, 0x79, 0xC0, 0x79, 0xC0, 0x79, 0xA0, 0x79, 0xA0, 0x71,
    0xA0, 0x71, 0x60, 0xAA, 0x00, 0xCB, 0x00, 0xCB, 0x60, 0xAA, 0xA0, 0x79, 0x60, 0xA2, 0x60, 0xAA,
    0x60, 0xAA, 0x60, 0xAA, 0x00, 0x92, 0xA0, 0x71, 0xA0, 0x71, 0x60, 0xAA, 0x00, 0xCB, 0x00, 0xCB,
    0x60, 0xAA, 0xA0, 0x79, 0xE0, 0xC2, 0xE0, 0xCA, 0x00, 0xCB, 0x00, 0xCB, 0x60, 0xAA, 0xA0, 0x71,
    0xA0, 0x71, 0x60, 0xAA, 0x00, 0xCB, 0x00, 0xCB, 0x60, 0xAA, 0xA0, 0x71, 0xA0, 0x79, 0x60, 0xAA,
    0x00, 0xCB, 0x00, 0xCB, 0x60, 0xAA, 0xA0, 0x71, 0xA0, 0x71, 0x60, 0xAA, 0x00, 0xCB, 0x00, 0xCB,
    0xC0, 0xBA, 0x60, 0xAA, 0x60, 0xAA, 0xC0, 0xBA, 0x00, 0xCB, 0x00, 0xCB, 0x60, 0xAA, 0xA0, 0x71,
    0xA0, 0x71, 0x60, 0xA2, 0xE0, 0xCA, 0x00, 0xCB, 0x00, 0xCB, 0x00, 0xCB, 0x00, 0xCB, 0x00, 0xCB,
    0x00, 0xCB, 0xE0, 0xCA, 0x60, 0xA2, 0xA0, 0x71, 0xA0, 0x71, 0xA0, 0x79, 0xC0, 0x81, 0xE0, 0xCA,
    0x00, 0xCB, 0x00, 0xCB, 0x00, 0xCB, 0x00, 0xCB, 0xE0, 0xCA, 0xC0, 0x81, 0xA0, 0x79, 0xA0, 0x71,
    0xA0, 0x71, 0xA0, 0x71, 0xA0, 0x79, 0x60, 0xA2, 0x60, 0xAA, 0x60, 0xAA, 0x60, 0xAA, 0x60, 0xAA,
    0x60, 0xA2, 0xA0, 0x79, 0xA0, 0x71, 0xA0, 0x71, 0xA0, 0x71, 0xA0, 0x79, 0xC0, 0x79, 0xC0, 0x79,
    0xA0, 0x79, 0xA0, 0x71, 0xA0, 0x79, 0xC0, 0x79, 0xA0, 0x79, 0xA0, 0x71, 0xA0, 0x71, 0xA0, 0x71,
    0xA0, 0x71, 0x60, 0xA2, 0xE0, 0xCA, 0xE0, 0xCA, 0x60, 0xA2, 0xA0, 0x79, 0xE0, 0xC2, 0xE0, 0xCA,
    0xE0, 0xC2, 0xA0, 0x79, 0xA0, 0x71, 0xA0, 0x71, 0xA0, 0x71, 0x60, 0xAA, 0x00, 0xCB, 0x00, 0xCB,
    0x60, 0xAA, 0xC0, 0x79, 0xE0, 0xCA, 0x00, 0xCB, 0xE0, 0xCA, 0xC0, 0x79, 0xA0, 0x71, 0xA0, 0x71,
    0xA0, 0x71, 0x60, 0xAA, 0x00, 0xCB, 0x00, 0xCB, 0x60, 0xAA, 0xC0, 0x81, 0xE0, 0xCA, 0x00, 0xCB,
    0xE0, 0xCA, 0xC0, 0x79, 0xA0, 0x71, 0xA0, 0x71, 0xA0, 0x71, 0x60, 0xAA, 0x00, 0xCB, 0x00, 0xCB,
    0xE0, 0xCA, 0xE0, 0xCA, 0x00, 0xCB, 0x00, 0xCB, 0xE0, 0xCA, 0xC0, 0x79, 0xA0, 0x71, 0xA0, 0x71,
    0xA0, 0x71, 0x60, 0xAA, 0x00, 0xCB, 0x00, 0xCB, 0x00, 0xCB, 0x00, 0xCB, 0x00, 0xCB, 0x00, 0xCB,
    0xE0, 0xCA, 0xC0, 0x79, 0xA0, 0x71, 0xA0, 0x71, 0xA0, 0x71, 0x60, 0xAA, 0x00, 0xCB, 0x00, 0xCB,
    0xE0, 0xCA, 0xE0, 0xCA, 0x00, 0xCB, 0x00, 0xCB, 0xE0, 0xCA, 0xC0, 0x79, 0xA0, 0x71, 0xA0, 0x71,
    0xA0, 0x71, 0x60, 0xAA, 0x00, 0xCB, 0x00, 0xCB, 0x60, 0xAA, 0xC0, 0x81, 0xE0, 0xCA, 0x00, 0xCB,
    0xE0, 0xCA, 0xC0, 0x79, 0xA0, 0x71, 0xA0, 0x71, 0xA0, 0x71, 0x60, 0xAA, 0x00, 0xCB, 0x00, 0xCB,
    0x60, 0xAA, 0xC0, 0x79, 0xE0, 0xCA, 0x00, 0xCB, 0xE0, 0xCA, 0xC0, 0x79, 0xA0, 0x71, 0xA0, 0x71,
    0xA0, 0x71, 0x60, 0xAA, 0x00, 0xCB, 0x00, 0xCB, 0x60, 0xAA, 0xC0, 0x79, 0xE0, 0xCA, 0x00, 0xCB,
    0xE0, 0xCA, 0xC0, 0x79, 0xA0, 0x71, 0xA0, 0x71, 0xA0, 0x71, 0x60, 0xAA, 0x00, 0xCB, 0x00, 0xCB,
    0x60, 0xAA, 0xC0, 0x79, 0xE0, 0xCA, 0x00, 0xCB, 0xE0, 0xCA, 0xC0, 0x79, 0xA0, 0x71, 0xA0, 0x71,
    0xA0, 0x71, 0x00, 0x92, 0x60, 0xAA, 0x60, 0xAA, 0x00, 0x92, 0xA0, 0x79, 0x60, 0xA2, 0x60, 0xAA,
    0x60, 0xA2, 0xA0, 0x79, 0xA0, 0x71, 0xA0, 0x71, 0xA0, 0x71, 0xA0, 0x71, 0xA0, 0x71, 0xA0, 0x71,
    0xA0, 0x79, 0xC0, 0x79, 0xC0, 0x79, 0xA0, 0x79, 0xA0, 0x71, 0xA0, 0x71, 0xA0, 0x71, 0xA0, 0x71,
    0xA0, 0x71, 0xA0, 0x71, 0xA0, 0x71, 0xA0, 0x71, 0x60, 0xA2, 0xE0, 0xCA, 0xE0, 0xCA, 0x60, 0xA2,
    0xA0, 0x71, 0xA0, 0x71, 0xA0, 0x71, 0xA0, 0x71, 0xA0, 0x71, 0xA0, 0x71, 0xA0, 0x71, 0xA0, 0x71,
    0x60, 0xAA, 0x00, 0xCB, 0x00, 0xCB, 0x60, 0xAA, 0xA0, 0x71, 0xA0, 0x71, 0xA0, 0x71, 0xA0, 0x71,
    0xA0, 0x71, 0xA0, 0x71, 0xA0, 0x71, 0xA0, 0x71, 0x60, 0xAA, 0x00, 0xCB, 0x00, 0xCB, 0x60, 0xAA,
    0xA0, 0x71, 0xA0, 0x71, 0xA0, 0x71, 0xA0, 0x71, 0xA0, 0x71, 0xA0, 0x71, 0xA0, 0x71, 0xA0, 0x71,
    0x60, 0xAA, 0x00, 0xCB, 0x00, 0xCB, 0x60, 0xAA, 0xA0, 0x71, 0xA0, 0x71, 0xA0, 0x71, 0xA0, 0x71,
    0xA0, 0x71, 0xA0, 0x71, 0xA0, 0x71, 0xA0, 0x71, 0x60, 0xAA, 0x00, 0xCB, 0x00, 0xCB, 0x60, 0xAA,
    0xA0, 0x71, 0xA0, 0x71, 0xA0, 0x71, 0xA0, 0x71, 0xA0, 0x71, 0xA0, 0x71, 0xA0, 0x71, 0xA0, 0x71,
    0x60, 0xAA, 0x00, 0xCB, 0x00, 0xCB, 0x60, 0xAA, 0xA0, 0x71, 0xA0, 0x71, 0xA0, 0x71, 0xA0, 0x71,
    0xA0, 0x71, 0xA0, 0x71, 0xA0, 0x71, 0xA0, 0x71, 0x60, 0xAA, 0x00, 0xCB, 0x00, 0xCB, 0x60, 0xAA,
    0xA0, 0x71, 0xA0, 0x71, 0xA0, 0x71, 0xA0, 0x71, 0xA0, 0x71, 0xA0, 0x71, 0xA0, 0x71, 0xA0, 0x71,
    0x60, 0xAA, 0x00, 0xCB, 0x00, 0xCB, 0x60, 0xAA, 0xA0, 0x71, 0xA0, 0x71, 0xA0, 0x71, 0xA0, 0x71,
    0xA0, 0x71, 0xA0, 0x71, 0xA0, 0x71, 0xA0, 0x71, 0x60, 0xAA, 0x00, 0xCB, 0x00, 0xCB, 0x60, 0xAA,
    0xA0, 0x71, 0xA0, 0x71, 0xA0, 0x71, 0xA0, 0x71, 0xA0, 0x71, 0xA0, 0x71, 0xA0, 0x71, 0xA0, 0x71,
    0x60, 0xAA, 0x00, 0xCB, 0x00, 0xCB, 0x60, 0xAA, 0xA0, 0x71, 0xA0, 0x71, 0xA0, 0x71, 0xA0, 0x71,
    0xA0, 0x71, 0xA0, 0x71, 0xA0, 0x71, 0xA0, 0x71, 0x00, 0x92, 0x60, 0xAA, 0x60, 0xAA, 0x00, 0x92,
    0xA0, 0x71, 0xA0, 0x71, 0xA0, 0x71, 0xA0, 0x71, 0xA0, 0x71, 0xA0, 0x71, 0xA0, 0x71, 0xA0, 0x79,
    0xC0, 0x79, 0xC0, 0x79, 0xC0, 0x79, 0xC0, 0x79, 0xC0, 0x79, 0xC0, 0x79, 0xA0, 0x79, 0xA0, 0x71,
    0xA0, 0x71, 0xA0, 0x71, 0xA0, 0x79, 0xE0, 0xC2, 0xE0, 0xCA, 0xE0, 0xCA, 0xE0, 0xCA, 0xE0, 0xCA,
    0xE0, 0xCA, 0xE0, 0xCA, 0x60, 0xA2, 0xA0, 0x71, 0xA0, 0x71, 0xA0, 0x71, 0xC0, 0x79, 0xE0, 0xCA,
    0x00, 0xCB, 0x00, 0xCB, 0x00, 0xCB, 0x00, 0xCB, 0x00, 0xCB, 0x00, 0xCB, 0x60, 0xAA, 0xA0, 0x71,
    0xA0, 0x71, 0xA0, 0x71, 0xA0, 0x79, 0xE0, 0xC2, 0xE0, 0xCA, 0xE0, 0xCA, 0x00, 0xCB, 0x00, 0xCB,
    0x00, 0xCB, 0xE0, 0xCA, 0x60, 0xA2, 0xA0, 0x71, 0xA0, 0x71, 0xA0, 0x71, 0xA0, 0x71, 0xA0, 0x79,
    0xC0, 0x79, 0xC0, 0x81, 0xE0, 0xCA, 0x00, 0xCB, 0xE0, 0xCA, 0xC0, 0x81, 0xA0, 0x79, 0xA0, 0x71,
    0xA0, 0x71, 0xA0, 0x71, 0xA0, 0x71, 0xA0, 0x71, 0xA0, 0x71, 0xC0, 0x79, 0xE0, 0xCA, 0x00, 0xCB,
    0xE0, 0xCA, 0xC0, 0x79, 0xA0, 0x71, 0xA0, 0x71, 0xA0, 0x71, 0xA0, 0x79, 0xC0, 0x79, 0xC0, 0x79,
    0xA0, 0x79, 0xC0, 0x79, 0xE0, 0xCA, 0x00, 0xCB, 0xE0, 0xCA, 0xC0, 0x79, 0xA0, 0x71, 0xA0, 0x71,
    0xA0, 0x71, 0x60, 0xA2, 0xE0, 0xCA, 0xE0, 0xCA, 0x60, 0xA2, 0xC0, 0x79, 0xE0, 0xCA, 0x00, 0xCB,
    0xE0, 0xCA, 0xC0, 0x79, 0xA0, 0x71, 0xA0, 0x71, 0xA0, 0x71, 0x60, 0xAA, 0x00, 0xCB, 0x00, 0xCB,
    0xC0, 0xBA, 0x60, 0xAA, 0xE0, 0xCA, 0x00, 0xCB, 0xE0, 0xCA, 0xC0, 0x79, 0xA0, 0x71, 0xA0, 0x71,
    0xA0, 0x71, 0x60, 0xA2, 0xE0, 0xCA, 0x00, 0xCB, 0x00, 0xCB, 0x00, 0xCB, 0x00, 0xCB, 0xE0, 0xCA,
    0xE0, 0xC2, 0xA0, 0x79, 0xA0, 0x71, 0xA0, 0x71, 0xA0, 0x71, 0xA0, 0x79, 0xC0, 0x81, 0xE0, 0xCA,
    0x00, 0xCB, 0x00, 0xCB, 0x00, 0xCB, 0x60, 0xAA, 0xA0, 0x79, 0xA0, 0x71, 0xA0, 0x71, 0xA0, 0x71,
    0xA0, 0x71, 0xA0, 0x71, 0xA0, 0x79, 0x60, 0xA2, 0x60, 0xAA, 0x60, 0xAA, 0x60, 0xAA, 0x00, 0x92,
    0xA0, 0x71, 0xA0, 0x71, 0xA0, 0x71, 0xA0, 0x71, 0xA0, 0x71, 0xA0, 0x79, 0xC0, 0x79, 0xC0, 0x79,
    0xA0, 0x79, 0xA0, 0x71, 0xA0, 0x79, 0xC0, 0x79, 0xC0, 0x79, 0xC0, 0x79, 0xA0, 0x79, 0xA0, 0x71,
    0xA0, 0x71, 0x60, 0xA2, 0xE0, 0xCA, 0xE0, 0xCA, 0x60, 0xA2, 0xA0, 0x79, 0xE0, 0xC2, 0xE0, 0xCA,
    0xE0, 0xCA, 0xE0, 0xCA, 0x60, 0xA2, 0xA0, 0x71, 0xA0, 0x71, 0x60, 0xAA, 0x00, 0xCB, 0x00, 0xCB,
    0x60, 0xAA, 0xC0, 0x79, 0xE0, 0xCA, 0x00, 0xCB, 0x00, 0xCB, 0x00, 0xCB, 0x60, 0xAA, 0xA0, 0x71,
    0xA0, 0x71, 0x60, 0xAA, 0x00, 0xCB, 0x00, 0xCB, 0x60, 0xAA, 0xC0, 0x81, 0xE0, 0xCA, 0x00, 0xCB,
    0x00, 0xCB, 0xE0, 0xCA, 0x60, 0xA2, 0xA0, 0x71, 0xA0, 0x71, 0x60, 0xAA, 0x00, 0xCB, 0x00, 0xCB,
    0xE0, 0xCA, 0xE0, 0xCA, 0x00, 0xCB, 0x00, 0xCB, 0xE0, 0xCA, 0xC0, 0x81, 0xA0, 0x79, 0xA0, 0x71,
    0xA0, 0x71, 0x60, 0xAA, 0x00, 0xCB, 0x00, 0xCB, 0x00, 0xCB, 0x00, 0xCB, 0x00, 0xCB, 0x00, 0xCB,
    0xE0, 0xCA, 0xC0, 0x79, 0xA0, 0x71, 0xA0, 0x71, 0xA0, 0x71, 0x60, 0xAA, 0x00, 0xCB, 0x00, 0xCB,
    0x00, 0xCB, 0x00, 0xCB, 0x00, 0xCB, 0x00, 0xCB, 0xE0, 0xCA, 0xC0, 0x79, 0xA0, 0x71, 0xA0, 0x71,
    0xA0, 0x71, 0x60, 0xAA, 0x00, 0xCB, 0x00, 0xCB, 0x00, 0xCB, 0x00, 0xCB, 0x00, 0xCB, 0x00, 0xCB,
    0xE0, 0xCA, 0xC0, 0x79, 0xA0, 0x71, 0xA0, 0x71, 0xA0, 0x71, 0x60, 0xAA, 0x00, 0xCB, 0x00, 0xCB,
    0xC0, 0xBA, 0x60, 0xAA, 0xE0, 0xCA, 0x00, 0xCB, 0xE0, 0xCA, 0x60, 0xAA, 0x00, 0x92, 0xA0, 0x71,
    0xA0, 0x71, 0x60, 0xAA, 0x00, 0xCB, 0x00, 0xCB, 0x60, 0xAA, 0xC0, 0x79, 0xE0, 0xCA, 0x00, 0xCB,
    0x00, 0xCB, 0x00, 0xCB, 0x60, 0xAA, 0xA0, 0x71, 0xA0, 0x71, 0x60, 0xAA, 0x00, 0xCB, 0x00, 0xCB,
    0x60, 0xAA, 0xC0, 0x79, 0xE0, 0xCA, 0x00, 0xCB, 0x00, 0xCB, 0x00, 0xCB, 0x60, 0xAA, 0xA0, 0x71,
    0xA0, 0x71, 0x00, 0x92, 0x60, 0xAA, 0x60, 0xAA, 0x00, 0x92, 0xA0, 0x79, 0x60, 0xA2, 0x60, 0xAA,
    0x60, 0xAA, 0x60, 0xAA, 0x00, 0x92, 0xA0, 0x71, 0xA0, 0x71, 0xA0, 0x79, 0xC0, 0x79, 0xC0, 0x79,
    0xA0, 0x79, 0xA0, 0x71, 0xA0, 0x71, 0xA0, 0x71, 0xA0, 0x71, 0xA0, 0x71, 0xA0, 0x71, 0xA0, 0x71,
    0xA0, 0x71, 0x60, 0xA2, 0xE0, 0xCA, 0xE0, 0xCA, 0x60, 0xA2, 0xA0, 0x71, 0xA0, 0x71, 0xA0, 0x71,
    0xA0, 0x71, 0xA0, 0x71, 0xA0, 0x71, 0xA0, 0x71, 0xA0, 0x71, 0x60, 0xAA, 0x00, 0xCB, 0x00, 0xCB,
    0x60, 0xAA, 0xA0, 0x71, 0xA0, 0x71, 0xA0, 0x71, 0xA0, 0x71, 0xA0, 0x71, 0xA0, 0x71, 0xA0, 0x71,
    0xA0, 0x71, 0x60, 0xAA, 0x00, 0xCB, 0x00, 0xCB, 0x60, 0xAA, 0xA0, 0x71, 0xA0, 0x71, 0xA0, 0x71,
    0xA0, 0x71, 0xA0, 0x71, 0xA0, 0x71, 0xA0, 0x71, 0xA0, 0x71, 0x60, 0xAA, 0x00, 0xCB, 0x00, 0xCB,
    0x60, 0xAA, 0xA0, 0x71, 0xA0, 0x71, 0xA0, 0x71, 0xA0, 0x71, 0xA0, 0x71, 0xA0, 0x71, 0xA0, 0x71,
    0xA0, 0x71, 0x60, 0xAA, 0x00, 0xCB, 0x00, 0xCB, 0x60, 0xAA, 0xA0, 0x71, 0xA0, 0x71, 0xA0, 0x71,
    0xA0, 0x71, 0xA0, 0x71, 0xA0, 0x71, 0xA0, 0x71, 0xA0, 0x71, 0x60, 0xAA, 0x00, 0xCB, 0x00, 0xCB,
    0x60, 0xAA, 0xA0, 0x71, 0xA0, 0x71, 0xA0, 0x71, 0xA0, 0x71, 0xA0, 0x71, 0xA0, 0x71, 0xA0, 0x71,
    0xA0, 0x71, 0x60, 0xAA, 0x00, 0xCB, 0x00, 0xCB, 0x60, 0xAA, 0xA0, 0x71, 0xA0, 0x71, 0xA0, 0x71,
    0xA0, 0x71, 0xA0, 0x71, 0xA0, 0x71, 0xA0, 0x71, 0xA0, 0x71, 0x60, 0xAA, 0x00, 0xCB, 0x00, 0xCB,
    0xC0, 0xBA, 0x60, 0xAA, 0x60, 0xAA, 0x60, 0xAA, 0x60, 0xA2, 0xA0, 0x79, 0xA0, 0x71, 0xA0, 0x71,
    0xA0, 0x71, 0x60, 0xAA, 0x00, 0xCB, 0x00, 0xCB, 0x00, 0xCB, 0x00, 0xCB, 0x00, 0xCB, 0x00, 0xCB,
    0xE0, 0xCA, 0xC0, 0x79, 0xA0, 0x71, 0xA0, 0x71, 0xA0, 0x71, 0x60, 0xAA, 0x00, 0xCB, 0x00, 0xCB,
    0x00, 0xCB, 0x00, 0xCB, 0x00, 0xCB, 0x00, 0xCB, 0xE0, 0xCA, 0xC0, 0x79, 0xA0, 0x71, 0xA0, 0x71,
    0xA0, 0x71, 0x00, 0x92, 0x60, 0xAA, 0x60, 0xAA, 0x60, 0xAA, 0x60, 0xAA, 0x60, 0xAA, 0x60, 0xAA,
    0x60, 0xA2, 0xA0, 0x79, 0xA0, 0x71, 0xA0, 0x71, 0xA0, 0x71, 0xA0, 0x79, 0xA0, 0x79, 0xA0, 0x71,
    0xA0, 0x71, 0xA0, 0x71, 0xA0, 0x71, 0xA0, 0x71, 0xA0, 0x71, 0xA0, 0x71, 0xA0, 0x79, 0xC0, 0x79,
    0xA0, 0x71, 0x60, 0xA2, 0xE0, 0xC2, 0xA0, 0x79, 0xA0, 0x71, 0xA0, 0x71, 0xA0, 0x71, 0xA0, 0x71,
    0xA0, 0x71, 0xA0, 0x71, 0x60, 0xA2, 0xE0, 0xCA, 0xA0, 0x71, 0x60, 0xAA, 0xE0, 0xCA, 0x60, 0xAA,
    0x00, 0x92, 0xA0, 0x71, 0xA0, 0x71, 0xA0, 0x71, 0xA0, 0x79, 0x60, 0xA2, 0xC0, 0xBA, 0x00, 0xCB,
    0xA0, 0x71, 0x60, 0xAA, 0x00, 0xCB, 0x00, 0xCB, 0x60, 0xAA, 0xA0, 0x79, 0xA0, 0x71, 0xA0, 0x79,
    0xC0, 0x81, 0xE0, 0xCA, 0x00, 0xCB, 0x00, 0xCB, 0xA0, 0x71, 0x60, 0xAA, 0x00, 0xCB, 0x00, 0xCB,
    0xE0, 0xCA, 0xE0, 0xC2, 0xA0, 0x79, 0x60, 0xA2, 0xE0, 0xCA, 0x00, 0xCB, 0x00, 0xCB, 0x00, 0xCB,
    0xA0, 0x71, 0x60, 0xAA, 0x00, 0xCB, 0x00, 0xCB, 0x00, 0xCB, 0xE0, 0xCA, 0x60, 0xAA, 0xC0, 0xBA,
    0x00, 0xCB, 0x00, 0xCB, 0x00, 0xCB, 0x00, 0xCB, 0xA0, 0x71, 0x60, 0xAA, 0x00, 0xCB, 0x00, 0xCB,
    0xE0, 0xCA, 0xE0, 0xCA, 0x00, 0xCB, 0xE0, 0xCA, 0xE0, 0xCA, 0x00, 0xCB, 0x00, 0xCB, 0x00, 0xCB,
    0xA0, 0x71, 0x60, 0xAA, 0x00, 0xCB, 0x00, 0xCB, 0x60, 0xAA, 0xC0, 0x81, 0xE0, 0xCA, 0x60, 0xAA,
    0xC0, 0x81, 0xE0, 0xCA, 0x00, 0xCB, 0x00, 0xCB, 0xA0, 0x71, 0x60, 0xAA, 0x00, 0xCB, 0x00, 0xCB,
    0x60, 0xAA, 0xA0, 0x79, 0x60, 0xA2, 0x00, 0x92, 0xC0, 0x79, 0xE0, 0xCA, 0x00, 0xCB, 0x00, 0xCB,
    0xA0, 0x71, 0x60, 0xAA, 0x00, 0xCB, 0x00, 0xCB, 0x60, 0xAA, 0xA0, 0x71, 0xA0, 0x71, 0xA0, 0x71,
    0xC0, 0x79, 0xE0, 0xCA, 0x00, 0xCB, 0x00, 0xCB, 0xA0, 0x71, 0x60, 0xAA, 0x00, 0xCB, 0x00, 0xCB,
    0x60, 0xAA, 0xA0, 0x71, 0xA0, 0x71, 0xA0, 0x71, 0xC0, 0x79, 0xE0, 0xCA, 0x00, 0xCB, 0x00, 0xCB,
    0xA0, 0x71, 0x00, 0x92, 0x60, 0xAA, 0x60, 0xAA, 0x00, 0x92, 0xA0, 0x71, 0xA0, 0x71, 0xA0, 0x71,
    0xA0, 0x79, 0x60, 0xA2, 0x60, 0xAA, 0x60, 0xAA, 0xA0, 0x71, 0xA0, 0x79, 0xC0, 0x79, 0xC0, 0x79,
    0xA0, 0x79, 0xA0, 0x71, 0xA0, 0x71, 0xA0, 0x79, 0xC0, 0x79, 0xC0, 0x79, 0xA0, 0x79, 0xA0, 0x71,
    0xA0, 0x71, 0x60, 0xA2, 0xE0, 0xCA, 0xE0, 0xCA, 0x60, 0xA2, 0xA0, 0x71, 0xA0, 0x71, 0x60, 0xA2,
    0xE0, 0xCA, 0xE0, 0xCA, 0x60, 0xA2, 0xA0, 0x71, 0xA0, 0x71, 0x60, 0xAA, 0x00, 0xCB, 0x00, 0xCB,
    0xC0, 0xBA, 0x60, 0xA2, 0xA0, 0x79, 0x60, 0xAA, 0x00, 0xCB, 0x00, 0xCB, 0x60, 0xAA, 0xA0, 0x71,
    0xA0, 0x71, 0x60, 0xAA, 0x00, 0xCB, 0x00, 0xCB, 0x00, 0xCB, 0xE0, 0xCA, 0xC0, 0x81, 0x60, 0xAA,
    0x00, 0xCB, 0x00, 0xCB, 0x60, 0xAA, 0xA0, 0x71, 0xA0, 0x71, 0x60, 0xAA, 0x00, 0xCB, 0x00, 0xCB,
    0x00, 0xCB, 0x00, 0xCB, 0xE0, 0xCA, 0xE0, 0xCA, 0x00, 0xCB, 0x00, 0xCB, 0x60, 0xAA, 0xA0, 0x71,
    0xA0, 0x71, 0x60, 0xAA, 0x00, 0xCB, 0x00, 0xCB, 0xC0, 0xBA, 0x60, 0xAA, 0xE0, 0xCA, 0x00, 0xCB,
    0x00, 0xCB, 0x00, 0xCB, 0x60, 0xAA, 0xA0, 0x71, 0xA0, 0x71, 0x60, 0xAA, 0x00, 0xCB, 0x00, 0xCB,
    0x60, 0xAA, 0xA0, 0x79, 0xE0, 0xC2, 0xE0, 0xCA, 0x00, 0xCB, 0x00, 0xCB, 0x60, 0xAA, 0xA0, 0x71,
    0xA0, 0x71, 0x60, 0xAA, 0x00, 0xCB, 0x00, 0xCB, 0x60, 0xAA, 0xA0, 0x71, 0xA0, 0x79, 0x60, 0xAA,
    0x00, 0xCB, 0x00, 0xCB, 0x60, 0xAA, 0xA0, 0x71, 0xA0, 0x71, 0x60, 0xAA, 0x00, 0xCB, 0x00, 0xCB,
    0x60, 0xAA, 0xA0, 0x71, 0xA0, 0x71, 0x60, 0xAA, 0x00, 0xCB, 0x00, 0xCB, 0x60, 0xAA, 0xA0, 0x71,
    0xA0, 0x71, 0x60, 0xAA, 0x00, 0xCB, 0x00, 0xCB, 0x60, 0xAA, 0xA0, 0x71, 0xA0, 0x71, 0x60, 0xAA,
    0x00, 0xCB, 0x00, 0xCB, 0x60, 0xAA, 0xA0, 0x71, 0xA0, 0x71, 0x60, 0xAA, 0x00, 0xCB, 0x00, 0xCB,
    0x60, 0xAA, 0xA0, 0x71, 0xA0, 0x71, 0x60, 0xAA, 0x00, 0xCB, 0x00, 0xCB, 0x60, 0xAA, 0xA0, 0x71,
    0xA0, 0x71, 0x00, 0x92, 0x60, 0xAA, 0x60, 0xAA, 0x00, 0x92, 0xA0, 0x71, 0xA0, 0x71, 0x00, 0x92,
    0x60, 0xAA, 0x60, 0xAA, 0x00, 0x92, 0xA0, 0x71, 0xA0, 0x71, 0xA0, 0x71, 0xA0, 0x71, 0xA0, 0x79,
    0xC0, 0x79, 0xC0, 0x79, 0xC0, 0x79, 0xA0, 0x79, 0xA0, 0x71, 0xA0, 0x71, 0xA0, 0x71, 0xA0, 0x71,
    0xA0, 0x71, 0xA0, 0x71, 0xA0, 0x79, 0xE0, 0xC2, 0xE0, 0xCA, 0xE0, 0xCA, 0xE0, 0xCA, 0x60, 0xA2,
    0xA0, 0x71, 0xA0, 0x71, 0xA0, 0x71, 0xA0, 0x71, 0xA0, 0x71, 0x00, 0x92, 0x60, 0xAA, 0xE0, 0xCA,
    0x00, 0xCB, 0x00, 0xCB, 0x00, 0xCB, 0xC0, 0xBA, 0x60, 0xA2, 0xA0, 0x79, 0xA0, 0x71, 0xA0, 0x71,
    0xA0, 0x71, 0x60, 0xAA, 0x00, 0xCB, 0x00, 0xCB, 0xE0, 0xCA, 0xE0, 0xCA, 0x00, 0xCB, 0x00, 0xCB,
    0xE0, 0xCA, 0xC0, 0x79, 0xA0, 0x71, 0xA0, 0x71, 0xA0, 0x71, 0x60, 0xAA, 0x00, 0xCB, 0x00, 0xCB,
    0x60, 0xAA, 0xC0, 0x81, 0xE0, 0xCA, 0x00, 0xCB, 0xE0, 0xCA, 0xC0, 0x79, 0xA0, 0x71, 0xA0, 0x71,
    0xA0, 0x71, 0x60, 0xAA, 0x00, 0xCB, 0x00, 0xCB, 0x60, 0xAA, 0xC0, 0x79, 0xE0, 0xCA, 0x00, 0xCB,
    0xE0, 0xCA, 0xC0, 0x79, 0xA0, 0x71, 0xA0, 0x71, 0xA0, 0x71, 0x60, 0xAA, 0x00, 0xCB, 0x00, 0xCB,
    0x60, 0xAA, 0xC0, 0x79, 0xE0, 0xCA, 0x00, 0xCB, 0xE0, 0xCA, 0xC0, 0x79, 0xA0, 0x71, 0xA0, 0x71,
    0xA0, 0x71, 0x60, 0xAA, 0x00, 0xCB, 0x00, 0xCB, 0x60, 0xAA, 0xC0, 0x79, 0xE0, 0xCA, 0x00, 0xCB,
    0xE0, 0xCA, 0xC0, 0x79, 0xA0, 0x71, 0xA0, 0x71, 0xA0, 0x71, 0x60, 0xAA, 0x00, 0xCB, 0x00, 0xCB,
    0xC0, 0xBA, 0x60, 0xAA, 0xE0, 0xCA, 0x00, 0xCB, 0xE0, 0xCA, 0xC0, 0x79, 0xA0, 0x71, 0xA0, 0x71,
    0xA0, 0x71, 0x60, 0xA2, 0xE0, 0xCA, 0x00, 0xCB, 0x00, 0xCB, 0x00, 0xCB, 0x00, 0xCB, 0xE0, 0xCA,
    0xE0, 0xC2, 0xA0, 0x79, 0xA0, 0x71, 0xA0, 0x71, 0xA0, 0x71, 0xA0, 0x79, 0xC0, 0x81, 0xE0, 0xCA,
    0x00, 0xCB, 0x00, 0xCB, 0x00, 0xCB, 0x60, 0xAA, 0xA0, 0x79, 0xA0, 0x71, 0xA0, 0x71, 0xA0, 0x71,
    0xA0, 0x71, 0xA0, 0x71, 0xA0, 0x79, 0x60, 0xA2, 0x60, 0xAA, 0x60, 0xAA, 0x60, 0xAA, 0x00, 0x92,
    0xA0, 0x71, 0xA0, 0x71, 0xA0, 0x71, 0xA0, 0x71, 0xA0, 0x71, 0xA0, 0x79, 0xC0, 0x79, 0xC0, 0x79,
    0xC0, 0x79, 0xC0, 0x79, 0xC0, 0x79, 0xA0, 0x79, 0xA0, 0x71, 0xA0, 0x71, 0xA0, 0x71, 0xA0, 0x71,
    0xA0, 0x71, 0x60, 0xA2, 0xE0, 0xCA, 0xE0, 0xCA, 0xE0, 0xCA, 0xE0, 0xCA, 0xE0, 0xCA, 0x60, 0xA2,
    0xA0, 0x71, 0xA0, 0x71, 0xA0, 0x71, 0xA0, 0x71, 0xA0, 0x71, 0x60, 0xAA, 0x00, 0xCB, 0x00, 0xCB,
    0x00, 0xCB, 0x00, 0xCB, 0x00, 0xCB, 0xC0, 0xBA, 0x60, 0xA2, 0xA0, 0x79, 0xA0, 0x71, 0xA0, 0x71,
    0xA0, 0x71, 0x60, 0xAA, 0x00, 0xCB, 0x00, 0xCB, 0xE0, 0xCA, 0xE0, 0xCA, 0x00, 0xCB, 0x00, 0xCB,
    0xE0, 0xCA, 0xC0, 0x79, 0xA0, 0x71, 0xA0, 0x71, 0xA0, 0x71, 0x60, 0xAA, 0x00, 0xCB, 0x00, 0xCB,
    0x60, 0xAA, 0xC0, 0x81, 0xE0, 0xCA, 0x00, 0xCB, 0xE0, 0xCA, 0xC0, 0x79, 0xA0, 0x71, 0xA0, 0x71,
    0xA0, 0x71, 0x60, 0xAA, 0x00, 0xCB, 0x00, 0xCB, 0xC0, 0xBA, 0x60, 0xAA, 0xE0, 0xCA, 0x00, 0xCB,
    0xE0, 0xCA, 0xC0, 0x79, 0xA0, 0x71, 0xA0, 0x71, 0xA0, 0x71, 0x60, 0xAA, 0x00, 0xCB, 0x00, 0xCB,
    0x00, 0xCB, 0x00, 0xCB, 0x00, 0xCB, 0xE0, 0xCA, 0xE0, 0xC2, 0xA0, 0x79, 0xA0, 0x71, 0xA0, 0x71,
    0xA0, 0x71, 0x60, 0xAA, 0x00, 0xCB, 0x00, 0xCB, 0x00, 0xCB, 0x00, 0xCB, 0x00, 0xCB, 0x60, 0xAA,
    0xA0, 0x79, 0xA0, 0x71, 0xA0, 0x71, 0xA0, 0x71, 0xA0, 0x71, 0x60, 0xAA, 0x00, 0xCB, 0x00, 0xCB,
    0xC0, 0xBA, 0x60, 0xAA, 0x60, 0xAA, 0x00, 0x92, 0xA0, 0x71, 0xA0, 0x71, 0xA0, 0x71, 0xA0, 0x71,
    0xA0, 0x71, 0x60, 0xAA, 0x00, 0xCB, 0x00, 0xCB, 0x60, 0xAA, 0xA0, 0x71, 0xA0, 0x71, 0xA0, 0x71,
    0xA0, 0x71, 0xA0, 0x71, 0xA0, 0x71, 0xA0, 0x71, 0xA0, 0x71, 0x60, 0xAA, 0x00, 0xCB, 0x00, 0xCB,
    0x60, 0xAA, 0xA0, 0x71, 0xA0, 0x71, 0xA0, 0x71, 0xA0, 0x71, 0xA0, 0x71, 0xA0, 0x71, 0xA0, 0x71,
    0xA0, 0x71, 0x00, 0x92, 0x60, 0xAA, 0x60, 0xAA, 0x00, 0x92, 0xA0, 0x71, 0xA0, 0x71, 0xA0, 0x71,
    0xA0, 0x71, 0xA0, 0x71, 0xA0, 0x71, 0xA0, 0x71, 0xA0, 0x71, 0xA0, 0x71, 0xA0, 0x71, 0xA0, 0x79,
    0xC0, 0x79, 0xC0, 0x79, 0xC0, 0x79, 0xC0, 0x79, 0xA0, 0x79, 0xA0, 0x71, 0xA0, 0x71, 0xA0, 0x71,
    0xA0, 0x71, 0xA0, 0x71, 0xA0, 0x79, 0xE0, 0xC2, 0xE0, 0xCA, 0xE0, 0xCA, 0xE0, 0xCA, 0xE0, 0xCA,
    0xE0, 0xC2, 0xA0, 0x79, 0xA0, 0x71, 0xA0, 0x71, 0xA0, 0x71, 0x00, 0x92, 0x60, 0xAA, 0xE0, 0xCA,
    0x00, 0xCB, 0x00, 0xCB, 0x00, 0xCB, 0x00, 0xCB, 0xE0, 0xCA, 0x60, 0xAA, 0x00, 0x92, 0xA0, 0x71,
    0xA0, 0x71, 0x60, 0xAA, 0x00, 0xCB, 0x00, 0xCB, 0xE0, 0xCA, 0xE0, 0xCA, 0xE0, 0xCA, 0xE0, 0xCA,
    0x00, 0xCB, 0x00, 0xCB, 0x60, 0xAA, 0xA0, 0x71, 0xA0, 0x71, 0x60, 0xAA, 0x00, 0xCB, 0x00, 0xCB,
    0x60, 0xAA, 0xC0, 0x79, 0xC0, 0x79, 0x60, 0xAA, 0x00, 0xCB, 0x00, 0xCB, 0x60, 0xAA, 0xA0, 0x71,
    0xA0, 0x71, 0x60, 0xAA, 0x00, 0xCB, 0x00, 0xCB, 0x60, 0xAA, 0xA0, 0x71, 0xA0, 0x71, 0x60, 0xAA,
    0x00, 0xCB, 0x00, 0xCB, 0x60, 0xAA, 0xA0, 0x71, 0xA0, 0x71, 0x60, 0xAA, 0x00, 0xCB, 0x00, 0xCB,
    0x60, 0xAA, 0xA0, 0x71, 0xA0, 0x71, 0x60, 0xAA, 0x00, 0xCB, 0x00, 0xCB, 0x60, 0xAA, 0xA0, 0x71,
    0xA0, 0x71, 0x60, 0xAA, 0x00, 0xCB, 0x00, 0xCB, 0x60, 0xAA, 0xA0, 0x71, 0xA0, 0x71, 0x60, 0xAA,
    0x00, 0xCB, 0x00, 0xCB, 0x60, 0xAA, 0xA0, 0x71, 0xA0, 0x71, 0x60, 0xAA, 0x00, 0xCB, 0x00, 0xCB,
    0xC0, 0xBA, 0x60, 0xAA, 0x60, 0xAA, 0xC0, 0xBA, 0x00, 0xCB, 0x00, 0xCB, 0x60, 0xAA, 0xA0, 0x71,
    0xA0, 0x71, 0x60, 0xA2, 0xE0, 0xCA, 0x00, 0xCB, 0x00, 0xCB, 0x00, 0xCB, 0x00, 0xCB, 0x00, 0xCB,
    0x00, 0xCB, 0x00, 0xCB, 0x60, 0xAA, 0xA0, 0x71, 0xA0, 0x71, 0xA0, 0x79, 0xC0, 0x81, 0xE0, 0xCA,
    0x00, 0xCB, 0x00, 0xCB, 0x00, 0xCB, 0x00, 0xCB, 0x00, 0xCB, 0x00, 0xCB, 0x60, 0xAA, 0xA0, 0x71,
    0xA0, 0x71, 0xA0, 0x71, 0xA0, 0x79, 0x60, 0xA2, 0x60, 0xAA, 0x60, 0xAA, 0x60, 0xAA, 0x60, 0xAA,
    0x60, 0xAA, 0x60, 0xAA, 0x00, 0x92, 0xA0, 0x71, 0xA0, 0x71, 0xA0, 0x79, 0xC0, 0x79, 0xC0, 0x79,
    0xC0, 0x79, 0xC0, 0x79, 0xC0, 0x79, 0xA0, 0x79, 0xA0, 0x71, 0xA0, 0x71, 0xA0, 0x71, 0xA0, 0x71,
    0xA0, 0x71, 0x60, 0xA2, 0xE0, 0xCA, 0xE0, 0xCA, 0xE0, 0xCA, 0xE0, 0xCA, 0xE0, 0xCA, 0x60, 0xA2,
    0xA0, 0x71, 0xA0, 0x71, 0xA0, 0x71, 0xA0, 0x71, 0xA0, 0x71, 0x60, 0xAA, 0x00, 0xCB, 0x00, 0xCB,
    0x00, 0xCB, 0x00, 0xCB, 0x00, 0xCB, 0xC0, 0xBA, 0x60, 0xA2, 0xA0, 0x79, 0xA0, 0x71, 0xA0, 0x71,
    0xA0, 0x71, 0x60, 0xAA, 0x00, 0xCB, 0x00, 0xCB, 0xE0, 0xCA, 0xE0, 0xCA, 0x00, 0xCB, 0x00, 0xCB,
    0xE0, 0xCA, 0xC0, 0x79, 0xA0, 0x71, 0xA0, 0x71, 0xA0, 0x71, 0x60, 0xAA, 0x00, 0xCB, 0x00, 0xCB,
    0x60, 0xAA, 0xC0, 0x81, 0xE0, 0xCA, 0x00, 0xCB, 0xE0, 0xCA, 0xC0, 0x79, 0xA0, 0x71, 0xA0, 0x71,
    0xA0, 0x71, 0x60, 0xAA, 0x00, 0xCB, 0x00, 0xCB, 0x60, 0xAA, 0xC0, 0x79, 0xE0, 0xCA, 0x00, 0xCB,
    0xE0, 0xCA, 0xC0, 0x79, 0xA0, 0x71, 0xA0, 0x71, 0xA0, 0x71, 0x60, 0xAA, 0x00, 0xCB, 0x00, 0xCB,
    0x60, 0xAA, 0xC0, 0x81, 0xE0, 0xCA, 0xE0, 0xCA, 0xE0, 0xC2, 0xA0, 0x79, 0xA0, 0x71, 0xA0, 0x71,
    0xA0, 0x71, 0x60, 0xAA, 0x00, 0xCB, 0x00, 0xCB, 0xE0, 0xCA, 0xE0, 0xCA, 0x00, 0xCB, 0x60, 0xAA,
    0xA0, 0x79, 0xA0, 0x71, 0xA0, 0x71, 0xA0, 0x71, 0xA0, 0x71, 0x60, 0xAA, 0x00, 0xCB, 0x00, 0xCB,
    0xC0, 0xBA, 0x60, 0xAA, 0xE0, 0xCA, 0xC0, 0xBA, 0x60, 0xA2, 0xA0, 0x79, 0xA0, 0x71, 0xA0, 0x71,
    0xA0, 0x71, 0x60, 0xAA, 0x00, 0xCB, 0x00, 0xCB, 0x60, 0xAA, 0xC0, 0x79, 0xE0, 0xCA, 0x00, 0xCB,
    0xE0, 0xCA, 0xC0, 0x79, 0xA0, 0x71, 0xA0, 0x71, 0xA0, 0x71, 0x60, 0xAA, 0x00, 0xCB, 0x00, 0xCB,
    0x60, 0xAA, 0xC0, 0x79, 0xE0, 0xCA, 0x00, 0xCB, 0xE0, 0xCA, 0xC0, 0x79, 0xA0, 0x71, 0xA0, 0x71,
    0xA0, 0x71, 0x00, 0x92, 0x60, 0xAA, 0x60, 0xAA, 0x00, 0x92, 0xA0, 0x79, 0x60, 0xA2, 0x60, 0xAA,
    0x60, 0xA2, 0xA0, 0x79, 0xA0, 0x71, 0xA0, 0x71, 0xA0, 0x71, 0xA0, 0x71, 0xA0, 0x71, 0xA0, 0x79,
    0xC0, 0x79, 0xC0, 0x79, 0xC0, 0x79, 0xC0, 0x79, 0xA0, 0x79, 0xA0, 0x71, 0xA0, 0x71, 0xA0, 0x71,
    0xA0, 0x71, 0xA0, 0x71, 0xA0, 0x79, 0xE0, 0xC2, 0xE0, 0xCA, 0xE0, 0xCA, 0xE0, 0xCA, 0xE0, 0xCA,
    0xE0, 0xC2, 0xA0, 0x79, 0xA0, 0x71, 0xA0, 0x71, 0xA0, 0x71, 0x00, 0x92, 0x60, 0xAA, 0xE0, 0xCA,
    0x00, 0xCB, 0x00, 0xCB, 0x00, 0xCB, 0x00, 0xCB, 0xE0, 0xCA, 0xC0, 0x79, 0xA0, 0x71, 0xA0, 0x71,
    0xA0, 0x71, 0x60, 0xAA, 0x00, 0xCB, 0x00, 0xCB, 0x00, 0xCB, 0x00, 0xCB, 0xE0, 0xCA, 0xE0, 0xCA,
    0xE0, 0xC2, 0xA0, 0x79, 0xA0, 0x71, 0xA0, 0x71, 0xA0, 0x71, 0x60, 0xAA, 0x00, 0xCB, 0x00, 0xCB,
    0x00, 0xCB, 0xE0, 0xCA, 0xC0, 0x81, 0xC0, 0x79, 0xA0, 0x79, 0xA0, 0x71, 0xA0, 0x71, 0xA0, 0x71,
    0xA0, 0x71, 0x00, 0x92, 0x60, 0xAA, 0xE0, 0xCA, 0x00, 0xCB, 0xE0, 0xCA, 0x60, 0xAA, 0x00, 0x92,
    0xA0, 0x71, 0xA0, 0x71, 0xA0, 0x71, 0xA0, 0x71, 0xA0, 0x71, 0xA0, 0x71, 0xA0, 0x79, 0xE0, 0xC2,
    0xE0, 0xCA, 0xE0, 0xCA, 0x00, 0xCB, 0x60, 0xAA, 0xA0, 0x79, 0xA0, 0x71, 0xA0, 0x71, 0xA0, 0x71,
    0xA0, 0x71, 0xA0, 0x71, 0xA0, 0x71, 0xA0, 0x79, 0xC0, 0x79, 0xC0, 0x81, 0xE0, 0xCA, 0xE0, 0xCA,
    0xE0, 0xC2, 0xA0, 0x79, 0xA0, 0x71, 0xA0, 0x71, 0xA0, 0x71, 0x00, 0x92, 0x60, 0xAA, 0x60, 0xAA,
    0x60, 0xAA, 0x60, 0xAA, 0xE0, 0xCA, 0x00, 0xCB, 0xE0, 0xCA, 0xC0, 0x79, 0xA0, 0x71, 0xA0, 0x71,
    0xA0, 0x71, 0x60, 0xAA, 0x00, 0xCB, 0x00, 0xCB, 0x00, 0xCB, 0x00, 0xCB, 0x00, 0xCB, 0xE0, 0xCA,
    0xE0, 0xC2, 0xA0, 0x79, 0xA0, 0x71, 0xA0, 0x71, 0xA0, 0x71, 0x60, 0xAA, 0x00, 0xCB, 0x00, 0xCB,
    0x00, 0xCB, 0x00, 0xCB, 0x00, 0xCB, 0x60, 0xAA, 0xA0, 0x79, 0xA0, 0x71, 0xA0, 0x71, 0xA0, 0x71,
    0xA0, 0x71, 0x00, 0x92, 0x60, 0xAA, 0x60, 0xAA, 0x60, 0xAA, 0x60, 0xAA, 0x60, 0xAA, 0x00, 0x92,
    0xA0, 0x71, 0xA0, 0x71, 0xA0, 0x71, 0xA0, 0x71, 0xA0, 0x71, 0xA0, 0x79, 0xC0, 0x79, 0xC0, 0x79,
    0xC0, 0x79, 0xC0, 0x79, 0xC0, 0x79, 0xC0, 0x79, 0xC0, 0x79, 0xC0, 0x79, 0xA0, 0x79, 0xA0, 0x71,
    0xA0, 0x71, 0x60, 0xA2, 0xE0, 0xCA, 0xE0, 0xCA, 0xE0, 0xCA, 0xE0, 0xCA, 0xE0, 0xCA, 0xE0, 0xCA,
    0xE0, 0xCA, 0xE0, 0xCA, 0x60, 0xA2, 0xA0, 0x71, 0xA0, 0x71, 0x60, 0xAA, 0x00, 0xCB, 0x00, 0xCB,
    0x00, 0xCB, 0x00, 0xCB, 0x00, 0xCB, 0x00, 0xCB, 0x00, 0xCB, 0x00, 0xCB, 0x60, 0xAA, 0xA0, 0x71,
    0xA0, 0x71, 0x60, 0xA2, 0xE0, 0xCA, 0xE0, 0xCA, 0xE0, 0xCA, 0x00, 0xCB, 0x00, 0xCB, 0xE0, 0xCA,
    0xE0, 0xCA, 0xE0, 0xCA, 0x60, 0xA2, 0xA0, 0x71, 0xA0, 0x71, 0xA0, 0x79, 0xC0, 0x79, 0xC0, 0x79,
    0x60, 0xAA, 0x00, 0xCB, 0x00, 0xCB, 0x60, 0xAA, 0xC0, 0x79, 0xC0, 0x79, 0xA0, 0x79, 0xA0, 0x71,
    0xA0, 0x71, 0xA0, 0x71, 0xA0, 0x71, 0xA0, 0x71, 0x60, 0xAA, 0x00, 0xCB, 0x00, 0xCB, 0x60, 0xAA,
    0xA0, 0x71, 0xA0, 0x71, 0xA0, 0x71, 0xA0, 0x71, 0xA0, 0x71, 0xA0, 0x71, 0xA0, 0x71, 0xA0, 0x71,
    0x60, 0xAA, 0x00, 0xCB, 0x00, 0xCB, 0x60, 0xAA, 0xA0, 0x71, 0xA0, 0x71, 0xA0, 0x71, 0xA0, 0x71,
    0xA0, 0x71, 0xA0, 0x71, 0xA0, 0x71, 0xA0, 0x71, 0x60, 0xAA, 0x00, 0xCB, 0x00, 0xCB, 0x60, 0xAA,
    0xA0, 0x71, 0xA0, 0x71, 0xA0, 0x71, 0xA0, 0x71, 0xA0, 0x71, 0xA0, 0x71, 0xA0, 0x71, 0xA0, 0x71,
    0x60, 0xAA, 0x00, 0xCB, 0x00, 0xCB, 0x60, 0xAA, 0xA0, 0x71, 0xA0, 0x71, 0xA0, 0x71, 0xA0, 0x71,
    0xA0, 0x71, 0xA0, 0x71, 0xA0, 0x71, 0xA0, 0x71, 0x60, 0xAA, 0x00, 0xCB, 0x00, 0xCB, 0x60, 0xAA,
    0xA0, 0x71, 0xA0, 0x71, 0xA0, 0x71, 0xA0, 0x71, 0xA0, 0x71, 0xA0, 0x71, 0xA0, 0x71, 0xA0, 0x71,
    0x60, 0xAA, 0x00, 0xCB, 0x00, 0xCB, 0x60, 0xAA, 0xA0, 0x71, 0xA0, 0x71, 0xA0, 0x71, 0xA0, 0x71,
    0xA0, 0x71, 0xA0, 0x71, 0xA0, 0x71, 0xA0, 0x71, 0x00, 0x92, 0x60, 0xAA, 0x60, 0xAA, 0x00, 0x92,
    0xA0, 0x71, 0xA0, 0x71, 0xA0, 0x71, 0xA0, 0x71, 0xA0, 0x71, 0xA0, 0x79, 0xC0, 0x79, 0xC0, 0x79,
    0xA0, 0x79, 0xA0, 0x71, 0xA0, 0x79, 0xC0, 0x79, 0xA0, 0x79, 0xA0, 0x71, 0xA0, 0x71, 0xA0, 0x71,
    0xA0, 0x71, 0x60, 0xA2, 0xE0, 0xCA, 0xE0, 0xCA, 0x60, 0xA2, 0xA0, 0x79, 0xE0, 0xC2, 0xE0, 0xCA,
    0xE0, 0xC2, 0xA0, 0x79, 0xA0, 0x71, 0xA0, 0x71, 0xA0, 0x71, 0x60, 0xAA, 0x00, 0xCB, 0x00, 0xCB,
    0x60, 0xAA, 0xC0, 0x79, 0xE0, 0xCA, 0x00, 0xCB, 0xE0, 0xCA, 0xC0, 0x79, 0xA0, 0x71, 0xA0, 0x71,
    0xA0, 0x71, 0x60, 0xAA, 0x00, 0xCB, 0x00, 0xCB, 0x60, 0xAA, 0xC0, 0x79, 0xE0, 0xCA, 0x00, 0xCB,
    0xE0, 0xCA, 0xC0, 0x79, 0xA0, 0x71, 0xA0, 0x71, 0xA0, 0x71, 0x60, 0xAA, 0x00, 0xCB, 0x00, 0xCB,
    0x60, 0xAA, 0xC0, 0x79, 0xE0, 0xCA, 0x00, 0xCB, 0xE0, 0xCA, 0xC0, 0x79, 0xA0, 0x71, 0xA0, 0x71,
    0xA0, 0x71, 0x60, 0xAA, 0x00, 0xCB, 0x00, 0xCB, 0x60, 0xAA, 0xC0, 0x79, 0xE0, 0xCA, 0x00, 0xCB,
    0xE0, 0xCA, 0xC0, 0x79, 0xA0, 0x71, 0xA0, 0x71, 0xA0, 0x71, 0x60, 0xAA, 0x00, 0xCB, 0x00, 0xCB,
    0x60, 0xAA, 0xC0, 0x79, 0xE0, 0xCA, 0x00, 0xCB, 0xE0, 0xCA, 0xC0, 0x79, 0xA0, 0x71, 0xA0, 0x71,
    0xA0, 0x71, 0x60, 0xAA, 0x00, 0xCB, 0x00, 0xCB, 0x60, 0xAA, 0xC0, 0x79, 0xE0, 0xCA, 0x00, 0xCB,
    0xE0, 0xCA, 0xC0, 0x79, 0xA0, 0x71, 0xA0, 0x71, 0xA0, 0x71, 0x60, 0xAA, 0x00, 0xCB, 0x00, 0xCB,
    0xC0, 0xBA, 0x60, 0xAA, 0xE0, 0xCA, 0x00, 0xCB, 0xE0, 0xCA, 0xC0, 0x79, 0xA0, 0x71, 0xA0, 0x71,
    0xA0, 0x71, 0x60, 0xAA, 0x00, 0xCB, 0x00, 0xCB, 0x00, 0xCB, 0x00, 0xCB, 0x00, 0xCB, 0x00, 0xCB,
    0xE0, 0xCA, 0xC0, 0x79, 0xA0, 0x71, 0xA0, 0x71, 0xA0, 0x71, 0x60, 0xAA, 0x00, 0xCB, 0x00, 0xCB,
    0x00, 0xCB, 0x00, 0xCB, 0x00, 0xCB, 0x00, 0xCB, 0xE0, 0xCA, 0xC0, 0x79, 0xA0, 0x71, 0xA0, 0x71,
    0xA0, 0x71, 0x00, 0x92, 0x60, 0xAA, 0x60, 0xAA, 0x60, 0xAA, 0x60, 0xAA, 0x60, 0xAA, 0x60, 0xAA,
    0x60, 0xA2, 0xA0, 0x79, 0xA0, 0x71, 0xA0, 0x71, 0xA0, 0x71, 0xA0, 0x79, 0xC0, 0x79, 0xC0, 0x79,
    0xA0, 0x79, 0xA0, 0x71, 0xA0, 0x79, 0xC0, 0x79, 0xA0, 0x79, 0xA0, 0x71, 0xA0, 0x71, 0xA0, 0x71,
    0xA0, 0x71, 0x60, 0xA2, 0xE0, 0xCA, 0xE0, 0xCA, 0x60, 0xA2, 0xA0, 0x79, 0xE0, 0xC2, 0xE0, 0xCA,
    0xE0, 0xC2, 0xA0, 0x79, 0xA0, 0x71, 0xA0, 0x71, 0xA0, 0x71, 0x60, 0xAA, 0x00, 0xCB, 0x00, 0xCB,
    0x60, 0xAA, 0xC0, 0x79, 0xE0, 0xCA, 0x00, 0xCB, 0xE0, 0xCA, 0xC0, 0x79, 0xA0, 0x71, 0xA0, 0x71,
    0xA0, 0x71, 0x60, 0xAA, 0x00, 0xCB, 0x00, 0xCB, 0x60, 0xAA, 0xC0, 0x79, 0xE0, 0xCA, 0x00, 0xCB,
    0xE0, 0xCA, 0xC0, 0x79, 0xA0, 0x71, 0xA0, 0x71, 0xA0, 0x71, 0x60, 0xAA, 0x00, 0xCB, 0x00, 0xCB,
    0x60, 0xAA, 0xC0, 0x79, 0xE0, 0xCA, 0x00, 0xCB, 0xE0, 0xCA, 0xC0, 0x79, 0xA0, 0x71, 0xA0, 0x71,
    0xA0, 0x71, 0x60, 0xAA, 0x00, 0xCB, 0x00, 0xCB, 0x60, 0xAA, 0xC0, 0x79, 0xE0, 0xCA, 0x00, 0xCB,
    0xE0, 0xCA, 0xC0, 0x79, 0xA0, 0x71, 0xA0, 0x71, 0xA0, 0x71, 0x60, 0xAA, 0x00, 0xCB, 0x00, 0xCB,
    0x60, 0xAA, 0xC0, 0x79, 0xE0, 0xCA, 0x00, 0xCB, 0xE0, 0xCA, 0xC0, 0x79, 0xA0, 0x71, 0xA0, 0x71,
    0xA0, 0x71, 0x60, 0xAA, 0x00, 0xCB, 0x00, 0xCB, 0x60, 0xAA, 0xC0, 0x79, 0xE0, 0xCA, 0x00, 0xCB,
    0xE0, 0xCA, 0xC0, 0x79, 0xA0, 0x71, 0xA0, 0x71, 0xA0, 0x71, 0x60, 0xAA, 0x00, 0xCB, 0x00, 0xCB,
    0xC0, 0xBA, 0x60, 0xAA, 0xE0, 0xCA, 0x00, 0xCB, 0xE0, 0xCA, 0xC0, 0x79, 0xA0, 0x71, 0xA0, 0x71,
    0xA0, 0x71, 0x60, 0xA2, 0xE0, 0xCA, 0x00, 0xCB, 0x00, 0xCB, 0x00, 0xCB, 0x00, 0xCB, 0xE0, 0xCA,
    0xE0, 0xC2, 0xA0, 0x79, 0xA0, 0x71, 0xA0, 0x71, 0xA0, 0x71, 0xA0, 0x79, 0xC0, 0x81, 0xE0, 0xCA,
    0x00, 0xCB, 0x00, 0xCB, 0x00, 0xCB, 0x60, 0xAA, 0xA0, 0x79, 0xA0, 0x71, 0xA0, 0x71, 0xA0, 0x71,
    0xA0, 0x71, 0xA0, 0x71, 0xA0, 0x79, 0x60, 0xA2, 0x60, 0xAA, 0x60, 0xAA, 0x60, 0xAA, 0x00, 0x92,
    0xA0, 0x71, 0xA0, 0x71, 0xA0, 0x71, 0xA0, 0x71, 0xA0, 0x71, 0xA0, 0x79, 0xC0, 0x79, 0xC0, 0x79,
    0xA0, 0x79, 0xA0, 0x71, 0xA0, 0x71, 0xA0, 0x71, 0xA0, 0x71, 0xA0, 0x79, 0xC0, 0x79, 0xC0, 0x79,
    0xA0, 0x71, 0x60, 0xA2, 0xE0, 0xCA, 0xE0, 0xCA, 0x60, 0xA2, 0xA0, 0x71, 0xA0, 0x71, 0xA0, 0x71,
    0xA0, 0x79, 0xE0, 0xC2, 0xE0, 0xCA, 0xE0, 0xCA, 0xA0, 0x71, 0x60, 0xAA, 0x00, 0xCB, 0x00, 0xCB,
    0x60, 0xAA, 0xA0, 0x71, 0xA0, 0x71, 0xA0, 0x71, 0xC0, 0x79, 0xE0, 0xCA, 0x00, 0xCB, 0x00, 0xCB,
    0xA0, 0x71, 0x60, 0xAA, 0x00, 0xCB, 0x00, 0xCB, 0x60, 0xAA, 0xA0, 0x71, 0xA0, 0x71, 0xA0, 0x71,
    0xC0, 0x79, 0xE0, 0xCA, 0x00, 0xCB, 0x00, 0xCB, 0xA0, 0x71, 0x60, 0xAA, 0x00, 0xCB, 0x00, 0xCB,
    0x60, 0xAA, 0xA0, 0x71, 0xA0, 0x71, 0xA0, 0x71, 0xC0, 0x79, 0xE0, 0xCA, 0x00, 0xCB, 0x00, 0xCB,
    0xA0, 0x71, 0x60, 0xAA, 0x00, 0xCB, 0x00, 0xCB, 0x60, 0xAA, 0xA0, 0x71, 0xA0, 0x71, 0xA0, 0x71,
    0xC0, 0x79, 0xE0, 0xCA, 0x00, 0xCB, 0x00, 0xCB, 0xA0, 0x71, 0x60, 0xAA, 0x00, 0xCB, 0x00, 0xCB,
    0x60, 0xAA, 0xA0, 0x71, 0xA0, 0x79, 0xA0, 0x79, 0xC0, 0x79, 0xE0, 0xCA, 0x00, 0xCB, 0x00, 0xCB,
    0xA0, 0x71, 0x60, 0xAA, 0x00, 0xCB, 0x00, 0xCB, 0x60, 0xAA, 0xA0, 0x79, 0xE0, 0xC2, 0x60, 0xA2,
    0xC0, 0x79, 0xE0, 0xCA, 0x00, 0xCB, 0x00, 0xCB, 0xA0, 0x71, 0x60, 0xAA, 0x00, 0xCB, 0x00, 0xCB,
    0xC0, 0xBA, 0x60, 0xAA, 0xE0, 0xCA, 0xC0, 0xBA, 0x60, 0xAA, 0xE0, 0xCA, 0x00, 0xCB, 0x00, 0xCB,
    0xA0, 0x71, 0x60, 0xA2, 0xE0, 0xCA, 0x00, 0xCB, 0x00, 0xCB, 0x00, 0xCB, 0xE0, 0xCA, 0xE0, 0xCA,
    0x00, 0xCB, 0x00, 0xCB, 0xE0, 0xCA, 0xE0, 0xCA, 0xA0, 0x71, 0xA0, 0x79, 0xC0, 0x81, 0xE0, 0xCA,
    0x00, 0xCB, 0xE0, 0xCA, 0xC0, 0x81, 0x60, 0xAA, 0x00, 0xCB, 0x00, 0xCB, 0x60, 0xAA, 0xC0, 0x79,
    0xA0, 0x71, 0xA0, 0x71, 0xA0, 0x79, 0x60, 0xA2, 0x60, 0xAA, 0x60, 0xA2, 0xA0, 0x79, 0x00, 0x92,
    0x60, 0xAA, 0x60, 0xAA, 0x00, 0x92, 0xA0, 0x71, 0xA0, 0x71, 0xA0, 0x79, 0xC0, 0x79, 0xC0, 0x79,
    0xA0, 0x79, 0xA0, 0x71, 0xA0, 0x71, 0xA0, 0x79, 0xC0, 0x79, 0xC0, 0x79, 0xA0, 0x79, 0xA0, 0x71,
    0xA0, 0x71, 0x60, 0xA2, 0xE0, 0xCA, 0xE0, 0xCA, 0x60, 0xA2, 0xA0, 0x71, 0xA0, 0x71, 0x60, 0xA2,
    0xE0, 0xCA, 0xE0, 0xCA, 0x60, 0xA2, 0xA0, 0x71, 0xA0, 0x71, 0x60, 0xAA, 0x00, 0xCB, 0x00, 0xCB,
    0x60, 0xAA, 0xA0, 0x71, 0xA0, 0x71, 0x60, 0xAA, 0x00, 0xCB, 0x00, 0xCB, 0x60, 0xAA, 0xA0, 0x71,
    0xA0, 0x71, 0x60, 0xAA, 0x00, 0xCB, 0x00, 0xCB, 0x60, 0xAA, 0xC0, 0x79, 0xC0, 0x79, 0x60, 0xAA,
    0x00, 0xCB, 0x00, 0xCB, 0x60, 0xAA, 0xA0, 0x71, 0xA0, 0x71, 0x60, 0xAA, 0x00, 0xCB, 0x00, 0xCB,
    0xE0, 0xCA, 0xE0, 0xCA, 0xE0, 0xCA, 0xE0, 0xCA, 0x00, 0xCB, 0x00, 0xCB, 0x60, 0xAA, 0xA0, 0x71,
    0xA0, 0x71, 0x00, 0x92, 0x60, 0xAA, 0x60, 0xAA, 0xC0, 0xBA, 0x00, 0xCB, 0x00, 0xCB, 0xC0, 0xBA,
    0x60, 0xAA, 0x60, 0xAA, 0x00, 0x92, 0xA0, 0x71, 0xA0, 0x71, 0xA0, 0x79, 0xC0, 0x79, 0xC0, 0x79,
    0x60, 0xAA, 0x00, 0xCB, 0x00, 0xCB, 0x60, 0xAA, 0xC0, 0x79, 0xC0, 0x79, 0xA0, 0x79, 0xA0, 0x71,
    0xA0, 0x71, 0x60, 0xA2, 0xE0, 0xCA, 0xE0, 0xCA, 0xE0, 0xCA, 0x00, 0xCB, 0x00, 0xCB, 0xE0, 0xCA,
    0xE0, 0xCA, 0xE0, 0xCA, 0x60, 0xA2, 0xA0, 0x71, 0xA0, 0x71, 0x60, 0xAA, 0x00, 0xCB, 0x00, 0xCB,
    0xC0, 0xBA, 0x60, 0xAA, 0x60, 0xAA, 0xC0, 0xBA, 0x00, 0xCB, 0x00, 0xCB, 0x60, 0xAA, 0xA0, 0x71,
    0xA0, 0x71, 0x60, 0xAA, 0x00, 0xCB, 0x00, 0xCB, 0x60, 0xAA, 0xA0, 0x71, 0xA0, 0x71, 0x60, 0xAA,
    0x00, 0xCB, 0x00, 0xCB, 0x60, 0xAA, 0xA0, 0x71, 0xA0, 0x71, 0x60, 0xAA, 0x00, 0xCB, 0x00, 0xCB,
    0x60, 0xAA, 0xA0, 0x71, 0xA0, 0x71, 0x60, 0xAA, 0x00, 0xCB, 0x00, 0xCB, 0x60, 0xAA, 0xA0, 0x71,
    0xA0, 0x71, 0x00, 0x92, 0x60, 0xAA, 0x60, 0xAA, 0x00, 0x92, 0xA0, 0x71, 0xA0, 0x71, 0x00, 0x92,
    0x60, 0xAA, 0x60, 0xAA, 0x00, 0x92, 0xA0, 0x71, 0xA0, 0x71, 0xA0, 0x79, 0xC0, 0x79, 0xC0, 0x79,
    0xA0, 0x79, 0xA0, 0x71, 0xA0, 0x71, 0xA0, 0x79, 0xC0, 0x79, 0xC0, 0x79, 0xA0, 0x79, 0xA0, 0x71,
    0xA0, 0x71, 0x60, 0xA2, 0xE0, 0xCA, 0xE0, 0xCA, 0x60, 0xA2, 0xA0, 0x71, 0xA0, 0x71, 0x60, 0xA2,
    0xE0, 0xCA, 0xE0, 0xCA, 0x60, 0xA2, 0xA0, 0x71, 0xA0, 0x71, 0x60, 0xAA, 0x00, 0xCB, 0x00, 0xCB,
    0x60, 0xAA, 0xA0, 0x71, 0xA0, 0x71, 0x60, 0xAA, 0x00, 0xCB, 0x00, 0xCB, 0x60, 0xAA, 0xA0, 0x71,
    0xA0, 0x71, 0x60, 0xAA, 0x00, 0xCB, 0x00, 0xCB, 0x60, 0xAA, 0xC0, 0x79, 0xC0, 0x79, 0x60, 0xAA,
    0x00, 0xCB, 0x00, 0xCB, 0x60, 0xAA, 0xA0, 0x71, 0xA0, 0x71, 0x60, 0xAA, 0x00, 0xCB, 0x00, 0xCB,
    0xE0, 0xCA, 0xE0, 0xCA, 0xE0, 0xCA, 0xE0, 0xCA, 0x00, 0xCB, 0x00, 0xCB, 0x60, 0xAA, 0xA0, 0x71,
    0xA0, 0x71, 0x00, 0x92, 0x60, 0xAA, 0xE0, 0xCA, 0x00, 0xCB, 0x00, 0xCB, 0x00, 0xCB, 0x00, 0xCB,
    0xE0, 0xCA, 0x60, 0xAA, 0x00, 0x92, 0xA0, 0x71, 0xA0, 0x71, 0xA0, 0x71, 0xA0, 0x79, 0xE0, 0xC2,
    0xE0, 0xCA, 0x00, 0xCB, 0x00, 0xCB, 0xE0, 0xCA, 0xE0, 0xC2, 0xA0, 0x79, 0xA0, 0x71, 0xA0, 0x71,
    0xA0, 0x71, 0xA0, 0x71, 0xA0, 0x71, 0xA0, 0x79, 0x60, 0xAA, 0x00, 0xCB, 0x00, 0xCB, 0x60, 0xAA,
    0xA0, 0x79, 0xA0, 0x71, 0xA0, 0x71, 0xA0, 0x71, 0xA0, 0x71, 0xA0, 0x71, 0xA0, 0x71, 0xA0, 0x71,
    0x60, 0xAA, 0x00, 0xCB, 0x00, 0xCB, 0x60, 0xAA, 0xA0, 0x71, 0xA0, 0x71, 0xA0, 0x71, 0xA0, 0x71,
    0xA0, 0x71, 0xA0, 0x71, 0xA0, 0x71, 0xA0, 0x71, 0x60, 0xAA, 0x00, 0xCB, 0x00, 0xCB, 0x60, 0xAA,
    0xA0, 0x71, 0xA0, 0x71, 0xA0, 0x71, 0xA0, 0x71, 0xA0, 0x71, 0xA0, 0x71, 0xA0, 0x71, 0xA0, 0x71,
    0x60, 0xAA, 0x00, 0xCB, 0x00, 0xCB, 0x60, 0xAA, 0xA0, 0x71, 0xA0, 0x71, 0xA0, 0x71, 0xA0, 0x71,
    0xA0, 0x71, 0xA0, 0x71, 0xA0, 0x71, 0xA0, 0x71, 0x00, 0x92, 0x60, 0xAA, 0x60, 0xAA, 0x00, 0x92,
    0xA0, 0x71, 0xA0, 0x71, 0xA0, 0x71, 0xA0, 0x71, 0xA0, 0x71, 0xA0, 0x79, 0xC0, 0x79, 0xC0, 0x79,
    0xC0, 0x79, 0xC0, 0x79, 0xC0, 0x79, 0xC0, 0x79, 0xA0, 0x79, 0xA0, 0x71, 0xA0, 0x71, 0xA0, 0x71,
    0xA0, 0x71, 0x60, 0xA2, 0xE0, 0xCA, 0xE0, 0xCA, 0xE0, 0xCA, 0xE0, 0xCA, 0xE0, 0xCA, 0xE0, 0xCA,
    0xE0, 0xC2, 0xA0, 0x79, 0xA0, 0x71, 0xA0, 0x71, 0xA0, 0x71, 0x60, 0xAA, 0x00, 0xCB, 0x00, 0xCB,
    0x00, 0xCB, 0x00, 0xCB, 0x00, 0xCB, 0x00, 0xCB, 0xE0, 0xCA, 0xC0, 0x79, 0xA0, 0x71, 0xA0, 0x71,
    0xA0, 0x71, 0x60, 0xA2, 0xE0, 0xCA, 0xE0, 0xCA, 0xE0, 0xCA, 0xE0, 0xCA, 0x00, 0xCB, 0x00, 0xCB,
    0xE0, 0xCA, 0xC0, 0x79, 0xA0, 0x71, 0xA0, 0x71, 0xA0, 0x71, 0xA0, 0x79, 0xC0, 0x79, 0xC0, 0x79,
    0xC0, 0x79, 0xC0, 0x81, 0xE0, 0xCA, 0x00, 0xCB, 0xE0, 0xCA, 0xC0, 0x79, 0xA0, 0x71, 0xA0, 0x71,
    0xA0, 0x71, 0xA0, 0x71, 0xA0, 0x71, 0xA0, 0x71, 0x00, 0x92, 0x60, 0xAA, 0xE0, 0xCA, 0xC0, 0xBA,
    0x60, 0xA2, 0xA0, 0x79, 0xA0, 0x71, 0xA0, 0x71, 0xA0, 0x71, 0xA0, 0x71, 0xA0, 0x71, 0xA0, 0x79,
    0x60, 0xAA, 0x00, 0xCB, 0xE0, 0xCA, 0x60, 0xA2, 0xA0, 0x71, 0xA0, 0x71, 0xA0, 0x71, 0xA0, 0x71,
    0xA0, 0x71, 0xA0, 0x71, 0xA0, 0x79, 0xE0, 0xC2, 0xE0, 0xCA, 0xE0, 0xCA, 0xC0, 0x81, 0xA0, 0x79,
    0xA0, 0x71, 0xA0, 0x71, 0xA0, 0x71, 0xA0, 0x71, 0xA0, 0x71, 0x00, 0x92, 0x60, 0xAA, 0xE0, 0xCA,
    0x00, 0xCB, 0xE0, 0xCA, 0x60, 0xAA, 0x60, 0xAA, 0x60, 0xA2, 0xA0, 0x79, 0xA0, 0x71, 0xA0, 0x71,
    0xA0, 0x71, 0x60, 0xAA, 0x00, 0xCB, 0x00, 0xCB, 0x00, 0xCB, 0x00, 0xCB, 0x00, 0xCB, 0x00, 0xCB,
    0xE0, 0xCA, 0xC0, 0x79, 0xA0, 0x71, 0xA0, 0x71, 0xA0, 0x71, 0x60, 0xAA, 0x00, 0xCB, 0x00, 0xCB,
    0x00, 0xCB, 0x00, 0xCB, 0x00, 0xCB, 0x00, 0xCB, 0xE0, 0xCA, 0xC0, 0x79, 0xA0, 0x71, 0xA0, 0x71,
    0xA0, 0x71, 0x00, 0x92, 0x60, 0xAA, 0x60, 0xAA, 0x60, 0xAA, 0x60, 0xAA, 0x60, 0xAA, 0x60, 0xAA,
    0x60, 0xA2, 0xA0, 0x79, 0xA0, 0x71, 0xA0, 0x71, 0xA0, 0x71, 0xA0, 0x71, 0xA0, 0x71, 0xA0, 0x71,
    0xA0, 0x71, 0xA0, 0x71, 0xA0, 0x71, 0xA0, 0x71, 0xA0, 0x71, 0xA0, 0x71, 0xA0, 0x71, 0xA0, 0x71,
    0xA0, 0x71, 0xA0, 0x71, 0xA0, 0x71, 0xA0, 0x71, 0xA0, 0x71, 0xA0, 0x71, 0xA0, 0x71, 0xA0, 0x71,
    0xA0, 0x71, 0xA0, 0x71, 0xA0, 0x71, 0xA0, 0x71, 0xA0, 0x71, 0xA0, 0x71, 0xA0, 0x79, 0x60, 0xA2,
    0x60, 0xAA, 0x60, 0xA2, 0xA0, 0x79, 0xA0, 0x71, 0xA0, 0x71, 0xA0, 0x71, 0xA0, 0x71, 0xA0, 0x71,
    0xA0, 0x71, 0xA0, 0x71, 0xC0, 0x79, 0xE0, 0xCA, 0x00, 0xCB, 0xE0, 0xCA, 0xC0, 0x79, 0xA0, 0x71,
    0xA0, 0x71, 0xA0, 0x71, 0xA0, 0x71, 0xA0, 0x71, 0xA0, 0x71, 0xA0, 0x71, 0xC0, 0x79, 0xE0, 0xCA,
    0x00, 0xCB, 0xE0, 0xCA, 0xC0, 0x79, 0xA0, 0x71, 0xA0, 0x71, 0xA0, 0x71, 0xA0, 0x71, 0xA0, 0x71,
    0xA0, 0x71, 0xA0, 0x71, 0xA0, 0x79, 0x60, 0xA2, 0x60, 0xAA, 0x60, 0xA2, 0xA0, 0x79, 0xA0, 0x71,
    0xA0, 0x71, 0xA0, 0x71, 0xA0, 0x71, 0xA0, 0x71, 0xA0, 0x71, 0xA0, 0x71, 0xA0, 0x71, 0xA0, 0x79,
    0xC0, 0x79, 0xA0, 0x79, 0xA0, 0x71, 0xA0, 0x71, 0xA0, 0x71, 0xA0, 0x71, 0xA0, 0x71, 0xA0, 0x71,
    0xA0, 0x71, 0xA0, 0x71, 0xA0, 0x79, 0xE0, 0xC2, 0xE0, 0xCA, 0xE0, 0xC2, 0xA0, 0x79, 0xA0, 0x71,
    0xA0, 0x71, 0xA0, 0x71, 0xA0, 0x71, 0xA0, 0x71, 0xA0, 0x71, 0xA0, 0x71, 0xC0, 0x79, 0xE0, 0xCA,
    0x00, 0xCB, 0xE0, 0xCA, 0xC0, 0x79, 0xA0, 0x71, 0xA0, 0x71, 0xA0, 0x71, 0xA0, 0x71, 0xA0, 0x71,
    0xA0, 0x71, 0xA0, 0x71, 0xA0, 0x79, 0xE0, 0xC2, 0xE0, 0xCA, 0xE0, 0xC2, 0xA0, 0x79, 0xA0, 0x71,
    0xA0, 0x71, 0xA0, 0x71, 0xA0, 0x71, 0xA0, 0x71, 0xA0, 0x71, 0xA0, 0x71, 0xA0, 0x71, 0xA0, 0x79,
    0xC0, 0x79, 0xA0, 0x79, 0xA0, 0x71, 0xA0, 0x71, 0xA0, 0x71, 0xA0, 0x71, 0xA0, 0x71, 0xA0, 0x71,
    0xA0, 0x71, 0xA0, 0x71, 0xA0, 0x71, 0xA0, 0x71, 0xA0, 0x71, 0xA0, 0x71, 0xA0, 0x71, 0xA0, 0x71,
    0xA0, 0x71, 0xA0, 0x71, 0xA0, 0x71, 0xA0, 0x71, 0xA0, 0x71, 0xA0, 0x71, 0xA0, 0x71, 0xA0, 0x79,
    0xC0, 0x79, 0xC0, 0x79, 0xC0, 0x79, 0xC0, 0x79, 0xA0, 0x79, 0xA0, 0x71, 0xA0, 0x71, 0xA0, 0x71,
    0xA0, 0x71, 0xA0, 0x71, 0xA0, 0x79, 0xE0, 0xC2, 0xE0, 0xCA, 0xE0, 0xCA, 0xE0, 0xCA, 0xE0, 0xCA,
    0xE0, 0xC2, 0xA0, 0x79, 0xA0, 0x71, 0xA0, 0x71, 0xA0, 0x71, 0x00, 0x92, 0x60, 0xAA, 0x60, 0xAA,
    0x60, 0xAA, 0x60, 0xAA, 0x60, 0xAA, 0xC0, 0xBA, 0xE0, 0xCA, 0x60, 0xAA, 0x00, 0x92, 0xA0, 0x71,
    0xA0, 0x71, 0x60, 0xAA, 0xE0, 0xCA, 0xC0, 0x79, 0xA0, 0x79, 0xC0, 0x79, 0xC0, 0x79, 0x60, 0xAA,
    0xE0, 0xCA, 0x00, 0xCB, 0x60, 0xAA, 0xA0, 0x71, 0xA0, 0x71, 0x60, 0xAA, 0xE0, 0xCA, 0xC0, 0x79,
    0x60, 0xA2, 0xE0, 0xCA, 0xE0, 0xCA, 0x60, 0xAA, 0xC0, 0x81, 0xE0, 0xCA, 0x60, 0xAA, 0xA0, 0x71,
    0xA0, 0x71, 0x60, 0xAA, 0xE0, 0xCA, 0xC0, 0x79, 0x00, 0x92, 0x60, 0xAA, 0x60, 0xAA, 0x60, 0xAA,
    0x60, 0xAA, 0xE0, 0xCA, 0x60, 0xAA, 0xA0, 0x71, 0xA0, 0x71, 0x60, 0xAA, 0xE0, 0xCA, 0xC0, 0x79,
    0xA0, 0x79, 0xC0, 0x79, 0xC0, 0x79, 0x60, 0xAA, 0xE0, 0xCA, 0x00, 0xCB, 0x60, 0xAA, 0xA0, 0x71,
    0xA0, 0x71, 0x60, 0xAA, 0xE0, 0xCA, 0xC0, 0x79, 0x60, 0xA2, 0xE0, 0xCA, 0xE0, 0xCA, 0x60, 0xAA,
    0xC0, 0x81, 0xE0, 0xCA, 0x60, 0xAA, 0xA0, 0x71, 0xA0, 0x71, 0x60, 0xAA, 0xE0, 0xCA, 0xC0, 0x79,
    0x00, 0x92, 0x60, 0xAA, 0x60, 0xAA, 0x60, 0xAA, 0x60, 0xAA, 0xE0, 0xCA, 0x60, 0xAA, 0xA0, 0x71,
    0xA0, 0x71, 0x60, 0xA2, 0xE0, 0xC2, 0xC0, 0x81, 0xC0, 0x79, 0xC0, 0x79, 0xC0, 0x79, 0x60, 0xAA,
    0x00, 0xCB, 0xE0, 0xCA, 0x60, 0xA2, 0xA0, 0x71, 0xA0, 0x71, 0xA0, 0x79, 0xC0, 0x81, 0xE0, 0xC2,
    0xE0, 0xCA, 0xE0, 0xCA, 0xE0, 0xCA, 0xE0, 0xCA, 0xE0, 0xCA, 0xC0, 0x81, 0xA0, 0x79, 0xA0, 0x71,
    0xA0, 0x71, 0xA0, 0x71, 0xA0, 0x79, 0x60, 0xA2, 0x60, 0xAA, 0x60, 0xAA, 0x60, 0xAA, 0x60, 0xAA,
    0x60, 0xA2, 0xA0, 0x79, 0xA0, 0x71, 0xA0, 0x71, 0xA0, 0x71, 0xA0, 0x71, 0xA0, 0x71, 0xA0, 0x71,
    0xA0, 0x71, 0xA0, 0x71, 0xA0, 0x79, 0xA0, 0x79, 0xA0, 0x71, 0xA0, 0x71, 0xA0, 0x71, 0xA0, 0x71,
    0xA0, 0x71, 0xA0, 0x71, 0xA0, 0x71, 0xA0, 0x71, 0xA0, 0x71, 0xA0, 0x79, 0xE0, 0xC2, 0x60, 0xA2,
    0xA0, 0x71, 0xA0, 0x71, 0xA0, 0x71, 0xA0, 0x71, 0xA0, 0x71, 0xA0, 0x71, 0xA0, 0x71, 0xA0, 0x71,
    0xA0, 0x71, 0xA0, 0x79, 0x60, 0xA2, 0x60, 0xAA, 0x60, 0xA2, 0xA0, 0x79, 0xA0, 0x71, 0xA0, 0x71,
    0xC0, 0x79, 0xC0, 0x79, 0xC0, 0x79, 0xC0, 0x79, 0xC0, 0x79, 0xA0, 0x79, 0xA0, 0x71, 0x60, 0xA2,
    0xE0, 0xC2, 0xC0, 0x81, 0xA0, 0x79, 0xA0, 0x71, 0xE0, 0xCA, 0xE0, 0xCA, 0xE0, 0xCA, 0xE0, 0xCA,
    0xE0, 0xCA, 0xE0, 0xC2, 0xA0, 0x79, 0xA0, 0x79, 0xC0, 0x81, 0xE0, 0xC2, 0x60, 0xA2, 0xA0, 0x71,
    0x60, 0xAA, 0x60, 0xAA, 0x60, 0xAA, 0x60, 0xAA, 0x60, 0xAA, 0x60, 0xA2, 0xA0, 0x79, 0xA0, 0x71,
    0xA0, 0x79, 0x60, 0xA2, 0x60, 0xAA, 0x60, 0xAA, 0xA0, 0x71, 0xA0, 0x71, 0xA0, 0x71, 0xA0, 0x71,
    0xA0, 0x71, 0xA0, 0x71, 0xA0, 0x71, 0xA0, 0x71, 0xA0, 0x71, 0xA0, 0x71, 0x60, 0xAA, 0x00, 0xCB,
    0xA0, 0x71, 0xA0, 0x71, 0xA0, 0x71, 0xA0, 0x71, 0xA0, 0x71, 0xA0, 0x71, 0xA0, 0x71, 0xA0, 0x71,
    0xA0, 0x71, 0xA0, 0x71, 0x60, 0xAA, 0x00, 0xCB, 0x60, 0xAA, 0x60, 0xAA, 0x60, 0xAA, 0x60, 0xAA,
    0x60, 0xAA, 0x60, 0xA2, 0xA0, 0x79, 0xA0, 0x71, 0xA0, 0x79, 0x60, 0xA2, 0x60, 0xAA, 0x60, 0xAA,
    0xE0, 0xCA, 0xE0, 0xCA, 0xE0, 0xCA, 0xE0, 0xCA, 0xE0, 0xCA, 0xE0, 0xC2, 0xA0, 0x79, 0xA0, 0x79,
    0xC0, 0x81, 0xE0, 0xC2, 0x60, 0xA2, 0xA0, 0x71, 0xC0, 0x79, 0xC0, 0x79, 0xC0, 0x79, 0xC0, 0x79,
    0xC0, 0x79, 0xA0, 0x79, 0xA0, 0x71, 0x60, 0xA2, 0xE0, 0xC2, 0xC0, 0x81, 0xA0, 0x79, 0xA0, 0x71,
    0xA0, 0x71, 0xA0, 0x71, 0xA0, 0x71, 0xA0, 0x71, 0xA0, 0x71, 0xA0, 0x79, 0x60, 0xA2, 0x60, 0xAA,
    0x60, 0xA2, 0xA0, 0x79, 0xA0, 0x71, 0xA0, 0x71, 0xA0, 0x71, 0xA0, 0x71, 0xA0, 0x71, 0xA0, 0x79,
    0xC0, 0x79, 0xC0, 0x81, 0xE0, 0xCA, 0x60, 0xAA, 0xA0, 0x79, 0xA0, 0x71, 0xA0, 0x71, 0xA0, 0x71,
    0xA0, 0x71, 0xA0, 0x71, 0xA0, 0x79, 0xE0, 0xC2, 0xE0, 0xCA, 0xE0, 0xCA, 0x00, 0xCB, 0xE0, 0xCA,
    0xE0, 0xC2, 0xA0, 0x79, 0xA0, 0x71, 0xA0, 0x71, 0xA0, 0x71, 0x00, 0x92, 0x60, 0xAA, 0xE0, 0xCA,
    0xC0, 0xBA, 0x60, 0xAA, 0x60, 0xAA, 0xC0, 0xBA, 0xE0, 0xCA, 0x60, 0xAA, 0x00, 0x92, 0xA0, 0x71,
    0xA0, 0x71, 0x60, 0xAA, 0x00, 0xCB, 0xE0, 0xCA, 0x60, 0xAA, 0xC0, 0x79, 0xC0, 0x79, 0x60, 0xAA,
    0xE0, 0xCA, 0x00, 0xCB, 0x60, 0xAA, 0xA0, 0x71, 0xA0, 0x71, 0x60, 0xAA, 0xE0, 0xCA, 0xC0, 0x81,
    0x60, 0xAA, 0xE0, 0xCA, 0xE0, 0xCA, 0x60, 0xAA, 0xC0, 0x81, 0xE0, 0xCA, 0x60, 0xAA, 0xA0, 0x71,
    0xA0, 0x71, 0x60, 0xAA, 0xE0, 0xCA, 0xC0, 0x79, 0x00, 0x92, 0x60, 0xAA, 0x60, 0xAA, 0x00, 0x92,
    0xC0, 0x79, 0xE0, 0xCA, 0x60, 0xAA, 0xA0, 0x71, 0xA0, 0x71, 0x60, 0xAA, 0xE0, 0xCA, 0xC0, 0x79,
    0xA0, 0x79, 0xC0, 0x79, 0xC0, 0x79, 0xA0, 0x79, 0xC0, 0x79, 0xE0, 0xCA, 0x60, 0xAA, 0xA0, 0x71,
    0xA0, 0x71, 0x60, 0xAA, 0xE0, 0xCA, 0xC0, 0x79, 0x60, 0xA2, 0xE0, 0xCA, 0xE0, 0xCA, 0x60, 0xA2,
    0xC0, 0x79, 0xE0, 0xCA, 0x60, 0xAA, 0xA0, 0x71, 0xA0, 0x71, 0x60, 0xAA, 0xE0, 0xCA, 0xC0, 0x79,
    0x60, 0xAA, 0x00, 0xCB, 0x00, 0xCB, 0x60, 0xAA, 0xC0, 0x79, 0xE0, 0xCA, 0x60, 0xAA, 0xA0, 0x71,
    0xA0, 0x71, 0x60, 0xA2, 0xE0, 0xC2, 0xC0, 0x81, 0x60, 0xAA, 0x00, 0xCB, 0x00, 0xCB, 0x60, 0xAA,
    0xC0, 0x81, 0xE0, 0xC2, 0x60, 0xA2, 0xA0, 0x71, 0xA0, 0x71, 0xA0, 0x79, 0xC0, 0x81, 0xE0, 0xC2,
    0xE0, 0xCA, 0x00, 0xCB, 0x00, 0xCB, 0xE0, 0xCA, 0xE0, 0xC2, 0xC0, 0x81, 0xA0, 0x79, 0xA0, 0x71,
    0xA0, 0x71, 0xA0, 0x71, 0xA0, 0x79, 0x60, 0xA2, 0x60, 0xAA, 0x60, 0xAA, 0x60, 0xAA, 0x60, 0xAA,
    0x60, 0xA2, 0xA0, 0x79, 0xA0, 0x71, 0xA0, 0x71, 0xE4, 0x79, 0x25, 0x7A, 0x25, 0x7A, 0x25, 0x7A,
    0x25, 0x7A, 0x25, 0x7A, 0x25, 0x7A, 0x25, 0x7A, 0x25, 0x7A, 0x25, 0x7A, 0x25, 0x7A, 0xE3, 0x79,
    0xF7, 0xC5, 0xF7, 0xBD, 0xF7, 0xBD, 0xF7, 0xBD, 0xF7, 0xBD, 0xF7, 0xBD, 0xF7, 0xBD, 0xF7, 0xBD,
    0xF7, 0xBD, 0xF7, 0xBD, 0xF7, 0xBD, 0xD2, 0xB4, 0x18, 0xC6, 0x8E, 0x73, 0x2C, 0x63, 0x2C, 0x63,
    0x2C, 0x63, 0x4C, 0x6B, 0x4C, 0x6B, 0x2C, 0x63, 0x2C, 0x63, 0x2C, 0x63, 0xD3, 0x9C, 0xF3, 0x9C,
    0x18, 0xC6, 0x2C, 0x63, 0x08, 0x42, 0x08, 0x42, 0x68, 0x52, 0x6C, 0xC5, 0x6C, 0xC5, 0x68, 0x52,
    0x08, 0x42, 0x08, 0x42, 0xD3, 0x9C, 0xF3, 0x9C, 0x18, 0xC6, 0x2C, 0x63, 0x08, 0x42, 0x48, 0x52,
    0x4A, 0xC5, 0x4E, 0xE6, 0x4E, 0xE6, 0x4A, 0xC5, 0x48, 0x52, 0x08, 0x42, 0xD3, 0x9C, 0xF3, 0x9C,
    0x18, 0xC6, 0x2C, 0x63, 0x27, 0x42, 0x08, 0xC5, 0x2B, 0xE6, 0x4E, 0xE6, 0x4E, 0xE6, 0x2B, 0xE6,
    0x08, 0xC5, 0x27, 0x42, 0xD3, 0x9C, 0xF3, 0x9C, 0x18, 0xC6, 0x2C, 0x63, 0x27, 0x4A, 0x87, 0xAC,
    0x8B, 0xCD, 0x4E, 0xE6, 0x4E, 0xE6, 0x8B, 0xCD, 0x87, 0xAC, 0x27, 0x4A, 0xD3, 0x9C, 0xF3, 0x9C,
    0x18, 0xC6, 0x2C, 0x63, 0x08, 0x42, 0x08, 0x42, 0xAA, 0xAC, 0x4E, 0xE6, 0x4E, 0xE6, 0xAA, 0xAC,
    0x08, 0x42, 0x08, 0x42, 0xD3, 0x9C, 0xF3, 0x9C, 0x18, 0xC6, 0x2C, 0x63, 0xE7, 0x39, 0xE7, 0x39,
    0x8A, 0xAC, 0x2D, 0xE6, 0x2D, 0xE6, 0x8A, 0xAC, 0xE7, 0x39, 0xE7, 0x39, 0xD3, 0x9C, 0xF3, 0x9C,
    0x18, 0xC6, 0xD3, 0x9C, 0xD3, 0x9C, 0xD3, 0x9C, 0xD3, 0x9C, 0xF3, 0x9C, 0xF3, 0x9C, 0xD3, 0x9C,
    0xD3, 0x9C, 0xB2, 0x9C, 0xD7, 0xBD, 0xF3, 0x9C, 0xB2, 0x94, 0xD3, 0x9C, 0xD3, 0x9C, 0xF3, 0x9C,
    0x51, 0x8C, 0x30, 0x84, 0x30, 0x84, 0x51, 0x8C, 0xD3, 0x9C, 0x2D, 0xC3, 0xD3, 0x9C, 0x6D, 0x73,
    0xA2, 0x71, 0x62, 0x51, 0x44, 0x39, 0x0C, 0x63, 0xF3, 0x9C, 0x75, 0xAD, 0x34, 0xA5, 0x92, 0x94,
    0xEB, 0x62, 0x84, 0x51, 0x02, 0x31, 0x01, 0x41, 0xE4, 0xC2, 0x29, 0xA3, 0x30, 0x8C, 0x75, 0xB5,
    0x38, 0xC6, 0xBA, 0xD6, 0x79, 0xCE, 0xF7, 0xBD, 0x34, 0xA5, 0x0F, 0x94, 0x68, 0x72, 0xC3, 0x71,
    0xF7, 0xC5, 0xF7, 0xC5, 0xF7, 0xBD, 0xF7, 0xBD, 0x18, 0xC6, 0x18, 0xC6, 0x18, 0xC6, 0x18, 0xC6,
    0xF7, 0xBD, 0xF7, 0xBD, 0xF7, 0xBD, 0xD2, 0xB4, 0x18, 0xC6, 0x8E, 0x73, 0x2C, 0x63, 0x2C, 0x63,
    0x2C, 0x63, 0x4C, 0x6B, 0x4C, 0x6B, 0x2C, 0x63, 0x2C, 0x63, 0x2C, 0x63, 0xD3, 0x9C, 0xF3, 0x9C,
    0x18, 0xC6, 0x2C, 0x63, 0x08, 0x42, 0x08, 0x42, 0x08, 0x42, 0x67, 0xA4, 0x07, 0xC5, 0x68, 0x52,
    0x08, 0x42, 0x08, 0x42, 0xD3, 0x9C, 0xF3, 0x9C, 0x18, 0xC6, 0x2C, 0x63, 0x28, 0x42, 0x69, 0xA4,
    0x69, 0xA4, 0x6A, 0xC5, 0x2B, 0xE6, 0x4A, 0xC5, 0x68, 0x52, 0x08, 0x42, 0xD3, 0x9C, 0xF3, 0x9C,
    0x18, 0xC6, 0x2C, 0x63, 0x68, 0x52, 0x2E, 0xE6, 0x4E, 0xE6, 0x4E, 0xE6, 0x4E, 0xE6, 0x4E, 0xE6,
    0x6C, 0xC5, 0x28, 0x4A, 0xD3, 0x9C, 0xF3, 0x9C, 0x18, 0xC6, 0x2C, 0x63, 0x68, 0x52, 0x2E, 0xE6,
    0x4E, 0xE6, 0x4E, 0xE6, 0x4E, 0xE6, 0x4E, 0xE6, 0x8D, 0xCD, 0x28, 0x4A, 0xD3, 0x9C, 0xF3, 0x9C,
    0x18, 0xC6, 0x2C, 0x63, 0x28, 0x4A, 0xEA, 0xB4, 0xEB, 0xB4, 0x8B, 0xCD, 0x2B, 0xE6, 0x6B, 0xCD,
    0x68, 0x52, 0x08, 0x42, 0xD3, 0x9C, 0xF3, 0x9C, 0x18, 0xC6, 0x2C, 0x63, 0xE7, 0x39, 0xE7, 0x39,
    0xE7, 0x39, 0x47, 0xA4, 0x28, 0xC5, 0x48, 0x4A, 0xE7, 0x39, 0xE7, 0x39, 0xD3, 0x9C, 0xF3, 0x9C,
    0x18, 0xC6, 0xD3, 0x9C, 0xD3, 0x9C, 0xD3, 0x9C, 0xD3, 0x9C, 0xD3, 0x9C, 0xD3, 0x9C, 0xD3, 0x9C,
    0xD3, 0x9C, 0xB2, 0x9C, 0xD7, 0xBD, 0xF3, 0x9C, 0xB2, 0x94, 0xD3, 0x9C, 0xD3, 0x9C, 0xF3, 0x9C,
    0x51, 0x8C, 0x30, 0x84, 0x30, 0x84, 0x51, 0x8C, 0xD3, 0x9C, 0x2D, 0xC3, 0xD3, 0x9C, 0x6D, 0x73,
    0xA2, 0x71, 0x62, 0x51, 0x44, 0x39, 0x0C, 0x63, 0xF3, 0x9C, 0x75, 0xAD, 0x34, 0xA5, 0x92, 0x94,
    0xEB, 0x62, 0x84, 0x51, 0x02, 0x31, 0xE1, 0x40, 0xE4, 0xC2, 0x29, 0xA3, 0x30, 0x8C, 0x75, 0xB5,
    0x38, 0xC6, 0xBA, 0xD6, 0x79, 0xCE, 0xF7, 0xBD, 0x34, 0xA5, 0x0F, 0x94, 0x68, 0x72, 0xC3, 0x71,
    0xF7, 0xC5, 0xF7, 0xC5, 0xF7, 0xBD, 0xF7, 0xBD, 0x18, 0xC6, 0x18, 0xC6, 0x18, 0xC6, 0x18, 0xC6,
    0xF7, 0xBD, 0xF7, 0xBD, 0xF7, 0xBD, 0xD2, 0xB4, 0x18, 0xC6, 0x8E, 0x73, 0x2C, 0x63, 0x2C, 0x63,
    0x4C, 0x6B, 0x6C, 0x73, 0x6C, 0x73, 0x4C, 0x6B, 0x2C, 0x63, 0x2C, 0x63, 0xD3, 0x9C, 0xF3, 0x9C,
    0x18, 0xC6, 0x2C, 0x63, 0x08, 0x42, 0x08, 0x42, 0xAA, 0xAC, 0x2E, 0xE6, 0x2E, 0xE6, 0xAA, 0xAC,
    0x08, 0x42, 0x08, 0x42, 0xD3, 0x9C, 0xF3, 0x9C, 0x18, 0xC6, 0x2C, 0x63, 0x08, 0x42, 0x08, 0x42,
    0xAA, 0xAC, 0x4E, 0xE6, 0x4E, 0xE6, 0xAA, 0xAC, 0x08, 0x42, 0x08, 0x42, 0xD3, 0x9C, 0xF3, 0x9C,
    0x18, 0xC6, 0x2C, 0x63, 0x27, 0x42, 0x07, 0x9C, 0x6A, 0xC5, 0x4E, 0xE6, 0x4E, 0xE6, 0x6A, 0xC5,
    0x07, 0x9C, 0x27, 0x42, 0xD3, 0x9C, 0xF3, 0x9C, 0x18, 0xC6, 0x2C, 0x63, 0x27, 0x4A, 0x27, 0xC5,
    0x2B, 0xE6, 0x4E, 0xE6, 0x4E, 0xE6, 0x2B, 0xE6, 0x27, 0xC5, 0x27, 0x4A, 0xD3, 0x9C, 0xF3, 0x9C,
    0x18, 0xC6, 0x2C, 0x63, 0x08, 0x42, 0x48, 0x52, 0x6B, 0xCD, 0x4E, 0xE6, 0x4E, 0xE6, 0x6B, 0xCD,
    0x48, 0x52, 0x08, 0x42, 0xD3, 0x9C, 0xF3, 0x9C, 0x18, 0xC6, 0x2C, 0x63, 0xE7, 0x39, 0xE7, 0x39,
    0x48, 0x4A, 0x8D, 0xCD, 0x8D, 0xCD, 0x48, 0x4A, 0xE7, 0x39, 0xE7, 0x39, 0xD3, 0x9C, 0xF3, 0x9C,
    0x18, 0xC6, 0xD3, 0x9C, 0xD3, 0x9C, 0xD3, 0x9C, 0xD3, 0x9C, 0xD3, 0x9C, 0xD3, 0x9C, 0xD3, 0x9C,
    0xD3, 0x9C, 0xB2, 0x9C, 0xD7, 0xBD, 0xF3, 0x9C, 0xB2, 0x94, 0xD3, 0x9C, 0xD3, 0x9C, 0xF3, 0x9C,
    0x51, 0x8C, 0x30, 0x84, 0x30, 0x84, 0x51, 0x8C, 0xD3, 0x9C, 0x2D, 0xC3, 0xD3, 0x9C, 0x6D, 0x73,
    0xA2, 0x71, 0x62, 0x51, 0x44, 0x39, 0x0C, 0x63, 0xF3, 0x9C, 0x75, 0xAD, 0x34, 0xA5, 0x92, 0x94,
    0xEB, 0x62, 0x84, 0x51, 0x02, 0x31, 0xE1, 0x40, 0xE4, 0xC2, 0x29, 0xA3, 0x30, 0x8C, 0x75, 0xB5,
    0x38, 0xC6, 0xBA, 0xD6, 0x79, 0xCE, 0xF7, 0xBD, 0x34, 0xA5, 0x0F, 0x94, 0x68, 0x72, 0xC3, 0x71,
    0xF7, 0xC5, 0xF7, 0xC5, 0xF7, 0xBD, 0xF7, 0xBD, 0x18, 0xC6, 0x18, 0xC6, 0x18, 0xC6, 0x18, 0xC6,
    0xF7, 0xBD, 0xF7, 0xBD, 0xF7, 0xBD, 0xD2, 0xB4, 0x18, 0xC6, 0x8E, 0x73, 0x2C, 0x63, 0x2C, 0x63,
    0x2C, 0x63, 0x4C, 0x6B, 0x4C, 0x6B, 0x2C, 0x63, 0x2C, 0x63, 0x2C, 0x63, 0xD3, 0x9C, 0xF3, 0x9C,
    0x18, 0xC6, 0x2C, 0x63, 0x08, 0x42, 0x08, 0x42, 0x68, 0x52, 0x07, 0xC5, 0x67, 0xA4, 0x08, 0x42,
    0x08, 0x42, 0x08, 0x42, 0xD3, 0x9C, 0xF3, 0x9C, 0x18, 0xC6, 0x2C, 0x63, 0x08, 0x42, 0x68, 0x52,
    0x4A, 0xC5, 0x2B, 0xE6, 0x6A, 0xC5, 0x69, 0xA4, 0x69, 0xA4, 0x28, 0x42, 0xD3, 0x9C, 0xF3, 0x9C,
    0x18, 0xC6, 0x2C, 0x63, 0x28, 0x4A, 0x6C, 0xC5, 0x4E, 0xE6, 0x4E, 0xE6, 0x4E, 0xE6, 0x4E, 0xE6,
    0x2E, 0xE6, 0x68, 0x52, 0xD3, 0x9C, 0xF3, 0x9C, 0x18, 0xC6, 0x2C, 0x63, 0x28, 0x4A, 0x8D, 0xCD,
    0x4E, 0xE6, 0x4E, 0xE6, 0x4E, 0xE6, 0x4E, 0xE6, 0x2E, 0xE6, 0x68, 0x52, 0xD3, 0x9C, 0xF3, 0x9C,
    0x18, 0xC6, 0x2C, 0x63, 0x08, 0x42, 0x68, 0x52, 0x6B, 0xCD, 0x2B, 0xE6, 0x8B, 0xCD, 0xEB, 0xB4,
    0xEA, 0xB4, 0x28, 0x4A, 0xD3, 0x9C, 0xF3, 0x9C, 0x18, 0xC6, 0x2C, 0x63, 0xE7, 0x39, 0xE7, 0x39,
    0x48, 0x4A, 0x28, 0xC5, 0x47, 0xA4, 0xE7, 0x39, 0xE7, 0x39, 0xE7, 0x39, 0xD3, 0x9C, 0xF3, 0x9C,
    0x18, 0xC6, 0xD3, 0x9C, 0xD3, 0x9C, 0xD3, 0x9C, 0xD3, 0x9C, 0xD3, 0x9C, 0xD3, 0x9C, 0xD3, 0x9C,
    0xD3, 0x9C, 0xB2, 0x9C, 0xD7, 0xBD, 0xF3, 0x9C, 0xB2, 0x9C, 0xD3, 0x9C, 0xD3, 0x9C, 0xF3, 0x9C,
    0x51, 0x8C, 0x30, 0x84, 0x30, 0x84, 0x51, 0x8C, 0xD3, 0x9C, 0x2D, 0xC3, 0xD3, 0x9C, 0x6D, 0x73,
    0xC2, 0x79, 0x62, 0x51, 0x44, 0x39, 0x0C, 0x63, 0xF3, 0x9C, 0x75, 0xAD, 0x34, 0xA5, 0x92, 0x94,
    0xEB, 0x62, 0x84, 0x51, 0x02, 0x31, 0xE1, 0x40, 0xC0, 0xBA, 0xC7, 0xA2, 0x0F, 0x8C, 0x55, 0xAD,
    0x18, 0xC6, 0x9A, 0xD6, 0x59, 0xCE, 0xD6, 0xBD, 0x14, 0xA5, 0xCE, 0x8B, 0x06, 0x6A, 0x80, 0x71,
    0xC0, 0x79, 0xC1, 0x79, 0xE3, 0x79, 0x04, 0xCB, 0x24, 0xCB, 0x25, 0xCB, 0x24, 0xCB, 0x24, 0xCB,
    0x03, 0xC3, 0xE2, 0x79, 0xA1, 0x71, 0xA0, 0x71, 0xA0, 0x71, 0x00, 0x92, 0x60, 0xAA, 0xE0, 0xCA,
    0xC0, 0xBA, 0x60, 0xAA, 0xE0, 0xCA, 0x00, 0xCB, 0xE0, 0xCA, 0x60, 0xAA, 0x00, 0x92, 0xA0, 0x71,
    0xA0, 0x71, 0x60, 0xAA, 0x00, 0xCB, 0xE0, 0xCA, 0x60, 0xA2, 0xC0, 0x79, 0xE0, 0xCA, 0x00, 0xCB,
    0x00, 0xCB, 0x00, 0xCB, 0x60, 0xAA, 0xA0, 0x71, 0xA0, 0x71, 0x60, 0xAA, 0xE0, 0xCA, 0xC0, 0x81,
    0xA0, 0x79, 0xC0, 0x79, 0xE0, 0xCA, 0x00, 0xCB, 0x00, 0xCB, 0x00, 0xCB, 0x60, 0xAA, 0xA0, 0x71,
    0xA0, 0x71, 0x60, 0xAA, 0xE0, 0xCA, 0x60, 0xAA, 0x00, 0x92, 0xC0, 0x79, 0xE0, 0xCA, 0x00, 0xCB,
    0x00, 0xCB, 0x00, 0xCB, 0x60, 0xAA, 0xA0, 0x71, 0xA0, 0x71, 0x60, 0xAA, 0x00, 0xCB, 0x00, 0xCB,
    0x60, 0xAA, 0xC0, 0x79, 0xE0, 0xCA, 0x00, 0xCB, 0x00, 0xCB, 0x00, 0xCB, 0x60, 0xAA, 0xA0, 0x71,
    0xA0, 0x71, 0x60, 0xAA, 0x00, 0xCB, 0x00, 0xCB, 0x60, 0xAA, 0xC0, 0x79, 0xE0, 0xCA, 0x00, 0xCB,
    0x00, 0xCB, 0x00, 0xCB, 0x60, 0xAA, 0xA0, 0x71, 0xA0, 0x71, 0x60, 0xAA, 0xE0, 0xCA, 0x60, 0xAA,
    0x00, 0x92, 0xA0, 0x79, 0x60, 0xA2, 0xC0, 0xBA, 0x00, 0xCB, 0x00, 0xCB, 0x60, 0xAA, 0xA0, 0x71,
    0xA0, 0x71, 0x60, 0xA2, 0xE0, 0xC2, 0xC0, 0x81, 0xC0, 0x79, 0xC0, 0x79, 0xC0, 0x79, 0x60, 0xAA,
    0x00, 0xCB, 0xE0, 0xCA, 0x60, 0xA2, 0xA0, 0x71, 0xA0, 0x71, 0xA0, 0x79, 0xC0, 0x81, 0xE0, 0xC2,
    0xE0, 0xCA, 0xE0, 0xCA, 0xE0, 0xCA, 0xE0, 0xCA, 0xE0, 0xCA, 0xC0, 0x81, 0xA0, 0x79, 0xA0, 0x71,
    0xA0, 0x71, 0xA0, 0x71, 0xA0, 0x79, 0x60, 0xA2, 0x60, 0xAA, 0x60, 0xAA, 0x60, 0xAA, 0x60, 0xAA,
    0x60, 0xA2, 0xA0, 0x79, 0xA0, 0x71, 0xA0, 0x71, 0xA0, 0x71, 0xA0, 0x71, 0xA0, 0x71, 0xA0, 0x79,
    0xC0, 0x79, 0xC0, 0x79, 0xC0, 0x79, 0xC0, 0x79, 0xA0, 0x79, 0xA0, 0x71, 0xA0, 0x71, 0xA0, 0x71,
    0xA0, 0x71, 0xA0, 0x71, 0xA0, 0x79, 0xE0, 0xC2, 0xE0, 0xCA, 0xE0, 0xCA, 0xE0, 0xCA, 0xE0, 0xCA,
    0xE0, 0xC2, 0xA0, 0x79, 0xA0, 0x71, 0xA0, 0x71, 0xA0, 0x71, 0x00, 0x92, 0x60, 0xAA, 0x60, 0xAA,
    0x60, 0xAA, 0x60, 0xAA, 0xE0, 0xCA, 0x00, 0xCB, 0xE0, 0xCA, 0x60, 0xAA, 0x00, 0x92, 0xA0, 0x71,
    0xA0, 0x71, 0x60, 0xAA, 0xE0, 0xCA, 0xC0, 0x81, 0xC0, 0x79, 0xC0, 0x81, 0xE0, 0xC2, 0xE0, 0xCA,
    0x00, 0xCB, 0x00, 0xCB, 0x60, 0xAA, 0xA0, 0x71, 0xA0, 0x71, 0x60, 0xAA, 0x00, 0xCB, 0xE0, 0xCA,
    0xE0, 0xCA, 0xE0, 0xC2, 0xC0, 0x81, 0x60, 0xAA, 0x00, 0xCB, 0x00, 0xCB, 0x60, 0xAA, 0xA0, 0x71,
    0xA0, 0x71, 0x60, 0xAA, 0x00, 0xCB, 0x00, 0xCB, 0xC0, 0xBA, 0x60, 0xAA, 0x60, 0xAA, 0xC0, 0xBA,
    0x00, 0xCB, 0x00, 0xCB, 0x60, 0xAA, 0xA0, 0x71, 0xA0, 0x71, 0x60, 0xAA, 0x00, 0xCB, 0xE0, 0xCA,
    0x60, 0xAA, 0xC0, 0x81, 0xE0, 0xCA, 0x00, 0xCB, 0x00, 0xCB, 0x00, 0xCB, 0x60, 0xAA, 0xA0, 0x71,
    0xA0, 0x71, 0x60, 0xAA, 0xE0, 0xCA, 0xC0, 0x81, 0x60, 0xAA, 0xE0, 0xCA, 0x00, 0xCB, 0x00, 0xCB,
    0x00, 0xCB, 0x00, 0xCB, 0x60, 0xAA, 0xA0, 0x71, 0xA0, 0x71, 0x60, 0xAA, 0xE0, 0xCA, 0xC0, 0x79,
    0x00, 0x92, 0x60, 0xAA, 0x60, 0xAA, 0xC0, 0xBA, 0x00, 0xCB, 0x00, 0xCB, 0x60, 0xAA, 0xA0, 0x71,
    0xA0, 0x71, 0x60, 0xA2, 0xE0, 0xC2, 0xC0, 0x81, 0xC0, 0x79, 0xC0, 0x79, 0xC0, 0x79, 0x60, 0xAA,
    0x00, 0xCB, 0xE0, 0xCA, 0x60, 0xA2, 0xA0, 0x71, 0xA0, 0x71, 0xA0, 0x79, 0xC0, 0x81, 0xE0, 0xC2,
    0xE0, 0xCA, 0xE0, 0xCA, 0xE0, 0xCA, 0xE0, 0xCA, 0xE0, 0xCA, 0xC0, 0x81, 0xA0, 0x79, 0xA0, 0x71,
    0xA0, 0x71, 0xA0, 0x71, 0xA0, 0x79, 0x60, 0xA2, 0x60, 0xAA, 0x60, 0xAA, 0x60, 0xAA, 0x60, 0xAA,
    0x60, 0xA2, 0xA0, 0x79, 0xA0, 0x71, 0xA0, 0x71, 0xA0, 0x71, 0xA0, 0x71, 0xA0, 0x71, 0xA0, 0x71,
    0xA0, 0x71, 0xA0, 0x71, 0xA0, 0x71, 0xA0, 0x71, 0xA0, 0x71, 0xA0, 0x71, 0xA0, 0x71, 0xA0, 0x71,
    0xA0, 0x71, 0xA0, 0x71, 0xA0, 0x71, 0xA0, 0x71, 0xA0, 0x71, 0xA0, 0x71, 0xA0, 0x71, 0xA0, 0x71,
    0xA0, 0x71, 0xA0, 0x71, 0xA0, 0x71, 0xA0, 0x71, 0xA0, 0x71, 0xA0, 0x71, 0xA0, 0x71, 0xA0, 0x71,
    0xA0, 0x71, 0xA0, 0x71, 0xA0, 0x71, 0xA0, 0x71, 0xA0, 0x71, 0xA0, 0x71, 0xA0, 0x71, 0xA0, 0x71,
    0xA0, 0x71, 0xA0, 0x71, 0xA0, 0x71, 0xA0, 0x71, 0xA0, 0x71, 0xA0, 0x71, 0xA0, 0x71, 0xA0, 0x71,
    0xA0, 0x71, 0xA0, 0x71, 0xA0, 0x71, 0xA0, 0x71, 0xA0, 0x71, 0xA0, 0x71, 0xA0, 0x71, 0xA0, 0x71,
    0xA0, 0x71, 0xA0, 0x71, 0xA0, 0x71, 0xA0, 0x71, 0xA0, 0x71, 0xA0, 0x71, 0xA0, 0x71, 0xA0, 0x71,
    0xA0, 0x71, 0xA0, 0x71, 0xA0, 0x71, 0xA0, 0x71, 0xA0, 0x71, 0xA0, 0x71, 0xA0, 0x71, 0xA0, 0x71,
    0xA0, 0x71, 0xA0, 0x71, 0xA0, 0x71, 0xA0, 0x71, 0xA0, 0x71, 0xA0, 0x71, 0xA0, 0x71, 0xA0, 0x71,
    0xA0, 0x71, 0xA0, 0x71, 0xA0, 0x71, 0xA0, 0x71, 0xA0, 0x71, 0xA0, 0x71, 0xA0, 0x71, 0xA0, 0x71,
    0xA0, 0x71, 0xA0, 0x71, 0xA0, 0x71, 0xA0, 0x71, 0xA0, 0x71, 0xA0, 0x71, 0xA0, 0x71, 0xA0, 0x71,
    0xA0, 0x71, 0xA0, 0x71, 0xA0, 0x71, 0xA0, 0x71, 0xA0, 0x71, 0xA0, 0x71, 0xA0, 0x71, 0xA0, 0x71,
    0xA0, 0x71, 0xA0, 0x71, 0xA0, 0x71, 0xA0, 0x71, 0xA0, 0x71, 0xA0, 0x71, 0xA0, 0x71, 0xA0, 0x71,
    0xA0, 0x71, 0xA0, 0x71, 0xA0, 0x71, 0xA0, 0x71, 0xA0, 0x71, 0xA0, 0x71, 0xA0, 0x71, 0xA0, 0x71,
    0xA0, 0x71, 0xA0, 0x71, 0xA0, 0x71, 0xA0, 0x71, 0xA0, 0x71, 0xA0, 0x71, 0xA0, 0x71, 0xA0, 0x71,
    0xA0, 0x71, 0xA0, 0x71, 0xA0, 0x71, 0xA0, 0x71, 0xA0, 0x71, 0xA0, 0x71, 0xA0, 0x71, 0xA0, 0x71,
    0xA0, 0x71, 0xA0, 0x71, 0xA0, 0x71, 0xA0, 0x71, 0xA0, 0x71, 0xA0, 0x71, 0xA0, 0x71, 0xA0, 0x71,
    0xA0, 0x71, 0xA0, 0x71, 0xA0, 0x71, 0xA0, 0x71, 0xA0, 0x71, 0xA0, 0x71, 0xA0, 0x71, 0xA0, 0x71,
    0xA0, 0x71, 0xA0, 0x71, 0xA0, 0x71, 0xA0, 0x71, 0xA0, 0x71, 0xA0, 0x71, 0xA0, 0x71, 0xA0, 0x71,
    0xA0, 0x71, 0xA0, 0x71, 0xA0, 0x71, 0xA0, 0x71, 0xA0, 0x71, 0xA0, 0x71, 0xA0, 0x71, 0xA0, 0x71,
    0xA0, 0x71, 0xA0, 0x71, 0xA0, 0x71, 0xA0, 0x71, 0xA0, 0x71, 0xA0, 0x71, 0xA0, 0x71, 0xA0, 0x71,
    0xA0, 0x71, 0xA0, 0x71, 0xA0, 0x71, 0xA0, 0x71, 0xA0, 0x71, 0xA0, 0x71, 0xA0, 0x71, 0xA0, 0x71,
    0xA0, 0x71, 0xA0, 0x71, 0xA0, 0x71, 0xA0, 0x71, 0xA0, 0x71, 0xA0, 0x71, 0xA0, 0x71, 0xA0, 0x71,
    0xA0, 0x71, 0xA0, 0x71, 0xA0, 0x71, 0xA0, 0x71, 0xA0, 0x71, 0xA0, 0x71, 0xA0, 0x71, 0xA0, 0x71,
    0xA0, 0x71, 0xA0, 0x71, 0xA0, 0x71, 0xA0, 0x71, 0xA0, 0x71, 0xA0, 0x71, 0xA0, 0x71, 0xA0, 0x71,
    0xA0, 0x71, 0xA0, 0x71, 0xA0, 0x71, 0xA0, 0x71, 0xA0, 0x71, 0xA0, 0x71, 0xA0, 0x71, 0xA0, 0x71,
    0xA0, 0x71, 0xA0, 0x71, 0xA0, 0x71, 0xA0, 0x71, 0xA0, 0x71, 0xA0, 0x71, 0xA0, 0x71, 0xA0, 0x71,
    0xA0, 0x71, 0xA0, 0x71, 0xA0, 0x71, 0xA0, 0x71, 0xA0, 0x71, 0xA0, 0x71, 0xA0, 0x71, 0xA0, 0x71,
    0xA0, 0x71, 0xA0, 0x71, 0xA0, 0x71, 0xA0, 0x71, 0xA0, 0x71, 0xA0, 0x71, 0xA0, 0x71, 0xA0, 0x71,
    0xA0, 0x71, 0xA0, 0x71, 0xA0, 0x71, 0xA0, 0x71, 0xA0, 0x71, 0xA0, 0x71, 0xA0, 0x71, 0xA0, 0x71,
    0xA0, 0x71, 0xA0, 0x71, 0xA0, 0x71, 0xA0, 0x71, 0xA0, 0x71, 0xA0, 0x71, 0xA0, 0x71, 0xA0, 0x71,
    0xA0, 0x71, 0xA0, 0x71, 0xA0, 0x71, 0xA0, 0x71, 0xA0, 0x71, 0xA0, 0x71, 0xA0, 0x71, 0xA0, 0x71,
    0xA0, 0x71, 0xA0, 0x71, 0xA0, 0x71, 0xA0, 0x71, 0xA0, 0x71, 0xA0, 0x71, 0xA0, 0x71, 0xA0, 0x71,
    0xA0, 0x71, 0xA0, 0x71, 0xA0, 0x71, 0xA0, 0x71, 0xA0, 0x71, 0xA0, 0x71, 0xA0, 0x71, 0xA0, 0x71,
    0xA0, 0x71, 0xA0, 0x71, 0xA0, 0x71, 0xA0, 0x71, 0xA0, 0x71, 0xA0, 0x71, 0xA0, 0x71, 0xA0, 0x71,
    0xA0, 0x71, 0xA0, 0x71, 0xA0, 0x71, 0xA0, 0x71, 0xA0, 0x71, 0xA0, 0x71, 0xA0, 0x71, 0xA0, 0x71,
    0xA0, 0x71, 0xA0, 0x71, 0xA0, 0x71, 0xA0, 0x71, 0xA0, 0x71, 0xA0, 0x71, 0xA0, 0x71, 0xA0, 0x71,
    0x95, 0xFE, 0x11, 0xFE, 0x67, 0xB3, 0x60, 0x69, 0xE0, 0xCA, 0xF3, 0xF5, 0x11, 0xFE, 0xCC, 0xE4,
    0x1F, 0xF8, 0x1F, 0xF8, 0x1F, 0xF8, 0x1F, 0xF8, 0x11, 0xFE, 0xC6, 0xFC, 0xE0, 0x81, 0x40, 0x9A,
    0x20, 0x9A, 0x90, 0xE5, 0xE6, 0xFC, 0x43, 0xBB, 0x1F, 0xF8, 0x1F, 0xF8, 0x1F, 0xF8, 0x1F, 0xF8,
    0x67, 0xB3, 0xE0, 0x81, 0x60, 0x69, 0x40, 0x9A, 0x20, 0x9A, 0x67, 0xBB, 0xE0, 0x81, 0xC0, 0x79,
    0x1F, 0xF8, 0x1F, 0xF8, 0x1F, 0xF8, 0x1F, 0xF8, 0x60, 0x69, 0x40, 0x9A, 0x40, 0x9A, 0xA0, 0x79,
    0xE0, 0xCA, 0x20, 0x9A, 0xE0, 0x81, 0x80, 0xAA, 0x1F, 0xF8, 0x1F, 0xF8, 0x1F, 0xF8, 0x1F, 0xF8,
    0xE0, 0xCA, 0x20, 0x9A, 0x20, 0x9A, 0xE0, 0xCA, 0xC0, 0x79, 0xA0, 0xB2, 0xA0, 0xB2, 0xA0, 0x79,
    0x1F, 0xF8, 0x1F, 0xF8, 0x1F, 0xF8, 0x1F, 0xF8, 0x87, 0xF4, 0x25, 0xE4, 0xC1, 0xAA, 0x20, 0x9A,
    0xA0, 0xB2, 0x30, 0xDD, 0x90, 0xED, 0x8C, 0xD4, 0x1F, 0xF8, 0x1F, 0xF8, 0x1F, 0xF8, 0x1F, 0xF8,
    0x85, 0xFC, 0xA0, 0xF3, 0x60, 0x69, 0xE0, 0x81, 0xA0, 0xB2, 0x90, 0xED, 0x07, 0xFD, 0x63, 0xC3,
    0x1F, 0xF8, 0x1F, 0xF8, 0x1F, 0xF8, 0x1F, 0xF8, 0xA4, 0xD3, 0x81, 0xAA, 0x81, 0x69, 0xA2, 0xB2,
    0xE2, 0x81, 0x8C, 0xD4, 0x64, 0xC3, 0xA3, 0x9A, 0x1F, 0xF8, 0x1F, 0xF8, 0x1F, 0xF8, 0x1F, 0xF8,
    0xED, 0xEC, 0xCC, 0xE4, 0xCC, 0xE4, 0xAC, 0xDC, 0xAC, 0xDC, 0xCC, 0xE4, 0xCC, 0xE4, 0xA9, 0xB3,
    0x1F, 0xF8, 0x1F, 0xF8, 0x1F, 0xF8, 0x1F, 0xF8, 0xEC, 0xE4, 0xC3, 0xD3, 0xC3, 0xD3, 0xE4, 0xDB,
    0xE4, 0xDB, 0xC3, 0xD3, 0xC3, 0xD3, 0xC2, 0xA2, 0x1F, 0xF8, 0x1F, 0xF8, 0x1F, 0xF8, 0x1F, 0xF8,
    0xC7, 0x8A, 0x80, 0x69, 0x80, 0x69, 0x60, 0x61, 0x80, 0x69, 0x80, 0x69, 0x80, 0x69, 0x60, 0x69,
    0x1F, 0xF8, 0x1F, 0xF8, 0x1F, 0xF8, 0x1F, 0xF8, 0x60, 0x69, 0x40, 0x9A, 0x40, 0x9A, 0x80, 0x69,
    0x80, 0xAA, 0xE0, 0x81, 0xE0, 0x81, 0x80, 0xAA, 0x1F, 0xF8, 0x1F, 0xF8, 0x1F, 0xF8, 0x1F, 0xF8,
    0xE0, 0xCA, 0x20, 0x9A, 0x20, 0x9A, 0xE0, 0xCA, 0xC0, 0x79, 0xA0, 0xB2, 0xA0, 0xB2, 0xA0, 0x79,
    0x1F, 0xF8, 0x1F, 0xF8, 0x1F, 0xF8, 0x1F, 0xF8, 0xF3, 0xF5, 0x90, 0xE5, 0x67, 0xBB, 0x20, 0x9A,
    0xA0, 0xB2, 0x30, 0xDD, 0x90, 0xED, 0x8C, 0xD4, 0x1F, 0xF8, 0x1F, 0xF8, 0x1F, 0xF8, 0x1F, 0xF8,
    0x11, 0xFE, 0xE6, 0xFC, 0xE0, 0x81, 0xE0, 0x81, 0xA0, 0xB2, 0x90, 0xED, 0x07, 0xFD, 0x63, 0xC3,
    0x1F, 0xF8, 0x1F, 0xF8, 0x1F, 0xF8, 0x1F, 0xF8, 0xED, 0xE4, 0x84, 0xC3, 0xE1, 0x79, 0x80, 0xAA,
    0xC0, 0x79, 0x8C, 0xD4, 0x64, 0xC3, 0xA3, 0x9A, 0x1F, 0xF8, 0x1F, 0xF8, 0x1F, 0xF8, 0x1F, 0xF8,
    0x94, 0xFE, 0xF0, 0xFD, 0x47, 0xAB, 0x80, 0x69, 0xE0, 0xCA, 0xAC, 0xE4, 0xCC, 0xE4, 0xA9, 0xB3,
    0x1F, 0xF8, 0x1F, 0xF8, 0x1F, 0xF8, 0x1F, 0xF8, 0x11, 0xFE, 0xC6, 0xFC, 0xE0, 0x81, 0x40, 0x9A,
    0x20, 0x9A, 0x6B, 0xD4, 0xC4, 0xD3, 0xC2, 0xA2, 0x1F, 0xF8, 0x1F, 0xF8, 0x1F, 0xF8, 0x1F, 0xF8,
    0x67, 0xB3, 0xE0, 0x81, 0x60, 0x69, 0x40, 0x9A, 0x20, 0x9A, 0x6B, 0xD4, 0xC4, 0xD3, 0xC2, 0xA2,
    0x1F, 0xF8, 0x1F, 0xF8, 0x1F, 0xF8, 0x1F, 0xF8, 0x60, 0x69, 0x40, 0x9A, 0x40, 0x9A, 0xA0, 0x79,
    0xE0, 0xCA, 0x8C, 0xDC, 0x04, 0xDC, 0x61, 0x92, 0x1F, 0xF8, 0x1F, 0xF8, 0x1F, 0xF8, 0x1F, 0xF8,
    0xE0, 0xCA, 0x20, 0x9A, 0x20, 0x9A, 0xE0, 0xCA, 0xC0, 0x79, 0x6C, 0xCC, 0x04, 0xDC, 0x61, 0x92,
    0x1F, 0xF8, 0x1F, 0xF8, 0x1F, 0xF8, 0x1F, 0xF8, 0xF3, 0xF5, 0x90, 0xE5, 0x67, 0xBB, 0x20, 0x9A,
    0xA0, 0xB2, 0x8B, 0xDC, 0xC4, 0xD3, 0xC2, 0xA2, 0x1F, 0xF8, 0x1F, 0xF8, 0x1F, 0xF8, 0x1F, 0xF8,
    0x11, 0xFE, 0xE6, 0xFC, 0xE0, 0x81, 0xE0, 0x81, 0xA0, 0xB2, 0x8B, 0xDC, 0xC4, 0xD3, 0xC2, 0xA2,
    0x1F, 0xF8, 0x1F, 0xF8, 0x1F, 0xF8, 0x1F, 0xF8, 0xED, 0xE4, 0x84, 0xC3, 0x03, 0x82, 0xC3, 0xB2,
    0x03, 0x82, 0xEA, 0xB3, 0x04, 0xAB, 0x02, 0x82, 0x1F, 0xF8, 0x1F, 0xF8, 0x1F, 0xF8, 0x1F, 0xF8,
    0x94, 0xFE, 0xF0, 0xFD, 0xF0, 0xFD, 0xF0, 0xFD, 0xF0, 0xFD, 0xF0, 0xFD, 0xF0, 0xFD, 0xAC, 0xDC,
    0x1F, 0xF8, 0x1F, 0xF8, 0x1F, 0xF8, 0x1F, 0xF8, 0x11, 0xFE, 0xC6, 0xFC, 0xC6, 0xFC, 0xC6, 0xFC,
    0xC6, 0xFC, 0xE6, 0xFC, 0xE6, 0xFC, 0x63, 0xBB, 0x1F, 0xF8, 0x1F, 0xF8, 0x1F, 0xF8, 0x1F, 0xF8,
    0x67, 0xB3, 0xE0, 0x81, 0xE0, 0x81, 0xE0, 0x81, 0xE0, 0x81, 0x8B, 0xD4, 0xE6, 0xFC, 0x63, 0xBB,
    0x1F, 0xF8, 0x1F, 0xF8, 0x1F, 0xF8, 0x1F, 0xF8, 0x60, 0x69, 0x40, 0x9A, 0x40, 0x9A, 0x80, 0x69,
    0x80, 0xAA, 0x90, 0xED, 0xE7, 0xFC, 0x63, 0xBB, 0x1F, 0xF8, 0x1F, 0xF8, 0x1F, 0xF8, 0x1F, 0xF8,
    0xE0, 0xCA, 0x20, 0x9A, 0x20, 0x9A, 0xE0, 0xCA, 0xC0, 0x79, 0x2F, 0xDD, 0x45, 0xE4, 0xE2, 0xAA,
    0x1F, 0xF8, 0x1F, 0xF8, 0x1F, 0xF8, 0x1F, 0xF8, 0xF3, 0xF5, 0x90, 0xE5, 0x67, 0xBB, 0x20, 0x9A,
    0xA0, 0xB2, 0x26, 0xE4, 0x25, 0xE4, 0x63, 0xC3, 0x1F, 0xF8, 0x1F, 0xF8, 0x1F, 0xF8, 0x1F, 0xF8,
    0x11, 0xFE, 0xE6, 0xFC, 0xE0, 0x81, 0xE0, 0x81, 0xA0, 0xB2, 0x45, 0xEC, 0xC0, 0xFB, 0x80, 0xAA,
    0x1F, 0xF8, 0x1F, 0xF8, 0x1F, 0xF8, 0x1F, 0xF8, 0xED, 0xE4, 0x84, 0xC3, 0xE1, 0x79, 0x80, 0xAA,
    0xC0, 0x79, 0x84, 0xC3, 0xC3, 0xB2, 0x22, 0x8A, 0x1F, 0xF8, 0x1F, 0xF8, 0x1F, 0xF8, 0x1F, 0xF8,
    0x94, 0xFE, 0xF0, 0xFD, 0x47, 0xAB, 0x80, 0x69, 0xE0, 0xCA, 0xD2, 0xED, 0x11, 0xFE, 0xAC, 0xDC,
    0x1F, 0xF8, 0x1F, 0xF8, 0x1F, 0xF8, 0x1F, 0xF8, 0x11, 0xFE, 0xC6, 0xFC, 0xE0, 0x81, 0x40, 0x9A,
    0x20, 0x9A, 0x90, 0xE5, 0xE6, 0xFC, 0x43, 0xBB, 0x1F, 0xF8, 0x1F, 0xF8, 0x1F, 0xF8, 0x1F, 0xF8,
    0x67, 0xB3, 0xE0, 0x81, 0x60, 0x69, 0x40, 0x9A, 0x20, 0x9A, 0x67, 0xBB, 0xE0, 0x81, 0xC0, 0x79,
    0x1F, 0xF8, 0x1F, 0xF8, 0x1F, 0xF8, 0x1F, 0xF8, 0x60, 0x69, 0x40, 0x9A, 0x40, 0x9A, 0xA0, 0x79,
    0xE0, 0xCA, 0x20, 0x9A, 0xE0, 0x81, 0x80, 0xAA, 0x1F, 0xF8, 0x1F, 0xF8, 0x1F, 0xF8, 0x1F, 0xF8,
    0xE0, 0xCA, 0x20, 0x9A, 0x20, 0x9A, 0xE0, 0xCA, 0xC0, 0x79, 0xA0, 0xB2, 0xA0, 0xB2, 0xA0, 0x79,
    0x1F, 0xF8, 0x1F, 0xF8, 0x1F, 0xF8, 0x1F, 0xF8, 0xAC, 0xE4, 0x6B, 0xD4, 0x6B, 0xD4, 0x8C, 0xDC,
    0x6C, 0xCC, 0x8B, 0xDC, 0x8B, 0xDC, 0xAA, 0xB3, 0x1F, 0xF8, 0x1F, 0xF8, 0x1F, 0xF8, 0x1F, 0xF8,
    0xEC, 0xE4, 0xC4, 0xD3, 0xC4, 0xD3, 0x04, 0xDC, 0x04, 0xDC, 0xC4, 0xD3, 0xC4, 0xD3, 0xC2, 0xA2,
    0x1F, 0xF8, 0x1F, 0xF8, 0x1F, 0xF8, 0x1F, 0xF8, 0xEA, 0xBB, 0x04, 0xA3, 0x04, 0xA3, 0xA3, 0x9A,
    0xA3, 0x9A, 0x04, 0xA3, 0x04, 0xA3, 0x02, 0x82, 0x1F, 0xF8, 0x1F, 0xF8, 0x1F, 0xF8, 0x1F, 0xF8,
    0x94, 0xFE, 0xF0, 0xFD, 0xF0, 0xFD, 0xF0, 0xFD, 0xF0, 0xFD, 0xF0, 0xFD, 0xF0, 0xFD, 0xAC, 0xDC,
    0x1F, 0xF8, 0x1F, 0xF8, 0x1F, 0xF8, 0x1F, 0xF8, 0x11, 0xFE, 0xC6, 0xFC, 0xC6, 0xFC, 0xC6, 0xFC,
    0xC6, 0xFC, 0xC6, 0xFC, 0xC6, 0xFC, 0x43, 0xBB, 0x1F, 0xF8, 0x1F, 0xF8, 0x1F, 0xF8, 0x1F, 0xF8,
    0x67, 0xB3, 0xE0, 0x81, 0xE0, 0x81, 0xE0, 0x81, 0xE0, 0x81, 0xE0, 0x81, 0xE0, 0x81, 0xC0, 0x79,
    0x1F, 0xF8, 0x1F, 0xF8, 0x1F, 0xF8, 0x1F, 0xF8, 0x60, 0x69, 0x40, 0x9A, 0x40, 0x9A, 0x80, 0x69,
    0x80, 0xAA, 0xE0, 0x81, 0xE0, 0x81, 0x80, 0xAA, 0x1F, 0xF8, 0x1F, 0xF8, 0x1F, 0xF8, 0x1F, 0xF8,
    0xE0, 0xCA, 0x20, 0x9A, 0x20, 0x9A, 0xE0, 0xCA, 0xC0, 0x79, 0xA0, 0xB2, 0xA0, 0xB2, 0xA0, 0x79,
    0x1F, 0xF8, 0x1F, 0xF8, 0x1F, 0xF8, 0x1F, 0xF8, 0x87, 0xF4, 0x45, 0xE4, 0x45, 0xE4, 0x65, 0xEC,
    0xE4, 0xD3, 0x30, 0xDD, 0x90, 0xED, 0x8C, 0xD4, 0x1F, 0xF8, 0x1F, 0xF8, 0x1F, 0xF8, 0x1F, 0xF8,
    0x85, 0xFC, 0xC0, 0xFB, 0xC0, 0xFB, 0xC0, 0xFB, 0x20, 0xD3, 0x70, 0xDD, 0x07, 0xFD, 0x63, 0xC3,
    0x1F, 0xF8, 0x1F, 0xF8, 0x1F, 0xF8, 0x1F, 0xF8, 0xC5, 0xD3, 0xC3, 0xB2, 0xA1, 0xAA, 0x80, 0xAA,
    0x40, 0x9A, 0x8C, 0xD4, 0x85, 0xC3, 0xA3, 0xA2, 0x1F, 0xF8, 0x1F, 0xF8, 0x1F, 0xF8, 0x1F, 0xF8,
    0x94, 0xFE, 0xF0, 0xFD, 0x47, 0xAB, 0x60, 0x69, 0xE0, 0xCA, 0xD2, 0xED, 0x11, 0xFE, 0xAC, 0xDC,
    0x1F, 0xF8, 0x1F, 0xF8, 0x1F, 0xF8, 0x1F, 0xF8, 0x11, 0xFE, 0xC6, 0xFC, 0xE0, 0x81, 0x40, 0x9A,
    0x20, 0x9A, 0x90, 0xE5, 0xE7, 0xFC, 0x63, 0xBB, 0x1F, 0xF8, 0x1F, 0xF8, 0x1F, 0xF8, 0x1F, 0xF8,
    0x67, 0xB3, 0xE0, 0x81, 0x60, 0x69, 0x40, 0x9A, 0x20, 0x9A, 0x90, 0xE5, 0xE7, 0xFC, 0x63, 0xBB,
    0x1F, 0xF8, 0x1F, 0xF8, 0x1F, 0xF8, 0x1F, 0xF8, 0x60, 0x69, 0x40, 0x9A, 0x40, 0x9A, 0xA0, 0x79,
    0xE0, 0xCA, 0xB0, 0xED, 0xE7, 0xFC, 0x63, 0xBB, 0x1F, 0xF8, 0x1F, 0xF8, 0x1F, 0xF8, 0x1F, 0xF8,
    0xE0, 0xCA, 0x20, 0x9A, 0x20, 0x9A, 0xE0, 0xCA, 0xC0, 0x79, 0x70, 0xDD, 0xE7, 0xFC, 0x63, 0xBB,
    0x1F, 0xF8, 0x1F, 0xF8, 0x1F, 0xF8, 0x1F, 0xF8, 0x87, 0xF4, 0x25, 0xE4, 0x4C, 0xCC, 0xD1, 0xED,
    0x70, 0xDD, 0x54, 0xF6, 0xE7, 0xFC, 0x63, 0xBB, 0x1F, 0xF8, 0x1F, 0xF8, 0x1F, 0xF8, 0x1F, 0xF8,
    0x85, 0xFC, 0xA0, 0xF3, 0x2C, 0xB4, 0x8D, 0xFD, 0xE7, 0xFC, 0xE7, 0xFC, 0xE6, 0xFC, 0x63, 0xBB,
    0x1F, 0xF8, 0x1F, 0xF8, 0x1F, 0xF8, 0x1F, 0xF8, 0xC5, 0xD3, 0xC3, 0xAA, 0xCA, 0xB3, 0x08, 0xCC,
    0x64, 0xC3, 0x63, 0xC3, 0x63, 0xC3, 0xA3, 0x9A, 0x1F, 0xF8, 0x1F, 0xF8, 0x1F, 0xF8, 0x1F, 0xF8,
    0x94, 0xFE, 0xF0, 0xFD, 0x8B, 0xDC, 0xCC, 0xE4, 0xAC, 0xDC, 0xCC, 0xE4, 0xCC, 0xE4, 0xA9, 0xB3,
    0x1F, 0xF8, 0x1F, 0xF8, 0x1F, 0xF8, 0x1F, 0xF8, 0x11, 0xFE, 0xC6, 0xFC, 0x67, 0xB3, 0x8A, 0xDC,
    0xE4, 0xDB, 0xC3, 0xD3, 0xC4, 0xD3, 0xC2, 0xA2, 0x1F, 0xF8, 0x1F, 0xF8, 0x1F, 0xF8, 0x1F, 0xF8,
    0x67, 0xB3, 0xE0, 0x81, 0xA6, 0x8A, 0xA1, 0x71, 0x80, 0x69, 0xA9, 0xB3, 0xC4, 0xD3, 0xC2, 0xA2,
    0x1F, 0xF8, 0x1F, 0xF8, 0x1F, 0xF8, 0x1F, 0xF8, 0x60, 0x69, 0x40, 0x9A, 0x40, 0x9A, 0x80, 0x69,
    0x80, 0xAA, 0x8C, 0xD4, 0x04, 0xDC, 0x61, 0x92, 0x1F, 0xF8, 0x1F, 0xF8, 0x1F, 0xF8, 0x1F, 0xF8,
    0xE0, 0xCA, 0x20, 0x9A, 0x20, 0x9A, 0xE0, 0xCA, 0xC0, 0x79, 0x6C, 0xCC, 0x04, 0xDC, 0x61, 0x92,
    0x1F, 0xF8, 0x1F, 0xF8, 0x1F, 0xF8, 0x1F, 0xF8, 0xF3, 0xF5, 0x90, 0xE5, 0x2A, 0xD4, 0x8C, 0xE4,
    0x6C, 0xCC, 0xED, 0xE4, 0xC4, 0xD3, 0xC2, 0xA2, 0x1F, 0xF8, 0x1F, 0xF8, 0x1F, 0xF8, 0x1F, 0xF8,
    0x11, 0xFE, 0xE6, 0xFC, 0x67, 0xB3, 0x8A, 0xDC, 0x04, 0xDC, 0xC4, 0xD3, 0xC4, 0xD3, 0xC2, 0xA2,
    0x1F, 0xF8, 0x1F, 0xF8, 0x1F, 0xF8, 0x1F, 0xF8, 0xEC, 0xE4, 0x63, 0xC3, 0x89, 0xAB, 0xC3, 0xA2,
    0x81, 0x9A, 0xE4, 0xA2, 0x04, 0xA3, 0x02, 0x82, 0x1F, 0xF8, 0x1F, 0xF8, 0x1F, 0xF8, 0x1F, 0xF8,
    0x0D, 0xED, 0xCC, 0xE4, 0xA6, 0x8A, 0x60, 0x69, 0xE0, 0xCA, 0xD2, 0xED, 0x11, 0xFE, 0xAC, 0xDC,
    0x1F, 0xF8, 0x1F, 0xF8, 0x1F, 0xF8, 0x1F, 0xF8, 0xEC, 0xE4, 0xC3, 0xD3, 0x80, 0x69, 0x40, 0x9A,
    0x20, 0x9A, 0x90, 0xE5, 0xE6, 0xFC, 0x43, 0xBB, 0x1F, 0xF8, 0x1F, 0xF8, 0x1F, 0xF8, 0x1F, 0xF8,
    0xEC, 0xE4, 0xC3, 0xD3, 0x80, 0x69, 0x40, 0x9A, 0x20, 0x9A, 0x67, 0xBB, 0xE0, 0x81, 0xC0, 0x79,
    0x1F, 0xF8, 0x1F, 0xF8, 0x1F, 0xF8, 0x1F, 0xF8, 0xAC, 0xE4, 0xE4, 0xDB, 0x60, 0x61, 0x80, 0x69,
    0xE0, 0xCA, 0x20, 0x9A, 0xE0, 0x81, 0x80, 0xAA, 0x1F, 0xF8, 0x1F, 0xF8, 0x1F, 0xF8, 0x1F, 0xF8,
    0xAC, 0xE4, 0xE4, 0xDB, 0x80, 0x69, 0x80, 0xAA, 0xC0, 0x79, 0xA0, 0xB2, 0xA0, 0xB2, 0xA0, 0x79,
    0x1F, 0xF8, 0x1F, 0xF8, 0x1F, 0xF8, 0x1F, 0xF8, 0xEC, 0xE4, 0xC3, 0xD3, 0x80, 0x69, 0xE0, 0x81,
    0xA0, 0xB2, 0x30, 0xDD, 0x90, 0xED, 0x8C, 0xD4, 0x1F, 0xF8, 0x1F, 0xF8, 0x1F, 0xF8, 0x1F, 0xF8,
    0xEC, 0xE4, 0xC3, 0xD3, 0x80, 0x69, 0xE0, 0x81, 0xA0, 0xB2, 0x90, 0xED, 0x07, 0xFD, 0x63, 0xC3,
    0x1F, 0xF8, 0x1F, 0xF8, 0x1F, 0xF8, 0x1F, 0xF8, 0xEA, 0xBB, 0x04, 0xA3, 0xE3, 0x71, 0xC3, 0xB2,
    0x03, 0x82, 0x8C, 0xD4, 0x84, 0xC3, 0x81, 0x9A, 0x1F, 0xF8, 0x1F, 0xF8, 0x1F, 0xF8, 0x1F, 0xF8,
    0x94, 0xFE, 0xF0, 0xFD, 0xF0, 0xFD, 0xF0, 0xFD, 0x8F, 0xF5, 0x87, 0xEC, 0x85, 0xFC, 0x83, 0xCB,
    0x1F, 0xF8, 0x1F, 0xF8, 0x1F, 0xF8, 0x1F, 0xF8, 0x11, 0xFE, 0xE6, 0xFC, 0xC6, 0xFC, 0xC6, 0xFC,
    0x24, 0xE4, 0x25, 0xE4, 0xA0, 0xF3, 0x80, 0xAA, 0x1F, 0xF8, 0x1F, 0xF8, 0x1F, 0xF8, 0x1F, 0xF8,
    0x11, 0xFE, 0xC6, 0xFC, 0x20, 0x8A, 0xE0, 0x81, 0xE0, 0x81, 0x81, 0x9A, 0x60, 0x69, 0x40, 0x61,
    0x1F, 0xF8, 0x1F, 0xF8, 0x1F, 0xF8, 0x1F, 0xF8, 0x11, 0xFE, 0xC6, 0xFC, 0xE0, 0x81, 0x40, 0x59,
    0x80, 0xAA, 0xE0, 0x81, 0xE0, 0x81, 0x80, 0xAA, 0x1F, 0xF8, 0x1F, 0xF8, 0x1F, 0xF8, 0x1F, 0xF8,
    0x11, 0xFE, 0xC6, 0xFC, 0xE0, 0x81, 0x80, 0xAA, 0xC0, 0x79, 0xA0, 0xB2, 0xA0, 0xB2, 0xA0, 0x79,
    0x1F, 0xF8, 0x1F, 0xF8, 0x1F, 0xF8, 0x1F, 0xF8, 0x11, 0xFE, 0xC6, 0xFC, 0xE0, 0x81, 0xE0, 0x81,
    0xA0, 0xB2, 0x30, 0xDD, 0x90, 0xED, 0x8C, 0xD4, 0x1F, 0xF8, 0x1F, 0xF8, 0x1F, 0xF8, 0x1F, 0xF8,
    0x11, 0xFE, 0xC6, 0xFC, 0xE0, 0x81, 0xE0, 0x81, 0xA0, 0xB2, 0x90, 0xED, 0x07, 0xFD, 0x63, 0xC3,
    0x1F, 0xF8, 0x1F, 0xF8, 0x1F, 0xF8, 0x1F, 0xF8, 0xED, 0xE4, 0x84, 0xC3, 0xE1, 0x79, 0x80, 0xAA,
    0xC0, 0x79, 0x8C, 0xD4, 0x85, 0xC3, 0xA3, 0xA2, 0x1F, 0xF8, 0x1F, 0xF8, 0x1F, 0xF8, 0x1F, 0xF8,
    0x94, 0xFE, 0xF0, 0xFD, 0x47, 0xAB, 0x80, 0x69, 0xE0, 0xCA, 0xD2, 0xED, 0x11, 0xFE, 0xAC, 0xDC,
    0x1F, 0xF8, 0x1F, 0xF8, 0x1F, 0xF8, 0x1F, 0xF8, 0x11, 0xFE, 0xC6, 0xFC, 0xE0, 0x81, 0x40, 0x9A,
    0x20, 0x9A, 0x90, 0xE5, 0xE6, 0xFC, 0x43, 0xBB, 0x1F, 0xF8, 0x1F, 0xF8, 0x1F, 0xF8, 0x1F, 0xF8,
    0x11, 0xFE, 0xC6, 0xFC, 0xE0, 0x81, 0x40, 0x9A, 0x20, 0x9A, 0x28, 0xDC, 0x63, 0xC3, 0x02, 0xB3,
    0x1F, 0xF8, 0x1F, 0xF8, 0x1F, 0xF8, 0x1F, 0xF8, 0x11, 0xFE, 0xC6, 0xFC, 0xE0, 0x81, 0x80, 0x69,
    0xE0, 0xCA, 0x66, 0xEC, 0x23, 0xFC, 0xE1, 0xBA, 0x1F, 0xF8, 0x1F, 0xF8, 0x1F, 0xF8, 0x1F, 0xF8,
    0x11, 0xFE, 0xC6, 0xFC, 0xE0, 0x81, 0x80, 0xAA, 0xC0, 0x79, 0x25, 0xDC, 0xC0, 0xFB, 0x80, 0xAA,
    0x1F, 0xF8, 0x1F, 0xF8, 0x1F, 0xF8, 0x1F, 0xF8, 0x11, 0xFE, 0xC6, 0xFC, 0xE0, 0x81, 0xE0, 0x81,
    0xA0, 0xB2, 0x45, 0xEC, 0xC0, 0xFB, 0x80, 0xAA, 0x1F, 0xF8, 0x1F, 0xF8, 0x1F, 0xF8, 0x1F, 0xF8,
    0x11, 0xFE, 0xC6, 0xFC, 0xE0, 0x81, 0xE0, 0x81, 0xA0, 0xB2, 0x45, 0xEC, 0xC0, 0xFB, 0x80, 0xAA,
    0x1F, 0xF8, 0x1F, 0xF8, 0x1F, 0xF8, 0x1F, 0xF8, 0xEC, 0xE4, 0x63, 0xC3, 0xE1, 0x79, 0xA2, 0xB2,
    0xE2, 0x81, 0x84, 0xC3, 0xA1, 0xB2, 0x02, 0x82, 0x1F, 0xF8, 0x1F, 0xF8, 0x1F, 0xF8, 0x1F, 0xF8,
    0x0D, 0xED, 0xCC, 0xE4, 0xCC, 0xE4, 0xAC, 0xDC, 0xAC, 0xDC, 0xCC, 0xE4, 0xCC, 0xE4, 0xA9, 0xB3,
    0x1F, 0xF8, 0x1F, 0xF8, 0x1F, 0xF8, 0x1F, 0xF8, 0xEC, 0xE4, 0xC4, 0xD3, 0xC3, 0xD3, 0xE4, 0xDB,
    0xE4, 0xDB, 0xC3, 0xD3, 0xC4, 0xD3, 0xC2, 0xA2, 0x1F, 0xF8, 0x1F, 0xF8, 0x1F, 0xF8, 0x1F, 0xF8,
    0xEC, 0xE4, 0xC3, 0xD3, 0xC0, 0x71, 0x60, 0x61, 0x80, 0x69, 0xA9, 0xB3, 0xC4, 0xD3, 0xC2, 0xA2,
    0x1F, 0xF8, 0x1F, 0xF8, 0x1F, 0xF8, 0x1F, 0xF8, 0xAC, 0xE4, 0xE4, 0xDB, 0x60, 0x61, 0x40, 0x59,
    0x80, 0xAA, 0x8C, 0xD4, 0x04, 0xDC, 0x61, 0x92, 0x1F, 0xF8, 0x1F, 0xF8, 0x1F, 0xF8, 0x1F, 0xF8,
    0x8C, 0xD4, 0x43, 0xBB, 0x80, 0x69, 0x80, 0xAA, 0xC0, 0x79, 0x4B, 0xC4, 0x63, 0xBB, 0x41, 0x8A,
    0x1F, 0xF8, 0x1F, 0xF8, 0x1F, 0xF8, 0x1F, 0xF8, 0xD3, 0xE5, 0x70, 0xDD, 0x47, 0xAB, 0xE0, 0x81,
    0xA0, 0xB2, 0x30, 0xD5, 0x70, 0xDD, 0x8C, 0xD4, 0x1F, 0xF8, 0x1F, 0xF8, 0x1F, 0xF8, 0x1F, 0xF8,
    0x11, 0xFE, 0xE6, 0xFC, 0xE0, 0x81, 0xE0, 0x81, 0xA0, 0xB2, 0x90, 0xED, 0x07, 0xFD, 0x63, 0xC3,
    0x1F, 0xF8, 0x1F, 0xF8, 0x1F, 0xF8, 0x1F, 0xF8, 0xCC, 0xE4, 0x63, 0xC3, 0xC0, 0x79, 0x80, 0xAA,
    0xC0, 0x79, 0x8C, 0xD4, 0x85, 0xC3, 0xA3, 0xA2, 0x1F, 0xF8, 0x1F, 0xF8, 0x1F, 0xF8, 0x1F, 0xF8,
    0xE7, 0xFC, 0x85, 0xFC, 0x61, 0x9A, 0x80, 0x69, 0xE0, 0xCA, 0xD2, 0xED, 0x11, 0xFE, 0xAC, 0xDC,
    0x1F, 0xF8, 0x1F, 0xF8, 0x1F, 0xF8, 0x1F, 0xF8, 0x85, 0xFC, 0xA0, 0xF3, 0x60, 0x69, 0x40, 0x9A,
    0x20, 0x9A, 0x90, 0xE5, 0xE6, 0xFC, 0x43, 0xBB, 0x1F, 0xF8, 0x1F, 0xF8, 0x1F, 0xF8, 0x1F, 0xF8,
    0xCE, 0xD4, 0x2C, 0xB4, 0xE6, 0x92, 0x40, 0x9A, 0x20, 0x9A, 0x67, 0xBB, 0xE0, 0x81, 0xC0, 0x79,
    0x1F, 0xF8, 0x1F, 0xF8, 0x1F, 0xF8, 0x1F, 0xF8, 0x53, 0xFE, 0x6D, 0xFD, 0x62, 0x92, 0x80, 0x69,
    0xE0, 0xCA, 0x20, 0x9A, 0xE0, 0x81, 0x80, 0xAA, 0x1F, 0xF8, 0x1F, 0xF8, 0x1F, 0xF8, 0x1F, 0xF8,
    0x11, 0xFE, 0xC6, 0xFC, 0xE0, 0x81, 0x80, 0xAA, 0xC0, 0x79, 0xA0, 0xB2, 0xA0, 0xB2, 0xA0, 0x79,
    0x1F, 0xF8, 0x1F, 0xF8, 0x1F, 0xF8, 0x1F, 0xF8, 0x11, 0xFE, 0xE6, 0xFC, 0x8B, 0xD4, 0x90, 0xED,
    0x70, 0xDD, 0x90, 0xED, 0x90, 0xED, 0x8C, 0xD4, 0x1F, 0xF8, 0x1F, 0xF8, 0x1F, 0xF8, 0x1F, 0xF8,
    0x11, 0xFE, 0xE6, 0xFC, 0xE6, 0xFC, 0xE7, 0xFC, 0xE7, 0xFC, 0xE7, 0xFC, 0xE7, 0xFC, 0x63, 0xC3,
    0x1F, 0xF8, 0x1F, 0xF8, 0x1F, 0xF8, 0x1F, 0xF8, 0xEC, 0xE4, 0x63, 0xC3, 0x63, 0xC3, 0x64, 0xC3,
    0x64, 0xC3, 0x84, 0xC3, 0x84, 0xC3, 0xA3, 0xA2, 0x1F, 0xF8, 0x1F, 0xF8, 0x1F, 0xF8, 0x1F, 0xF8,
    0x0D, 0xED, 0xCC, 0xE4, 0xCC, 0xE4, 0xAC, 0xDC, 0x6B, 0xD4, 0xD2, 0xE5, 0x11, 0xFE, 0xAC, 0xDC,
    0x1F, 0xF8, 0x1F, 0xF8, 0x1F, 0xF8, 0x1F, 0xF8, 0xEC, 0xE4, 0xC4, 0xD3, 0xC3, 0xD3, 0xE4, 0xDB,
    0x43, 0xBB, 0x70, 0xDD, 0xE6, 0xFC, 0x43, 0xBB, 0x1F, 0xF8, 0x1F, 0xF8, 0x1F, 0xF8, 0x1F, 0xF8,
    0xEC, 0xE4, 0xC3, 0xD3, 0xC0, 0x71, 0x60, 0x61, 0x80, 0x69, 0x47, 0xAB, 0xE0, 0x81, 0xC0, 0x79,
    0x1F, 0xF8, 0x1F, 0xF8, 0x1F, 0xF8, 0x1F, 0xF8, 0xAC, 0xE4, 0xE4, 0xDB, 0x60, 0x61, 0x40, 0x59,
    0x80, 0xAA, 0xE0, 0x81, 0xE0, 0x81, 0x80, 0xAA, 0x1F, 0xF8, 0x1F, 0xF8, 0x1F, 0xF8, 0x1F, 0xF8,
    0xAC, 0xE4, 0xE4, 0xDB, 0x80, 0x69, 0x80, 0xAA, 0xC0, 0x79, 0xA0, 0xB2, 0xA0, 0xB2, 0xA0, 0x79,
    0x1F, 0xF8, 0x1F, 0xF8, 0x1F, 0xF8, 0x1F, 0xF8, 0xEC, 0xE4, 0xC3, 0xD3, 0xA9, 0xB3, 0x8C, 0xD4,
    0x4B, 0xC4, 0x30, 0xD5, 0x90, 0xED, 0x8C, 0xD4, 0x1F, 0xF8, 0x1F, 0xF8, 0x1F, 0xF8, 0x1F, 0xF8,
    0xEC, 0xE4, 0xC4, 0xD3, 0xC4, 0xD3, 0x04, 0xDC, 0x63, 0xBB, 0x70, 0xDD, 0x07, 0xFD, 0x63, 0xC3,
    0x1F, 0xF8, 0x1F, 0xF8, 0x1F, 0xF8, 0x1F, 0xF8, 0xEA, 0xBB, 0x04, 0xA3, 0xE3, 0xA2, 0x61, 0x92,
    0x41, 0x92, 0x8C, 0xD4, 0x85, 0xC3, 0xA3, 0xA2, 0x1F, 0xF8, 0x1F, 0xF8, 0x1F, 0xF8, 0x1F, 0xF8,
    0x94, 0xFE, 0xF0, 0xFD, 0x47, 0xAB, 0x60, 0x69, 0xE0, 0xCA, 0xD2, 0xED, 0x11, 0xFE, 0xAC, 0xDC,
    0x1F, 0xF8, 0x1F, 0xF8, 0x1F, 0xF8, 0x1F, 0xF8, 0x11, 0xFE, 0xC6, 0xFC, 0xE0, 0x81, 0x40, 0x9A,
    0x20, 0x9A, 0x90, 0xE5, 0xE6, 0xFC, 0x43, 0xBB, 0x1F, 0xF8, 0x1F, 0xF8, 0x1F, 0xF8, 0x1F, 0xF8,
    0xAC, 0xE4, 0x67, 0xB3, 0xA6, 0x8A, 0x40, 0x9A, 0x20, 0x9A, 0x2A, 0xD4, 0x67, 0xB3, 0x89, 0xAB,
    0x1F, 0xF8, 0x1F, 0xF8, 0x1F, 0xF8, 0x1F, 0xF8, 0xCC, 0xE4, 0x8A, 0xDC, 0xA1, 0x71, 0x80, 0x69,
    0xE0, 0xCA, 0x8C, 0xE4, 0x8A, 0xDC, 0xC3, 0xA2, 0x1F, 0xF8, 0x1F, 0xF8, 0x1F, 0xF8, 0x1F, 0xF8,
    0xAC, 0xE4, 0xE4, 0xDB, 0x80, 0x69, 0x80, 0xAA, 0xC0, 0x79, 0x6C, 0xCC, 0x04, 0xDC, 0x61, 0x92,
    0x1F, 0xF8, 0x1F, 0xF8, 0x1F, 0xF8, 0x1F, 0xF8, 0xEC, 0xE4, 0xC3, 0xD3, 0xA9, 0xB3, 0x8C, 0xD4,
    0x6C, 0xCC, 0xED, 0xE4, 0xC4, 0xD3, 0xC2, 0xA2, 0x1F, 0xF8, 0x1F, 0xF8, 0x1F, 0xF8, 0x1F, 0xF8,
    0xEC, 0xE4, 0xC4, 0xD3, 0xC4, 0xD3, 0x04, 0xDC, 0x04, 0xDC, 0xC4, 0xD3, 0xC4, 0xD3, 0xC2, 0xA2,
    0x1F, 0xF8, 0x1F, 0xF8, 0x1F, 0xF8, 0x1F, 0xF8, 0xCA, 0xB3, 0xC2, 0xA2, 0xC2, 0xA2, 0x61, 0x92,
    0x81, 0x9A, 0xC2, 0xA2, 0xC2, 0xA2, 0xC0, 0x79, 0x1F, 0xF8, 0x1F, 0xF8, 0x1F, 0xF8, 0x1F, 0xF8,
    0xA0, 0x79, 0xA0, 0xB2, 0xA0, 0xB2, 0xA0, 0x79, 0xE0, 0xCA, 0x20, 0x9A, 0x20, 0x9A, 0xE0, 0xCA,
    0x1F, 0xF8, 0x1F, 0xF8, 0x1F, 0xF8, 0x1F, 0xF8, 0xA0, 0xB2, 0x60, 0xA2, 0x60, 0xA2, 0xA0, 0xB2,
    0x20, 0x9A, 0x80, 0xAA, 0x80, 0xAA, 0x20, 0x9A, 0x1F, 0xF8, 0x1F, 0xF8, 0x1F, 0xF8, 0x1F, 0xF8,
    0xA0, 0xB2, 0x60, 0xA2, 0x60, 0xA2, 0xA0, 0xB2, 0x20, 0x9A, 0x80, 0xAA, 0x80, 0xAA, 0x20, 0x9A,
    0x1F, 0xF8, 0x1F, 0xF8, 0x1F, 0xF8, 0x1F, 0xF8, 0xA0, 0x79, 0xA0, 0xB2, 0xA0, 0xB2, 0xC0, 0x79,
    0xE0, 0xCA, 0x20, 0x9A, 0x20, 0x9A, 0xE0, 0xCA, 0x1F, 0xF8, 0x1F, 0xF8, 0x1F, 0xF8, 0x1F, 0xF8,
    0xE0, 0xCA, 0x20, 0x9A, 0x20, 0x9A, 0xE0, 0xCA, 0xC0, 0x79, 0xA0, 0xB2, 0xA0, 0xB2, 0xA0, 0x79,
    0x1F, 0xF8, 0x1F, 0xF8, 0x1F, 0xF8, 0x1F, 0xF8, 0x20, 0x9A, 0x80, 0xAA, 0x80, 0xAA, 0x20, 0x9A,
    0xA0, 0xB2, 0x60, 0xA2, 0x60, 0xA2, 0xA0, 0xB2, 0x1F, 0xF8, 0x1F, 0xF8, 0x1F, 0xF8, 0x1F, 0xF8,
    0x20, 0x9A, 0x80, 0xAA, 0x80, 0xAA, 0x20, 0x9A, 0xA0, 0xB2, 0x60, 0xA2, 0x60, 0xA2, 0xA0, 0xB2,
    0x1F, 0xF8, 0x1F, 0xF8, 0x1F, 0xF8, 0x1F, 0xF8, 0x23, 0xCB, 0x63, 0x9A, 0x63, 0x9A, 0x23, 0xCB,
    0x23, 0x7A, 0xC3, 0xB2, 0xC3, 0xBA, 0xE2, 0x79, 0x1F, 0xF8, 0x1F, 0xF8, 0x1F, 0xF8, 0x1F, 0xF8,
    0x94, 0xFE, 0xF0, 0xFD, 0x0C, 0xBD, 0x2D, 0x56, 0xAB, 0x4D, 0xF2, 0xD5, 0x11, 0xFE, 0xAC, 0xDC,
    0x1F, 0xF8, 0x1F, 0xF8, 0x1F, 0xF8, 0x1F, 0xF8, 0x11, 0xFE, 0xC6, 0xFC, 0x6A, 0x8C, 0x0A, 0x3E,
    0xE3, 0x04, 0x90, 0xD5, 0xE6, 0xFC, 0x43, 0xBB, 0x1F, 0xF8, 0x1F, 0xF8, 0x1F, 0xF8, 0x1F, 0xF8,
    0x2C, 0xBD, 0x6A, 0x8C, 0x4D, 0x7D, 0x0A, 0x46, 0x03, 0x05, 0xEA, 0xA4, 0x6A, 0x8C, 0xE3, 0x73,
    0x1F, 0xF8, 0x1F, 0xF8, 0x1F, 0xF8, 0x1F, 0xF8, 0x4D, 0x4E, 0x0A, 0x3E, 0x0A, 0x46, 0x65, 0x0D,
    0x22, 0x05, 0x0A, 0x3E, 0x0A, 0x3E, 0x22, 0x04, 0x1F, 0xF8, 0x1F, 0xF8, 0x1F, 0xF8, 0x1F, 0xF8,
    0xCC, 0x4D, 0xE3, 0x04, 0x03, 0x05, 0x22, 0x05, 0x01, 0x05, 0xE3, 0x04, 0xE3, 0x04, 0x40, 0x03,
    0x1F, 0xF8, 0x1F, 0xF8, 0x1F, 0xF8, 0x1F, 0xF8, 0xC7, 0xD4, 0x45, 0xD4, 0x87, 0x94, 0x0A, 0x3E,
    0xE3, 0x04, 0x30, 0xB5, 0x90, 0xD5, 0x8C, 0xCC, 0x1F, 0xF8, 0x1F, 0xF8, 0x1F, 0xF8, 0x1F, 0xF8,
    0x85, 0xFC, 0xA0, 0xF3, 0x4A, 0x74, 0x0A, 0x3E, 0xE3, 0x04, 0x90, 0xD5, 0x07, 0xFD, 0x63, 0xC3,
    0x1F, 0xF8, 0x1F, 0xF8, 0x1F, 0xF8, 0x1F, 0xF8, 0xA4, 0xD3, 0x81, 0xAA, 0xC3, 0x5B, 0x23, 0x2C,
    0x62, 0x2B, 0x8C, 0xCC, 0x64, 0xC3, 0xA3, 0x9A, 0x1F, 0xF8, 0x1F, 0xF8, 0x1F, 0xF8, 0x1F, 0xF8,
    0xED, 0xEC, 0xCC, 0xE4, 0xCC, 0xE4, 0xAC, 0xDC, 0xAC, 0xDC, 0xCC, 0xE4, 0xCC, 0xE4, 0xA9, 0xB3,
    0x1F, 0xF8, 0x1F, 0xF8, 0x1F, 0xF8, 0x1F, 0xF8, 0xEC, 0xE4, 0xC3, 0xD3, 0xC3, 0xD3, 0xE4, 0xDB,
    0xE4, 0xDB, 0xC3, 0xD3, 0xC3, 0xD3, 0xC2, 0xA2, 0x1F, 0xF8, 0x1F, 0xF8, 0x1F, 0xF8, 0x1F, 0xF8,
    0xCC, 0x94, 0x4A, 0x74, 0x4A, 0x74, 0x27, 0x6C, 0x27, 0x6C, 0x4A, 0x74, 0x4A, 0x74, 0xC3, 0x5B,
    0x1F, 0xF8, 0x1F, 0xF8, 0x1F, 0xF8, 0x1F, 0xF8, 0x4D, 0x4E, 0x0A, 0x3E, 0x0A, 0x3E, 0xC8, 0x2D,
    0xC8, 0x2D, 0x0A, 0x3E, 0x0A, 0x3E, 0x22, 0x04, 0x1F, 0xF8, 0x1F, 0xF8, 0x1F, 0xF8, 0x1F, 0xF8,
    0xCC, 0x4D, 0xE3, 0x04, 0x03, 0x05, 0x22, 0x05, 0x01, 0x05, 0xE3, 0x04, 0xE3, 0x04, 0x40, 0x03,
    0x1F, 0xF8, 0x1F, 0xF8, 0x1F, 0xF8, 0x1F, 0xF8, 0x13, 0xD6, 0x90, 0xD5, 0xEA, 0xA4, 0x0A, 0x3E,
    0xE3, 0x04, 0x30, 0xB5, 0x90, 0xD5, 0x8C, 0xCC, 0x1F, 0xF8, 0x1F, 0xF8, 0x1F, 0xF8, 0x1F, 0xF8,
    0x11, 0xFE, 0xE6, 0xFC, 0x6A, 0x8C, 0x0A, 0x3E, 0xE3, 0x04, 0x90, 0xD5, 0x07, 0xFD, 0x63, 0xC3,
    0x1F, 0xF8, 0x1F, 0xF8, 0x1F, 0xF8, 0x1F, 0xF8, 0xED, 0xE4, 0x84, 0xC3, 0xE4, 0x7B, 0x44, 0x14,
    0x83, 0x13, 0xAC, 0xCC, 0x64, 0xC3, 0xA3, 0x9A, 0x1F, 0xF8, 0x1F, 0xF8, 0x1F, 0xF8, 0x1F, 0xF8,
    0x94, 0xFE, 0xF0, 0xFD, 0x0C, 0xBD, 0x2D, 0x4E, 0xAB, 0x4D, 0xCC, 0xCC, 0xCC, 0xE4, 0xA9, 0xB3,
    0x1F, 0xF8, 0x1F, 0xF8, 0x1F, 0xF8, 0x1F, 0xF8, 0x11, 0xFE, 0xC6, 0xFC, 0x6A, 0x8C, 0x0A, 0x3E,
    0xE3, 0x04, 0x8B, 0xC4, 0xC4, 0xD3, 0xC2, 0xA2, 0x1F, 0xF8, 0x1F, 0xF8, 0x1F, 0xF8, 0x1F, 0xF8,
    0x2C, 0xBD, 0x6A, 0x8C, 0x4D, 0x7D, 0x0A, 0x46, 0xE3, 0x04, 0x8B, 0xC4, 0xC4, 0xD3, 0xC2, 0xA2,
    0x1F, 0xF8, 0x1F, 0xF8, 0x1F, 0xF8, 0x1F, 0xF8, 0x4D, 0x4E, 0x0A, 0x3E, 0x0A, 0x46, 0x65, 0x0D,
    0xC2, 0x04, 0x6C, 0xC4, 0x04, 0xDC, 0x61, 0x92, 0x1F, 0xF8, 0x1F, 0xF8, 0x1F, 0xF8, 0x1F, 0xF8,
    0xCC, 0x4D, 0xE3, 0x04, 0x03, 0x05, 0x22, 0x05, 0xC2, 0x04, 0x6C, 0xC4, 0x04, 0xDC, 0x61, 0x92,
    0x1F, 0xF8, 0x1F, 0xF8, 0x1F, 0xF8, 0x1F, 0xF8, 0x13, 0xD6, 0x90, 0xD5, 0xEA, 0xA4, 0x0A, 0x3E,
    0xE3, 0x04, 0x8B, 0xC4, 0xC4, 0xD3, 0xC2, 0xA2, 0x1F, 0xF8, 0x1F, 0xF8, 0x1F, 0xF8, 0x1F, 0xF8,
    0x11, 0xFE, 0xE6, 0xFC, 0x6A, 0x8C, 0x0A, 0x3E, 0xE3, 0x04, 0x8B, 0xC4, 0xC4, 0xD3, 0xC2, 0xA2,
    0x1F, 0xF8, 0x1F, 0xF8, 0x1F, 0xF8, 0x1F, 0xF8, 0xED, 0xE4, 0x84, 0xC3, 0xE4, 0x7B, 0x44, 0x34,
    0x63, 0x2B, 0xEA, 0xAB, 0x04, 0xAB, 0x02, 0x82, 0x1F, 0xF8, 0x1F, 0xF8, 0x1F, 0xF8, 0x1F, 0xF8,
    0x94, 0xFE, 0xF0, 0xFD, 0x10, 0xFE, 0xF0, 0xFD, 0xF0, 0xFD, 0xF0, 0xFD, 0xF0, 0xFD, 0xAC, 0xDC,
    0x1F, 0xF8, 0x1F, 0xF8, 0x1F, 0xF8, 0x1F, 0xF8, 0x11, 0xFE, 0xC6, 0xFC, 0xC6, 0xFC, 0xC6, 0xFC,
    0xC6, 0xFC, 0xE6, 0xFC, 0xE6, 0xFC, 0x63, 0xBB, 0x1F, 0xF8, 0x1F, 0xF8, 0x1F, 0xF8, 0x1F, 0xF8,
    0x2C, 0xBD, 0x6A, 0x8C, 0x6A, 0x8C, 0x47, 0x84, 0x47, 0x84, 0xEB, 0xD4, 0xE6, 0xFC, 0x63, 0xBB,
    0x1F, 0xF8, 0x1F, 0xF8, 0x1F, 0xF8, 0x1F, 0xF8, 0x4D, 0x4E, 0x0A, 0x3E, 0x0A, 0x3E, 0xC8, 0x2D,
    0x67, 0x2D, 0x90, 0xD5, 0xE7, 0xFC, 0x63, 0xBB, 0x1F, 0xF8, 0x1F, 0xF8, 0x1F, 0xF8, 0x1F, 0xF8,
    0xCC, 0x4D, 0xE3, 0x04, 0x03, 0x05, 0x22, 0x05, 0xC2, 0x04, 0x4F, 0xD5, 0x45, 0xE4, 0xE2, 0xAA,
    0x1F, 0xF8, 0x1F, 0xF8, 0x1F, 0xF8, 0x1F, 0xF8, 0x13, 0xD6, 0x90, 0xD5, 0xEA, 0xA4, 0x0A, 0x3E,
    0xE3, 0x04, 0x26, 0xCC, 0x25, 0xE4, 0x63, 0xC3, 0x1F, 0xF8, 0x1F, 0xF8, 0x1F, 0xF8, 0x1F, 0xF8,
    0x11, 0xFE, 0xE6, 0xFC, 0x6A, 0x8C, 0x0A, 0x3E, 0xE3, 0x04, 0x45, 0xD4, 0xC0, 0xFB, 0x80, 0xAA,
    0x1F, 0xF8, 0x1F, 0xF8, 0x1F, 0xF8, 0x1F, 0xF8, 0xED, 0xE4, 0x84, 0xC3, 0xE4, 0x7B, 0x44, 0x14,
    0x83, 0x13, 0xA5, 0xBB, 0xC3, 0xB2, 0x22, 0x8A, 0x1F, 0xF8, 0x1F, 0xF8, 0x1F, 0xF8, 0x1F, 0xF8,
    0x94, 0xFE, 0xF0, 0xFD, 0x0C, 0xBD, 0x2D, 0x4E, 0xAB, 0x4D, 0xF2, 0xD5, 0x11, 0xFE, 0xAC, 0xDC,
    0x1F, 0xF8, 0x1F, 0xF8, 0x1F, 0xF8, 0x1F, 0xF8, 0x11, 0xFE, 0xC6, 0xFC, 0x6A, 0x8C, 0x0A, 0x3E,
    0xE3, 0x04, 0x90, 0xD5, 0xE6, 0xFC, 0x43, 0xBB, 0x1F, 0xF8, 0x1F, 0xF8, 0x1F, 0xF8, 0x1F, 0xF8,
    0x2C, 0xBD, 0x6A, 0x8C, 0x4D, 0x7D, 0x0A, 0x46, 0x03, 0x05, 0xEA, 0xA4, 0x6A, 0x8C, 0xE3, 0x73,
    0x1F, 0xF8, 0x1F, 0xF8, 0x1F, 0xF8, 0x1F, 0xF8, 0x4D, 0x4E, 0x0A, 0x3E, 0x0A, 0x46, 0x65, 0x0D,
    0x22, 0x05, 0x0A, 0x3E, 0x0A, 0x3E, 0x22, 0x04, 0x1F, 0xF8, 0x1F, 0xF8, 0x1F, 0xF8, 0x1F, 0xF8,
    0xCC, 0x4D, 0xE3, 0x04, 0xE3, 0x04, 0xC2, 0x04, 0xC2, 0x04, 0xE3, 0x04, 0xE3, 0x04, 0x40, 0x03,
    0x1F, 0xF8, 0x1F, 0xF8, 0x1F, 0xF8, 0x1F, 0xF8, 0xEC, 0xCC, 0x8B, 0xC4, 0x8B, 0xC4, 0x6C, 0xC4,
    0x6C, 0xC4, 0x8B, 0xC4, 0x8B, 0xC4, 0xCA, 0xA3, 0x1F, 0xF8, 0x1F, 0xF8, 0x1F, 0xF8, 0x1F, 0xF8,
    0xEC, 0xE4, 0xC4, 0xD3, 0xC4, 0xD3, 0x04, 0xDC, 0x04, 0xDC, 0xC4, 0xD3, 0xC4, 0xD3, 0xC2, 0xA2,
    0x1F, 0xF8, 0x1F, 0xF8, 0x1F, 0xF8, 0x1F, 0xF8, 0xEA, 0xBB, 0x04, 0xA3, 0x04, 0xA3, 0xA3, 0x9A,
    0xA3, 0x9A, 0x04, 0xA3, 0x04, 0xA3, 0x02, 0x82, 0x1F, 0xF8, 0x1F, 0xF8, 0x1F, 0xF8, 0x1F, 0xF8,
    0x94, 0xFE, 0xF0, 0xFD, 0xF0, 0xFD, 0xF0, 0xFD, 0xF0, 0xFD, 0xF0, 0xFD, 0xF0, 0xFD, 0xAC, 0xDC,
    0x1F, 0xF8, 0x1F, 0xF8, 0x1F, 0xF8, 0x1F, 0xF8, 0x11, 0xFE, 0xC6, 0xFC, 0xC6, 0xFC, 0xC6, 0xFC,
    0xC6, 0xFC, 0xC6, 0xFC, 0xC6, 0xFC, 0x43, 0xBB, 0x1F, 0xF8, 0x1F, 0xF8, 0x1F, 0xF8, 0x1F, 0xF8,
    0x2C, 0xBD, 0x6A, 0x8C, 0x6A, 0x8C, 0x47, 0x84, 0x47, 0x84, 0x6A, 0x8C, 0x6A, 0x8C, 0xE3, 0x73,
    0x1F, 0xF8, 0x1F, 0xF8, 0x1F, 0xF8, 0x1F, 0xF8, 0x4D, 0x4E, 0x0A, 0x3E, 0x0A, 0x3E, 0xC8, 0x2D,
    0xC8, 0x2D, 0x0A, 0x3E, 0x0A, 0x3E, 0x22, 0x04, 0x1F, 0xF8, 0x1F, 0xF8, 0x1F, 0xF8, 0x1F, 0xF8,
    0xCC, 0x4D, 0xE3, 0x04, 0xE3, 0x04, 0xC2, 0x04, 0xC2, 0x04, 0xE3, 0x04, 0xE3, 0x04, 0x40, 0x03,
    0x1F, 0xF8, 0x1F, 0xF8, 0x1F, 0xF8, 0x1F, 0xF8, 0xC7, 0xD4, 0x45, 0xD4, 0x45, 0xD4, 0x45, 0xD4,
    0x04, 0xCC, 0x30, 0xC5, 0x90, 0xD5, 0x8C, 0xCC, 0x1F, 0xF8, 0x1F, 0xF8, 0x1F, 0xF8, 0x1F, 0xF8,
    0x85, 0xFC, 0xC0, 0xFB, 0xC0, 0xFB, 0xC0, 0xFB, 0x20, 0xD3, 0x70, 0xDD, 0x07, 0xFD, 0x63, 0xC3,
    0x1F, 0xF8, 0x1F, 0xF8, 0x1F, 0xF8, 0x1F, 0xF8, 0xC5, 0xD3, 0xC3, 0xB2, 0xC3, 0xAA, 0xC3, 0xAA,
    0x83, 0x9A, 0x8C, 0xD4, 0x85, 0xC3, 0xA3, 0xA2, 0x1F, 0xF8, 0x1F, 0xF8, 0x1F, 0xF8, 0x1F, 0xF8,
    0x94, 0xFE, 0xF0, 0xFD, 0x0C, 0xBD, 0x2D, 0x4E, 0xAB, 0x4D, 0xF2, 0xD5, 0x11, 0xFE, 0xAC, 0xDC,
    0x1F, 0xF8, 0x1F, 0xF8, 0x1F, 0xF8, 0x1F, 0xF8, 0x11, 0xFE, 0xC6, 0xFC, 0x6A, 0x8C, 0x0A, 0x3E,
    0xE3, 0x04, 0x90, 0xD5, 0xE7, 0xFC, 0x63, 0xBB, 0x1F, 0xF8, 0x1F, 0xF8, 0x1F, 0xF8, 0x1F, 0xF8,
    0x2C, 0xBD, 0x6A, 0x8C, 0x4D, 0x7D, 0x0A, 0x46, 0xE3, 0x04, 0x90, 0xD5, 0xE7, 0xFC, 0x63, 0xBB,
    0x1F, 0xF8, 0x1F, 0xF8, 0x1F, 0xF8, 0x1F, 0xF8, 0x4D, 0x4E, 0x0A, 0x3E, 0x0A, 0x46, 0x65, 0x0D,
    0xC2, 0x04, 0x90, 0xD5, 0xE7, 0xFC, 0x63, 0xBB, 0x1F, 0xF8, 0x1F, 0xF8, 0x1F, 0xF8, 0x1F, 0xF8,
    0xCC, 0x4D, 0xE3, 0x04, 0xE3, 0x04, 0xC2, 0x04, 0x62, 0x04, 0x90, 0xD5, 0xE7, 0xFC, 0x63, 0xBB,
    0x1F, 0xF8, 0x1F, 0xF8, 0x1F, 0xF8, 0x1F, 0xF8, 0xC7, 0xD4, 0x45, 0xD4, 0x6C, 0xBC, 0xB1, 0xD5,
    0x90, 0xD5, 0x74, 0xF6, 0xE7, 0xFC, 0x63, 0xBB, 0x1F, 0xF8, 0x1F, 0xF8, 0x1F, 0xF8, 0x1F, 0xF8,
    0x85, 0xFC, 0xA0, 0xF3, 0x2C, 0xB4, 0x8D, 0xFD, 0xE7, 0xFC, 0xE7, 0xFC, 0xE6, 0xFC, 0x63, 0xBB,
    0x1F, 0xF8, 0x1F, 0xF8, 0x1F, 0xF8, 0x1F, 0xF8, 0xC5, 0xD3, 0xC3, 0xAA, 0xCA, 0xB3, 0x08, 0xCC,
    0x64, 0xC3, 0x63, 0xC3, 0x63, 0xC3, 0xA3, 0x9A, 0x1F, 0xF8, 0x1F, 0xF8, 0x1F, 0xF8, 0x1F, 0xF8,
    0x94, 0xFE, 0xF0, 0xFD, 0x8B, 0xDC, 0xCC, 0xE4, 0xAC, 0xDC, 0xCC, 0xE4, 0xCC, 0xE4, 0xA9, 0xB3,
    0x1F, 0xF8, 0x1F, 0xF8, 0x1F, 0xF8, 0x1F, 0xF8, 0x11, 0xFE, 0xC6, 0xFC, 0x67, 0xB3, 0x8A, 0xDC,
    0xE4, 0xDB, 0xC3, 0xD3, 0xC4, 0xD3, 0xC2, 0xA2, 0x1F, 0xF8, 0x1F, 0xF8, 0x1F, 0xF8, 0x1F, 0xF8,
    0x2C, 0xBD, 0x6A, 0x8C, 0xCC, 0x94, 0x28, 0x74, 0x07, 0x6C, 0x09, 0xAC, 0xC4, 0xD3, 0xC2, 0xA2,
    0x1F, 0xF8, 0x1F, 0xF8, 0x1F, 0xF8, 0x1F, 0xF8, 0x4D, 0x4E, 0x0A, 0x3E, 0x0A, 0x3E, 0xC8, 0x2D,
    0x47, 0x2D, 0x8C, 0xC4, 0x04, 0xDC, 0x61, 0x92, 0x1F, 0xF8, 0x1F, 0xF8, 0x1F, 0xF8, 0x1F, 0xF8,
    0xCC, 0x4D, 0xE3, 0x04, 0xE3, 0x04, 0xC2, 0x04, 0x21, 0x04, 0x8C, 0xC4, 0x04, 0xDC, 0x61, 0x92,
    0x1F, 0xF8, 0x1F, 0xF8, 0x1F, 0xF8, 0x1F, 0xF8, 0x13, 0xD6, 0x90, 0xD5, 0x4A, 0xC4, 0x8C, 0xC4,
    0x6C, 0xC4, 0xED, 0xE4, 0xC4, 0xD3, 0xC2, 0xA2, 0x1F, 0xF8, 0x1F, 0xF8, 0x1F, 0xF8, 0x1F, 0xF8,
    0x11, 0xFE, 0xE6, 0xFC, 0x67, 0xB3, 0x8A, 0xDC, 0x04, 0xDC, 0xC4, 0xD3, 0xC4, 0xD3, 0xC2, 0xA2,
    0x1F, 0xF8, 0x1F, 0xF8, 0x1F, 0xF8, 0x1F, 0xF8, 0xEC, 0xE4, 0x63, 0xC3, 0xAA, 0xAB, 0x05, 0xA3,
    0xC3, 0x92, 0x04, 0xA3, 0x04, 0xA3, 0x02, 0x82, 0x1F, 0xF8, 0x1F, 0xF8, 0x1F, 0xF8, 0x1F, 0xF8,
    0x0D, 0xED, 0xCC, 0xE4, 0xAC, 0x94, 0x2D, 0x4E, 0xAB, 0x4D, 0xF2, 0xD5, 0x11, 0xFE, 0xAC, 0xDC,
    0x1F, 0xF8, 0x1F, 0xF8, 0x1F, 0xF8, 0x1F, 0xF8, 0xEC, 0xE4, 0xC3, 0xD3, 0x4A, 0x74, 0x0A, 0x3E,
    0xE3, 0x04, 0x90, 0xD5, 0xE6, 0xFC, 0x43, 0xBB, 0x1F, 0xF8, 0x1F, 0xF8, 0x1F, 0xF8, 0x1F, 0xF8,
    0xEC, 0xE4, 0xC3, 0xD3, 0x4A, 0x74, 0x0A, 0x3E, 0x03, 0x05, 0xEA, 0xA4, 0x6A, 0x8C, 0xE3, 0x73,
    0x1F, 0xF8, 0x1F, 0xF8, 0x1F, 0xF8, 0x1F, 0xF8, 0xAC, 0xE4, 0xE4, 0xDB, 0x27, 0x6C, 0xC8, 0x2D,
    0x22, 0x05, 0x0A, 0x3E, 0x0A, 0x3E, 0x22, 0x04, 0x1F, 0xF8, 0x1F, 0xF8, 0x1F, 0xF8, 0x1F, 0xF8,
    0xAC, 0xE4, 0xE4, 0xDB, 0x27, 0x6C, 0xC8, 0x2D, 0x01, 0x05, 0xE3, 0x04, 0xE3, 0x04, 0x40, 0x03,
    0x1F, 0xF8, 0x1F, 0xF8, 0x1F, 0xF8, 0x1F, 0xF8, 0xEC, 0xE4, 0xC3, 0xD3, 0x4A, 0x74, 0x0A, 0x3E,
    0xE3, 0x04, 0x30, 0xB5, 0x90, 0xD5, 0x8C, 0xCC, 0x1F, 0xF8, 0x1F, 0xF8, 0x1F, 0xF8, 0x1F, 0xF8,
    0xEC, 0xE4, 0xC3, 0xD3, 0x4A, 0x74, 0x0A, 0x3E, 0xE3, 0x04, 0x90, 0xD5, 0x07, 0xFD, 0x63, 0xC3,
    0x1F, 0xF8, 0x1F, 0xF8, 0x1F, 0xF8, 0x1F, 0xF8, 0xEA, 0xBB, 0x04, 0xA3, 0xE4, 0x63, 0x44, 0x34,
    0x63, 0x2B, 0xAC, 0xCC, 0x84, 0xC3, 0x81, 0x9A, 0x1F, 0xF8, 0x1F, 0xF8, 0x1F, 0xF8, 0x1F, 0xF8,
    0x94, 0xFE, 0xF0, 0xFD, 0x10, 0xFE, 0xF0, 0xFD, 0x8F, 0xF5, 0x87, 0xEC, 0x85, 0xFC, 0x83, 0xCB,
    0x1F, 0xF8, 0x1F, 0xF8, 0x1F, 0xF8, 0x1F, 0xF8, 0x11, 0xFE, 0xE6, 0xFC, 0xC6, 0xFC, 0xC6, 0xFC,
    0x24, 0xE4, 0x25, 0xE4, 0xA0, 0xF3, 0x80, 0xAA, 0x1F, 0xF8, 0x1F, 0xF8, 0x1F, 0xF8, 0x1F, 0xF8,
    0x11, 0xFE, 0xC6, 0xFC, 0x69, 0x9B, 0x48, 0x84, 0x47, 0x7C, 0xAA, 0xA4, 0x4A, 0x74, 0xA3, 0x53,
    0x1F, 0xF8, 0x1F, 0xF8, 0x1F, 0xF8, 0x1F, 0xF8, 0x11, 0xFE, 0xC6, 0xFC, 0x48, 0x84, 0x4B, 0x3E,
    0xC8, 0x2D, 0x0A, 0x3E, 0x0A, 0x3E, 0x22, 0x04, 0x1F, 0xF8, 0x1F, 0xF8, 0x1F, 0xF8, 0x1F, 0xF8,
    0x11, 0xFE, 0xC6, 0xFC, 0x47, 0x84, 0xC8, 0x2D, 0x01, 0x05, 0xE3, 0x04, 0xE3, 0x04, 0x40, 0x03,
    0x1F, 0xF8, 0x1F, 0xF8, 0x1F, 0xF8, 0x1F, 0xF8, 0x11, 0xFE, 0xC6, 0xFC, 0x6A, 0x8C, 0x0A, 0x3E,
    0xE3, 0x04, 0x30, 0xB5, 0x90, 0xD5, 0x8C, 0xCC, 0x1F, 0xF8, 0x1F, 0xF8, 0x1F, 0xF8, 0x1F, 0xF8,
    0x11, 0xFE, 0xC6, 0xFC, 0x6A, 0x8C, 0x0A, 0x3E, 0xE3, 0x04, 0x90, 0xD5, 0x07, 0xFD, 0x63, 0xC3,
    0x1F, 0xF8, 0x1F, 0xF8, 0x1F, 0xF8, 0x1F, 0xF8, 0xED, 0xE4, 0x84, 0xC3, 0xE4, 0x7B, 0x44, 0x14,
    0x83, 0x13, 0xAC, 0xCC, 0x85, 0xC3, 0xA3, 0xA2, 0x1F, 0xF8, 0x1F, 0xF8, 0x1F, 0xF8, 0x1F, 0xF8,
    0x94, 0xFE, 0xF0, 0xFD, 0x0C, 0xBD, 0x2D, 0x4E, 0xAB, 0x4D, 0xF2, 0xD5, 0x11, 0xFE, 0xAC, 0xDC,
    0x1F, 0xF8, 0x1F, 0xF8, 0x1F, 0xF8, 0x1F, 0xF8, 0x11, 0xFE, 0xC6, 0xFC, 0x6A, 0x8C, 0x0A, 0x3E,
    0xE3, 0x04, 0x90, 0xD5, 0xE6, 0xFC, 0x43, 0xBB, 0x1F, 0xF8, 0x1F, 0xF8, 0x1F, 0xF8, 0x1F, 0xF8,
    0x11, 0xFE, 0xC6, 0xFC, 0x6A, 0x8C, 0x0A, 0x3E, 0xE3, 0x04, 0x48, 0xCC, 0x63, 0xC3, 0x02, 0xB3,
    0x1F, 0xF8, 0x1F, 0xF8, 0x1F, 0xF8, 0x1F, 0xF8, 0x11, 0xFE, 0xC6, 0xFC, 0x47, 0x84, 0xC8, 0x2D,
    0xC2, 0x04, 0x66, 0xD4, 0x23, 0xFC, 0xE1, 0xBA, 0x1F, 0xF8, 0x1F, 0xF8, 0x1F, 0xF8, 0x1F, 0xF8,
    0x11, 0xFE, 0xC6, 0xFC, 0x47, 0x84, 0xC8, 0x2D, 0xC2, 0x04, 0x45, 0xD4, 0xC0, 0xFB, 0x80, 0xAA,
    0x1F, 0xF8, 0x1F, 0xF8, 0x1F, 0xF8, 0x1F, 0xF8, 0x11, 0xFE, 0xC6, 0xFC, 0x6A, 0x8C, 0x0A, 0x3E,
    0xE3, 0x04, 0x45, 0xD4, 0xC0, 0xFB, 0x80, 0xAA, 0x1F, 0xF8, 0x1F, 0xF8, 0x1F, 0xF8, 0x1F, 0xF8,
    0x11, 0xFE, 0xC6, 0xFC, 0x6A, 0x8C, 0x0A, 0x3E, 0xE3, 0x04, 0x45, 0xD4, 0xC0, 0xFB, 0x80, 0xAA,
    0x1F, 0xF8, 0x1F, 0xF8, 0x1F, 0xF8, 0x1F, 0xF8, 0xEC, 0xE4, 0x63, 0xC3, 0xE3, 0x73, 0x23, 0x2C,
    0x62, 0x2B, 0x84, 0xBB, 0xA1, 0xB2, 0x02, 0x82, 0x1F, 0xF8, 0x1F, 0xF8, 0x1F, 0xF8, 0x1F, 0xF8,
    0x0D, 0xED, 0xCC, 0xE4, 0xCC, 0xE4, 0xAC, 0xDC, 0xAC, 0xDC, 0xCC, 0xE4, 0xCC, 0xE4, 0xA9, 0xB3,
    0x1F, 0xF8, 0x1F, 0xF8, 0x1F, 0xF8, 0x1F, 0xF8, 0xEC, 0xE4, 0xC4, 0xD3, 0xC3, 0xD3, 0xE4, 0xDB,
    0xE4, 0xDB, 0xC3, 0xD3, 0xC4, 0xD3, 0xC2, 0xA2, 0x1F, 0xF8, 0x1F, 0xF8, 0x1F, 0xF8, 0x1F, 0xF8,
    0xEC, 0xE4, 0xC3, 0xD3, 0x29, 0x83, 0x6B, 0x7C, 0x6B, 0x7C, 0x29, 0xB4, 0xC4, 0xD3, 0xC2, 0xA2,
    0x1F, 0xF8, 0x1F, 0xF8, 0x1F, 0xF8, 0x1F, 0xF8, 0xAC, 0xE4, 0xE4, 0xDB, 0x28, 0x6C, 0x09, 0x36,
    0x24, 0x15, 0x8C, 0xC4, 0x04, 0xDC, 0x61, 0x92, 0x1F, 0xF8, 0x1F, 0xF8, 0x1F, 0xF8, 0x1F, 0xF8,
    0x8C, 0xD4, 0x43, 0xBB, 0x27, 0x6C, 0xC8, 0x2D, 0xC2, 0x04, 0x6B, 0xBC, 0x63, 0xBB, 0x41, 0x8A,
    0x1F, 0xF8, 0x1F, 0xF8, 0x1F, 0xF8, 0x1F, 0xF8, 0xD3, 0xE5, 0x70, 0xDD, 0x0C, 0xB5, 0x0A, 0x3E,
    0xE3, 0x04, 0x30, 0xBD, 0x70, 0xDD, 0x8C, 0xD4, 0x1F, 0xF8, 0x1F, 0xF8, 0x1F, 0xF8, 0x1F, 0xF8,
    0x11, 0xFE, 0xE6, 0xFC, 0x6A, 0x8C, 0x0A, 0x3E, 0xE3, 0x04, 0x90, 0xD5, 0x07, 0xFD, 0x63, 0xC3,
    0x1F, 0xF8, 0x1F, 0xF8, 0x1F, 0xF8, 0x1F, 0xF8, 0xCC, 0xE4, 0x63, 0xC3, 0xE4, 0x73, 0x44, 0x14,
    0x83, 0x13, 0xAC, 0xCC, 0x85, 0xC3, 0xA3, 0xA2, 0x1F, 0xF8, 0x1F, 0xF8, 0x1F, 0xF8, 0x1F, 0xF8,
    0xE7, 0xFC, 0x85, 0xFC, 0x8A, 0xA4, 0x2D, 0x4E, 0xAB, 0x4D, 0xF2, 0xD5, 0x11, 0xFE, 0xAC, 0xDC,
    0x1F, 0xF8, 0x1F, 0xF8, 0x1F, 0xF8, 0x1F, 0xF8, 0x85, 0xFC, 0xA0, 0xF3, 0x4A, 0x74, 0x0A, 0x3E,
    0xE3, 0x04, 0x90, 0xD5, 0xE6, 0xFC, 0x43, 0xBB, 0x1F, 0xF8, 0x1F, 0xF8, 0x1F, 0xF8, 0x1F, 0xF8,
    0xCE, 0xD4, 0x2C, 0xB4, 0xCC, 0x9C, 0x0A, 0x3E, 0x03, 0x05, 0xEA, 0xA4, 0x6A, 0x8C, 0xE3, 0x73,
    0x1F, 0xF8, 0x1F, 0xF8, 0x1F, 0xF8, 0x1F, 0xF8, 0x53, 0xFE, 0x6D, 0xFD, 0x88, 0x9C, 0xC8, 0x2D,
    0x22, 0x05, 0x0A, 0x3E, 0x0A, 0x3E, 0x22, 0x04, 0x1F, 0xF8, 0x1F, 0xF8, 0x1F, 0xF8, 0x1F, 0xF8,
    0x11, 0xFE, 0xC6, 0xFC, 0x47, 0x84, 0x67, 0x2D, 0xC2, 0x04, 0xE3, 0x04, 0xE3, 0x04, 0x40, 0x03,
    0x1F, 0xF8, 0x1F, 0xF8, 0x1F, 0xF8, 0x1F, 0xF8, 0x11, 0xFE, 0xE6, 0xFC, 0xEB, 0xD4, 0x90, 0xD5,
    0x90, 0xD5, 0x90, 0xD5, 0x90, 0xD5, 0x8C, 0xCC, 0x1F, 0xF8, 0x1F, 0xF8, 0x1F, 0xF8, 0x1F, 0xF8,
    0x11, 0xFE, 0xE6, 0xFC, 0xE6, 0xFC, 0xE7, 0xFC, 0xE7, 0xFC, 0xE7, 0xFC, 0xE7, 0xFC, 0x63, 0xC3,
    0x1F, 0xF8, 0x1F, 0xF8, 0x1F, 0xF8, 0x1F, 0xF8, 0xEC, 0xE4, 0x63, 0xC3, 0x63, 0xC3, 0x64, 0xC3,
    0x64, 0xC3, 0x84, 0xC3, 0x84, 0xC3, 0xA3, 0xA2, 0x1F, 0xF8, 0x1F, 0xF8, 0x1F, 0xF8, 0x1F, 0xF8,
    0x0D, 0xED, 0xCC, 0xE4, 0xCC, 0xE4, 0xAC, 0xDC, 0x6B, 0xD4, 0xD2, 0xE5, 0x11, 0xFE, 0xAC, 0xDC,
    0x1F, 0xF8, 0x1F, 0xF8, 0x1F, 0xF8, 0x1F, 0xF8, 0xEC, 0xE4, 0xC4, 0xD3, 0xC3, 0xD3, 0xE4, 0xDB,
    0x43, 0xBB, 0x70, 0xDD, 0xE6, 0xFC, 0x43, 0xBB, 0x1F, 0xF8, 0x1F, 0xF8, 0x1F, 0xF8, 0x1F, 0xF8,
    0xEC, 0xE4, 0xC3, 0xD3, 0x29, 0x83, 0x28, 0x6C, 0x27, 0x6C, 0x0C, 0xB5, 0x6A, 0x8C, 0xE3, 0x73,
    0x1F, 0xF8, 0x1F, 0xF8, 0x1F, 0xF8, 0x1F, 0xF8, 0xAC, 0xE4, 0xE4, 0xDB, 0x6B, 0x7C, 0x09, 0x36,
    0xC8, 0x2D, 0x0A, 0x3E, 0x0A, 0x3E, 0x22, 0x04, 0x1F, 0xF8, 0x1F, 0xF8, 0x1F, 0xF8, 0x1F, 0xF8,
    0xAC, 0xE4, 0xE4, 0xDB, 0x6B, 0x7C, 0x24, 0x15, 0xC2, 0x04, 0xE3, 0x04, 0xE3, 0x04, 0x40, 0x03,
    0x1F, 0xF8, 0x1F, 0xF8, 0x1F, 0xF8, 0x1F, 0xF8, 0xEC, 0xE4, 0xC3, 0xD3, 0x29, 0xB4, 0x8C, 0xC4,
    0x6B, 0xBC, 0x30, 0xBD, 0x90, 0xD5, 0x8C, 0xCC, 0x1F, 0xF8, 0x1F, 0xF8, 0x1F, 0xF8, 0x1F, 0xF8,
    0xEC, 0xE4, 0xC4, 0xD3, 0xC4, 0xD3, 0x04, 0xDC, 0x63, 0xBB, 0x70, 0xDD, 0x07, 0xFD, 0x63, 0xC3,
    0x1F, 0xF8, 0x1F, 0xF8, 0x1F, 0xF8, 0x1F, 0xF8, 0xEA, 0xBB, 0x04, 0xA3, 0xE4, 0xA2, 0xC4, 0x92,
    0xA3, 0x8A, 0xAC, 0xD4, 0x85, 0xC3, 0xA3, 0xA2, 0x1F, 0xF8, 0x1F, 0xF8, 0x1F, 0xF8, 0x1F, 0xF8,
    0x94, 0xFE, 0xF0, 0xFD, 0x0C, 0xBD, 0x2D, 0x4E, 0xAB, 0x4D, 0xF2, 0xD5, 0x11, 0xFE, 0xAC, 0xDC,
    0x1F, 0xF8, 0x1F, 0xF8, 0x1F, 0xF8, 0x1F, 0xF8, 0x11, 0xFE, 0xC6, 0xFC, 0x6A, 0x8C, 0x0A, 0x3E,
    0xE3, 0x04, 0x90, 0xD5, 0xE6, 0xFC, 0x43, 0xBB, 0x1F, 0xF8, 0x1F, 0xF8, 0x1F, 0xF8, 0x1F, 0xF8,
    0xAC, 0xE4, 0x67, 0xB3, 0xCC, 0x94, 0x0A, 0x3E, 0xE3, 0x04, 0x4A, 0xC4, 0x67, 0xB3, 0x89, 0xAB,
    0x1F, 0xF8, 0x1F, 0xF8, 0x1F, 0xF8, 0x1F, 0xF8, 0xCC, 0xE4, 0x8A, 0xDC, 0x28, 0x74, 0xC8, 0x2D,
    0xC2, 0x04, 0x8C, 0xC4, 0x8A, 0xDC, 0xC3, 0xA2, 0x1F, 0xF8, 0x1F, 0xF8, 0x1F, 0xF8, 0x1F, 0xF8,
    0xAC, 0xE4, 0xE4, 0xDB, 0x07, 0x6C, 0x47, 0x2D, 0x21, 0x04, 0x6C, 0xC4, 0x04, 0xDC, 0x61, 0x92,
    0x1F, 0xF8, 0x1F, 0xF8, 0x1F, 0xF8, 0x1F, 0xF8, 0xEC, 0xE4, 0xC3, 0xD3, 0x09, 0xAC, 0x8C, 0xC4,
    0x8C, 0xC4, 0xED, 0xE4, 0xC4, 0xD3, 0xC2, 0xA2, 0x1F, 0xF8, 0x1F, 0xF8, 0x1F, 0xF8, 0x1F, 0xF8,
    0xEC, 0xE4, 0xC4, 0xD3, 0xC4, 0xD3, 0x04, 0xDC, 0x04, 0xDC, 0xC4, 0xD3, 0xC4, 0xD3, 0xC2, 0xA2,
    0x1F, 0xF8, 0x1F, 0xF8, 0x1F, 0xF8, 0x1F, 0xF8, 0xCA, 0xB3, 0xC2, 0xA2, 0xC2, 0xA2, 0x61, 0x92,
    0x81, 0x9A, 0xC2, 0xA2, 0xC2, 0xA2, 0xC0, 0x79, 0x1F, 0xF8, 0x1F, 0xF8, 0x1F, 0xF8, 0x1F, 0xF8,
    0xA0, 0x79, 0xA0, 0xB2, 0xA0, 0xB2, 0xA0, 0x79, 0xE0, 0xCA, 0x20, 0x9A, 0x20, 0x9A, 0xE0, 0xCA,
    0x1F, 0xF8, 0x1F, 0xF8, 0x1F, 0xF8, 0x1F, 0xF8, 0xA0, 0xB2, 0x60, 0xA2, 0x60, 0xA2, 0xA0, 0xB2,
    0x20, 0x9A, 0x80, 0xAA, 0x80, 0xAA, 0x20, 0x9A, 0x1F, 0xF8, 0x1F, 0xF8, 0x1F, 0xF8, 0x1F, 0xF8,
    0xA0, 0xB2, 0x60, 0xA2, 0x60, 0xA2, 0xA0, 0xB2, 0x20, 0x9A, 0x80, 0xAA, 0x80, 0xAA, 0x20, 0x9A,
    0x1F, 0xF8, 0x1F, 0xF8, 0x1F, 0xF8, 0x1F, 0xF8, 0xA0, 0x79, 0xA0, 0xB2, 0xA0, 0xB2, 0xC0, 0x79,
    0xE0, 0xCA, 0x20, 0x9A, 0x20, 0x9A, 0xE0, 0xCA, 0x1F, 0xF8, 0x1F, 0xF8, 0x1F, 0xF8, 0x1F, 0xF8,
    0xE0, 0xCA, 0x20, 0x9A, 0x20, 0x9A, 0xE0, 0xCA, 0xC0, 0x79, 0xA0, 0xB2, 0xA0, 0xB2, 0xA0, 0x79,
    0x1F, 0xF8, 0x1F, 0xF8, 0x1F, 0xF8, 0x1F, 0xF8, 0x20, 0x9A, 0x80, 0xAA, 0x80, 0xAA, 0x20, 0x9A,
    0xA0, 0xB2, 0x60, 0xA2, 0x60, 0xA2, 0xA0, 0xB2, 0x1F, 0xF8, 0x1F, 0xF8, 0x1F, 0xF8, 0x1F, 0xF8,
    0x20, 0x9A, 0x80, 0xAA, 0x80, 0xAA, 0x20, 0x9A, 0xA0, 0xB2, 0x60, 0xA2, 0x60, 0xA2, 0xA0, 0xB2,
    0x1F, 0xF8, 0x1F, 0xF8, 0x1F, 0xF8, 0x1F, 0xF8, 0x23, 0xCB, 0x63, 0x9A, 0x63, 0x9A, 0x23, 0xCB,
    0x23, 0x7A, 0xC3, 0xB2, 0xC3, 0xBA, 0xE2, 0x79, 0x1F, 0xF8, 0x1F, 0xF8, 0x1F, 0xF8, 0x1F, 0xF8,
    0x94, 0xFE, 0xF0, 0xFD, 0x0C, 0xBD, 0x2D, 0x56, 0xAB, 0x4D, 0xF2, 0xD5, 0x11, 0xFE, 0xAC, 0xDC,
    0x1F, 0xF8, 0x1F, 0xF8, 0x1F, 0xF8, 0x1F, 0xF8, 0x11, 0xFE, 0xC6, 0xFC, 0x72, 0xB5, 0x54, 0xCF,
    0xAB, 0xBE, 0xEF, 0xDD, 0xE6, 0xFC, 0x43, 0xBB, 0x1F, 0xF8, 0x1F, 0xF8, 0x1F, 0xF8, 0x1F, 0xF8,
    0x2C, 0xBD, 0x72, 0xB5, 0x94, 0xCE, 0x87, 0x5C, 0x00, 0x53, 0x01, 0xBE, 0x67, 0x83, 0xC3, 0x73,
    0x1F, 0xF8, 0x1F, 0xF8, 0x1F, 0xF8, 0x1F, 0xF8, 0x4D, 0x4E, 0x54, 0xCF, 0x87, 0x5C, 0x03, 0x0B,
    0x41, 0x04, 0x2B, 0x9E, 0xA4, 0x8C, 0x61, 0x03, 0x1F, 0xF8, 0x1F, 0xF8, 0x1F, 0xF8, 0x1F, 0xF8,
    0xCC, 0x4D, 0xAB, 0xBE, 0x00, 0x53, 0x41, 0x04, 0x01, 0x05, 0xB2, 0xAE, 0x85, 0x8C, 0x00, 0x02,
    0x1F, 0xF8, 0x1F, 0xF8, 0x1F, 0xF8, 0x1F, 0xF8, 0xC7, 0xD4, 0x04, 0xDD, 0x00, 0xBE, 0x2B, 0x9E,
    0xB2, 0xAE, 0x6F, 0xCE, 0xEA, 0x93, 0x64, 0x7A, 0x1F, 0xF8, 0x1F, 0xF8, 0x1F, 0xF8, 0x1F, 0xF8,
    0x85, 0xFC, 0xA0, 0xF3, 0x26, 0x6B, 0xA4, 0x8C, 0x85, 0x8C, 0xEA, 0x93, 0xA4, 0x8A, 0x81, 0x9A,
    0x1F, 0xF8, 0x1F, 0xF8, 0x1F, 0xF8, 0x1F, 0xF8, 0xA4, 0xD3, 0x81, 0xAA, 0xC3, 0x5B, 0x83, 0x2B,
    0x22, 0x2A, 0x64, 0x82, 0xA2, 0x9A, 0xA3, 0x9A, 0x1F, 0xF8, 0x1F, 0xF8, 0x1F, 0xF8, 0x1F, 0xF8,
    0xED, 0xEC, 0xCC, 0xE4, 0xCC, 0xE4, 0xAC, 0xDC, 0xAC, 0xDC, 0xCC, 0xE4, 0xCC, 0xE4, 0xA9, 0xB3,
    0x1F, 0xF8, 0x1F, 0xF8, 0x1F, 0xF8, 0x1F, 0xF8, 0xEC, 0xE4, 0xC4, 0xD3, 0x10, 0xD5, 0xD3, 0xEE,
    0x6B, 0xE6, 0x62, 0xC4, 0xC3, 0xD3, 0xC2, 0xA2, 0x1F, 0xF8, 0x1F, 0xF8, 0x1F, 0xF8, 0x1F, 0xF8,
    0xCC, 0x94, 0x72, 0xA5, 0x93, 0xC6, 0x83, 0x63, 0xE2, 0x52, 0x01, 0xBE, 0x47, 0x6B, 0xC3, 0x5B,
    0x1F, 0xF8, 0x1F, 0xF8, 0x1F, 0xF8, 0x1F, 0xF8, 0x4D, 0x4E, 0x54, 0xCF, 0x87, 0x5C, 0x23, 0x13,
    0x63, 0x0C, 0x2B, 0x9E, 0xA4, 0x8C, 0x61, 0x03, 0x1F, 0xF8, 0x1F, 0xF8, 0x1F, 0xF8, 0x1F, 0xF8,
    0xCC, 0x4D, 0xAB, 0xBE, 0x00, 0x53, 0x41, 0x04, 0x01, 0x05, 0xB2, 0xAE, 0x85, 0x8C, 0x00, 0x02,
    0x1F, 0xF8, 0x1F, 0xF8, 0x1F, 0xF8, 0x1F, 0xF8, 0x13, 0xD6, 0xEF, 0xDD, 0x01, 0xBE, 0x2B, 0x9E,
    0xB2, 0xAE, 0x6F, 0xCE, 0xEA, 0x93, 0x64, 0x7A, 0x1F, 0xF8, 0x1F, 0xF8, 0x1F, 0xF8, 0x1F, 0xF8,
    0x11, 0xFE, 0xE6, 0xFC, 0x67, 0x83, 0xA4, 0x8C, 0x85, 0x8C, 0xEA, 0x93, 0xA4, 0x8A, 0x81, 0x9A,
    0x1F, 0xF8, 0x1F, 0xF8, 0x1F, 0xF8, 0x1F, 0xF8, 0xED, 0xE4, 0x84, 0xC3, 0xE4, 0x7B, 0x83, 0x13,
    0x43, 0x12, 0x84, 0x7A, 0xA2, 0x9A, 0xA3, 0x9A, 0x1F, 0xF8, 0x1F, 0xF8, 0x1F, 0xF8, 0x1F, 0xF8,
    0x94, 0xFE, 0xF0, 0xFD, 0x0C, 0xBD, 0x2D, 0x4E, 0xAB, 0x4D, 0xCC, 0xCC, 0xCC, 0xE4, 0xA9, 0xB3,
    0x1F, 0xF8, 0x1F, 0xF8, 0x1F, 0xF8, 0x1F, 0xF8, 0x11, 0xFE, 0xC6, 0xFC, 0x72, 0xB5, 0x54, 0xCF,
    0xAB, 0xBE, 0x09, 0xC5, 0xC4, 0xD3, 0xC2, 0xA2, 0x1F, 0xF8, 0x1F, 0xF8, 0x1F, 0xF8, 0x1F, 0xF8,
    0x2C, 0xBD, 0x72, 0xB5, 0x94, 0xCE, 0x87, 0x5C, 0x00, 0x53, 0x00, 0xBE, 0x22, 0xAB, 0xC2, 0xA2,
    0x1F, 0xF8, 0x1F, 0xF8, 0x1F, 0xF8, 0x1F, 0xF8, 0x4D, 0x4E, 0x54, 0xCF, 0x87, 0x5C, 0x03, 0x0B,
    0xC1, 0x03, 0x6C, 0xBD, 0x83, 0x94, 0xA0, 0x71, 0x1F, 0xF8, 0x1F, 0xF8, 0x1F, 0xF8, 0x1F, 0xF8,
    0xCC, 0x4D, 0xAB, 0xBE, 0x00, 0x53, 0x41, 0x04, 0xC2, 0x04, 0x13, 0xCE, 0x85, 0x94, 0x40, 0x59,
    0x1F, 0xF8, 0x1F, 0xF8, 0x1F, 0xF8, 0x1F, 0xF8, 0x13, 0xD6, 0xEF, 0xDD, 0x01, 0xBE, 0x2B, 0x9E,
    0xB2, 0xAE, 0x6F, 0xC6, 0x20, 0x72, 0x40, 0x51, 0x1F, 0xF8, 0x1F, 0xF8, 0x1F, 0xF8, 0x1F, 0xF8,
    0x11, 0xFE, 0xE6, 0xFC, 0x67, 0x83, 0xA4, 0x8C, 0x85, 0x8C, 0x83, 0x7A, 0xA1, 0x69, 0x21, 0x82,
    0x1F, 0xF8, 0x1F, 0xF8, 0x1F, 0xF8, 0x1F, 0xF8, 0xED, 0xE4, 0x84, 0xC3, 0xE4, 0x7B, 0x83, 0x2B,
    0x43, 0x2A, 0x24, 0x62, 0x63, 0x8A, 0x02, 0x82, 0x1F, 0xF8, 0x1F, 0xF8, 0x1F, 0xF8, 0x1F, 0xF8,
    0x94, 0xFE, 0xF0, 0xFD, 0x10, 0xFE, 0xF0, 0xFD, 0xF0, 0xFD, 0xF0, 0xFD, 0xF0, 0xFD, 0xAC, 0xDC,
    0x1F, 0xF8, 0x1F, 0xF8, 0x1F, 0xF8, 0x1F, 0xF8, 0x11, 0xFE, 0xC6, 0xFC, 0xD0, 0xFD, 0xF3, 0xF6,
    0xAB, 0xEE, 0x45, 0xF5, 0xE6, 0xFC, 0x63, 0xBB, 0x1F, 0xF8, 0x1F, 0xF8, 0x1F, 0xF8, 0x1F, 0xF8,
    0x2C, 0xBD, 0x72, 0xB5, 0x93, 0xC6, 0x83, 0x6B, 0xE2, 0x52, 0x00, 0xC6, 0x44, 0xDC, 0x43, 0xBB,
    0x1F, 0xF8, 0x1F, 0xF8, 0x1F, 0xF8, 0x1F, 0xF8, 0x4D, 0x4E, 0x54, 0xCF, 0x87, 0x5C, 0x23, 0x13,
    0xE3, 0x0B, 0xCE, 0xC5, 0x83, 0x9C, 0x81, 0x9A, 0x1F, 0xF8, 0x1F, 0xF8, 0x1F, 0xF8, 0x1F, 0xF8,
    0xCC, 0x4D, 0xAB, 0xBE, 0x00, 0x53, 0x41, 0x04, 0xC2, 0x04, 0x54, 0xD6, 0x85, 0x94, 0x80, 0x69,
    0x1F, 0xF8, 0x1F, 0xF8, 0x1F, 0xF8, 0x1F, 0xF8, 0x13, 0xD6, 0xEF, 0xDD, 0x01, 0xBE, 0x2B, 0x9E,
    0xB2, 0xAE, 0x6F, 0xCE, 0x03, 0x9B, 0xC0, 0x71, 0x1F, 0xF8, 0x1F, 0xF8, 0x1F, 0xF8, 0x1F, 0xF8,
    0x11, 0xFE, 0xE6, 0xFC, 0x67, 0x83, 0xA4, 0x8C, 0x85, 0x8C, 0x23, 0x93, 0xE0, 0x81, 0xC0, 0x81,
    0x1F, 0xF8, 0x1F, 0xF8, 0x1F, 0xF8, 0x1F, 0xF8, 0xED, 0xE4, 0x84, 0xC3, 0xE4, 0x7B, 0x83, 0x13,
    0x43, 0x12, 0x23, 0x72, 0x23, 0x8A, 0x22, 0x8A, 0x1F, 0xF8, 0x1F, 0xF8, 0x1F, 0xF8, 0x1F, 0xF8,
    0x94, 0xFE, 0xF0, 0xFD, 0x0C, 0xBD, 0x2D, 0x4E, 0xAB, 0x4D, 0xF2, 0xD5, 0x11, 0xFE, 0xAC, 0xDC,
    0x1F, 0xF8, 0x1F, 0xF8, 0x1F, 0xF8, 0x1F, 0xF8, 0x11, 0xFE, 0xC6, 0xFC, 0x72, 0xB5, 0x54, 0xCF,
    0xAB, 0xBE, 0xEF, 0xDD, 0xE6, 0xFC, 0x43, 0xBB, 0x1F, 0xF8, 0x1F, 0xF8, 0x1F, 0xF8, 0x1F, 0xF8,
    0x2C, 0xBD, 0x72, 0xB5, 0x94, 0xCE, 0x87, 0x5C, 0x00, 0x53, 0x01, 0xBE, 0x67, 0x83, 0xC3, 0x73,
    0x1F, 0xF8, 0x1F, 0xF8, 0x1F, 0xF8, 0x1F, 0xF8, 0x4D, 0x4E, 0x54, 0xCF, 0x87, 0x5C, 0x03, 0x0B,
    0x41, 0x04, 0x2B, 0x9E, 0xA4, 0x8C, 0x61, 0x03, 0x1F, 0xF8, 0x1F, 0xF8, 0x1F, 0xF8, 0x1F, 0xF8,
    0xCC, 0x4D, 0xAB, 0xBE, 0x00, 0x53, 0xC1, 0x03, 0xC2, 0x04, 0xB2, 0xAE, 0x85, 0x8C, 0x00, 0x02,
    0x1F, 0xF8, 0x1F, 0xF8, 0x1F, 0xF8, 0x1F, 0xF8, 0xEC, 0xCC, 0x09, 0xC5, 0x00, 0xBE, 0x6C, 0xBD,
    0x13, 0xCE, 0x6F, 0xC6, 0x83, 0x7A, 0xC3, 0x59, 0x1F, 0xF8, 0x1F, 0xF8, 0x1F, 0xF8, 0x1F, 0xF8,
    0xEC, 0xE4, 0xC4, 0xD3, 0x22, 0xAB, 0x83, 0x94, 0x85, 0x94, 0x20, 0x72, 0xA1, 0x69, 0x21, 0x82,
    0x1F, 0xF8, 0x1F, 0xF8, 0x1F, 0xF8, 0x1F, 0xF8, 0xEA, 0xBB, 0x04, 0xA3, 0x04, 0xA3, 0x03, 0x7A,
    0xA3, 0x61, 0xA3, 0x59, 0x63, 0x8A, 0x02, 0x82, 0x1F, 0xF8, 0x1F, 0xF8, 0x1F, 0xF8, 0x1F, 0xF8,
    0x94, 0xFE, 0xF0, 0xFD, 0xF0, 0xFD, 0xF0, 0xFD, 0xF0, 0xFD, 0xF0, 0xFD, 0xF0, 0xFD, 0xAC, 0xDC,
    0x1F, 0xF8, 0x1F, 0xF8, 0x1F, 0xF8, 0x1F, 0xF8, 0x11, 0xFE, 0xC6, 0xFC, 0xD0, 0xFD, 0xF3, 0xF6,
    0xAB, 0xEE, 0x45, 0xF5, 0xC6, 0xFC, 0x43, 0xBB, 0x1F, 0xF8, 0x1F, 0xF8, 0x1F, 0xF8, 0x1F, 0xF8,
    0x2C, 0xBD, 0x72, 0xB5, 0x93, 0xC6, 0x83, 0x6B, 0xE2, 0x52, 0x02, 0xBE, 0x67, 0x83, 0xC3, 0x73,
    0x1F, 0xF8, 0x1F, 0xF8, 0x1F, 0xF8, 0x1F, 0xF8, 0x4D, 0x4E, 0x54, 0xCF, 0x87, 0x5C, 0x23, 0x13,
    0x63, 0x0C, 0x2B, 0x9E, 0xA4, 0x8C, 0x61, 0x03, 0x1F, 0xF8, 0x1F, 0xF8, 0x1F, 0xF8, 0x1F, 0xF8,
    0xCC, 0x4D, 0xAB, 0xBE, 0x00, 0x53, 0xC1, 0x03, 0xC2, 0x04, 0xB2, 0xAE, 0x85, 0x8C, 0x00, 0x02,
    0x1F, 0xF8, 0x1F, 0xF8, 0x1F, 0xF8, 0x1F, 0xF8, 0xC7, 0xD4, 0x04, 0xDD, 0x00, 0xC6, 0x6B, 0xC5,
    0x12, 0xD6, 0x6F, 0xCE, 0xEA, 0x93, 0x64, 0x7A, 0x1F, 0xF8, 0x1F, 0xF8, 0x1F, 0xF8, 0x1F, 0xF8,
    0x85, 0xFC, 0xC0, 0xFB, 0x60, 0xD3, 0x82, 0x9C, 0x85, 0x94, 0xCA, 0x93, 0xA4, 0x8A, 0x81, 0x9A,
    0x1F, 0xF8, 0x1F, 0xF8, 0x1F, 0xF8, 0x1F, 0xF8, 0xC5, 0xD3, 0xC3, 0xB2, 0xC3, 0xAA, 0x43, 0x82,
    0xA3, 0x51, 0x85, 0x82, 0xC4, 0x9A, 0xA3, 0xA2, 0x1F, 0xF8, 0x1F, 0xF8, 0x1F, 0xF8, 0x1F, 0xF8,
    0x94, 0xFE, 0xF0, 0xFD, 0x0C, 0xBD, 0x2D, 0x4E, 0xAB, 0x4D, 0xF2, 0xD5, 0x11, 0xFE, 0xAC, 0xDC,
    0x1F, 0xF8, 0x1F, 0xF8, 0x1F, 0xF8, 0x1F, 0xF8, 0x11, 0xFE, 0xC6, 0xFC, 0x72, 0xB5, 0x54, 0xCF,
    0xAB, 0xBE, 0xEF, 0xDD, 0xE7, 0xFC, 0x63, 0xBB, 0x1F, 0xF8, 0x1F, 0xF8, 0x1F, 0xF8, 0x1F, 0xF8,
    0x2C, 0xBD, 0x72, 0xB5, 0x94, 0xCE, 0x87, 0x5C, 0x00, 0x53, 0x01, 0xC6, 0x44, 0xDC, 0x43, 0xBB,
    0x1F, 0xF8, 0x1F, 0xF8, 0x1F, 0xF8, 0x1F, 0xF8, 0x4D, 0x4E, 0x54, 0xCF, 0x87, 0x5C, 0x03, 0x0B,
    0xC1, 0x03, 0xCE, 0xC5, 0x83, 0x9C, 0x81, 0x9A, 0x1F, 0xF8, 0x1F, 0xF8, 0x1F, 0xF8, 0x1F, 0xF8,
    0xCC, 0x4D, 0xAB, 0xBE, 0x00, 0x53, 0xC1, 0x03, 0x62, 0x04, 0x54, 0xD6, 0x85, 0x9C, 0xA0, 0x69,
    0x1F, 0xF8, 0x1F, 0xF8, 0x1F, 0xF8, 0x1F, 0xF8, 0xC7, 0xD4, 0x04, 0xDD, 0x00, 0xBE, 0xCE, 0xC5,
    0x54, 0xD6, 0x6F, 0xCE, 0x63, 0xAB, 0xA0, 0x69, 0x1F, 0xF8, 0x1F, 0xF8, 0x1F, 0xF8, 0x1F, 0xF8,
    0x85, 0xFC, 0xA0, 0xF3, 0x07, 0x8B, 0xA5, 0x9C, 0x85, 0x9C, 0x63, 0xAB, 0x82, 0x8A, 0x81, 0x9A,
    0x1F, 0xF8, 0x1F, 0xF8, 0x1F, 0xF8, 0x1F, 0xF8, 0xC5, 0xD3, 0xC3, 0xAA, 0xCA, 0xB3, 0x67, 0xAB,
    0xE2, 0x71, 0xC1, 0x71, 0xA2, 0x9A, 0xA3, 0x9A, 0x1F, 0xF8, 0x1F, 0xF8, 0x1F, 0xF8, 0x1F, 0xF8,
    0x94, 0xFE, 0xF0, 0xFD, 0x8B, 0xDC, 0xCC, 0xE4, 0xAC, 0xDC, 0x2D, 0xED, 0xCC, 0xE4, 0xA9, 0xB3,
    0x1F, 0xF8, 0x1F, 0xF8, 0x1F, 0xF8, 0x1F, 0xF8, 0x11, 0xFE, 0xC6, 0xFC, 0xAF, 0xC4, 0xD3, 0xEE,
    0x6B, 0xE6, 0xE9, 0xD4, 0xC4, 0xD3, 0xC2, 0xA2, 0x1F, 0xF8, 0x1F, 0xF8, 0x1F, 0xF8, 0x1F, 0xF8,
    0x2C, 0xBD, 0x72, 0xB5, 0x94, 0xC6, 0x83, 0x63, 0xE2, 0x52, 0x01, 0xBE, 0x22, 0xAB, 0xC2, 0xA2,
    0x1F, 0xF8, 0x1F, 0xF8, 0x1F, 0xF8, 0x1F, 0xF8, 0x4D, 0x4E, 0x54, 0xCF, 0x87, 0x5C, 0x03, 0x13,
    0xE3, 0x0B, 0x8D, 0xBD, 0x83, 0x94, 0xA0, 0x71, 0x1F, 0xF8, 0x1F, 0xF8, 0x1F, 0xF8, 0x1F, 0xF8,
    0xCC, 0x4D, 0xAB, 0xBE, 0x00, 0x53, 0xA1, 0x03, 0x41, 0x04, 0x13, 0xCE, 0x85, 0x94, 0x40, 0x59,
    0x1F, 0xF8, 0x1F, 0xF8, 0x1F, 0xF8, 0x1F, 0xF8, 0x13, 0xD6, 0xEF, 0xDD, 0x01, 0xBE, 0x6C, 0xBD,
    0x13, 0xCE, 0x6F, 0xC6, 0x20, 0x72, 0x40, 0x51, 0x1F, 0xF8, 0x1F, 0xF8, 0x1F, 0xF8, 0x1F, 0xF8,
    0x11, 0xFE, 0xE6, 0xFC, 0x60, 0x8A, 0x83, 0x94, 0x85, 0x94, 0x63, 0x7A, 0xA1, 0x69, 0x21, 0x82,
    0x1F, 0xF8, 0x1F, 0xF8, 0x1F, 0xF8, 0x1F, 0xF8, 0xEC, 0xE4, 0x63, 0xC3, 0x83, 0x9A, 0x23, 0x72,
    0xC3, 0x59, 0xC3, 0x59, 0x63, 0x8A, 0x02, 0x82, 0x1F, 0xF8, 0x1F, 0xF8, 0x1F, 0xF8, 0x1F, 0xF8,
    0x0D, 0xED, 0xCC, 0xE4, 0xAC, 0x94, 0x2D, 0x4E, 0xAB, 0x4D, 0xF2, 0xD5, 0x11, 0xFE, 0xAC, 0xDC,
    0x1F, 0xF8, 0x1F, 0xF8, 0x1F, 0xF8, 0x1F, 0xF8, 0xEC, 0xE4, 0xC4, 0xD3, 0x72, 0xA5, 0x54, 0xCF,
    0xAB, 0xBE, 0xEF, 0xDD, 0xE6, 0xFC, 0x43, 0xBB, 0x1F, 0xF8, 0x1F, 0xF8, 0x1F, 0xF8, 0x1F, 0xF8,
    0xEC, 0xE4, 0x10, 0xD5, 0x93, 0xC6, 0x87, 0x5C, 0x00, 0x53, 0x01, 0xBE, 0x67, 0x83, 0xC3, 0x73,
    0x1F, 0xF8, 0x1F, 0xF8, 0x1F, 0xF8, 0x1F, 0xF8, 0xAC, 0xE4, 0xD3, 0xEE, 0x83, 0x63, 0x23, 0x13,
    0x41, 0x04, 0x2B, 0x9E, 0xA4, 0x8C, 0x61, 0x03, 0x1F, 0xF8, 0x1F, 0xF8, 0x1F, 0xF8, 0x1F, 0xF8,
    0xAC, 0xE4, 0x6B, 0xE6, 0xE2, 0x52, 0x63, 0x0C, 0x01, 0x05, 0xB2, 0xAE, 0x85, 0x8C, 0x00, 0x02,
    0x1F, 0xF8, 0x1F, 0xF8, 0x1F, 0xF8, 0x1F, 0xF8, 0xEC, 0xE4, 0x62, 0xC4, 0x01, 0xBE, 0x2B, 0x9E,
    0xB2, 0xAE, 0x6F, 0xCE, 0xEA, 0x93, 0x64, 0x7A, 0x1F, 0xF8, 0x1F, 0xF8, 0x1F, 0xF8, 0x1F, 0xF8,
    0xEC, 0xE4, 0xC3, 0xD3, 0x47, 0x6B, 0xA4, 0x8C, 0x85, 0x8C, 0xEA, 0x93, 0xA4, 0x8A, 0x81, 0x9A,
    0x1F, 0xF8, 0x1F, 0xF8, 0x1F, 0xF8, 0x1F, 0xF8, 0xEA, 0xBB, 0x04, 0xA3, 0xE4, 0x63, 0x83, 0x2B,
    0x43, 0x2A, 0x84, 0x82, 0xA2, 0x9A, 0x81, 0x9A, 0x1F, 0xF8, 0x1F, 0xF8, 0x1F, 0xF8, 0x1F, 0xF8,
    0x94, 0xFE, 0xF0, 0xFD, 0x10, 0xFE, 0xF0, 0xFD, 0x8F, 0xF5, 0x87, 0xEC, 0x85, 0xFC, 0x83, 0xCB,
    0x1F, 0xF8, 0x1F, 0xF8, 0x1F, 0xF8, 0x1F, 0xF8, 0x11, 0xFE, 0xE6, 0xFC, 0xD0, 0xFD, 0xF3, 0xF6,
    0x8B, 0xE6, 0xE4, 0xE4, 0xA0, 0xF3, 0x80, 0xAA, 0x1F, 0xF8, 0x1F, 0xF8, 0x1F, 0xF8, 0x1F, 0xF8,
    0x11, 0xFE, 0xD0, 0xFD, 0xB4, 0xCE, 0x84, 0x6B, 0xE2, 0x52, 0x02, 0xBE, 0x26, 0x6B, 0xA3, 0x53,
    0x1F, 0xF8, 0x1F, 0xF8, 0x1F, 0xF8, 0x1F, 0xF8, 0x11, 0xFE, 0xF3, 0xF6, 0x84, 0x6B, 0x44, 0x13,
    0x63, 0x0C, 0x2B, 0x9E, 0xA4, 0x8C, 0x61, 0x03, 0x1F, 0xF8, 0x1F, 0xF8, 0x1F, 0xF8, 0x1F, 0xF8,
    0x11, 0xFE, 0xAB, 0xEE, 0xE2, 0x52, 0x63, 0x0C, 0x01, 0x05, 0xB2, 0xAE, 0x85, 0x8C, 0x00, 0x02,
    0x1F, 0xF8, 0x1F, 0xF8, 0x1F, 0xF8, 0x1F, 0xF8, 0x11, 0xFE, 0x45, 0xF5, 0x02, 0xBE, 0x2B, 0x9E,
    0xB2, 0xAE, 0x6F, 0xCE, 0xEA, 0x93, 0x64, 0x7A, 0x1F, 0xF8, 0x1F, 0xF8, 0x1F, 0xF8, 0x1F, 0xF8,
    0x11, 0xFE, 0xC6, 0xFC, 0x67, 0x83, 0xA4, 0x8C, 0x85, 0x8C, 0xEA, 0x93, 0xA4, 0x8A, 0x81, 0x9A,
    0x1F, 0xF8, 0x1F, 0xF8, 0x1F, 0xF8, 0x1F, 0xF8, 0xED, 0xE4, 0x84, 0xC3, 0xE4, 0x7B, 0x83, 0x13,
    0x43, 0x12, 0xA5, 0x7A, 0xC4, 0x9A, 0xA3, 0xA2, 0x1F, 0xF8, 0x1F, 0xF8, 0x1F, 0xF8, 0x1F, 0xF8,
    0x94, 0xFE, 0xF0, 0xFD, 0x0C, 0xBD, 0x2D, 0x4E, 0xAB, 0x4D, 0xF2, 0xD5, 0x11, 0xFE, 0xAC, 0xDC,
    0x1F, 0xF8, 0x1F, 0xF8, 0x1F, 0xF8, 0x1F, 0xF8, 0x11, 0xFE, 0xC6, 0xFC, 0x72, 0xB5, 0x54, 0xCF,
    0xAB, 0xBE, 0xEF, 0xDD, 0xE6, 0xFC, 0x43, 0xBB, 0x1F, 0xF8, 0x1F, 0xF8, 0x1F, 0xF8, 0x1F, 0xF8,
    0x11, 0xFE, 0xD0, 0xFD, 0x93, 0xC6, 0x87, 0x5C, 0x00, 0x53, 0x01, 0xBE, 0xE2, 0x9A, 0x02, 0xB3,
    0x1F, 0xF8, 0x1F, 0xF8, 0x1F, 0xF8, 0x1F, 0xF8, 0x11, 0xFE, 0xF3, 0xF6, 0x83, 0x6B, 0x23, 0x13,
    0xC1, 0x03, 0x6B, 0xC5, 0x83, 0x9C, 0x61, 0x92, 0x1F, 0xF8, 0x1F, 0xF8, 0x1F, 0xF8, 0x1F, 0xF8,
    0x11, 0xFE, 0xAB, 0xEE, 0xE2, 0x52, 0x63, 0x0C, 0xC2, 0x04, 0x12, 0xD6, 0x85, 0x9C, 0x20, 0x59,
    0x1F, 0xF8, 0x1F, 0xF8, 0x1F, 0xF8, 0x1F, 0xF8, 0x11, 0xFE, 0x45, 0xF5, 0x02, 0xBE, 0x2B, 0x9E,
    0xB2, 0xAE, 0x6F, 0xCE, 0xA0, 0xA2, 0x20, 0x59, 0x1F, 0xF8, 0x1F, 0xF8, 0x1F, 0xF8, 0x1F, 0xF8,
    0x11, 0xFE, 0xC6, 0xFC, 0x67, 0x83, 0xA4, 0x8C, 0x85, 0x8C, 0x23, 0x93, 0xE0, 0x81, 0xC0, 0x81,
    0x1F, 0xF8, 0x1F, 0xF8, 0x1F, 0xF8, 0x1F, 0xF8, 0xEC, 0xE4, 0x63, 0xC3, 0xE3, 0x73, 0x83, 0x2B,
    0x22, 0x2A, 0xE2, 0x71, 0x01, 0x82, 0x02, 0x82, 0x1F, 0xF8, 0x1F, 0xF8, 0x1F, 0xF8, 0x1F, 0xF8,
    0x0D, 0xED, 0xCC, 0xE4, 0xCC, 0xE4, 0xAC, 0xDC, 0xAC, 0xDC, 0xCC, 0xE4, 0xCC, 0xE4, 0xA9, 0xB3,
    0x1F, 0xF8, 0x1F, 0xF8, 0x1F, 0xF8, 0x1F, 0xF8, 0xEC, 0xE4, 0xC4, 0xD3, 0x10, 0xD5, 0xD3, 0xEE,
    0x6B, 0xE6, 0x62, 0xC4, 0xC4, 0xD3, 0xC2, 0xA2, 0x1F, 0xF8, 0x1F, 0xF8, 0x1F, 0xF8, 0x1F, 0xF8,
    0xEC, 0xE4, 0x10, 0xD5, 0x93, 0xC6, 0x83, 0x63, 0xE2, 0x52, 0x01, 0xBE, 0x22, 0xA3, 0xC2, 0xA2,
    0x1F, 0xF8, 0x1F, 0xF8, 0x1F, 0xF8, 0x1F, 0xF8, 0xAC, 0xE4, 0xD3, 0xEE, 0xA6, 0x6B, 0x23, 0x13,
    0x63, 0x0C, 0x0D, 0xBE, 0x83, 0x94, 0xA0, 0x71, 0x1F, 0xF8, 0x1F, 0xF8, 0x1F, 0xF8, 0x1F, 0xF8,
    0x8C, 0xD4, 0x4B, 0xDE, 0xC0, 0x52, 0x41, 0x04, 0x01, 0x05, 0x93, 0xCE, 0x85, 0x9C, 0x40, 0x59,
    0x1F, 0xF8, 0x1F, 0xF8, 0x1F, 0xF8, 0x1F, 0xF8, 0xD3, 0xE5, 0xCF, 0xDD, 0x01, 0xBE, 0x2B, 0x9E,
    0xB2, 0xAE, 0x6F, 0xCE, 0xCA, 0x93, 0x64, 0x8A, 0x1F, 0xF8, 0x1F, 0xF8, 0x1F, 0xF8, 0x1F, 0xF8,
    0x11, 0xFE, 0xE6, 0xFC, 0x67, 0x83, 0xA4, 0x8C, 0x85, 0x8C, 0xEA, 0x93, 0xA4, 0x8A, 0x81, 0x9A,
    0x1F, 0xF8, 0x1F, 0xF8, 0x1F, 0xF8, 0x1F, 0xF8, 0xCC, 0xE4, 0x63, 0xC3, 0xE4, 0x73, 0x83, 0x13,
    0x43, 0x12, 0xA5, 0x7A, 0xC4, 0x9A, 0xA3, 0xA2, 0x1F, 0xF8, 0x1F, 0xF8, 0x1F, 0xF8, 0x1F, 0xF8,
    0xE7, 0xFC, 0x85, 0xFC, 0x8A, 0xA4, 0x2D, 0x4E, 0xAB, 0x4D, 0xF2, 0xD5, 0x11, 0xFE, 0xAC, 0xDC,
    0x1F, 0xF8, 0x1F, 0xF8, 0x1F, 0xF8, 0x1F, 0xF8, 0x85, 0xFC, 0xA0, 0xF3, 0x72, 0xA5, 0x54, 0xCF,
    0xAB, 0xBE, 0xEF, 0xDD, 0xE6, 0xFC, 0x43, 0xBB, 0x1F, 0xF8, 0x1F, 0xF8, 0x1F, 0xF8, 0x1F, 0xF8,
    0xCE, 0xD4, 0x52, 0xC5, 0x93, 0xC6, 0x87, 0x5C, 0x00, 0x53, 0x01, 0xBE, 0x67, 0x83, 0xC3, 0x73,
    0x1F, 0xF8, 0x1F, 0xF8, 0x1F, 0xF8, 0x1F, 0xF8, 0x53, 0xFE, 0x14, 0xF7, 0x83, 0x6B, 0x23, 0x13,
    0x41, 0x04, 0x2B, 0x9E, 0xA4, 0x8C, 0x61, 0x03, 0x1F, 0xF8, 0x1F, 0xF8, 0x1F, 0xF8, 0x1F, 0xF8,
    0x11, 0xFE, 0xAB, 0xEE, 0xE2, 0x52, 0xE3, 0x0B, 0xC2, 0x04, 0xB2, 0xAE, 0x85, 0x8C, 0x00, 0x02,
    0x1F, 0xF8, 0x1F, 0xF8, 0x1F, 0xF8, 0x1F, 0xF8, 0x11, 0xFE, 0x45, 0xF5, 0x00, 0xC6, 0xCE, 0xC5,
    0x54, 0xD6, 0x6F, 0xCE, 0xEA, 0x93, 0x64, 0x7A, 0x1F, 0xF8, 0x1F, 0xF8, 0x1F, 0xF8, 0x1F, 0xF8,
    0x11, 0xFE, 0xE6, 0xFC, 0x44, 0xDC, 0x83, 0x9C, 0x85, 0x9C, 0x63, 0xAB, 0x83, 0x8A, 0x81, 0x9A,
    0x1F, 0xF8, 0x1F, 0xF8, 0x1F, 0xF8, 0x1F, 0xF8, 0xEC, 0xE4, 0x63, 0xC3, 0x63, 0xC3, 0xA3, 0x9A,
    0xE2, 0x71, 0xE3, 0x71, 0xC4, 0x9A, 0xA3, 0xA2, 0x1F, 0xF8, 0x1F, 0xF8, 0x1F, 0xF8, 0x1F, 0xF8,
    0x0D, 0xED, 0xCC, 0xE4, 0xCC, 0xE4, 0xAC, 0xDC, 0x6B, 0xD4, 0xD2, 0xE5, 0x11, 0xFE, 0xAC, 0xDC,
    0x1F, 0xF8, 0x1F, 0xF8, 0x1F, 0xF8, 0x1F, 0xF8, 0xEC, 0xE4, 0xC4, 0xD3, 0x10, 0xD5, 0xD3, 0xEE,
    0x4B, 0xDE, 0xCF, 0xDD, 0xE6, 0xFC, 0x43, 0xBB, 0x1F, 0xF8, 0x1F, 0xF8, 0x1F, 0xF8, 0x1F, 0xF8,
    0xEC, 0xE4, 0x10, 0xD5, 0x93, 0xC6, 0xA6, 0x6B, 0xC0, 0x52, 0x01, 0xBE, 0x67, 0x83, 0xC3, 0x73,
    0x1F, 0xF8, 0x1F, 0xF8, 0x1F, 0xF8, 0x1F, 0xF8, 0xAC, 0xE4, 0xD3, 0xEE, 0x83, 0x63, 0x23, 0x13,
    0x41, 0x04, 0x2B, 0x9E, 0xA4, 0x8C, 0x61, 0x03, 0x1F, 0xF8, 0x1F, 0xF8, 0x1F, 0xF8, 0x1F, 0xF8,
    0xAC, 0xE4, 0x6B, 0xE6, 0xE2, 0x52, 0xC2, 0x0B, 0xA1, 0x04, 0xB2, 0xAE, 0x85, 0x8C, 0x00, 0x02,
    0x1F, 0xF8, 0x1F, 0xF8, 0x1F, 0xF8, 0x1F, 0xF8, 0xEC, 0xE4, 0x62, 0xCC, 0x00, 0xBE, 0x8C, 0xBD,
    0x13, 0xCE, 0x6F, 0xCE, 0xEA, 0x93, 0x64, 0x7A, 0x1F, 0xF8, 0x1F, 0xF8, 0x1F, 0xF8, 0x1F, 0xF8,
    0xEC, 0xE4, 0xC4, 0xD3, 0x22, 0xAB, 0x83, 0x94, 0x85, 0x94, 0xCA, 0x9B, 0xA4, 0x8A, 0x81, 0x9A,
    0x1F, 0xF8, 0x1F, 0xF8, 0x1F, 0xF8, 0x1F, 0xF8, 0xEA, 0xBB, 0x04, 0xA3, 0xE4, 0xA2, 0x23, 0x72,
    0xC3, 0x59, 0x85, 0x82, 0xC4, 0x9A, 0xA3, 0xA2, 0x1F, 0xF8, 0x1F, 0xF8, 0x1F, 0xF8, 0x1F, 0xF8,
    0x94, 0xFE, 0xF0, 0xFD, 0x0C, 0xBD, 0x2D, 0x4E, 0xAB, 0x4D, 0xF2, 0xD5, 0x11, 0xFE, 0xAC, 0xDC,
    0x1F, 0xF8, 0x1F, 0xF8, 0x1F, 0xF8, 0x1F, 0xF8, 0x11, 0xFE, 0xC6, 0xFC, 0x72, 0xB5, 0x54, 0xCF,
    0xAB, 0xBE, 0xEF, 0xDD, 0xE6, 0xFC, 0x43, 0xBB, 0x1F, 0xF8, 0x1F, 0xF8, 0x1F, 0xF8, 0x1F, 0xF8,
    0x6A, 0xDC, 0x8F, 0xBC, 0x94, 0xCE, 0x87, 0x5C, 0x00, 0x53, 0x01, 0xBE, 0x60, 0x8A, 0x61, 0x92,
    0x1F, 0xF8, 0x1F, 0xF8, 0x1F, 0xF8, 0x1F, 0xF8, 0xAC, 0xE4, 0xD3, 0xEE, 0xA7, 0x6B, 0x03, 0x0B,
    0xC1, 0x03, 0x6C, 0xBD, 0x83, 0x94, 0xA0, 0x71, 0x1F, 0xF8, 0x1F, 0xF8, 0x1F, 0xF8, 0x1F, 0xF8,
    0xAC, 0xE4, 0x6B, 0xE6, 0xC0, 0x52, 0xC1, 0x03, 0x62, 0x04, 0x13, 0xCE, 0x85, 0x94, 0x40, 0x59,
    0x1F, 0xF8, 0x1F, 0xF8, 0x1F, 0xF8, 0x1F, 0xF8, 0xEC, 0xE4, 0x62, 0xCC, 0x00, 0xBE, 0x6C, 0xBD,
    0x13, 0xCE, 0x4F, 0xC6, 0x20, 0x72, 0x40, 0x51, 0x1F, 0xF8, 0x1F, 0xF8, 0x1F, 0xF8, 0x1F, 0xF8,
    0xEC, 0xE4, 0xC4, 0xD3, 0x22, 0xAB, 0x83, 0x94, 0x85, 0x94, 0x63, 0x7A, 0xA1, 0x69, 0x21, 0x82,
    0x1F, 0xF8, 0x1F, 0xF8, 0x1F, 0xF8, 0x1F, 0xF8, 0xCA, 0xB3, 0xC2, 0xA2, 0xC2, 0xA2, 0xA0, 0x71,
    0x40, 0x59, 0x40, 0x59, 0x21, 0x82, 0xC0, 0x79, 0x1F, 0xF8, 0x1F, 0xF8, 0x1F, 0xF8, 0x1F, 0xF8,
    0xA0, 0x79, 0xA0, 0xB2, 0xA0, 0xB2, 0xA0, 0x79, 0xE0, 0xCA, 0x20, 0x9A, 0x20, 0x9A, 0xE0, 0xCA,
    0x1F, 0xF8, 0x1F, 0xF8, 0x1F, 0xF8, 0x1F, 0xF8, 0xA0, 0xB2, 0x60, 0xA2, 0x60, 0xA2, 0xA0, 0xB2,
    0x20, 0x9A, 0x80, 0xAA, 0x80, 0xAA, 0x20, 0x9A, 0x1F, 0xF8, 0x1F, 0xF8, 0x1F, 0xF8, 0x1F, 0xF8,
    0xA0, 0xB2, 0x60, 0xA2, 0x60, 0xA2, 0xA0, 0xB2, 0x20, 0x9A, 0x80, 0xAA, 0x80, 0xAA, 0x20, 0x9A,
    0x1F, 0xF8, 0x1F, 0xF8, 0x1F, 0xF8, 0x1F, 0xF8, 0xA0, 0x79, 0xA0, 0xB2, 0xA0, 0xB2, 0xC0, 0x79,
    0xE0, 0xCA, 0x20, 0x9A, 0x20, 0x9A, 0xE0, 0xCA, 0x1F, 0xF8, 0x1F, 0xF8, 0x1F, 0xF8, 0x1F, 0xF8,
    0xE0, 0xCA, 0x20, 0x9A, 0x20, 0x9A, 0xE0, 0xCA, 0xC0, 0x79, 0xA0, 0xB2, 0xA0, 0xB2, 0xA0, 0x79,
    0x1F, 0xF8, 0x1F, 0xF8, 0x1F, 0xF8, 0x1F, 0xF8, 0x20, 0x9A, 0x80, 0xAA, 0x80, 0xAA, 0x20, 0x9A,
    0xA0, 0xB2, 0x60, 0xA2, 0x60, 0xA2, 0xA0, 0xB2, 0x1F, 0xF8, 0x1F, 0xF8, 0x1F, 0xF8, 0x1F, 0xF8,
    0x20, 0x9A, 0x80, 0xAA, 0x80, 0xAA, 0x20, 0x9A, 0xA0, 0xB2, 0x60, 0xA2, 0x60, 0xA2, 0xA0, 0xB2,
    0x1F, 0xF8, 0x1F, 0xF8, 0x1F, 0xF8, 0x1F, 0xF8, 0xE0, 0xCA, 0x20, 0x9A, 0x20, 0x9A, 0xE0, 0xCA,
    0xC0, 0x79, 0xA0, 0xB2, 0xA0, 0xB2, 0xA0, 0x79, 0x1F, 0xF8, 0x1F, 0xF8, 0x1F, 0xF8, 0x1F, 0xF8,
    0xA0, 0x79, 0xA0, 0xB2, 0xA0, 0xB2, 0xC0, 0x79, 0xE0, 0xCA, 0x20, 0x9A, 0x20, 0x9A, 0xE0, 0xCA,
    0x1F, 0xF8, 0x1F, 0xF8, 0x1F, 0xF8, 0x1F, 0xF8, 0xA0, 0xB2, 0x60, 0xA2, 0x60, 0xA2, 0xA0, 0xB2,
    0x20, 0x9A, 0x80, 0xAA, 0x80, 0xAA, 0x20, 0x9A, 0x1F, 0xF8, 0x1F, 0xF8, 0x1F, 0xF8, 0x1F, 0xF8,
    0xA0, 0xB2, 0x60, 0xA2, 0x60, 0xA2, 0xA0, 0xB2, 0x20, 0x9A, 0x80, 0xAA, 0x80, 0xAA, 0x20, 0x9A,
    0x1F, 0xF8, 0x1F, 0xF8, 0x1F, 0xF8, 0x1F, 0xF8, 0xA0, 0x79, 0xA0, 0xB2, 0xA0, 0xB2, 0xC0, 0x79,
    0xE0, 0xCA, 0x20, 0x9A, 0x20, 0x9A, 0xE0, 0xCA, 0x1F, 0xF8, 0x1F, 0xF8, 0x1F, 0xF8, 0x1F, 0xF8,
    0xE0, 0xCA, 0x20, 0x9A, 0x20, 0x9A, 0xE0, 0xCA, 0xC0, 0x79, 0xA0, 0xB2, 0xA0, 0xB2, 0xA0, 0x79,
    0x1F, 0xF8, 0x1F, 0xF8, 0x1F, 0xF8, 0x1F, 0xF8, 0x20, 0x9A, 0x80, 0xAA, 0x80, 0xAA, 0x20, 0x9A,
    0xA0, 0xB2, 0x60, 0xA2, 0x60, 0xA2, 0xA0, 0xB2, 0x1F, 0xF8, 0x1F, 0xF8, 0x1F, 0xF8, 0x1F, 0xF8,
    0x20, 0x9A, 0x80, 0xAA, 0x80, 0xAA, 0x20, 0x9A, 0xA0, 0xB2, 0x60, 0xA2, 0x60, 0xA2, 0xA0, 0xB2,
    0x1F, 0xF8, 0x1F, 0xF8, 0x1F, 0xF8, 0x1F, 0xF8, 0xE0, 0xCA, 0x20, 0x9A, 0x20, 0x9A, 0xE0, 0xCA,
    0xC0, 0x79, 0xA0, 0xB2, 0xA0, 0xB2, 0xA0, 0x79, 0x1F, 0xF8, 0x1F, 0xF8, 0x1F, 0xF8, 0x1F, 0xF8,
    0xA0, 0x79, 0xA0, 0xB2, 0xA0, 0xB2, 0xC0, 0x79, 0xE0, 0xCA, 0x20, 0x9A, 0x20, 0x9A, 0xE0, 0xCA,
    0x1F, 0xF8, 0x1F, 0xF8, 0x1F, 0xF8, 0x1F, 0xF8, 0xA0, 0xB2, 0x60, 0xA2, 0x60, 0xA2, 0xA0, 0xB2,
    0x20, 0x9A, 0x80, 0xAA, 0x80, 0xAA, 0x20, 0x9A, 0x1F, 0xF8, 0x1F, 0xF8, 0x1F, 0xF8, 0x1F, 0xF8,
    0xA0, 0xB2, 0x60, 0xA2, 0x60, 0xA2, 0xA0, 0xB2, 0x20, 0x9A, 0x80, 0xAA, 0x80, 0xAA, 0x20, 0x9A,
    0x1F, 0xF8, 0x1F, 0xF8, 0x1F, 0xF8, 0x1F, 0xF8, 0xA0, 0x79, 0xA0, 0xB2, 0xA0, 0xB2, 0xC0, 0x79,
    0xE0, 0xCA, 0x20, 0x9A, 0x20, 0x9A, 0xE0, 0xCA, 0x1F, 0xF8, 0x1F, 0xF8, 0x1F, 0xF8, 0x1F, 0xF8,
    0xE0, 0xCA, 0x20, 0x9A, 0x20, 0x9A, 0xE0, 0xCA, 0xC0, 0x79, 0xA0, 0xB2, 0xA0, 0xB2, 0xA0, 0x79,
    0x1F, 0xF8, 0x1F, 0xF8, 0x1F, 0xF8, 0x1F, 0xF8, 0x20, 0x9A, 0x80, 0xAA, 0x80, 0xAA, 0x20, 0x9A,
    0xA0, 0xB2, 0x60, 0xA2, 0x60, 0xA2, 0xA0, 0xB2, 0x1F, 0xF8, 0x1F, 0xF8, 0x1F, 0xF8, 0x1F, 0xF8,
    0x20, 0x9A, 0x80, 0xAA, 0x80, 0xAA, 0x20, 0x9A, 0xA0, 0xB2, 0x60, 0xA2, 0x60, 0xA2, 0xA0, 0xB2,
    0x1F, 0xF8, 0x1F, 0xF8, 0x1F, 0xF8, 0x1F, 0xF8, 0xE0, 0xCA, 0x20, 0x9A, 0x20, 0x9A, 0xE0, 0xCA,
    0xA0, 0x79, 0xA0, 0xB2, 0xA0, 0xB2, 0xA0, 0x71, 0x1F, 0xF8, 0x1F, 0xF8, 0x1F, 0xF8, 0x1F, 0xF8,
    0xC0, 0x79, 0xA0, 0x79, 0xA0, 0x79, 0xC0, 0x79, 0xA0, 0x79, 0xC0, 0x79, 0xC0, 0x79, 0xA0, 0x79,
    0x1F, 0xF8, 0x1F, 0xF8, 0x1F, 0xF8, 0x1F, 0xF8, 0xC0, 0xC2, 0xC0, 0xC2, 0xC0, 0xBA, 0xE0, 0xCA,
    0xC0, 0xBA, 0xC0, 0xC2, 0xE0, 0xC2, 0xC0, 0xC2, 0x1F, 0xF8, 0x1F, 0xF8, 0x1F, 0xF8, 0x1F, 0xF8,
    0xC0, 0xBA, 0xE0, 0xC2, 0xC0, 0xBA, 0xE0, 0xC2, 0xE0, 0xC2, 0xC0, 0xBA, 0xC0, 0xBA, 0xE0, 0xC2,
    0x1F, 0xF8, 0x1F, 0xF8, 0x1F, 0xF8, 0x1F, 0xF8, 0xE0, 0xC2, 0xE0, 0xCA, 0xE0, 0xC2, 0xE0, 0xC2,
    0xE0, 0xC2, 0xE0, 0xCA, 0xE0, 0xC2, 0xE0, 0xC2, 0x1F, 0xF8, 0x1F, 0xF8, 0x1F, 0xF8, 0x1F, 0xF8,
    0xE0, 0xC2, 0xE0, 0xC2, 0xE0, 0xC2, 0xE0, 0xCA, 0xE0, 0xC2, 0xE0, 0xC2, 0xE0, 0xC2, 0xE0, 0xCA,
    0x1F, 0xF8, 0x1F, 0xF8, 0x1F, 0xF8, 0x1F, 0xF8, 0xC0, 0xBA, 0xE0, 0xC2, 0xC0, 0xBA, 0xE0, 0xC2,
    0xE0, 0xC2, 0xC0, 0xBA, 0xC0, 0xBA, 0xE0, 0xC2, 0x1F, 0xF8, 0x1F, 0xF8, 0x1F, 0xF8, 0x1F, 0xF8,
    0xC0, 0xBA, 0xE0, 0xCA, 0xC0, 0xBA, 0xE0, 0xC2, 0xE0, 0xC2, 0xE0, 0xC2, 0xE0, 0xC2, 0xE0, 0xC2,
    0x1F, 0xF8, 0x1F, 0xF8, 0x1F, 0xF8, 0x1F, 0xF8, 0xE0, 0xC2, 0xE0, 0xC2, 0xE0, 0xC2, 0xE0, 0xC2,
    0xE0, 0xC2, 0xE0, 0xC2, 0xC0, 0xBA, 0xC0, 0xC2, 0x1F, 0xF8, 0x1F, 0xF8, 0x1F, 0xF8, 0x1F, 0xF8,
    0xC0, 0xBA, 0xE0, 0xC2, 0xE0, 0xC2, 0xE0, 0xC2, 0xE0, 0xC2, 0xE0, 0xC2, 0xC0, 0xBA, 0xA0, 0x79,
    0x1F, 0xF8, 0x1F, 0xF8, 0x1F, 0xF8, 0x1F, 0xF8, 0xE0, 0xC2, 0xE0, 0xC2, 0xC0, 0xBA, 0xE0, 0xCA,
    0xC0, 0xC2, 0xE0, 0xC2, 0xE0, 0xC2, 0xA0, 0x79, 0x1F, 0xF8, 0x1F, 0xF8, 0x1F, 0xF8, 0x1F, 0xF8,
    0xC0, 0xBA, 0xE0, 0xC2, 0xC0, 0xBA, 0xE0, 0xC2, 0xE0, 0xC2, 0xC0, 0xBA, 0xC0, 0xBA, 0xA0, 0x79,
    0x1F, 0xF8, 0x1F, 0xF8, 0x1F, 0xF8, 0x1F, 0xF8, 0xE0, 0xC2, 0xE0, 0xCA, 0xE0, 0xC2, 0xE0, 0xC2,
    0xE0, 0xC2, 0xE0, 0xCA, 0xC0, 0xC2, 0xA0, 0x79, 0x1F, 0xF8, 0x1F, 0xF8, 0x1F, 0xF8, 0x1F, 0xF8,
    0xE0, 0xC2, 0xE0, 0xC2, 0xE0, 0xC2, 0xE0, 0xCA, 0xE0, 0xC2, 0xE0, 0xC2, 0xC0, 0xC2, 0xA0, 0x79,
    0x1F, 0xF8, 0x1F, 0xF8, 0x1F, 0xF8, 0x1F, 0xF8, 0xC0, 0xBA, 0xE0, 0xC2, 0xC0, 0xBA, 0xE0, 0xC2,
    0xE0, 0xC2, 0xC0, 0xBA, 0xC0, 0xBA, 0xA0, 0x79, 0x1F, 0xF8, 0x1F, 0xF8, 0x1F, 0xF8, 0x1F, 0xF8,
    0xC0, 0xBA, 0xE0, 0xCA, 0xC0, 0xBA, 0xE0, 0xC2, 0xE0, 0xC2, 0xE0, 0xC2, 0xE0, 0xC2, 0xA0, 0x79,
    0x1F, 0xF8, 0x1F, 0xF8, 0x1F, 0xF8, 0x1F, 0xF8, 0xE0, 0xC2, 0xE0, 0xC2, 0xE0, 0xC2, 0xE0, 0xC2,
    0xE0, 0xC2, 0xE0, 0xC2, 0xC0, 0xBA, 0xC0, 0x79, 0x1F, 0xF8, 0x1F, 0xF8, 0x1F, 0xF8, 0x1F, 0xF8,
    0xC0, 0xBA, 0xE0, 0xC2, 0xE0, 0xC2, 0xE0, 0xC2, 0xE0, 0xC2, 0xE0, 0xC2, 0xC0, 0xBA, 0xE0, 0xCA,
    0x1F, 0xF8, 0x1F, 0xF8, 0x1F, 0xF8, 0x1F, 0xF8, 0xE0, 0xC2, 0xE0, 0xC2, 0xC0, 0xBA, 0xE0, 0xCA,
    0xC0, 0xC2, 0xE0, 0xC2, 0xE0, 0xC2, 0xE0, 0xC2, 0x1F, 0xF8, 0x1F, 0xF8, 0x1F, 0xF8, 0x1F, 0xF8,
    0xC0, 0xBA, 0xE0, 0xC2, 0xC0, 0xBA, 0xE0, 0xC2, 0xE0, 0xC2, 0xC0, 0xBA, 0xC0, 0xBA, 0xE0, 0xC2,
    0x1F, 0xF8, 0x1F, 0xF8, 0x1F, 0xF8, 0x1F, 0xF8, 0xE0, 0xC2, 0xE0, 0xCA, 0xE0, 0xC2, 0xE0, 0xC2,
    0xE0, 0xC2, 0xE0, 0xCA, 0xE0, 0xC2, 0xE0, 0xC2, 0x1F, 0xF8, 0x1F, 0xF8, 0x1F, 0xF8, 0x1F, 0xF8,
    0xE0, 0xC2, 0xE0, 0xC2, 0xE0, 0xC2, 0xE0, 0xCA, 0xE0, 0xC2, 0xE0, 0xC2, 0xE0, 0xC2, 0xE0, 0xCA,
    0x1F, 0xF8, 0x1F, 0xF8, 0x1F, 0xF8, 0x1F, 0xF8, 0xC0, 0xBA, 0xE0, 0xC2, 0xC0, 0xBA, 0xE0, 0xC2,
    0xE0, 0xC2, 0xC0, 0xBA, 0xC0, 0xBA, 0xE0, 0xC2, 0x1F, 0xF8, 0x1F, 0xF8, 0x1F, 0xF8, 0x1F, 0xF8,
    0xC0, 0xBA, 0xE0, 0xCA, 0xC0, 0xBA, 0xC0, 0xC2, 0xE0, 0xC2, 0xC0, 0xC2, 0xE0, 0xC2, 0xC0, 0xC2,
    0x1F, 0xF8, 0x1F, 0xF8, 0x1F, 0xF8, 0x1F, 0xF8, 0xA0, 0x79, 0xC0, 0x79, 0xA0, 0x79, 0xC0, 0x79,
    0xC0, 0x79, 0xA0, 0x79, 0xC0, 0x79, 0xC0, 0x79, 0x1F, 0xF8, 0x1F, 0xF8, 0x1F, 0xF8, 0x1F, 0xF8,
    0xA0, 0x79, 0xC0, 0xC2, 0xE0, 0xC2, 0xC0, 0xC2, 0xE0, 0xC2, 0xC0, 0xC2, 0xC0, 0xBA, 0xE0, 0xCA,
    0x1F, 0xF8, 0x1F, 0xF8, 0x1F, 0xF8, 0x1F, 0xF8, 0xA0, 0x79, 0xC0, 0xC2, 0xC0, 0xBA, 0xE0, 0xCA,
    0xC0, 0xC2, 0xE0, 0xC2, 0xE0, 0xC2, 0xE0, 0xC2, 0x1F, 0xF8, 0x1F, 0xF8, 0x1F, 0xF8, 0x1F, 0xF8,
    0xA0, 0x79, 0xC0, 0xC2, 0xC0, 0xBA, 0xE0, 0xC2, 0xE0, 0xC2, 0xC0, 0xBA, 0xC0, 0xBA, 0xE0, 0xC2,
    0x1F, 0xF8, 0x1F, 0xF8, 0x1F, 0xF8, 0x1F, 0xF8, 0xA0, 0x79, 0xE0, 0xCA, 0xE0, 0xC2, 0xE0, 0xC2,
    0xE0, 0xC2, 0xE0, 0xCA, 0xE0, 0xC2, 0xE0, 0xC2, 0x1F, 0xF8, 0x1F, 0xF8, 0x1F, 0xF8, 0x1F, 0xF8,
    0xA0, 0x79, 0xC0, 0xC2, 0xE0, 0xC2, 0xE0, 0xCA, 0xE0, 0xC2, 0xE0, 0xC2, 0xE0, 0xC2, 0xE0, 0xCA,
    0x1F, 0xF8, 0x1F, 0xF8, 0x1F, 0xF8, 0x1F, 0xF8, 0xA0, 0x79, 0xC0, 0xC2, 0xC0, 0xBA, 0xE0, 0xC2,
    0xE0, 0xC2, 0xC0, 0xBA, 0xC0, 0xBA, 0xE0, 0xC2, 0x1F, 0xF8, 0x1F, 0xF8, 0x1F, 0xF8, 0x1F, 0xF8,
    0xA0, 0x79, 0xE0, 0xCA, 0xC0, 0xBA, 0xE0, 0xC2, 0xE0, 0xC2, 0xE0, 0xC2, 0xE0, 0xC2, 0xE0, 0xC2,
    0x1F, 0xF8, 0x1F, 0xF8, 0x1F, 0xF8, 0x1F, 0xF8, 0xA0, 0x79, 0xC0, 0xC2, 0xC0, 0xC2, 0xC0, 0xC2,
    0xE0, 0xC2, 0xC0, 0xC2, 0xC0, 0xBA, 0xC0, 0xC2, 0x1F, 0xF8, 0x1F, 0xF8, 0x1F, 0xF8, 0x1F, 0xF8,
    0xA0, 0x71, 0xC0, 0x79, 0xA0, 0x79, 0xC0, 0x79, 0xC0, 0x79, 0xC0, 0x79, 0xC0, 0x79, 0xA0, 0x79,
    0x1F, 0xF8, 0x1F, 0xF8, 0x1F, 0xF8, 0x1F, 0xF8, 0xA0, 0x79, 0xC0, 0xC2, 0xC0, 0xBA, 0xE0, 0xCA,
    0xC0, 0xBA, 0xC0, 0xC2, 0xE0, 0xC2, 0xC0, 0xC2, 0x1F, 0xF8, 0x1F, 0xF8, 0x1F, 0xF8, 0x1F, 0xF8,
    0xA0, 0x79, 0xC0, 0xC2, 0xC0, 0xBA, 0xE0, 0xC2, 0xE0, 0xC2, 0xC0, 0xBA, 0xC0, 0xBA, 0xE0, 0xC2,
    0x1F, 0xF8, 0x1F, 0xF8, 0x1F, 0xF8, 0x1F, 0xF8, 0xA0, 0x79, 0xE0, 0xCA, 0xE0, 0xC2, 0xE0, 0xC2,
    0xE0, 0xC2, 0xE0, 0xCA, 0xE0, 0xC2, 0xE0, 0xC2, 0x1F, 0xF8, 0x1F, 0xF8, 0x1F, 0xF8, 0x1F, 0xF8,
    0xA0, 0x79, 0xC0, 0xC2, 0xE0, 0xC2, 0xE0, 0xCA, 0xE0, 0xC2, 0xE0, 0xC2, 0xE0, 0xC2, 0xE0, 0xCA,
    0x1F, 0xF8, 0x1F, 0xF8, 0x1F, 0xF8, 0x1F, 0xF8, 0xA0, 0x79, 0xC0, 0xC2, 0xC0, 0xBA, 0xE0, 0xC2,
    0xE0, 0xC2, 0xC0, 0xBA, 0xC0, 0xBA, 0xE0, 0xC2, 0x1F, 0xF8, 0x1F, 0xF8, 0x1F, 0xF8, 0x1F, 0xF8,
    0xA0, 0x79, 0xE0, 0xCA, 0xC0, 0xBA, 0xE0, 0xC2, 0xE0, 0xC2, 0xE0, 0xC2, 0xE0, 0xC2, 0xE0, 0xC2,
    0x1F, 0xF8, 0x1F, 0xF8, 0x1F, 0xF8, 0x1F, 0xF8, 0xA0, 0x79, 0xC0, 0xC2, 0xC0, 0xC2, 0xC0, 0xC2,
    0xE0, 0xC2, 0xC0, 0xC2, 0xC0, 0xBA, 0xC0, 0xC2, 0x1F, 0xF8, 0x1F, 0xF8, 0x1F, 0xF8, 0x1F, 0xF8,
    0xA0, 0x79, 0xC0, 0x79, 0xA0, 0x79, 0xC0, 0x79, 0xC0, 0x79, 0xC0, 0x79, 0xC0, 0x79, 0xA0, 0x79,
    0x1F, 0xF8, 0x1F, 0xF8, 0x1F, 0xF8, 0x1F, 0xF8, 0xC0, 0xC2, 0xC0, 0xC2, 0xC0, 0xBA, 0xE0, 0xCA,
    0xC0, 0xBA, 0xC0, 0xC2, 0xC0, 0xC2, 0xA0, 0x79, 0x1F, 0xF8, 0x1F, 0xF8, 0x1F, 0xF8, 0x1F, 0xF8,
    0xC0, 0xBA, 0xE0, 0xC2, 0xC0, 0xBA, 0xE0, 0xC2, 0xE0, 0xC2, 0xC0, 0xBA, 0xC0, 0xBA, 0xA0, 0x79,
    0x1F, 0xF8, 0x1F, 0xF8, 0x1F, 0xF8, 0x1F, 0xF8, 0xE0, 0xC2, 0xE0, 0xCA, 0xE0, 0xC2, 0xE0, 0xC2,
    0xE0, 0xC2, 0xE0, 0xCA, 0xC0, 0xC2, 0xA0, 0x79, 0x1F, 0xF8, 0x1F, 0xF8, 0x1F, 0xF8, 0x1F, 0xF8,
    0xE0, 0xC2, 0xE0, 0xC2, 0xE0, 0xC2, 0xE0, 0xCA, 0xE0, 0xC2, 0xE0, 0xC2, 0xC0, 0xC2, 0xA0, 0x79,
    0x1F, 0xF8, 0x1F, 0xF8, 0x1F, 0xF8, 0x1F, 0xF8, 0xC0, 0xBA, 0xE0, 0xC2, 0xC0, 0xBA, 0xE0, 0xC2,
    0xE0, 0xC2, 0xC0, 0xBA, 0xC0, 0xBA, 0xA0, 0x79, 0x1F, 0xF8, 0x1F, 0xF8, 0x1F, 0xF8, 0x1F, 0xF8,
    0xC0, 0xBA, 0xE0, 0xCA, 0xC0, 0xBA, 0xE0, 0xC2, 0xE0, 0xC2, 0xE0, 0xC2, 0xE0, 0xC2, 0xA0, 0x79,
    0x1F, 0xF8, 0x1F, 0xF8, 0x1F, 0xF8, 0x1F, 0xF8, 0xE0, 0xC2, 0xE0, 0xC2, 0xE0, 0xC2, 0xE0, 0xC2,
    0xE0, 0xC2, 0xE0, 0xC2, 0xC0, 0xBA, 0xA0, 0x79, 0x1F, 0xF8, 0x1F, 0xF8, 0x1F, 0xF8, 0x1F, 0xF8,
    0xC0, 0xBA, 0xE0, 0xC2, 0xE0, 0xC2, 0xE0, 0xC2, 0xE0, 0xC2, 0xE0, 0xC2, 0xC0, 0xBA, 0xA0, 0x79,
    0x1F, 0xF8, 0x1F, 0xF8, 0x1F, 0xF8, 0x1F, 0xF8, 0xE0, 0xC2, 0xE0, 0xC2, 0xC0, 0xBA, 0xE0, 0xCA,
    0xC0, 0xC2, 0xE0, 0xC2, 0xE0, 0xC2, 0xA0, 0x79, 0x1F, 0xF8, 0x1F, 0xF8, 0x1F, 0xF8, 0x1F, 0xF8,
    0xC0, 0xBA, 0xE0, 0xC2, 0xC0, 0xBA, 0xE0, 0xC2, 0xE0, 0xC2, 0xC0, 0xBA, 0xC0, 0xBA, 0xA0, 0x79,
    0x1F, 0xF8, 0x1F, 0xF8, 0x1F, 0xF8, 0x1F, 0xF8, 0xE0, 0xC2, 0xE0, 0xCA, 0xE0, 0xC2, 0xE0, 0xC2,
    0xE0, 0xC2, 0xE0, 0xCA, 0xC0, 0xC2, 0xA0, 0x79, 0x1F, 0xF8, 0x1F, 0xF8, 0x1F, 0xF8, 0x1F, 0xF8,
    0xE0, 0xC2, 0xE0, 0xC2, 0xE0, 0xC2, 0xE0, 0xCA, 0xE0, 0xC2, 0xE0, 0xC2, 0xC0, 0xC2, 0xA0, 0x79,
    0x1F, 0xF8, 0x1F, 0xF8, 0x1F, 0xF8, 0x1F, 0xF8, 0xC0, 0xBA, 0xE0, 0xC2, 0xC0, 0xBA, 0xE0, 0xC2,
    0xE0, 0xC2, 0xC0, 0xBA, 0xC0, 0xBA, 0xA0, 0x79, 0x1F, 0xF8, 0x1F, 0xF8, 0x1F, 0xF8, 0x1F, 0xF8,
    0xC0, 0xBA, 0xE0, 0xCA, 0xC0, 0xBA, 0xC0, 0xC2, 0xE0, 0xC2, 0xC0, 0xC2, 0xC0, 0xC2, 0xA0, 0x79,
    0x1F, 0xF8, 0x1F, 0xF8, 0x1F, 0xF8, 0x1F, 0xF8, 0xA0, 0x79, 0xC0, 0x79, 0xA0, 0x79, 0xC0, 0x79,
    0xC0, 0x79, 0xA0, 0x79, 0xC0, 0x79, 0xA0, 0x79, 0x1F, 0xF8, 0x1F, 0xF8, 0x1F, 0xF8, 0x1F, 0xF8,
    0xA0, 0x79, 0xC0, 0xC2, 0xE0, 0xC2, 0xC0, 0xC2, 0xE0, 0xC2, 0xC0, 0xC2, 0xC0, 0xBA, 0xE0, 0xCA,
    0x1F, 0xF8, 0x1F, 0xF8, 0x1F, 0xF8, 0x1F, 0xF8, 0xA0, 0x79, 0xC0, 0xC2, 0xC0, 0xBA, 0xE0, 0xCA,
    0xC0, 0xC2, 0xE0, 0xC2, 0xE0, 0xC2, 0xE0, 0xC2, 0x1F, 0xF8, 0x1F, 0xF8, 0x1F, 0xF8, 0x1F, 0xF8,
    0xA0, 0x79, 0xC0, 0xC2, 0xC0, 0xBA, 0xE0, 0xC2, 0xE0, 0xC2, 0xC0, 0xBA, 0xC0, 0xBA, 0xE0, 0xC2,
    0x1F, 0xF8, 0x1F, 0xF8, 0x1F, 0xF8, 0x1F, 0xF8, 0xA0, 0x79, 0xE0, 0xCA, 0xE0, 0xC2, 0xE0, 0xC2,
    0xE0, 0xC2, 0xE0, 0xCA, 0xE0, 0xC2, 0xE0, 0xC2, 0x1F, 0xF8, 0x1F, 0xF8, 0x1F, 0xF8, 0x1F, 0xF8,
    0xA0, 0x79, 0xC0, 0xC2, 0xE0, 0xC2, 0xE0, 0xCA, 0xE0, 0xC2, 0xE0, 0xC2, 0xE0, 0xC2, 0xE0, 0xCA,
    0x1F, 0xF8, 0x1F, 0xF8, 0x1F, 0xF8, 0x1F, 0xF8, 0xA0, 0x79, 0xC0, 0xC2, 0xC0, 0xBA, 0xE0, 0xC2,
    0xE0, 0xC2, 0xC0, 0xBA, 0xC0, 0xBA, 0xE0, 0xC2, 0x1F, 0xF8, 0x1F, 0xF8, 0x1F, 0xF8, 0x1F, 0xF8,
    0xA0, 0x79, 0xE0, 0xCA, 0xC0, 0xBA, 0xC0, 0xC2, 0xE0, 0xC2, 0xC0, 0xC2, 0xE0, 0xC2, 0xC0, 0xC2,
    0x1F, 0xF8, 0x1F, 0xF8, 0x1F, 0xF8, 0x1F, 0xF8, 0xA0, 0x71, 0xA0, 0x79, 0xA0, 0x79, 0xA0, 0x79,
    0xA0, 0x79, 0xA0, 0x79, 0xA0, 0x79, 0xA0, 0x79, 0x1F, 0xF8, 0x1F, 0xF8, 0x1F, 0xF8, 0x1F, 0xF8,
    0xA0, 0x71, 0xA0, 0x71, 0xA0, 0x71, 0xA0, 0x71, 0xA0, 0x71, 0xA0, 0x71, 0xA0, 0x71, 0xA0, 0x71,
    0x1F, 0xF8, 0x1F, 0xF8, 0x1F, 0xF8, 0x1F, 0xF8, 0xA0, 0x71, 0xA0, 0x71, 0xA0, 0x71, 0xA0, 0x71,
    0xA0, 0x71, 0xA0, 0x71, 0xA0, 0x71, 0xA0, 0x71, 0x1F, 0xF8, 0x1F, 0xF8, 0x1F, 0xF8, 0x1F, 0xF8,
    0xA0, 0x71, 0xA0, 0x71, 0xA0, 0x71, 0xA0, 0x71, 0xA0, 0x71, 0xA0, 0x71, 0xA0, 0x71, 0xA0, 0x71,
    0x1F, 0xF8, 0x1F, 0xF8, 0x1F, 0xF8, 0x1F, 0xF8, 0xA0, 0x71, 0xA0, 0x71, 0xA0, 0x71, 0xA0, 0x71,
    0xA0, 0x71, 0xA0, 0x71, 0xA0, 0x71, 0xA0, 0x71, 0x1F, 0xF8, 0x1F, 0xF8, 0x1F, 0xF8, 0x1F, 0xF8,
    0xA0, 0x71, 0xA0, 0x71, 0xA0, 0x71, 0xA0, 0x71, 0xA0, 0x71, 0xA0, 0x71, 0xA0, 0x71, 0xA0, 0x71,
    0x1F, 0xF8, 0x1F, 0xF8, 0x1F, 0xF8, 0x1F, 0xF8, 0xA0, 0x71, 0xA0, 0x71, 0xA0, 0x71, 0xA0, 0x71,
    0xA0, 0x71, 0xA0, 0x71, 0xA0, 0x71, 0xA0, 0x71, 0x1F, 0xF8, 0x1F, 0xF8, 0x1F, 0xF8, 0x1F, 0xF8,
    0xA0, 0x71, 0xA0, 0x71, 0xA0, 0x71, 0xA0, 0x71, 0xA0, 0x71, 0xA0, 0x71, 0xA0, 0x71, 0xA0, 0x71,
    0x1F, 0xF8, 0x1F, 0xF8, 0x1F, 0xF8, 0x1F, 0xF8, 0xA0, 0x71, 0xA0, 0x71, 0xA0, 0x71, 0xA0, 0x71,
    0xA0, 0x71, 0xA0, 0x71, 0xA0, 0x71, 0xA0, 0x71, 0x1F, 0xF8, 0x1F, 0xF8, 0x1F, 0xF8, 0x1F, 0xF8,
    0xA0, 0x71, 0xA0, 0x71, 0xA0, 0x71, 0xA0, 0x71, 0xA0, 0x71, 0xA0, 0x71, 0xA0, 0x71, 0xA0, 0x71,
    0x1F, 0xF8, 0x1F, 0xF8, 0x1F, 0xF8, 0x1F, 0xF8, 0xA0, 0x71, 0xA0, 0x71, 0xA0, 0x71, 0xA0, 0x71,
    0xA0, 0x71, 0xA0, 0x71, 0xA0, 0x71, 0xA0, 0x71, 0x1F, 0xF8, 0x1F, 0xF8, 0x1F, 0xF8, 0x1F, 0xF8,
    0xA0, 0x71, 0xA0, 0x71, 0xA0, 0x71, 0xA0, 0x71, 0xA0, 0x71, 0xA0, 0x71, 0xA0, 0x71, 0xA0, 0x71,
    0x1F, 0xF8, 0x1F, 0xF8, 0x1F, 0xF8, 0x1F, 0xF8, 0xA0, 0x71, 0xA0, 0x71, 0xA0, 0x71, 0xA0, 0x71,
    0xA0, 0x71, 0xA0, 0x71, 0xA0, 0x71, 0xA0, 0x71, 0x1F, 0xF8, 0x1F, 0xF8, 0x1F, 0xF8, 0x1F, 0xF8,
    0xA0, 0x71, 0xA0, 0x71, 0xA0, 0x71, 0xA0, 0x71, 0xA0, 0x71, 0xA0, 0x71, 0xA0, 0x71, 0xA0, 0x71,
    0x1F, 0xF8, 0x1F, 0xF8, 0x1F, 0xF8, 0x1F, 0xF8, 0xA0, 0x71, 0xA0, 0x71, 0xA0, 0x71, 0xA0, 0x71,
    0xA0, 0x71, 0xA0, 0x71, 0xA0, 0x71, 0xA0, 0x71, 0x1F, 0xF8, 0x1F, 0xF8, 0x1F, 0xF8, 0x1F, 0xF8,
    0xA0, 0x71, 0xA0, 0x71, 0xA0, 0x71, 0xA0, 0x71, 0xA0, 0x71, 0xA0, 0x71, 0xA0, 0x71, 0xA0, 0x71,
    0x1F, 0xF8, 0x1F, 0xF8, 0x1F, 0xF8, 0x1F, 0xF8, 0xA0, 0x71, 0xA0, 0x71, 0xA0, 0x71, 0xA0, 0x71,
    0xA0, 0x71, 0xA0, 0x71, 0xA0, 0x71, 0xA0, 0x71, 0x1F, 0xF8, 0x1F, 0xF8, 0x1F, 0xF8, 0x1F, 0xF8,
    0xA0, 0x71, 0xA0, 0x71, 0xA0, 0x71, 0xA0, 0x71, 0xA0, 0x71, 0xA0, 0x71, 0xA0, 0x71, 0xA0, 0x71,
    0x1F, 0xF8, 0x1F, 0xF8, 0x1F, 0xF8, 0x1F, 0xF8, 0xA0, 0x71, 0xA0, 0x71, 0xA0, 0x71, 0xA0, 0x71,
    0xA0, 0x71, 0xA0, 0x71, 0xA0, 0x71, 0xA0, 0x71, 0x1F, 0xF8, 0x1F, 0xF8, 0x1F, 0xF8, 0x1F, 0xF8,
    0xA0, 0x71, 0xA0, 0x71, 0xA0, 0x71, 0xA0, 0x71, 0xA0, 0x71, 0xA0, 0x71, 0xA0, 0x71, 0xA0, 0x71,
    0x1F, 0xF8, 0x1F, 0xF8, 0x1F, 0xF8, 0x1F, 0xF8, 0xA0, 0x71, 0xA0, 0x71, 0xA0, 0x71, 0xA0, 0x71,
    0xA0, 0x71, 0xA0, 0x71, 0xA0, 0x71, 0xA0, 0x71, 0x1F, 0xF8, 0x1F, 0xF8, 0x1F, 0xF8, 0x1F, 0xF8,
    0xA0, 0x71, 0xA0, 0x71, 0xA0, 0x71, 0xA0, 0x71, 0xA0, 0x71, 0xA0, 0x71, 0xA0, 0x71, 0xA0, 0x71,
    0x1F, 0xF8, 0x1F, 0xF8, 0x1F, 0xF8, 0x1F, 0xF8, 0xA0, 0x71, 0xA0, 0x71, 0xA0, 0x71, 0xA0, 0x71,
    0xA0, 0x71, 0xA0, 0x71, 0xA0, 0x71, 0xA0, 0x71, 0x1F, 0xF8, 0x1F, 0xF8, 0x1F, 0xF8, 0x1F, 0xF8,
    0xA0, 0x71, 0xA0, 0x71, 0xA0, 0x71, 0xA0, 0x71, 0xA0, 0x71, 0xA0, 0x71, 0xA0, 0x71, 0xA0, 0x71,
    0x1F, 0xF8, 0x1F, 0xF8, 0x1F, 0xF8, 0x1F, 0xF8, 0xA0, 0x71, 0xA0, 0x71, 0xA0, 0x71, 0xA0, 0x71,
    0xA0, 0x71, 0xA0, 0x71, 0xA0, 0x71, 0xA0, 0x71, 0x1F, 0xF8, 0x1F, 0xF8, 0x1F, 0xF8, 0x1F, 0xF8,
    0xA0, 0x71, 0xA0, 0x71, 0xA0, 0x71, 0xA0, 0x71, 0xA0, 0x71, 0xA0, 0x71, 0xA0, 0x71, 0xA0, 0x71,
    0x1F, 0xF8, 0x1F, 0xF8, 0x1F, 0xF8, 0x1F, 0xF8, 0xA0, 0x71, 0xA0, 0x71, 0xA0, 0x71, 0xA0, 0x71,
    0xA0, 0x71, 0xA0, 0x71, 0xA0, 0x71, 0xA0, 0x71, 0x1F, 0xF8, 0x1F, 0xF8, 0x1F, 0xF8, 0x1F, 0xF8,
    0xA0, 0x71, 0xA0, 0x71, 0xA0, 0x71, 0xA0, 0x71, 0xA0, 0x71, 0xA0, 0x71, 0xA0, 0x71, 0xA0, 0x71,
    0x1F, 0xF8, 0x1F, 0xF8, 0x1F, 0xF8, 0x1F, 0xF8, 0xA0, 0x71, 0xA0, 0x71, 0xA0, 0x71, 0xA0, 0x71,
    0xA0, 0x71, 0xA0, 0x71, 0xA0, 0x71, 0xA0, 0x71, 0x1F, 0xF8, 0x1F, 0xF8, 0x1F, 0xF8, 0x1F, 0xF8,
    0xA0, 0x71, 0xA0, 0x71, 0xA0, 0x71, 0xA0, 0x71, 0xA0, 0x71, 0xA0, 0x71, 0xA0, 0x71, 0xA0, 0x71,
    0x1F, 0xF8, 0x1F, 0xF8, 0x1F, 0xF8, 0x1F, 0xF8, 0xA0, 0x71, 0xA0, 0x71, 0xA0, 0x71, 0xA0, 0x71,
    0xA0, 0x71, 0xA0, 0x71, 0xA0, 0x71, 0xA0, 0x71, 0x1F, 0xF8, 0x1F, 0xF8, 0x1F, 0xF8, 0x1F, 0xF8,
    0xA0, 0x71, 0xA0, 0x71, 0xA0, 0x71, 0xA0, 0x71, 0xA0, 0x71, 0xA0, 0x71, 0xA0, 0x71, 0xA0, 0x71,
    0x1F, 0xF8, 0x1F, 0xF8, 0x1F, 0xF8, 0x1F, 0xF8, 0xA0, 0x71, 0xA0, 0x71, 0xA0, 0x71, 0xA0, 0x71,
    0xA0, 0x71, 0xA0, 0x71, 0xA0, 0x71, 0xA0, 0x71, 0x1F, 0xF8, 0x1F, 0xF8, 0x1F, 0xF8, 0x1F, 0xF8,
    0xE0, 0xCA, 0xE0, 0xCA, 0xE0, 0xCA, 0xE0, 0xCA, 0xE0, 0xCA, 0xE0, 0xCA, 0xE0, 0xCA, 0xE0, 0xCA,
    0x1F, 0xF8, 0x1F, 0xF8, 0x1F, 0xF8, 0x1F, 0xF8, 0xA0, 0x79, 0xA0, 0x79, 0xA0, 0x79, 0xA0, 0x79,
    0xA0, 0x79, 0xA0, 0x79, 0xA0, 0x79, 0xA0, 0x79, 0x1F, 0xF8, 0x1F, 0xF8, 0x1F, 0xF8, 0x1F, 0xF8,
    0xA0, 0x71, 0xA0, 0x71, 0xA0, 0x71, 0xA0, 0x71, 0xA0, 0x71, 0xA0, 0x71, 0xA0, 0x71, 0xA0, 0x71,
    0x1F, 0xF8, 0x1F, 0xF8, 0x1F, 0xF8, 0x1F, 0xF8, 0xA0, 0x71, 0xA0, 0x71, 0xA0, 0x71, 0xA0, 0x71,
    0xA0, 0x71, 0xA0, 0x71, 0xA0, 0x71, 0xA0, 0x71, 0x1F, 0xF8, 0x1F, 0xF8, 0x1F, 0xF8, 0x1F, 0xF8,
    0xA0, 0x71, 0xA0, 0x71, 0xA0, 0x71, 0xA0, 0x71, 0xA0, 0x71, 0xA0, 0x71, 0xA0, 0x71, 0xA0, 0x71,
    0x1F, 0xF8, 0x1F, 0xF8, 0x1F, 0xF8, 0x1F, 0xF8, 0xA0, 0x71, 0xA0, 0x71, 0xA0, 0x71, 0xA0, 0x71,
    0xA0, 0x71, 0xA0, 0x71, 0xA0, 0x71, 0xA0, 0x71, 0x1F, 0xF8, 0x1F, 0xF8, 0x1F, 0xF8, 0x1F, 0xF8,
    0xA0, 0x71, 0xA0, 0x71, 0xA0, 0x71, 0xA0, 0x71, 0xA0, 0x71, 0xA0, 0x71, 0xA0, 0x71, 0xA0, 0x71,
    0x1F, 0xF8, 0x1F, 0xF8, 0x1F, 0xF8, 0x1F, 0xF8, 0xA0, 0x71, 0xA0, 0x71, 0xA0, 0x71, 0xA0, 0x71,
    0xA0, 0x71, 0xA0, 0x71, 0xA0, 0x71, 0xA0, 0x71, 0x1F, 0xF8, 0x1F, 0xF8, 0x1F, 0xF8, 0x1F, 0xF8,
    0xA0, 0x71, 0xA0, 0x71, 0xA0, 0x71, 0xA0, 0x71, 0xA0, 0x71, 0xA0, 0x71, 0xA0, 0x71, 0xE0, 0xCA,
    0x1F, 0xF8, 0x1F, 0xF8, 0x1F, 0xF8, 0x1F, 0xF8, 0xA0, 0x71, 0xA0, 0x71, 0xA0, 0x71, 0xA0, 0x71,
    0xA0, 0x71, 0xA0, 0x71, 0xA0, 0x79, 0xE0, 0xCA, 0x1F, 0xF8, 0x1F, 0xF8, 0x1F, 0xF8, 0x1F, 0xF8,
    0xA0, 0x71, 0xA0, 0x71, 0xA0, 0x71, 0xA0, 0x71, 0xA0, 0x71, 0xA0, 0x71, 0xA0, 0x79, 0xE0, 0xCA,
    0x1F, 0xF8, 0x1F, 0xF8, 0x1F, 0xF8, 0x1F, 0xF8, 0xA0, 0x71, 0xA0, 0x71, 0xA0, 0x71, 0xA0, 0x71,
    0xA0, 0x71, 0xA0, 0x71, 0xA0, 0x79, 0xE0, 0xCA, 0x1F, 0xF8, 0x1F, 0xF8, 0x1F, 0xF8, 0x1F, 0xF8,
    0xA0, 0x71, 0xA0, 0x71, 0xA0, 0x71, 0xA0, 0x71, 0xA0, 0x71, 0xA0, 0x71, 0xA0, 0x79, 0xE0, 0xCA,
    0x1F, 0xF8, 0x1F, 0xF8, 0x1F, 0xF8, 0x1F, 0xF8, 0xA0, 0x71, 0xA0, 0x71, 0xA0, 0x71, 0xA0, 0x71,
    0xA0, 0x71, 0xA0, 0x71, 0xA0, 0x79, 0xE0, 0xCA, 0x1F, 0xF8, 0x1F, 0xF8, 0x1F, 0xF8, 0x1F, 0xF8,
    0xA0, 0x71, 0xA0, 0x71, 0xA0, 0x71, 0xA0, 0x71, 0xA0, 0x71, 0xA0, 0x71, 0xA0, 0x79, 0xE0, 0xCA,
    0x1F, 0xF8, 0x1F, 0xF8, 0x1F, 0xF8, 0x1F, 0xF8, 0xA0, 0x71, 0xA0, 0x71, 0xA0, 0x71, 0xA0, 0x71,
    0xA0, 0x71, 0xA0, 0x71, 0xC0, 0x79, 0xE0, 0xCA, 0x1F, 0xF8, 0x1F, 0xF8, 0x1F, 0xF8, 0x1F, 0xF8,
    0xE0, 0xCA, 0xE0, 0xCA, 0xE0, 0xCA, 0xE0, 0xCA, 0xE0, 0xCA, 0xE0, 0xCA, 0xE0, 0xCA, 0x00, 0xCB,
    0x1F, 0xF8, 0x1F, 0xF8, 0x1F, 0xF8, 0x1F, 0xF8, 0xA0, 0x79, 0xA0, 0x79, 0xA0, 0x79, 0xA0, 0x79,
    0xA0, 0x79, 0xA0, 0x79, 0xC0, 0x79, 0xE0, 0xCA, 0x1F, 0xF8, 0x1F, 0xF8, 0x1F, 0xF8, 0x1F, 0xF8,
    0xA0, 0x71, 0xA0, 0x71, 0xA0, 0x71, 0xA0, 0x71, 0xA0, 0x71, 0xA0, 0x71, 0xA0, 0x79, 0xE0, 0xCA,
    0x1F, 0xF8, 0x1F, 0xF8, 0x1F, 0xF8, 0x1F, 0xF8, 0xA0, 0x71, 0xA0, 0x71, 0xA0, 0x71, 0xA0, 0x71,
    0xA0, 0x71, 0xA0, 0x71, 0xA0, 0x79, 0xE0, 0xCA, 0x1F, 0xF8, 0x1F, 0xF8, 0x1F, 0xF8, 0x1F, 0xF8,
    0xA0, 0x71, 0xA0, 0x71, 0xA0, 0x71, 0xA0, 0x71, 0xA0, 0x71, 0xA0, 0x71, 0xA0, 0x79, 0xE0, 0xCA,
    0x1F, 0xF8, 0x1F, 0xF8, 0x1F, 0xF8, 0x1F, 0xF8, 0xA0, 0x71, 0xA0, 0x71, 0xA0, 0x71, 0xA0, 0x71,
    0xA0, 0x71, 0xA0, 0x71, 0xA0, 0x79, 0xE0, 0xCA, 0x1F, 0xF8, 0x1F, 0xF8, 0x1F, 0xF8, 0x1F, 0xF8,
    0xA0, 0x71, 0xA0, 0x71, 0xA0, 0x71, 0xA0, 0x71, 0xA0, 0x71, 0xA0, 0x71, 0xA0, 0x79, 0xE0, 0xCA,
    0x1F, 0xF8, 0x1F, 0xF8, 0x1F, 0xF8, 0x1F, 0xF8, 0xA0, 0x71, 0xA0, 0x71, 0xA0, 0x71, 0xA0, 0x71,
    0xA0, 0x71, 0xA0, 0x71, 0xA0, 0x79, 0xE0, 0xCA, 0x1F, 0xF8, 0x1F, 0xF8, 0x1F, 0xF8, 0x1F, 0xF8,
    0xA0, 0x71, 0xA0, 0x71, 0xA0, 0x71, 0xA0, 0x71, 0xA0, 0x71, 0xA0, 0x71, 0xA0, 0x71, 0xA0, 0x71,
    0x1F, 0xF8, 0x1F, 0xF8, 0x1F, 0xF8, 0x1F, 0xF8, 0xA0, 0x71, 0xA0, 0x71, 0xA0, 0x71, 0xA0, 0x71,
    0xA0, 0x71, 0xA0, 0x71, 0xA0, 0x71, 0xA0, 0x71, 0x1F, 0xF8, 0x1F, 0xF8, 0x1F, 0xF8, 0x1F, 0xF8,
    0xA0, 0x71, 0xA0, 0x71, 0xA0, 0x71, 0xA0, 0x71, 0xA0, 0x71, 0xA0, 0x71, 0xA0, 0x71, 0xA0, 0x71,
    0x1F, 0xF8, 0x1F, 0xF8, 0x1F, 0xF8, 0x1F, 0xF8, 0xA0, 0x71, 0xA0, 0x71, 0xA0, 0x71, 0xA0, 0x71,
    0xA0, 0x71, 0xA0, 0x71, 0xA0, 0x71, 0xA0, 0x71, 0x1F, 0xF8, 0x1F, 0xF8, 0x1F, 0xF8, 0x1F, 0xF8,
    0xA0, 0x71, 0xA0, 0x71, 0xA0, 0x71, 0xA0, 0x71, 0xA0, 0x71, 0xA0, 0x71, 0xA0, 0x71, 0xA0, 0x71,
    0x1F, 0xF8, 0x1F, 0xF8, 0x1F, 0xF8, 0x1F, 0xF8, 0xA0, 0x71, 0xA0, 0x71, 0xA0, 0x71, 0xA0, 0x71,
    0xA0, 0x71, 0xA0, 0x71, 0xA0, 0x71, 0xA0, 0x71, 0x1F, 0xF8, 0x1F, 0xF8, 0x1F, 0xF8, 0x1F, 0xF8,
    0xA0, 0x79, 0xA0, 0x79, 0xA0, 0x79, 0xA0, 0x79, 0xA0, 0x79, 0xA0, 0x79, 0xA0, 0x79, 0xA0, 0x79,
    0x1F, 0xF8, 0x1F, 0xF8, 0x1F, 0xF8, 0x1F, 0xF8, 0xE0, 0xCA, 0xE0, 0xCA, 0xE0, 0xCA, 0xE0, 0xCA,
    0xE0, 0xCA, 0xE0, 0xCA, 0xE0, 0xCA, 0xE0, 0xCA, 0x1F, 0xF8, 0x1F, 0xF8, 0x1F, 0xF8, 0x1F, 0xF8,
    0xE0, 0xCA, 0xE0, 0xCA, 0xE0, 0xCA, 0xE0, 0xCA, 0xE0, 0xCA, 0xE0, 0xCA, 0xE0, 0xCA, 0xE0, 0xCA,
    0x1F, 0xF8, 0x1F, 0xF8, 0x1F, 0xF8, 0x1F, 0xF8, 0xA0, 0x79, 0xA0, 0x79, 0xA0, 0x79, 0xA0, 0x79,
    0xA0, 0x79, 0xA0, 0x79, 0xA0, 0x79, 0xA0, 0x79, 0x1F, 0xF8, 0x1F, 0xF8, 0x1F, 0xF8, 0x1F, 0xF8,
    0xA0, 0x71, 0xA0, 0x71, 0xA0, 0x71, 0xA0, 0x71, 0xA0, 0x71, 0xA0, 0x71, 0xA0, 0x71, 0xA0, 0x71,
    0x1F, 0xF8, 0x1F, 0xF8, 0x1F, 0xF8, 0x1F, 0xF8, 0xA0, 0x71, 0xA0, 0x71, 0xA0, 0x71, 0xA0, 0x71,
    0xA0, 0x71, 0xA0, 0x71, 0xA0, 0x71, 0xA0, 0x71, 0x1F, 0xF8, 0x1F, 0xF8, 0x1F, 0xF8, 0x1F, 0xF8,
    0xA0, 0x71, 0xA0, 0x71, 0xA0, 0x71, 0xA0, 0x71, 0xA0, 0x71, 0xA0, 0x71, 0xA0, 0x71, 0xA0, 0x71,
    0x1F, 0xF8, 0x1F, 0xF8, 0x1F, 0xF8, 0x1F, 0xF8, 0xA0, 0x71, 0xA0, 0x71, 0xA0, 0x71, 0xA0, 0x71,
    0xA0, 0x71, 0xA0, 0x71, 0xA0, 0x71, 0xA0, 0x71, 0x1F, 0xF8, 0x1F, 0xF8, 0x1F, 0xF8, 0x1F, 0xF8,
    0xA0, 0x79, 0xA0, 0x79, 0xA0, 0x79, 0xA0, 0x79, 0xA0, 0x79, 0xA0, 0x79, 0xA0, 0x79, 0xA0, 0x79,
    0x1F, 0xF8, 0x1F, 0xF8, 0x1F, 0xF8, 0x1F, 0xF8, 0xE0, 0xCA, 0xE0, 0xCA, 0xE0, 0xCA, 0xE0, 0xCA,
    0xE0, 0xCA, 0xE0, 0xCA, 0xE0, 0xCA, 0xE0, 0xCA, 0x1F, 0xF8, 0x1F, 0xF8, 0x1F, 0xF8, 0x1F, 0xF8,
    0xA0, 0x71, 0xA0, 0x71, 0xA0, 0x71, 0xA0, 0x71, 0xA0, 0x71, 0xA0, 0x71, 0xC0, 0x79, 0xE0, 0xCA,
    0x1F, 0xF8, 0x1F, 0xF8, 0x1F, 0xF8, 0x1F, 0xF8, 0xA0, 0x71, 0xA0, 0x71, 0xA0, 0x71, 0xA0, 0x71,
    0xA0, 0x71, 0xA0, 0x71, 0xA0, 0x79, 0xE0, 0xCA, 0x1F, 0xF8, 0x1F, 0xF8, 0x1F, 0xF8, 0x1F, 0xF8,
    0xA0, 0x71, 0xA0, 0x71, 0xA0, 0x71, 0xA0, 0x71, 0xA0, 0x71, 0xA0, 0x71, 0xA0, 0x79, 0xE0, 0xCA,
    0x1F, 0xF8, 0x1F, 0xF8, 0x1F, 0xF8, 0x1F, 0xF8, 0xA0, 0x71, 0xA0, 0x71, 0xA0, 0x71, 0xA0, 0x71,
    0xA0, 0x71, 0xA0, 0x71, 0xA0, 0x79, 0xE0, 0xCA, 0x1F, 0xF8, 0x1F, 0xF8, 0x1F, 0xF8, 0x1F, 0xF8,
    0xA0, 0x71, 0xA0, 0x71, 0xA0, 0x71, 0xA0, 0x71, 0xA0, 0x71, 0xA0, 0x71, 0xA0, 0x79, 0xE0, 0xCA,
    0x1F, 0xF8, 0x1F, 0xF8, 0x1F, 0xF8, 0x1F, 0xF8, 0xA0, 0x71, 0xA0, 0x71, 0xA0, 0x71, 0xA0, 0x71,
    0xA0, 0x71, 0xA0, 0x71, 0xA0, 0x79, 0xE0, 0xCA, 0x1F, 0xF8, 0x1F, 0xF8, 0x1F, 0xF8, 0x1F, 0xF8,
    0xA0, 0x79, 0xA0, 0x79, 0xA0, 0x79, 0xA0, 0x79, 0xA0, 0x79, 0xA0, 0x79, 0xC0, 0x79, 0xE0, 0xCA,
    0x1F, 0xF8, 0x1F, 0xF8, 0x1F, 0xF8, 0x1F, 0xF8, 0xE0, 0xCA, 0xE0, 0xCA, 0xE0, 0xCA, 0xE0, 0xCA,
    0xE0, 0xCA, 0xE0, 0xCA, 0xE0, 0xCA, 0x00, 0xCB, 0x1F, 0xF8, 0x1F, 0xF8, 0x1F, 0xF8, 0x1F, 0xF8,
    0xE0, 0xCA, 0xE0, 0xCA, 0xE0, 0xCA, 0xE0, 0xCA, 0xE0, 0xCA, 0xE0, 0xCA, 0xE0, 0xCA, 0x00, 0xCB,
    0x1F, 0xF8, 0x1F, 0xF8, 0x1F, 0xF8, 0x1F, 0xF8, 0xA0, 0x79, 0xA0, 0x79, 0xA0, 0x79, 0xA0, 0x79,
    0xA0, 0x79, 0xA0, 0x79, 0xC0, 0x79, 0xE0, 0xCA, 0x1F, 0xF8, 0x1F, 0xF8, 0x1F, 0xF8, 0x1F, 0xF8,
    0xA0, 0x71, 0xA0, 0x71, 0xA0, 0x71, 0xA0, 0x71, 0xA0, 0x71, 0xA0, 0x71, 0xA0, 0x79, 0xE0, 0xCA,
    0x1F, 0xF8, 0x1F, 0xF8, 0x1F, 0xF8, 0x1F, 0xF8, 0xA0, 0x71, 0xA0, 0x71, 0xA0, 0x71, 0xA0, 0x71,
    0xA0, 0x71, 0xA0, 0x71, 0xA0, 0x79, 0xE0, 0xCA, 0x1F, 0xF8, 0x1F, 0xF8, 0x1F, 0xF8, 0x1F, 0xF8,
    0xA0, 0x71, 0xA0, 0x71, 0xA0, 0x71, 0xA0, 0x71, 0xA0, 0x71, 0xA0, 0x71, 0xA0, 0x79, 0xE0, 0xCA,
    0x1F, 0xF8, 0x1F, 0xF8, 0x1F, 0xF8, 0x1F, 0xF8, 0xA0, 0x71, 0xA0, 0x71, 0xA0, 0x71, 0xA0, 0x71,
    0xA0, 0x71, 0xA0, 0x71, 0xA0, 0x79, 0xE0, 0xCA, 0x1F, 0xF8, 0x1F, 0xF8, 0x1F, 0xF8, 0x1F, 0xF8,
    0xA0, 0x79, 0xA0, 0x79, 0xA0, 0x79, 0xA0, 0x79, 0xA0, 0x79, 0xA0, 0x79, 0xC0, 0x79, 0xE0, 0xCA,
    0x1F, 0xF8, 0x1F, 0xF8, 0x1F, 0xF8, 0x1F, 0xF8, 0xE0, 0xCA, 0xE0, 0xCA, 0xE0, 0xCA, 0xE0, 0xCA,
    0xE0, 0xCA, 0xE0, 0xCA, 0xE0, 0xCA, 0xE0, 0xCA, 0x1F, 0xF8, 0x1F, 0xF8, 0x1F, 0xF8, 0x1F, 0xF8,
    0xE0, 0xCA, 0xC0, 0x79, 0xA0, 0x79, 0xA0, 0x79, 0xA0, 0x79, 0xA0, 0x79, 0xA0, 0x79, 0xA0, 0x79,
    0x1F, 0xF8, 0x1F, 0xF8, 0x1F, 0xF8, 0x1F, 0xF8, 0xE0, 0xCA, 0xA0, 0x79, 0xA0, 0x71, 0xA0, 0x71,
    0xA0, 0x71, 0xA0, 0x71, 0xA0, 0x71, 0xA0, 0x71, 0x1F, 0xF8, 0x1F, 0xF8, 0x1F, 0xF8, 0x1F, 0xF8,
    0xE0, 0xCA, 0xA0, 0x79, 0xA0, 0x71, 0xA0, 0x71, 0xA0, 0x71, 0xA0, 0x71, 0xA0, 0x71, 0xA0, 0x71,
    0x1F, 0xF8, 0x1F, 0xF8, 0x1F, 0xF8, 0x1F, 0xF8, 0xE0, 0xCA, 0xA0, 0x79, 0xA0, 0x71, 0xA0, 0x71,
    0xA0, 0x71, 0xA0, 0x71, 0xA0, 0x71, 0xA0, 0x71, 0x1F, 0xF8, 0x1F, 0xF8, 0x1F, 0xF8, 0x1F, 0xF8,
    0xE0, 0xCA, 0xA0, 0x79, 0xA0, 0x71, 0xA0, 0x71, 0xA0, 0x71, 0xA0, 0x71, 0xA0, 0x71, 0xA0, 0x71,
    0x1F, 0xF8, 0x1F, 0xF8, 0x1F, 0xF8, 0x1F, 0xF8, 0xE0, 0xCA, 0xA0, 0x79, 0xA0, 0x71, 0xA0, 0x71,
    0xA0, 0x71, 0xA0, 0x71, 0xA0, 0x71, 0xA0, 0x71, 0x1F, 0xF8, 0x1F, 0xF8, 0x1F, 0xF8, 0x1F, 0xF8,
    0xE0, 0xCA, 0xA0, 0x79, 0xA0, 0x71, 0xA0, 0x71, 0xA0, 0x71, 0xA0, 0x71, 0xA0, 0x71, 0xA0, 0x71,
    0x1F, 0xF8, 0x1F, 0xF8, 0x1F, 0xF8, 0x1F, 0xF8, 0xE0, 0xCA, 0xC0, 0x79, 0xA0, 0x71, 0xA0, 0x71,
    0xA0, 0x71, 0xA0, 0x71, 0xA0, 0x71, 0xA0, 0x71, 0x1F, 0xF8, 0x1F, 0xF8, 0x1F, 0xF8, 0x1F, 0xF8,
    0x00, 0xCB, 0xE0, 0xCA, 0xE0, 0xCA, 0xE0, 0xCA, 0xE0, 0xCA, 0xE0, 0xCA, 0xE0, 0xCA, 0xE0, 0xCA,
    0x1F, 0xF8, 0x1F, 0xF8, 0x1F, 0xF8, 0x1F, 0xF8, 0xE0, 0xCA, 0xC0, 0x79, 0xA0, 0x79, 0xA0, 0x79,
    0xA0, 0x79, 0xA0, 0x79, 0xA0, 0x79, 0xA0, 0x79, 0x1F, 0xF8, 0x1F, 0xF8, 0x1F, 0xF8, 0x1F, 0xF8,
    0xE0, 0xCA, 0xA0, 0x79, 0xA0, 0x71, 0xA0, 0x71, 0xA0, 0x71, 0xA0, 0x71, 0xA0, 0x71, 0xA0, 0x71,
    0x1F, 0xF8, 0x1F, 0xF8, 0x1F, 0xF8, 0x1F, 0xF8, 0xE0, 0xCA, 0xA0, 0x79, 0xA0, 0x71, 0xA0, 0x71,
    0xA0, 0x71, 0xA0, 0x71, 0xA0, 0x71, 0xA0, 0x71, 0x1F, 0xF8, 0x1F, 0xF8, 0x1F, 0xF8, 0x1F, 0xF8,
    0xE0, 0xCA, 0xA0, 0x79, 0xA0, 0x71, 0xA0, 0x71, 0xA0, 0x71, 0xA0, 0x71, 0xA0, 0x71, 0xA0, 0x71,
    0x1F, 0xF8, 0x1F, 0xF8, 0x1F, 0xF8, 0x1F, 0xF8, 0xE0, 0xCA, 0xA0, 0x79, 0xA0, 0x71, 0xA0, 0x71,
    0xA0, 0x71, 0xA0, 0x71, 0xA0, 0x71, 0xA0, 0x71, 0x1F, 0xF8, 0x1F, 0xF8, 0x1F, 0xF8, 0x1F, 0xF8,
    0xE0, 0xCA, 0xA0, 0x79, 0xA0, 0x71, 0xA0, 0x71, 0xA0, 0x71, 0xA0, 0x71, 0xA0, 0x71, 0xA0, 0x71,
    0x1F, 0xF8, 0x1F, 0xF8, 0x1F, 0xF8, 0x1F, 0xF8, 0xE0, 0xCA, 0xA0, 0x79, 0xA0, 0x71, 0xA0, 0x71,
    0xA0, 0x71, 0xA0, 0x71, 0xA0, 0x71, 0xA0, 0x71, 0x1F, 0xF8, 0x1F, 0xF8, 0x1F, 0xF8, 0x1F, 0xF8,
    0xE0, 0xCA, 0xA0, 0x79, 0xA0, 0x71, 0xA0, 0x71, 0xA0, 0x71, 0xA0, 0x71, 0xA0, 0x79, 0xE0, 0xCA,
    0x1F, 0xF8, 0x1F, 0xF8, 0x1F, 0xF8, 0x1F, 0xF8, 0xE0, 0xCA, 0xA0, 0x79, 0xA0, 0x71, 0xA0, 0x71,
    0xA0, 0x71, 0xA0, 0x71, 0xA0, 0x79, 0xE0, 0xCA, 0x1F, 0xF8, 0x1F, 0xF8, 0x1F, 0xF8, 0x1F, 0xF8,
    0xE0, 0xCA, 0xA0, 0x79, 0xA0, 0x71, 0xA0, 0x71, 0xA0, 0x71, 0xA0, 0x71, 0xA0, 0x79, 0xE0, 0xCA,
    0x1F, 0xF8, 0x1F, 0xF8, 0x1F, 0xF8, 0x1F, 0xF8, 0xE0, 0xCA, 0xA0, 0x79, 0xA0, 0x71, 0xA0, 0x71,
    0xA0, 0x71, 0xA0, 0x71, 0xA0, 0x79, 0xE0, 0xCA, 0x1F, 0xF8, 0x1F, 0xF8, 0x1F, 0xF8, 0x1F, 0xF8,
    0xE0, 0xCA, 0xA0, 0x79, 0xA0, 0x71, 0xA0, 0x71, 0xA0, 0x71, 0xA0, 0x71, 0xA0, 0x79, 0xE0, 0xCA,
    0x1F, 0xF8, 0x1F, 0xF8, 0x1F, 0xF8, 0x1F, 0xF8, 0xE0, 0xCA, 0xA0, 0x79, 0xA0, 0x71, 0xA0, 0x71,
    0xA0, 0x71, 0xA0, 0x71, 0xA0, 0x79, 0xE0, 0xCA, 0x1F, 0xF8, 0x1F, 0xF8, 0x1F, 0xF8, 0x1F, 0xF8,
    0xE0, 0xCA, 0xA0, 0x79, 0xA0, 0x71, 0xA0, 0x71, 0xA0, 0x71, 0xA0, 0x71, 0xA0, 0x79, 0xE0, 0xCA,
    0x1F, 0xF8, 0x1F, 0xF8, 0x1F, 0xF8, 0x1F, 0xF8, 0xE0, 0xCA, 0xC0, 0x79, 0xA0, 0x79, 0xA0, 0x79,
    0xA0, 0x79, 0xA0, 0x79, 0xC0, 0x79, 0xE0, 0xCA, 0x1F, 0xF8, 0x1F, 0xF8, 0x1F, 0xF8, 0x1F, 0xF8,
    0x00, 0xCB, 0xE0, 0xCA, 0xE0, 0xCA, 0xE0, 0xCA, 0xE0, 0xCA, 0xE0, 0xCA, 0xE0, 0xCA, 0x00, 0xCB,
    0x1F, 0xF8, 0x1F, 0xF8, 0x1F, 0xF8, 0x1F, 0xF8, 0xE0, 0xCA, 0xC0, 0x79, 0xA0, 0x79, 0xA0, 0x79,
    0xA0, 0x79, 0xA0, 0x79, 0xC0, 0x79, 0xE0, 0xCA, 0x1F, 0xF8, 0x1F, 0xF8, 0x1F, 0xF8, 0x1F, 0xF8,
    0xE0, 0xCA, 0xA0, 0x79, 0xA0, 0x71, 0xA0, 0x71, 0xA0, 0x71, 0xA0, 0x71, 0xA0, 0x79, 0xE0, 0xCA,
    0x1F, 0xF8, 0x1F, 0xF8, 0x1F, 0xF8, 0x1F, 0xF8, 0xE0, 0xCA, 0xA0, 0x79, 0xA0, 0x71, 0xA0, 0x71,
    0xA0, 0x71, 0xA0, 0x71, 0xA0, 0x79, 0xE0, 0xCA, 0x1F, 0xF8, 0x1F, 0xF8, 0x1F, 0xF8, 0x1F, 0xF8,
    0xE0, 0xCA, 0xA0, 0x79, 0xA0, 0x71, 0xA0, 0x71, 0xA0, 0x71, 0xA0, 0x71, 0xA0, 0x79, 0xE0, 0xCA,
    0x1F, 0xF8, 0x1F, 0xF8, 0x1F, 0xF8, 0x1F, 0xF8, 0xE0, 0xCA, 0xA0, 0x79, 0xA0, 0x71, 0xA0, 0x71,
    0xA0, 0x71, 0xA0, 0x71, 0xA0, 0x79, 0xE0, 0xCA, 0x1F, 0xF8, 0x1F, 0xF8, 0x1F, 0xF8, 0x1F, 0xF8,
    0xE0, 0xCA, 0xA0, 0x79, 0xA0, 0x71, 0xA0, 0x71, 0xA0, 0x71, 0xA0, 0x71, 0xA0, 0x79, 0xE0, 0xCA,
    0x1F, 0xF8, 0x1F, 0xF8, 0x1F, 0xF8, 0x1F, 0xF8, 0xE0, 0xCA, 0xA0, 0x71, 0xA0, 0x71, 0xA0, 0x71,
    0xA0, 0x71, 0xA0, 0x71, 0xA0, 0x79, 0xE0, 0xCA, 0x1F, 0xF8, 0x1F, 0xF8, 0x1F, 0xF8, 0x1F, 0xF8,
    0xE0, 0xCA, 0xA0, 0x79, 0xA0, 0x71, 0xA0, 0x71, 0xA0, 0x71, 0xA0, 0x71, 0xA0, 0x71, 0xA0, 0x71,
    0x1F, 0xF8, 0x1F, 0xF8, 0x1F, 0xF8, 0x1F, 0xF8, 0xE0, 0xCA, 0xA0, 0x79, 0xA0, 0x71, 0xA0, 0x71,
    0xA0, 0x71, 0xA0, 0x71, 0xA0, 0x71, 0xA0, 0x71, 0x1F, 0xF8, 0x1F, 0xF8, 0x1F, 0xF8, 0x1F, 0xF8,
    0xE0, 0xCA, 0xA0, 0x79, 0xA0, 0x71, 0xA0, 0x71, 0xA0, 0x71, 0xA0, 0x71, 0xA0, 0x71, 0xA0, 0x71,
    0x1F, 0xF8, 0x1F, 0xF8, 0x1F, 0xF8, 0x1F, 0xF8, 0xE0, 0xCA, 0xA0, 0x79, 0xA0, 0x71, 0xA0, 0x71,
    0xA0, 0x71, 0xA0, 0x71, 0xA0, 0x71, 0xA0, 0x71, 0x1F, 0xF8, 0x1F, 0xF8, 0x1F, 0xF8, 0x1F, 0xF8,
    0xE0, 0xCA, 0xA0, 0x79, 0xA0, 0x71, 0xA0, 0x71, 0xA0, 0x71, 0xA0, 0x71, 0xA0, 0x71, 0xA0, 0x71,
    0x1F, 0xF8, 0x1F, 0xF8, 0x1F, 0xF8, 0x1F, 0xF8, 0xE0, 0xCA, 0xA0, 0x79, 0xA0, 0x71, 0xA0, 0x71,
    0xA0, 0x71, 0xA0, 0x71, 0xA0, 0x71, 0xA0, 0x71, 0x1F, 0xF8, 0x1F, 0xF8, 0x1F, 0xF8, 0x1F, 0xF8,
    0xE0, 0xCA, 0xC0, 0x79, 0xA0, 0x79, 0xA0, 0x79, 0xA0, 0x79, 0xA0, 0x79, 0xA0, 0x79, 0xA0, 0x71,
    0x1F, 0xF8, 0x1F, 0xF8, 0x1F, 0xF8, 0x1F, 0xF8, 0x00, 0xCB, 0xE0, 0xCA, 0xE0, 0xCA, 0xE0, 0xCA,
    0xE0, 0xCA, 0xE0, 0xCA, 0xE0, 0xCA, 0xE0, 0xCA, 0x1F, 0xF8, 0x1F, 0xF8, 0x1F, 0xF8, 0x1F, 0xF8,
    0x00, 0xCB, 0xE0, 0xCA, 0xE0, 0xCA, 0xE0, 0xCA, 0xE0, 0xCA, 0xE0, 0xCA, 0xE0, 0xCA, 0xE0, 0xCA,
    0x1F, 0xF8, 0x1F, 0xF8, 0x1F, 0xF8, 0x1F, 0xF8, 0xE0, 0xCA, 0xC0, 0x79, 0xA0, 0x79, 0xA0, 0x79,
    0xA0, 0x79, 0xA0, 0x79, 0xA0, 0x79, 0xA0, 0x79, 0x1F, 0xF8, 0x1F, 0xF8, 0x1F, 0xF8, 0x1F, 0xF8,
    0xE0, 0xCA, 0xA0, 0x79, 0xA0, 0x71, 0xA0, 0x71, 0xA0, 0x71, 0xA0, 0x71, 0xA0, 0x71, 0xA0, 0x71,
    0x1F, 0xF8, 0x1F, 0xF8, 0x1F, 0xF8, 0x1F, 0xF8, 0xE0, 0xCA, 0xA0, 0x79, 0xA0, 0x71, 0xA0, 0x71,
    0xA0, 0x71, 0xA0, 0x71, 0xA0, 0x71, 0xA0, 0x71, 0x1F, 0xF8, 0x1F, 0xF8, 0x1F, 0xF8, 0x1F, 0xF8,
    0xE0, 0xCA, 0xA0, 0x79, 0xA0, 0x71, 0xA0, 0x71, 0xA0, 0x71, 0xA0, 0x71, 0xA0, 0x71, 0xA0, 0x71,
    0x1F, 0xF8, 0x1F, 0xF8, 0x1F, 0xF8, 0x1F, 0xF8, 0xE0, 0xCA, 0xA0, 0x79, 0xA0, 0x71, 0xA0, 0x71,
    0xA0, 0x71, 0xA0, 0x71, 0xA0, 0x71, 0xA0, 0x71, 0x1F, 0xF8, 0x1F, 0xF8, 0x1F, 0xF8, 0x1F, 0xF8,
    0xE0, 0xCA, 0xC0, 0x79, 0xA0, 0x79, 0xA0, 0x79, 0xA0, 0x79, 0xA0, 0x79, 0xA0, 0x79, 0xA0, 0x79,
    0x1F, 0xF8, 0x1F, 0xF8, 0x1F, 0xF8, 0x1F, 0xF8, 0x00, 0xCB, 0xE0, 0xCA, 0xE0, 0xCA, 0xE0, 0xCA,
    0xE0, 0xCA, 0xE0, 0xCA, 0xE0, 0xCA, 0xE0, 0xCA, 0x1F, 0xF8, 0x1F, 0xF8, 0x1F, 0xF8, 0x1F, 0xF8,
    0xE0, 0xCA, 0xC0, 0x79, 0xA0, 0x79, 0xA0, 0x79, 0xA0, 0x79, 0xA0, 0x79, 0xC0, 0x79, 0xE0, 0xCA,
    0x1F, 0xF8, 0x1F, 0xF8, 0x1F, 0xF8, 0x1F, 0xF8, 0xE0, 0xCA, 0xA0, 0x79, 0xA0, 0x71, 0xA0, 0x71,
    0xA0, 0x71, 0xA0, 0x71, 0xA0, 0x79, 0xE0, 0xCA, 0x1F, 0xF8, 0x1F, 0xF8, 0x1F, 0xF8, 0x1F, 0xF8,
    0xE0, 0xCA, 0xA0, 0x79, 0xA0, 0x71, 0xA0, 0x71, 0xA0, 0x71, 0xA0, 0x71, 0xA0, 0x79, 0xE0, 0xCA,
    0x1F, 0xF8, 0x1F, 0xF8, 0x1F, 0xF8, 0x1F, 0xF8, 0xE0, 0xCA, 0xA0, 0x79, 0xA0, 0x71, 0xA0, 0x71,
    0xA0, 0x71, 0xA0, 0x71, 0xA0, 0x79, 0xE0, 0xCA, 0x1F, 0xF8, 0x1F, 0xF8, 0x1F, 0xF8, 0x1F, 0xF8,
    0xE0, 0xCA, 0xA0, 0x79, 0xA0, 0x71, 0xA0, 0x71, 0xA0, 0x71, 0xA0, 0x71, 0xA0, 0x79, 0xE0, 0xCA,
    0x1F, 0xF8, 0x1F, 0xF8, 0x1F, 0xF8, 0x1F, 0xF8, 0xE0, 0xCA, 0xA0, 0x79, 0xA0, 0x71, 0xA0, 0x71,
    0xA0, 0x71, 0xA0, 0x71, 0xA0, 0x79, 0xE0, 0xCA, 0x1F, 0xF8, 0x1F, 0xF8, 0x1F, 0xF8, 0x1F, 0xF8,
    0xE0, 0xCA, 0xC0, 0x79, 0xA0, 0x79, 0xA0, 0x79, 0xA0, 0x79, 0xA0, 0x79, 0xC0, 0x79, 0xE0, 0xCA,
    0x1F, 0xF8, 0x1F, 0xF8, 0x1F, 0xF8, 0x1F, 0xF8, 0xE0, 0xCA, 0xE0, 0xCA, 0xE0, 0xCA, 0xE0, 0xCA,
    0xE0, 0xCA, 0xE0, 0xCA, 0xE0, 0xCA, 0xE0, 0xCA, 0x1F, 0xF8, 0x1F, 0xF8, 0x1F, 0xF8, 0x1F, 0xF8,
    0xA0, 0x71, 0xA0, 0x71, 0xA0, 0x71, 0xA0, 0x71, 0xA0, 0x71, 0xA0, 0x71, 0xA0, 0x71, 0xA0, 0x71,
    0x1F, 0xF8, 0x1F, 0xF8, 0x1F, 0xF8, 0x1F, 0xF8, 0xA0, 0x71, 0xA0, 0x71, 0xA0, 0x71, 0xA0, 0x71,
    0xA0, 0x71, 0xA0, 0x71, 0xA0, 0x71, 0xA0, 0x71, 0x1F, 0xF8, 0x1F, 0xF8, 0x1F, 0xF8, 0x1F, 0xF8,
    0xA0, 0x71, 0xA0, 0x71, 0xA0, 0x71, 0xA0, 0x71, 0xA0, 0x71, 0xA0, 0x71, 0xA0, 0x71, 0xA0, 0x71,
    0x1F, 0xF8, 0x1F, 0xF8, 0x1F, 0xF8, 0x1F, 0xF8, 0xA0, 0x71, 0xA0, 0x71, 0xA0, 0x71, 0xA0, 0x71,
    0xA0, 0x71, 0xA0, 0x71, 0xA0, 0x71, 0xA0, 0x71, 0x1F, 0xF8, 0x1F, 0xF8, 0x1F, 0xF8, 0x1F, 0xF8,
    0xA0, 0x71, 0xA0, 0x71, 0xA0, 0x71, 0xA0, 0x71, 0xA0, 0x71, 0xA0, 0x71, 0xA0, 0x71, 0xA0, 0x71,
    0x1F, 0xF8, 0x1F, 0xF8, 0x1F, 0xF8, 0x1F, 0xF8, 0xA0, 0x71, 0xA0, 0x71, 0xA0, 0x71, 0xA0, 0x71,
    0xA0, 0x71, 0xA0, 0x71, 0xA0, 0x71, 0xA0, 0x71, 0x1F, 0xF8, 0x1F, 0xF8, 0x1F, 0xF8, 0x1F, 0xF8,
    0xA0, 0x71, 0xA0, 0x71, 0xA0, 0x71, 0xA0, 0x71, 0xA0, 0x71, 0xA0, 0x71, 0xA0, 0x71, 0xA0, 0x71,
    0x1F, 0xF8, 0x1F, 0xF8, 0x1F, 0xF8, 0x1F, 0xF8, 0xA0, 0x71, 0xA0, 0x71, 0xA0, 0x71, 0xA0, 0x71,
    0xA0, 0x71, 0xA0, 0x71, 0xA0, 0x71, 0xA0, 0x71, 0x1F, 0xF8, 0x1F, 0xF8, 0x1F, 0xF8, 0x1F, 0xF8,
    0xE0, 0xCA, 0xE0, 0xC2, 0xC0, 0x79, 0xA0, 0x71, 0xA0, 0x71, 0xA0, 0x71, 0xA0, 0x79, 0xA0, 0x71,
    0x1F, 0xF8, 0x1F, 0xF8, 0x1F, 0xF8, 0x1F, 0xF8, 0xA0, 0x79, 0xC0, 0x81, 0xE0, 0xC2, 0xA0, 0x79,
    0xA0, 0x71, 0xC0, 0x79, 0xE0, 0xC2, 0xA0, 0x79, 0x1F, 0xF8, 0x1F, 0xF8, 0x1F, 0xF8, 0x1F, 0xF8,
    0xC0, 0x79, 0xE0, 0xC2, 0xC0, 0x81, 0xA0, 0x71, 0xC0, 0x79, 0xE0, 0xC2, 0xC0, 0x79, 0xA0, 0x71,
    0x1F, 0xF8, 0x1F, 0xF8, 0x1F, 0xF8, 0x1F, 0xF8, 0xE0, 0xCA, 0xE0, 0xCA, 0xE0, 0xC2, 0xC0, 0x81,
    0xE0, 0xC2, 0xC0, 0x81, 0xA0, 0x79, 0xA0, 0x71, 0x1F, 0xF8, 0x1F, 0xF8, 0x1F, 0xF8, 0x1F, 0xF8,
    0xA0, 0x79, 0xA0, 0x79, 0xC0, 0x81, 0xE0, 0xC2, 0xC0, 0x81, 0xE0, 0xC2, 0xE0, 0xC2, 0xC0, 0x79,
    0x1F, 0xF8, 0x1F, 0xF8, 0x1F, 0xF8, 0x1F, 0xF8, 0xA0, 0x71, 0xC0, 0x79, 0xE0, 0xC2, 0xC0, 0x79,
    0xA0, 0x71, 0xA0, 0x79, 0xC0, 0x81, 0xE0, 0xC2, 0x1F, 0xF8, 0x1F, 0xF8, 0x1F, 0xF8, 0x1F, 0xF8,
    0xA0, 0x79, 0xE0, 0xC2, 0xC0, 0x79, 0xA0, 0x71, 0xA0, 0x71, 0xC0, 0x79, 0xE0, 0xC2, 0xC0, 0x81,
    0x1F, 0xF8, 0x1F, 0xF8, 0x1F, 0xF8, 0x1F, 0xF8, 0xA0, 0x71, 0xC0, 0x79, 0xA0, 0x71, 0xA0, 0x71,
    0xA0, 0x79, 0xE0, 0xC2, 0xE0, 0xCA, 0xE0, 0xCA, 0x1F, 0xF8, 0x1F, 0xF8, 0x1F, 0xF8, 0x1F, 0xF8,
    0xA0, 0x79, 0xE0, 0xC2, 0xA0, 0x79, 0xA0, 0x71, 0xA0, 0x71, 0xA0, 0x79, 0xC0, 0x79, 0xA0, 0x79,
    0x1F, 0xF8, 0x1F, 0xF8, 0x1F, 0xF8, 0x1F, 0xF8, 0xA0, 0x79, 0xE0, 0xCA, 0xA0, 0x79, 0xA0, 0x71,
    0xA0, 0x71, 0xC0, 0x79, 0xE0, 0xC2, 0xA0, 0x79, 0x1F, 0xF8, 0x1F, 0xF8, 0x1F, 0xF8, 0x1F, 0xF8,
    0xA0, 0x79, 0xE0, 0xCA, 0xA0, 0x79, 0xA0, 0x71, 0xC0, 0x79, 0xE0, 0xC2, 0xC0, 0x79, 0xA0, 0x71,
    0x1F, 0xF8, 0x1F, 0xF8, 0x1F, 0xF8, 0x1F, 0xF8, 0xA0, 0x79, 0xE0, 0xC2, 0xA0, 0x79, 0xC0, 0x79,
    0xE0, 0xC2, 0xC0, 0x81, 0xA0, 0x79, 0xA0, 0x71, 0x1F, 0xF8, 0x1F, 0xF8, 0x1F, 0xF8, 0x1F, 0xF8,
    0xA0, 0x71, 0xA0, 0x79, 0xC0, 0x79, 0xE0, 0xC2, 0xC0, 0x81, 0xE0, 0xC2, 0xE0, 0xC2, 0xC0, 0x79,
    0x1F, 0xF8, 0x1F, 0xF8, 0x1F, 0xF8, 0x1F, 0xF8, 0xA0, 0x71, 0xC0, 0x79, 0xE0, 0xC2, 0xC0, 0x79,
    0xA0, 0x71, 0xA0, 0x79, 0xC0, 0x81, 0xE0, 0xC2, 0x1F, 0xF8, 0x1F, 0xF8, 0x1F, 0xF8, 0x1F, 0xF8,
    0xA0, 0x79, 0xE0, 0xC2, 0xC0, 0x79, 0xA0, 0x71, 0xA0, 0x71, 0xC0, 0x79, 0xE0, 0xC2, 0xC0, 0x81,
    0x1F, 0xF8, 0x1F, 0xF8, 0x1F, 0xF8, 0x1F, 0xF8, 0xA0, 0x71, 0xA0, 0x79, 0xA0, 0x71, 0xA0, 0x71,
    0xA0, 0x79, 0xE0, 0xC2, 0xE0, 0xCA, 0xE0, 0xCA, 0x1F, 0xF8, 0x1F, 0xF8, 0x1F, 0xF8, 0x1F, 0xF8,
    0xA0, 0x71, 0xA0, 0x71, 0xA0, 0x71, 0xA0, 0x71, 0xA0, 0x71, 0xA0, 0x71, 0xA0, 0x71, 0xA0, 0x71,
    0x1F, 0xF8, 0x1F, 0xF8, 0x1F, 0xF8, 0x1F, 0xF8, 0xA0, 0x71, 0xA0, 0x71, 0xA0, 0x71, 0xA0, 0x71,
    0xA0, 0x71, 0xA0, 0x71, 0xA0, 0x71, 0xA0, 0x71, 0x1F, 0xF8, 0x1F, 0xF8, 0x1F, 0xF8, 0x1F, 0xF8,
    0xA0, 0x71, 0xA0, 0x71, 0xA0, 0x71, 0xA0, 0x71, 0xA0, 0x71, 0xA0, 0x71, 0xA0, 0x71, 0xA0, 0x71,
    0x1F, 0xF8, 0x1F, 0xF8, 0x1F, 0xF8, 0x1F, 0xF8, 0xA0, 0x71, 0xA0, 0x71, 0xA0, 0x71, 0xA0, 0x71,
    0xA0, 0x71, 0xA0, 0x71, 0xA0, 0x71, 0xA0, 0x71, 0x1F, 0xF8, 0x1F, 0xF8, 0x1F, 0xF8, 0x1F, 0xF8,
    0xA0, 0x71, 0xA0, 0x71, 0xA0, 0x71, 0xA0, 0x71, 0xA0, 0x71, 0xA0, 0x71, 0xA0, 0x71, 0xA0, 0x71,
    0x1F, 0xF8, 0x1F, 0xF8, 0x1F, 0xF8, 0x1F, 0xF8, 0xA0, 0x71, 0xA0, 0x71, 0xA0, 0x71, 0xA0, 0x71,
    0xA0, 0x71, 0xA0, 0x71, 0xA0, 0x71, 0xA0, 0x71, 0x1F, 0xF8, 0x1F, 0xF8, 0x1F, 0xF8, 0x1F, 0xF8,
    0xA0, 0x71, 0xA0, 0x71, 0xA0, 0x71, 0xA0, 0x71, 0xA0, 0x71, 0xA0, 0x71, 0xA0, 0x71, 0xA0, 0x71,
    0x1F, 0xF8, 0x1F, 0xF8, 0x1F, 0xF8, 0x1F, 0xF8, 0xA0, 0x71, 0xA0, 0x71, 0xA0, 0x71, 0xA0, 0x71,
    0xA0, 0x71, 0xA0, 0x71, 0xA0, 0x71, 0xA0, 0x71, 0x1F, 0xF8, 0x1F, 0xF8, 0x1F, 0xF8, 0x1F, 0xF8,
    0xA0, 0x71, 0xC0, 0x79, 0xE0, 0xCA, 0xE0, 0xCA, 0xE0, 0xCA, 0xE0, 0xCA, 0xC0, 0x79, 0xA0, 0x71,
    0x1F, 0xF8, 0x1F, 0xF8, 0x1F, 0xF8, 0x1F, 0xF8, 0xA0, 0x79, 0xE0, 0xCA, 0x00, 0xCB, 0xE0, 0xCA,
    0xE0, 0xCA, 0x00, 0xCB, 0xE0, 0xCA, 0xA0, 0x79, 0x1F, 0xF8, 0x1F, 0xF8, 0x1F, 0xF8, 0x1F, 0xF8,
    0xA0, 0x79, 0xE0, 0xCA, 0xE0, 0xCA, 0xC0, 0x79, 0xC0, 0x79, 0xE0, 0xCA, 0xE0, 0xCA, 0xA0, 0x79,
    0x1F, 0xF8, 0x1F, 0xF8, 0x1F, 0xF8, 0x1F, 0xF8, 0xA0, 0x79, 0xE0, 0xCA, 0xE0, 0xCA, 0xA0, 0x79,
    0xA0, 0x79, 0xE0, 0xCA, 0xE0, 0xCA, 0xA0, 0x79, 0x1F, 0xF8, 0x1F, 0xF8, 0x1F, 0xF8, 0x1F, 0xF8,
    0xA0, 0x79, 0xE0, 0xCA, 0xE0, 0xCA, 0xC0, 0x79, 0xC0, 0x79, 0xE0, 0xCA, 0xE0, 0xCA, 0xA0, 0x79,
    0x1F, 0xF8, 0x1F, 0xF8, 0x1F, 0xF8, 0x1F, 0xF8, 0xA0, 0x79, 0xE0, 0xCA, 0x00, 0xCB, 0xE0, 0xCA,
    0xE0, 0xCA, 0x00, 0xCB, 0xE0, 0xCA, 0xA0, 0x79, 0x1F, 0xF8, 0x1F, 0xF8, 0x1F, 0xF8, 0x1F, 0xF8,
    0xA0, 0x71, 0xC0, 0x79, 0xE0, 0xCA, 0xE0, 0xCA, 0xE0, 0xCA, 0xE0, 0xCA, 0xC0, 0x79, 0xA0, 0x71,
    0x1F, 0xF8, 0x1F, 0xF8, 0x1F, 0xF8, 0x1F, 0xF8, 0xA0, 0x71, 0xA0, 0x71, 0xA0, 0x79, 0xC0, 0x79,
    0xC0, 0x79, 0xA0, 0x79, 0xA0, 0x71, 0xA0, 0x71, 0x1F, 0xF8, 0x1F, 0xF8, 0x1F, 0xF8, 0x1F, 0xF8,
    0xA0, 0x71, 0xA0, 0x71, 0xA0, 0x79, 0xE0, 0xCA, 0xE0, 0xCA, 0xA0, 0x79, 0xA0, 0x71, 0xA0, 0x71,
    0x1F, 0xF8, 0x1F, 0xF8, 0x1F, 0xF8, 0x1F, 0xF8, 0xA0, 0x71, 0xA0, 0x71, 0xA0, 0x79, 0xE0, 0xCA,
    0xE0, 0xCA, 0xA0, 0x79, 0xA0, 0x71, 0xA0, 0x71, 0x1F, 0xF8, 0x1F, 0xF8, 0x1F, 0xF8, 0x1F, 0xF8,
    0xA0, 0x71, 0xA0, 0x71, 0xA0, 0x79, 0xE0, 0xCA, 0xE0, 0xCA, 0xA0, 0x79, 0xA0, 0x71, 0xA0, 0x71,
    0x1F, 0xF8, 0x1F, 0xF8, 0x1F, 0xF8, 0x1F, 0xF8, 0xA0, 0x71, 0xA0, 0x71, 0xA0, 0x79, 0xE0, 0xCA,
    0xE0, 0xCA, 0xA0, 0x79, 0xA0, 0x71, 0xA0, 0x71, 0x1F, 0xF8, 0x1F, 0xF8, 0x1F, 0xF8, 0x1F, 0xF8,
    0xA0, 0x71, 0xA0, 0x71, 0xA0, 0x79, 0xE0, 0xCA, 0xE0, 0xCA, 0xA0, 0x79, 0xA0, 0x71, 0xA0, 0x71,
    0x1F, 0xF8, 0x1F, 0xF8, 0x1F, 0xF8, 0x1F, 0xF8, 0xA0, 0x71, 0xA0, 0x71, 0xA0, 0x79, 0xE0, 0xCA,
    0xE0, 0xCA, 0xA0, 0x79, 0xA0, 0x71, 0xA0, 0x71, 0x1F, 0xF8, 0x1F, 0xF8, 0x1F, 0xF8, 0x1F, 0xF8,
    0xA0, 0x71, 0xA0, 0x71, 0xA0, 0x79, 0xE0, 0xCA, 0xE0, 0xCA, 0xA0, 0x79, 0xA0, 0x71, 0xA0, 0x71,
    0x1F, 0xF8, 0x1F, 0xF8, 0x1F, 0xF8, 0x1F, 0xF8, 0xA0, 0x71, 0xA0, 0x79, 0xA0, 0x79, 0xC0, 0x79,
    0xC0, 0x79, 0xA0, 0x79, 0xA0, 0x71, 0xA0, 0x71, 0x1F, 0xF8, 0x1F, 0xF8, 0x1F, 0xF8, 0x1F, 0xF8,
    0xA0, 0x79, 0xE0, 0xCA, 0xE0, 0xCA, 0xE0, 0xCA, 0xE0, 0xCA, 0xE0, 0xCA, 0xA0, 0x79, 0xA0, 0x71,
    0x1F, 0xF8, 0x1F, 0xF8, 0x1F, 0xF8, 0x1F, 0xF8, 0xA0, 0x79, 0xE0, 0xCA, 0xE0, 0xCA, 0xE0, 0xCA,
    0x00, 0xCB, 0xE0, 0xCA, 0xA0, 0x79, 0xA0, 0x71, 0x1F, 0xF8, 0x1F, 0xF8, 0x1F, 0xF8, 0x1F, 0xF8,
    0xA0, 0x71, 0xC0, 0x79, 0xC0, 0x79, 0xC0, 0x81, 0xE0, 0xCA, 0xE0, 0xCA, 0xA0, 0x79, 0xA0, 0x71,
    0x1F, 0xF8, 0x1F, 0xF8, 0x1F, 0xF8, 0x1F, 0xF8, 0xA0, 0x79, 0xE0, 0xCA, 0xE0, 0xCA, 0xE0, 0xCA,
    0xE0, 0xCA, 0xE0, 0xCA, 0xA0, 0x79, 0xA0, 0x71, 0x1F, 0xF8, 0x1F, 0xF8, 0x1F, 0xF8, 0x1F, 0xF8,
    0xA0, 0x79, 0xE0, 0xCA, 0xE0, 0xCA, 0xC0, 0x81, 0xC0, 0x79, 0xC0, 0x79, 0xA0, 0x71, 0xA0, 0x71,
    0x1F, 0xF8, 0x1F, 0xF8, 0x1F, 0xF8, 0x1F, 0xF8, 0xA0, 0x79, 0xE0, 0xCA, 0x00, 0xCB, 0xE0, 0xCA,
    0xE0, 0xCA, 0xE0, 0xCA, 0xA0, 0x79, 0xA0, 0x71, 0x1F, 0xF8, 0x1F, 0xF8, 0x1F, 0xF8, 0x1F, 0xF8,
    0xA0, 0x79, 0xE0, 0xCA, 0xE0, 0xCA, 0xE0, 0xCA, 0xE0, 0xCA, 0xE0, 0xCA, 0xA0, 0x79, 0xA0, 0x71,
    0x1F, 0xF8, 0x1F, 0xF8, 0x1F, 0xF8, 0x1F, 0xF8, 0xA0, 0x71, 0xC0, 0x79, 0xC0, 0x79, 0xC0, 0x79,
    0xC0, 0x79, 0xC0, 0x79, 0xA0, 0x71, 0xA0, 0x71, 0x1F, 0xF8, 0x1F, 0xF8, 0x1F, 0xF8, 0x1F, 0xF8,
    0xA0, 0x79, 0xE0, 0xCA, 0xE0, 0xCA, 0xE0, 0xCA, 0xE0, 0xCA, 0xE0, 0xCA, 0xA0, 0x79, 0xA0, 0x71,
    0x1F, 0xF8, 0x1F, 0xF8, 0x1F, 0xF8, 0x1F, 0xF8, 0xA0, 0x79, 0xE0, 0xCA, 0xE0, 0xCA, 0xE0, 0xCA,
    0x00, 0xCB, 0xE0, 0xCA, 0xA0, 0x79, 0xA0, 0x71, 0x1F, 0xF8, 0x1F, 0xF8, 0x1F, 0xF8, 0x1F, 0xF8,
    0xA0, 0x71, 0xC0, 0x79, 0xC0, 0x79, 0xC0, 0x81, 0xE0, 0xCA, 0xE0, 0xCA, 0xA0, 0x79, 0xA0, 0x71,
    0x1F, 0xF8, 0x1F, 0xF8, 0x1F, 0xF8, 0x1F, 0xF8, 0xA0, 0x79, 0xE0, 0xC2, 0xE0, 0xCA, 0xE0, 0xCA,
    0x00, 0xCB, 0xE0, 0xCA, 0xA0, 0x79, 0xA0, 0x71, 0x1F, 0xF8, 0x1F, 0xF8, 0x1F, 0xF8, 0x1F, 0xF8,
    0xA0, 0x71, 0xC0, 0x79, 0xC0, 0x79, 0xC0, 0x81, 0xE0, 0xCA, 0xE0, 0xCA, 0xA0, 0x79, 0xA0, 0x71,
    0x1F, 0xF8, 0x1F, 0xF8, 0x1F, 0xF8, 0x1F, 0xF8, 0xA0, 0x79, 0xE0, 0xCA, 0xE0, 0xCA, 0xE0, 0xCA,
    0x00, 0xCB, 0xE0, 0xCA, 0xA0, 0x79, 0xA0, 0x71, 0x1F, 0xF8, 0x1F, 0xF8, 0x1F, 0xF8, 0x1F, 0xF8,
    0xA0, 0x79, 0xE0, 0xCA, 0xE0, 0xCA, 0xE0, 0xCA, 0xE0, 0xCA, 0xE0, 0xCA, 0xA0, 0x79, 0xA0, 0x71,
    0x1F, 0xF8, 0x1F, 0xF8, 0x1F, 0xF8, 0x1F, 0xF8, 0xA0, 0x71, 0xA0, 0x79, 0xA0, 0x79, 0xA0, 0x79,
    0xC0, 0x79, 0xC0, 0x79, 0xA0, 0x71, 0xA0, 0x71, 0x1F, 0xF8, 0x1F, 0xF8, 0x1F, 0xF8, 0x1F, 0xF8,
    0xA0, 0x71, 0xA0, 0x71, 0xA0, 0x71, 0xC0, 0x79, 0xE0, 0xCA, 0xE0, 0xCA, 0xA0, 0x79, 0xA0, 0x71,
    0x1F, 0xF8, 0x1F, 0xF8, 0x1F, 0xF8, 0x1F, 0xF8, 0xA0, 0x71, 0xA0, 0x71, 0xC0, 0x79, 0xE0, 0xCA,
    0x00, 0xCB, 0xE0, 0xCA, 0xA0, 0x79, 0xA0, 0x71, 0x1F, 0xF8, 0x1F, 0xF8, 0x1F, 0xF8, 0x1F, 0xF8,
    0xA0, 0x71, 0xC0, 0x79, 0xE0, 0xCA, 0xE0, 0xCA, 0x00, 0xCB, 0xE0, 0xCA, 0xA0, 0x79, 0xA0, 0x71,
    0x1F, 0xF8, 0x1F, 0xF8, 0x1F, 0xF8, 0x1F, 0xF8, 0xA0, 0x79, 0xE0, 0xCA, 0xE0, 0xCA, 0xC0, 0x81,
    0xE0, 0xCA, 0xE0, 0xCA, 0xA0, 0x79, 0xA0, 0x71, 0x1F, 0xF8, 0x1F, 0xF8, 0x1F, 0xF8, 0x1F, 0xF8,
    0xA0, 0x79, 0xE0, 0xCA, 0xE0, 0xCA, 0xE0, 0xCA, 0x00, 0xCB, 0xE0, 0xCA, 0xA0, 0x79, 0xA0, 0x71,
    0x1F, 0xF8, 0x1F, 0xF8, 0x1F, 0xF8, 0x1F, 0xF8, 0xA0, 0x71, 0xA0, 0x79, 0xA0, 0x79, 0xC0, 0x79,
    0xE0, 0xCA, 0xE0, 0xCA, 0xA0, 0x79, 0xA0, 0x71, 0x1F, 0xF8, 0x1F, 0xF8, 0x1F, 0xF8, 0x1F, 0xF8,
    0xA0, 0x71, 0xA0, 0x71, 0xA0, 0x71, 0xA0, 0x79, 0xE0, 0xCA, 0xE0, 0xCA, 0xA0, 0x79, 0xA0, 0x71,
    0x1F, 0xF8, 0x1F, 0xF8, 0x1F, 0xF8, 0x1F, 0xF8, 0xA0, 0x71, 0xA0, 0x79, 0xA0, 0x79, 0xA0, 0x79,
    0xC0, 0x79, 0xC0, 0x79, 0xA0, 0x71, 0xA0, 0x71, 0x1F, 0xF8, 0x1F, 0xF8, 0x1F, 0xF8, 0x1F, 0xF8,
    0xA0, 0x79, 0xE0, 0xCA, 0xE0, 0xCA, 0xE0, 0xCA, 0xE0, 0xCA, 0xE0, 0xCA, 0xA0, 0x79, 0xA0, 0x71,
    0x1F, 0xF8, 0x1F, 0xF8, 0x1F, 0xF8, 0x1F, 0xF8, 0xA0, 0x79, 0xE0, 0xCA, 0x00, 0xCB, 0xE0, 0xCA,
    0xE0, 0xCA, 0xE0, 0xCA, 0xA0, 0x79, 0xA0, 0x71, 0x1F, 0xF8, 0x1F, 0xF8, 0x1F, 0xF8, 0x1F, 0xF8,
    0xA0, 0x79, 0xE0, 0xCA, 0xE0, 0xCA, 0xC0, 0x81, 0xC0, 0x79, 0xC0, 0x79, 0xA0, 0x71, 0xA0, 0x71,
    0x1F, 0xF8, 0x1F, 0xF8, 0x1F, 0xF8, 0x1F, 0xF8, 0xA0, 0x79, 0xE0, 0xCA, 0xE0, 0xCA, 0xE0, 0xCA,
    0xE0, 0xCA, 0xE0, 0xCA, 0xA0, 0x79, 0xA0, 0x71, 0x1F, 0xF8, 0x1F, 0xF8, 0x1F, 0xF8, 0x1F, 0xF8,
    0xA0, 0x71, 0xC0, 0x79, 0xC0, 0x79, 0xC0, 0x81, 0xE0, 0xCA, 0xE0, 0xCA, 0xA0, 0x79, 0xA0, 0x71,
    0x1F, 0xF8, 0x1F, 0xF8, 0x1F, 0xF8, 0x1F, 0xF8, 0xA0, 0x79, 0xE0, 0xCA, 0xE0, 0xCA, 0xE0, 0xCA,
    0x00, 0xCB, 0xE0, 0xCA, 0xA0, 0x79, 0xA0, 0x71, 0x1F, 0xF8, 0x1F, 0xF8, 0x1F, 0xF8, 0x1F, 0xF8,
    0xA0, 0x79, 0xE0, 0xCA, 0xE0, 0xCA, 0xE0, 0xCA, 0xE0, 0xCA, 0xE0, 0xCA, 0xA0, 0x79, 0xA0, 0x71,
    0x1F, 0xF8, 0x1F, 0xF8, 0x1F, 0xF8, 0x1F, 0xF8, 0xA0, 0x71, 0xC0, 0x79, 0xC0, 0x79, 0xA0, 0x79,
    0xA0, 0x79, 0xA0, 0x79, 0xA0, 0x71, 0xA0, 0x71, 0x1F, 0xF8, 0x1F, 0xF8, 0x1F, 0xF8, 0x1F, 0xF8,
    0xA0, 0x79, 0xE0, 0xCA, 0xE0, 0xCA, 0xA0, 0x79, 0xA0, 0x71, 0xA0, 0x71, 0xA0, 0x71, 0xA0, 0x71,
    0x1F, 0xF8, 0x1F, 0xF8, 0x1F, 0xF8, 0x1F, 0xF8, 0xA0, 0x79, 0xE0, 0xCA, 0xE0, 0xCA, 0xC0, 0x79,
    0xA0, 0x79, 0xA0, 0x79, 0xA0, 0x71, 0xA0, 0x71, 0x1F, 0xF8, 0x1F, 0xF8, 0x1F, 0xF8, 0x1F, 0xF8,
    0xA0, 0x79, 0xE0, 0xCA, 0x00, 0xCB, 0xE0, 0xCA, 0xE0, 0xCA, 0xE0, 0xCA, 0xA0, 0x79, 0xA0, 0x71,
    0x1F, 0xF8, 0x1F, 0xF8, 0x1F, 0xF8, 0x1F, 0xF8, 0xA0, 0x79, 0xE0, 0xCA, 0x00, 0xCB, 0xE0, 0xCA,
    0x00, 0xCB, 0xE0, 0xCA, 0xA0, 0x79, 0xA0, 0x71, 0x1F, 0xF8, 0x1F, 0xF8, 0x1F, 0xF8, 0x1F, 0xF8,
    0xA0, 0x79, 0xE0, 0xCA, 0xE0, 0xCA, 0xC0, 0x81, 0xE0, 0xCA, 0xE0, 0xCA, 0xA0, 0x79, 0xA0, 0x71,
    0x1F, 0xF8, 0x1F, 0xF8, 0x1F, 0xF8, 0x1F, 0xF8, 0xA0, 0x79, 0xE0, 0xCA, 0x00, 0xCB, 0xE0, 0xCA,
    0x00, 0xCB, 0xE0, 0xCA, 0xA0, 0x79, 0xA0, 0x71, 0x1F, 0xF8, 0x1F, 0xF8, 0x1F, 0xF8, 0x1F, 0xF8,
    0xA0, 0x79, 0xE0, 0xCA, 0xE0, 0xCA, 0xE0, 0xCA, 0xE0, 0xCA, 0xE0, 0xCA, 0xA0, 0x79, 0xA0, 0x71,
    0x1F, 0xF8, 0x1F, 0xF8, 0x1F, 0xF8, 0x1F, 0xF8, 0xA0, 0x71, 0xC0, 0x79, 0xC0, 0x79, 0xC0, 0x79,
    0xC0, 0x79, 0xC0, 0x79, 0xA0, 0x71, 0xA0, 0x71, 0x1F, 0xF8, 0x1F, 0xF8, 0x1F, 0xF8, 0x1F, 0xF8,
    0xA0, 0x79, 0xE0, 0xCA, 0xE0, 0xCA, 0xE0, 0xCA, 0xE0, 0xCA, 0xE0, 0xCA, 0xA0, 0x79, 0xA0, 0x71,
    0x1F, 0xF8, 0x1F, 0xF8, 0x1F, 0xF8, 0x1F, 0xF8, 0xA0, 0x79, 0xE0, 0xCA, 0xE0, 0xCA, 0xE0, 0xCA,
    0x00, 0xCB, 0xE0, 0xCA, 0xA0, 0x79, 0xA0, 0x71, 0x1F, 0xF8, 0x1F, 0xF8, 0x1F, 0xF8, 0x1F, 0xF8,
    0xA0, 0x71, 0xA0, 0x79, 0xA0, 0x79, 0xC0, 0x81, 0xE0, 0xCA, 0xE0, 0xCA, 0xA0, 0x79, 0xA0, 0x71,
    0x1F, 0xF8, 0x1F, 0xF8, 0x1F, 0xF8, 0x1F, 0xF8, 0xA0, 0x71, 0xA0, 0x71, 0xC0, 0x79, 0xE0, 0xCA,
    0xE0, 0xCA, 0xC0, 0x79, 0xA0, 0x71, 0xA0, 0x71, 0x1F, 0xF8, 0x1F, 0xF8, 0x1F, 0xF8, 0x1F, 0xF8,
    0xA0, 0x71, 0xA0, 0x79, 0xE0, 0xCA, 0xE0, 0xCA, 0xC0, 0x79, 0xA0, 0x71, 0xA0, 0x71, 0xA0, 0x71,
    0x1F, 0xF8, 0x1F, 0xF8, 0x1F, 0xF8, 0x1F, 0xF8, 0xA0, 0x71, 0xA0, 0x79, 0xE0, 0xCA, 0xE0, 0xCA,
    0xA0, 0x79, 0xA0, 0x71, 0xA0, 0x71, 0xA0, 0x71, 0x1F, 0xF8, 0x1F, 0xF8, 0x1F, 0xF8, 0x1F, 0xF8,
    0xA0, 0x71, 0xA0, 0x79, 0xE0, 0xCA, 0xE0, 0xCA, 0xA0, 0x79, 0xA0, 0x71, 0xA0, 0x71, 0xA0, 0x71,
    0x1F, 0xF8, 0x1F, 0xF8, 0x1F, 0xF8, 0x1F, 0xF8, 0xA0, 0x71, 0xA0, 0x79, 0xC0, 0x79, 0xC0, 0x79,
    0xA0, 0x79, 0xA0, 0x79, 0xA0, 0x71, 0xA0, 0x71, 0x1F, 0xF8, 0x1F, 0xF8, 0x1F, 0xF8, 0x1F, 0xF8,
    0xA0, 0x79, 0xE0, 0xCA, 0xE0, 0xCA, 0xE0, 0xCA, 0xE0, 0xCA, 0xE0, 0xCA, 0xA0, 0x79, 0xA0, 0x71,
    0x1F, 0xF8, 0x1F, 0xF8, 0x1F, 0xF8, 0x1F, 0xF8, 0xA0, 0x79, 0xE0, 0xCA, 0x00, 0xCB, 0xE0, 0xCA,
    0x00, 0xCB, 0xE0, 0xCA, 0xA0, 0x79, 0xA0, 0x71, 0x1F, 0xF8, 0x1F, 0xF8, 0x1F, 0xF8, 0x1F, 0xF8,
    0xA0, 0x79, 0xE0, 0xCA, 0xE0, 0xCA, 0xC0, 0x81, 0xE0, 0xCA, 0xE0, 0xCA, 0xA0, 0x79, 0xA0, 0x71,
    0x1F, 0xF8, 0x1F, 0xF8, 0x1F, 0xF8, 0x1F, 0xF8, 0xA0, 0x79, 0xE0, 0xCA, 0x00, 0xCB, 0xE0, 0xCA,
    0x00, 0xCB, 0xE0, 0xCA, 0xA0, 0x79, 0xA0, 0x71, 0x1F, 0xF8, 0x1F, 0xF8, 0x1F, 0xF8, 0x1F, 0xF8,
    0xA0, 0x79, 0xE0, 0xCA, 0xE0, 0xCA, 0xC0, 0x81, 0xE0, 0xCA, 0xE0, 0xCA, 0xA0, 0x79, 0xA0, 0x71,
    0x1F, 0xF8, 0x1F, 0xF8, 0x1F, 0xF8, 0x1F, 0xF8, 0xA0, 0x79, 0xE0, 0xCA, 0x00, 0xCB, 0xE0, 0xCA,
    0x00, 0xCB, 0xE0, 0xCA, 0xA0, 0x79, 0xA0, 0x71, 0x1F, 0xF8, 0x1F, 0xF8, 0x1F, 0xF8, 0x1F, 0xF8,
    0xA0, 0x79, 0xE0, 0xCA, 0xE0, 0xCA, 0xE0, 0xCA, 0xE0, 0xCA, 0xE0, 0xCA, 0xA0, 0x79, 0xA0, 0x71,
    0x1F, 0xF8, 0x1F, 0xF8, 0x1F, 0xF8, 0x1F, 0xF8, 0xA0, 0x71, 0xC0, 0x79, 0xC0, 0x79, 0xC0, 0x79,
    0xC0, 0x79, 0xC0, 0x79, 0xA0, 0x71, 0xA0, 0x71, 0x1F, 0xF8, 0x1F, 0xF8, 0x1F, 0xF8, 0x1F, 0xF8,
    0xA0, 0x79, 0xE0, 0xCA, 0xE0, 0xCA, 0xE0, 0xCA, 0xE0, 0xCA, 0xE0, 0xCA, 0xA0, 0x79, 0xA0, 0x71,
    0x1F, 0xF8, 0x1F, 0xF8, 0x1F, 0xF8, 0x1F, 0xF8, 0xA0, 0x79, 0xE0, 0xCA, 0x00, 0xCB, 0xE0, 0xCA,
    0x00, 0xCB, 0xE0, 0xCA, 0xA0, 0x79, 0xA0, 0x71, 0x1F, 0xF8, 0x1F, 0xF8, 0x1F, 0xF8, 0x1F, 0xF8,
    0xA0, 0x79, 0xE0, 0xCA, 0xE0, 0xCA, 0xC0, 0x81, 0xE0, 0xCA, 0xE0, 0xCA, 0xA0, 0x79, 0xA0, 0x71,
    0x1F, 0xF8, 0x1F, 0xF8, 0x1F, 0xF8, 0x1F, 0xF8, 0xA0, 0x79, 0xE0, 0xCA, 0xE0, 0xCA, 0xE0, 0xCA,
    0x00, 0xCB, 0xE0, 0xCA, 0xA0, 0x79, 0xA0, 0x71, 0x1F, 0xF8, 0x1F, 0xF8, 0x1F, 0xF8, 0x1F, 0xF8,
    0xA0, 0x71, 0xC0, 0x79, 0xC0, 0x79, 0xC0, 0x81, 0xE0, 0xCA, 0xE0, 0xCA, 0xA0, 0x79, 0xA0, 0x71,
    0x1F, 0xF8, 0x1F, 0xF8, 0x1F, 0xF8, 0x1F, 0xF8, 0xA0, 0x79, 0xE0, 0xCA, 0xE0, 0xCA, 0xE0, 0xCA,
    0x00, 0xCB, 0xE0, 0xCA, 0xA0, 0x79, 0xA0, 0x71, 0x1F, 0xF8, 0x1F, 0xF8, 0x1F, 0xF8, 0x1F, 0xF8,
    0xA0, 0x79, 0xE0, 0xCA, 0xE0, 0xCA, 0xE0, 0xCA, 0xE0, 0xCA, 0xE0, 0xCA, 0xA0, 0x79, 0xA0, 0x71,
    0x1F, 0xF8, 0x1F, 0xF8, 0x1F, 0xF8, 0x1F, 0xF8, 0xA0, 0x71, 0xC0, 0x79, 0xC0, 0x79, 0xC0, 0x79,
    0xC0, 0x79, 0xC0, 0x79, 0xA0, 0x79, 0xA0, 0x71, 0x1F, 0xF8, 0x1F, 0xF8, 0x1F, 0xF8, 0x1F, 0xF8,
    0xA0, 0x79, 0xE0, 0xCA, 0xE0, 0xCA, 0xE0, 0xCA, 0xE0, 0xCA, 0xE0, 0xCA, 0xE0, 0xCA, 0xA0, 0x79,
    0x1F, 0xF8, 0x1F, 0xF8, 0x1F, 0xF8, 0x1F, 0xF8, 0xA0, 0x79, 0xE0, 0xCA, 0x00, 0xCB, 0xE0, 0xCA,
    0xE0, 0xCA, 0x00, 0xCB, 0xE0, 0xCA, 0xA0, 0x79, 0x1F, 0xF8, 0x1F, 0xF8, 0x1F, 0xF8, 0x1F, 0xF8,
    0xA0, 0x79, 0xE0, 0xCA, 0xE0, 0xCA, 0xC0, 0x81, 0xC0, 0x81, 0xE0, 0xCA, 0xE0, 0xCA, 0xA0, 0x79,
    0x1F, 0xF8, 0x1F, 0xF8, 0x1F, 0xF8, 0x1F, 0xF8, 0xA0, 0x79, 0xE0, 0xCA, 0x00, 0xCB, 0xE0, 0xCA,
    0xE0, 0xCA, 0x00, 0xCB, 0xE0, 0xCA, 0xA0, 0x79, 0x1F, 0xF8, 0x1F, 0xF8, 0x1F, 0xF8, 0x1F, 0xF8,
    0xA0, 0x79, 0xE0, 0xCA, 0x00, 0xCB, 0xE0, 0xCA, 0xE0, 0xCA, 0x00, 0xCB, 0xE0, 0xCA, 0xA0, 0x79,
    0x1F, 0xF8, 0x1F, 0xF8, 0x1F, 0xF8, 0x1F, 0xF8, 0xA0, 0x79, 0xE0, 0xCA, 0xE0, 0xCA, 0xC0, 0x79,
    0xC0, 0x79, 0xE0, 0xCA, 0xE0, 0xCA, 0xA0, 0x79, 0x1F, 0xF8, 0x1F, 0xF8, 0x1F, 0xF8, 0x1F, 0xF8,
    0xA0, 0x79, 0xE0, 0xCA, 0xE0, 0xCA, 0xA0, 0x79, 0xA0, 0x79, 0xE0, 0xCA, 0xE0, 0xCA, 0xA0, 0x79,
    0x1F, 0xF8, 0x1F, 0xF8, 0x1F, 0xF8, 0x1F, 0xF8, 0xA0, 0x71, 0xC0, 0x79, 0xC0, 0x79, 0xA0, 0x79,
    0xA0, 0x79, 0xC0, 0x79, 0xA0, 0x79, 0xA0, 0x71, 0x1F, 0xF8, 0x1F, 0xF8, 0x1F, 0xF8, 0x1F, 0xF8,
    0xA0, 0x79, 0xE0, 0xCA, 0xE0, 0xCA, 0xE0, 0xCA, 0xE0, 0xCA, 0xE0, 0xCA, 0xC0, 0x79, 0xA0, 0x71,
    0x1F, 0xF8, 0x1F, 0xF8, 0x1F, 0xF8, 0x1F, 0xF8, 0xA0, 0x79, 0xE0, 0xCA, 0x00, 0xCB, 0xE0, 0xCA,
    0xE0, 0xCA, 0x00, 0xCB, 0xE0, 0xCA, 0xA0, 0x79, 0x1F, 0xF8, 0x1F, 0xF8, 0x1F, 0xF8, 0x1F, 0xF8,
    0xA0, 0x79, 0xE0, 0xCA, 0xE0, 0xCA, 0xC0, 0x79, 0xC0, 0x81, 0xE0, 0xCA, 0xE0, 0xCA, 0xA0, 0x79,
    0x1F, 0xF8, 0x1F, 0xF8, 0x1F, 0xF8, 0x1F, 0xF8, 0xA0, 0x79, 0xE0, 0xCA, 0xE0, 0xCA, 0xC0, 0x79,
    0xE0, 0xC2, 0xE0, 0xCA, 0xC0, 0x81, 0xA0, 0x71, 0x1F, 0xF8, 0x1F, 0xF8, 0x1F, 0xF8, 0x1F, 0xF8,
    0xA0, 0x79, 0xE0, 0xCA, 0xE0, 0xCA, 0xC0, 0x79, 0xC0, 0x81, 0xE0, 0xCA, 0xE0, 0xCA, 0xA0, 0x79,
    0x1F, 0xF8, 0x1F, 0xF8, 0x1F, 0xF8, 0x1F, 0xF8, 0xA0, 0x79, 0xE0, 0xCA, 0x00, 0xCB, 0xE0, 0xCA,
    0xE0, 0xCA, 0x00, 0xCB, 0xE0, 0xCA, 0xA0, 0x79, 0x1F, 0xF8, 0x1F, 0xF8, 0x1F, 0xF8, 0x1F, 0xF8,
    0xA0, 0x79, 0xE0, 0xCA, 0xE0, 0xCA, 0xE0, 0xCA, 0xE0, 0xCA, 0xE0, 0xCA, 0xC0, 0x79, 0xA0, 0x71,
    0x1F, 0xF8, 0x1F, 0xF8, 0x1F, 0xF8, 0x1F, 0xF8, 0xA0, 0x71, 0xC0, 0x79, 0xC0, 0x79, 0xC0, 0x79,
    0xC0, 0x79, 0xC0, 0x79, 0xA0, 0x71, 0xA0, 0x71, 0x1F, 0xF8, 0x1F, 0xF8, 0x1F, 0xF8, 0x1F, 0xF8,
    0xA0, 0x79, 0xE0, 0xCA, 0xE0, 0xCA, 0xE0, 0xCA, 0xE0, 0xCA, 0xE0, 0xCA, 0xA0, 0x79, 0xA0, 0x71,
    0x1F, 0xF8, 0x1F, 0xF8, 0x1F, 0xF8, 0x1F, 0xF8, 0xA0, 0x79, 0xE0, 0xCA, 0x00, 0xCB, 0xE0, 0xCA,
    0xE0, 0xCA, 0xE0, 0xCA, 0xA0, 0x79, 0xA0, 0x71, 0x1F, 0xF8, 0x1F, 0xF8, 0x1F, 0xF8, 0x1F, 0xF8,
    0xA0, 0x79, 0xE0, 0xCA, 0xE0, 0xCA, 0xC0, 0x79, 0xA0, 0x79, 0xA0, 0x79, 0xA0, 0x71, 0xA0, 0x71,
    0x1F, 0xF8, 0x1F, 0xF8, 0x1F, 0xF8, 0x1F, 0xF8, 0xA0, 0x79, 0xE0, 0xCA, 0xE0, 0xCA, 0xA0, 0x79,
    0xA0, 0x71, 0xA0, 0x71, 0xA0, 0x71, 0xA0, 0x71, 0x1F, 0xF8, 0x1F, 0xF8, 0x1F, 0xF8, 0x1F, 0xF8,
    0xA0, 0x79, 0xE0, 0xCA, 0xE0, 0xCA, 0xC0, 0x79, 0xA0, 0x79, 0xA0, 0x79, 0xA0, 0x71, 0xA0, 0x71,
    0x1F, 0xF8, 0x1F, 0xF8, 0x1F, 0xF8, 0x1F, 0xF8, 0xA0, 0x79, 0xE0, 0xCA, 0x00, 0xCB, 0xE0, 0xCA,
    0xE0, 0xCA, 0xE0, 0xCA, 0xA0, 0x79, 0xA0, 0x71, 0x1F, 0xF8, 0x1F, 0xF8, 0x1F, 0xF8, 0x1F, 0xF8,
    0xA0, 0x79, 0xE0, 0xCA, 0xE0, 0xCA, 0xE0, 0xCA, 0xE0, 0xCA, 0xE0, 0xCA, 0xA0, 0x79, 0xA0, 0x71,
    0x1F, 0xF8, 0x1F, 0xF8, 0x1F, 0xF8, 0x1F, 0xF8, 0xA0, 0x71, 0xC0, 0x79, 0xC0, 0x79, 0xC0, 0x79,
    0xC0, 0x79, 0xA0, 0x79, 0xA0, 0x71, 0xA0, 0x71, 0x1F, 0xF8, 0x1F, 0xF8, 0x1F, 0xF8, 0x1F, 0xF8,
    0xA0, 0x79, 0xE0, 0xCA, 0xE0, 0xCA, 0xE0, 0xCA, 0xE0, 0xCA, 0xC0, 0x79, 0xA0, 0x71, 0xA0, 0x71,
    0x1F, 0xF8, 0x1F, 0xF8, 0x1F, 0xF8, 0x1F, 0xF8, 0xA0, 0x79, 0xE0, 0xCA, 0x00, 0xCB, 0xE0, 0xCA,
    0xE0, 0xCA, 0xE0, 0xCA, 0xC0, 0x79, 0xA0, 0x71, 0x1F, 0xF8, 0x1F, 0xF8, 0x1F, 0xF8, 0x1F, 0xF8,
    0xA0, 0x79, 0xE0, 0xCA, 0xE0, 0xCA, 0xC0, 0x79, 0xC0, 0x79, 0xE0, 0xCA, 0xE0, 0xCA, 0xA0, 0x79,
    0x1F, 0xF8, 0x1F, 0xF8, 0x1F, 0xF8, 0x1F, 0xF8, 0xA0, 0x79, 0xE0, 0xCA, 0xE0, 0xCA, 0xA0, 0x79,
    0xA0, 0x79, 0xE0, 0xCA, 0xE0, 0xCA, 0xA0, 0x79, 0x1F, 0xF8, 0x1F, 0xF8, 0x1F, 0xF8, 0x1F, 0xF8,
    0xA0, 0x79, 0xE0, 0xCA, 0xE0, 0xCA, 0xC0, 0x79, 0xC0, 0x79, 0xE0, 0xCA, 0xE0, 0xCA, 0xA0, 0x79,
    0x1F, 0xF8, 0x1F, 0xF8, 0x1F, 0xF8, 0x1F, 0xF8, 0xA0, 0x79, 0xE0, 0xCA, 0x00, 0xCB, 0xE0, 0xCA,
    0xE0, 0xCA, 0xE0, 0xCA, 0xC0, 0x79, 0xA0, 0x71, 0x1F, 0xF8, 0x1F, 0xF8, 0x1F, 0xF8, 0x1F, 0xF8,
    0xA0, 0x79, 0xE0, 0xCA, 0xE0, 0xCA, 0xE0, 0xCA, 0xE0, 0xCA, 0xC0, 0x79, 0xA0, 0x71, 0xA0, 0x71,
    0x1F, 0xF8, 0x1F, 0xF8, 0x1F, 0xF8, 0x1F, 0xF8, 0xA0, 0x71, 0xC0, 0x79, 0xC0, 0x79, 0xC0, 0x79,
    0xC0, 0x79, 0xA0, 0x79, 0xA0, 0x71, 0xA0, 0x71, 0x1F, 0xF8, 0x1F, 0xF8, 0x1F, 0xF8, 0x1F, 0xF8,
    0xA0, 0x79, 0xE0, 0xCA, 0xE0, 0xCA, 0xE0, 0xCA, 0xE0, 0xCA, 0xE0, 0xCA, 0xA0, 0x79, 0xA0, 0x71,
    0x1F, 0xF8, 0x1F, 0xF8, 0x1F, 0xF8, 0x1F, 0xF8, 0xA0, 0x79, 0xE0, 0xCA, 0x00, 0xCB, 0xE0, 0xCA,
    0xE0, 0xCA, 0xE0, 0xCA, 0xA0, 0x79, 0xA0, 0x71, 0x1F, 0xF8, 0x1F, 0xF8, 0x1F, 0xF8, 0x1F, 0xF8,
    0xA0, 0x79, 0xE0, 0xCA, 0xE0, 0xCA, 0xC0, 0x81, 0xC0, 0x79, 0xC0, 0x79, 0xA0, 0x71, 0xA0, 0x71,
    0x1F, 0xF8, 0x1F, 0xF8, 0x1F, 0xF8, 0x1F, 0xF8, 0xA0, 0x79, 0xE0, 0xCA, 0x00, 0xCB, 0xE0, 0xCA,
    0xE0, 0xCA, 0xE0, 0xC2, 0xA0, 0x79, 0xA0, 0x71, 0x1F, 0xF8, 0x1F, 0xF8, 0x1F, 0xF8, 0x1F, 0xF8,
    0xA0, 0x79, 0xE0, 0xCA, 0xE0, 0xCA, 0xC0, 0x81, 0xC0, 0x79, 0xC0, 0x79, 0xA0, 0x71, 0xA0, 0x71,
    0x1F, 0xF8, 0x1F, 0xF8, 0x1F, 0xF8, 0x1F, 0xF8, 0xA0, 0x79, 0xE0, 0xCA, 0x00, 0xCB, 0xE0, 0xCA,
    0xE0, 0xCA, 0xE0, 0xCA, 0xA0, 0x79, 0xA0, 0x71, 0x1F, 0xF8, 0x1F, 0xF8, 0x1F, 0xF8, 0x1F, 0xF8,
    0xA0, 0x79, 0xE0, 0xCA, 0xE0, 0xCA, 0xE0, 0xCA, 0xE0, 0xCA, 0xE0, 0xCA, 0xA0, 0x79, 0xA0, 0x71,
    0x1F, 0xF8, 0x1F, 0xF8, 0x1F, 0xF8, 0x1F, 0xF8, 0xA0, 0x71, 0xC0, 0x79, 0xC0, 0x79, 0xC0, 0x79,
    0xC0, 0x79, 0xC0, 0x79, 0xA0, 0x71, 0xA0, 0x71, 0x1F, 0xF8, 0x1F, 0xF8, 0x1F, 0xF8, 0x1F, 0xF8,
    0xA0, 0x79, 0xE0, 0xCA, 0xE0, 0xCA, 0xE0, 0xCA, 0xE0, 0xCA, 0xE0, 0xCA, 0xA0, 0x79, 0xA0, 0x71,
    0x1F, 0xF8, 0x1F, 0xF8, 0x1F, 0xF8, 0x1F, 0xF8, 0xA0, 0x79, 0xE0, 0xCA, 0x00, 0xCB, 0xE0, 0xCA,
    0xE0, 0xCA, 0xE0, 0xCA, 0xA0, 0x79, 0xA0, 0x71, 0x1F, 0xF8, 0x1F, 0xF8, 0x1F, 0xF8, 0x1F, 0xF8,
    0xA0, 0x79, 0xE0, 0xCA, 0xE0, 0xCA, 0xC0, 0x81, 0xC0, 0x79, 0xA0, 0x79, 0xA0, 0x71, 0xA0, 0x71,
    0x1F, 0xF8, 0x1F, 0xF8, 0x1F, 0xF8, 0x1F, 0xF8, 0xA0, 0x79, 0xE0, 0xCA, 0x00, 0xCB, 0xE0, 0xCA,
    0xE0, 0xCA, 0xA0, 0x79, 0xA0, 0x71, 0xA0, 0x71, 0x1F, 0xF8, 0x1F, 0xF8, 0x1F, 0xF8, 0x1F, 0xF8,
    0xA0, 0x79, 0xE0, 0xCA, 0x00, 0xCB, 0xE0, 0xCA, 0xE0, 0xCA, 0xA0, 0x79, 0xA0, 0x71, 0xA0, 0x71,
    0x1F, 0xF8, 0x1F, 0xF8, 0x1F, 0xF8, 0x1F, 0xF8, 0xA0, 0x79, 0xE0, 0xCA, 0xE0, 0xCA, 0xC0, 0x79,
    0xA0, 0x79, 0xA0, 0x71, 0xA0, 0x71, 0xA0, 0x71, 0x1F, 0xF8, 0x1F, 0xF8, 0x1F, 0xF8, 0x1F, 0xF8,
    0xA0, 0x79, 0xE0, 0xCA, 0xE0, 0xCA, 0xA0, 0x79, 0xA0, 0x71, 0xA0, 0x71, 0xA0, 0x71, 0xA0, 0x71,
    0x1F, 0xF8, 0x1F, 0xF8, 0x1F, 0xF8, 0x1F, 0xF8, 0xA0, 0x71, 0xA0, 0x79, 0xC0, 0x79, 0xA0, 0x79,
    0xA0, 0x79, 0xA0, 0x79, 0xA0, 0x79, 0xA0, 0x71, 0x1F, 0xF8, 0x1F, 0xF8, 0x1F, 0xF8, 0x1F, 0xF8,
    0xA0, 0x71, 0xC0, 0x79, 0xE0, 0xCA, 0xE0, 0xCA, 0xE0, 0xCA, 0xE0, 0xCA, 0xE0, 0xCA, 0xA0, 0x79,
    0x1F, 0xF8, 0x1F, 0xF8, 0x1F, 0xF8, 0x1F, 0xF8, 0xA0, 0x79, 0xE0, 0xCA, 0x00, 0xCB, 0xE0, 0xCA,
    0xE0, 0xCA, 0xE0, 0xCA, 0xE0, 0xCA, 0xA0, 0x79, 0x1F, 0xF8, 0x1F, 0xF8, 0x1F, 0xF8, 0x1F, 0xF8,
    0xA0, 0x79, 0xE0, 0xCA, 0xE0, 0xCA, 0xC0, 0x79, 0xC0, 0x79, 0xC0, 0x79, 0xC0, 0x79, 0xA0, 0x71,
    0x1F, 0xF8, 0x1F, 0xF8, 0x1F, 0xF8, 0x1F, 0xF8, 0xA0, 0x79, 0xE0, 0xCA, 0xE0, 0xCA, 0xC0, 0x79,
    0xE0, 0xC2, 0xE0, 0xCA, 0xE0, 0xCA, 0xA0, 0x79, 0x1F, 0xF8, 0x1F, 0xF8, 0x1F, 0xF8, 0x1F, 0xF8,
    0xA0, 0x79, 0xE0, 0xCA, 0xE0, 0xCA, 0xC0, 0x79, 0xC0, 0x81, 0xE0, 0xCA, 0xE0, 0xCA, 0xA0, 0x79,
    0x1F, 0xF8, 0x1F, 0xF8, 0x1F, 0xF8, 0x1F, 0xF8, 0xA0, 0x79, 0xE0, 0xCA, 0x00, 0xCB, 0xE0, 0xCA,
    0xE0, 0xCA, 0x00, 0xCB, 0xE0, 0xCA, 0xA0, 0x79, 0x1F, 0xF8, 0x1F, 0xF8, 0x1F, 0xF8, 0x1F, 0xF8,
    0xA0, 0x71, 0xC0, 0x79, 0xE0, 0xCA, 0xE0, 0xCA, 0xE0, 0xCA, 0xE0, 0xCA, 0xC0, 0x79, 0xA0, 0x71,
    0x1F, 0xF8, 0x1F, 0xF8, 0x1F, 0xF8, 0x1F, 0xF8, 0xA0, 0x71, 0xA0, 0x79, 0xC0, 0x79, 0xA0, 0x79,
    0xC0, 0x79, 0xC0, 0x79, 0xA0, 0x71, 0xA0, 0x71, 0x1F, 0xF8, 0x1F, 0xF8, 0x1F, 0xF8, 0x1F, 0xF8,
    0xA0, 0x79, 0xE0, 0xCA, 0xE0, 0xCA, 0xC0, 0x79, 0xE0, 0xCA, 0xE0, 0xCA, 0xA0, 0x79, 0xA0, 0x71,
    0x1F, 0xF8, 0x1F, 0xF8, 0x1F, 0xF8, 0x1F, 0xF8, 0xA0, 0x79, 0xE0, 0xCA, 0xE0, 0xCA, 0xC0, 0x81,
    0xE0, 0xCA, 0xE0, 0xCA, 0xA0, 0x79, 0xA0, 0x71, 0x1F, 0xF8, 0x1F, 0xF8, 0x1F, 0xF8, 0x1F, 0xF8,
    0xA0, 0x79, 0xE0, 0xCA, 0x00, 0xCB, 0xE0, 0xCA, 0x00, 0xCB, 0xE0, 0xCA, 0xA0, 0x79, 0xA0, 0x71,
    0x1F, 0xF8, 0x1F, 0xF8, 0x1F, 0xF8, 0x1F, 0xF8, 0xA0, 0x79, 0xE0, 0xCA, 0x00, 0xCB, 0xE0, 0xCA,
    0x00, 0xCB, 0xE0, 0xCA, 0xA0, 0x79, 0xA0, 0x71, 0x1F, 0xF8, 0x1F, 0xF8, 0x1F, 0xF8, 0x1F, 0xF8,
    0xA0, 0x79, 0xE0, 0xCA, 0xE0, 0xCA, 0xC0, 0x81, 0xE0, 0xCA, 0xE0, 0xCA, 0xA0, 0x79, 0xA0, 0x71,
    0x1F, 0xF8, 0x1F, 0xF8, 0x1F, 0xF8, 0x1F, 0xF8, 0xA0, 0x79, 0xE0, 0xCA, 0xE0, 0xCA, 0xC0, 0x79,
    0xE0, 0xCA, 0xE0, 0xCA, 0xA0, 0x79, 0xA0, 0x71, 0x1F, 0xF8, 0x1F, 0xF8, 0x1F, 0xF8, 0x1F, 0xF8,
    0xA0, 0x79, 0xE0, 0xCA, 0xE0, 0xCA, 0xC0, 0x79, 0xE0, 0xCA, 0xE0, 0xCA, 0xA0, 0x79, 0xA0, 0x71,
    0x1F, 0xF8, 0x1F, 0xF8, 0x1F, 0xF8, 0x1F, 0xF8, 0xA0, 0x71, 0xA0, 0x79, 0xA0, 0x79, 0xA0, 0x79,
    0xC0, 0x79, 0xA0, 0x79, 0xA0, 0x71, 0xA0, 0x71, 0x1F, 0xF8, 0x1F, 0xF8, 0x1F, 0xF8, 0x1F, 0xF8,
    0xA0, 0x71, 0xA0, 0x71, 0xA0, 0x79, 0xE0, 0xCA, 0xE0, 0xCA, 0xA0, 0x79, 0xA0, 0x71, 0xA0, 0x71,
    0x1F, 0xF8, 0x1F, 0xF8, 0x1F, 0xF8, 0x1F, 0xF8, 0xA0, 0x71, 0xA0, 0x71, 0xA0, 0x79, 0xE0, 0xCA,
    0xE0, 0xCA, 0xA0, 0x79, 0xA0, 0x71, 0xA0, 0x71, 0x1F, 0xF8, 0x1F, 0xF8, 0x1F, 0xF8, 0x1F, 0xF8,
    0xA0, 0x71, 0xA0, 0x71, 0xA0, 0x79, 0xE0, 0xCA, 0xE0, 0xCA, 0xA0, 0x79, 0xA0, 0x71, 0xA0, 0x71,
    0x1F, 0xF8, 0x1F, 0xF8, 0x1F, 0xF8, 0x1F, 0xF8, 0xA0, 0x71, 0xA0, 0x71, 0xA0, 0x79, 0xE0, 0xCA,
    0xE0, 0xCA, 0xA0, 0x79, 0xA0, 0x71, 0xA0, 0x71, 0x1F, 0xF8, 0x1F, 0xF8, 0x1F, 0xF8, 0x1F, 0xF8,
    0xA0, 0x71, 0xA0, 0x71, 0xA0, 0x79, 0xE0, 0xCA, 0xE0, 0xCA, 0xA0, 0x79, 0xA0, 0x71, 0xA0, 0x71,
    0x1F, 0xF8, 0x1F, 0xF8, 0x1F, 0xF8, 0x1F, 0xF8, 0xA0, 0x71, 0xA0, 0x71, 0xA0, 0x79, 0xE0, 0xCA,
    0xE0, 0xCA, 0xA0, 0x79, 0xA0, 0x71, 0xA0, 0x71, 0x1F, 0xF8, 0x1F, 0xF8, 0x1F, 0xF8, 0x1F, 0xF8,
    0xA0, 0x71, 0xA0, 0x71, 0xA0, 0x79, 0xE0, 0xCA, 0xE0, 0xCA, 0xA0, 0x79, 0xA0, 0x71, 0xA0, 0x71,
    0x1F, 0xF8, 0x1F, 0xF8, 0x1F, 0xF8, 0x1F, 0xF8, 0xA0, 0x71, 0xA0, 0x71, 0xA0, 0x79, 0xC0, 0x79,
    0xC0, 0x79, 0xA0, 0x79, 0xA0, 0x79, 0xA0, 0x71, 0x1F, 0xF8, 0x1F, 0xF8, 0x1F, 0xF8, 0x1F, 0xF8,
    0xA0, 0x71, 0xA0, 0x79, 0xE0, 0xCA, 0xE0, 0xCA, 0xE0, 0xCA, 0xE0, 0xCA, 0xE0, 0xCA, 0xA0, 0x79,
    0x1F, 0xF8, 0x1F, 0xF8, 0x1F, 0xF8, 0x1F, 0xF8, 0xA0, 0x71, 0xA0, 0x79, 0xE0, 0xCA, 0xE0, 0xCA,
    0x00, 0xCB, 0x00, 0xCB, 0xE0, 0xCA, 0xA0, 0x79, 0x1F, 0xF8, 0x1F, 0xF8, 0x1F, 0xF8, 0x1F, 0xF8,
    0xA0, 0x71, 0xA0, 0x71, 0xA0, 0x79, 0xC0, 0x79, 0xE0, 0xCA, 0xE0, 0xCA, 0xC0, 0x79, 0xA0, 0x71,
    0x1F, 0xF8, 0x1F, 0xF8, 0x1F, 0xF8, 0x1F, 0xF8, 0xA0, 0x71, 0xA0, 0x79, 0xA0, 0x79, 0xA0, 0x79,
    0xE0, 0xCA, 0xE0, 0xCA, 0xA0, 0x79, 0xA0, 0x71, 0x1F, 0xF8, 0x1F, 0xF8, 0x1F, 0xF8, 0x1F, 0xF8,
    0xA0, 0x79, 0xE0, 0xCA, 0xE0, 0xCA, 0xC0, 0x81, 0xE0, 0xCA, 0xE0, 0xCA, 0xA0, 0x79, 0xA0, 0x71,
    0x1F, 0xF8, 0x1F, 0xF8, 0x1F, 0xF8, 0x1F, 0xF8, 0xA0, 0x79, 0xE0, 0xCA, 0x00, 0xCB, 0xE0, 0xCA,
    0x00, 0xCB, 0xE0, 0xCA, 0xA0, 0x79, 0xA0, 0x71, 0x1F, 0xF8, 0x1F, 0xF8, 0x1F, 0xF8, 0x1F, 0xF8,
    0xA0, 0x71, 0xC0, 0x79, 0xE0, 0xCA, 0xE0, 0xCA, 0xE0, 0xCA, 0xC0, 0x79, 0xA0, 0x71, 0xA0, 0x71,
    0x1F, 0xF8, 0x1F, 0xF8, 0x1F, 0xF8, 0x1F, 0xF8, 0xA0, 0x71, 0xA0, 0x79, 0xC0, 0x79, 0xA0, 0x79,
    0xC0, 0x79, 0xA0, 0x79, 0xA0, 0x79, 0xA0, 0x71, 0x1F, 0xF8, 0x1F, 0xF8, 0x1F, 0xF8, 0x1F, 0xF8,
    0xA0, 0x79, 0xE0, 0xCA, 0xE0, 0xCA, 0xC0, 0x79, 0xE0, 0xCA, 0xE0, 0xCA, 0xE0, 0xCA, 0xA0, 0x79,
    0x1F, 0xF8, 0x1F, 0xF8, 0x1F, 0xF8, 0x1F, 0xF8, 0xA0, 0x79, 0xE0, 0xCA, 0xE0, 0xCA, 0xC0, 0x81,
    0xE0, 0xCA, 0x00, 0xCB, 0xE0, 0xCA, 0xA0, 0x79, 0x1F, 0xF8, 0x1F, 0xF8, 0x1F, 0xF8, 0x1F, 0xF8,
    0xA0, 0x79, 0xE0, 0xCA, 0x00, 0xCB, 0xE0, 0xCA, 0x00, 0xCB, 0xE0, 0xCA, 0xC0, 0x79, 0xA0, 0x71,
    0x1F, 0xF8, 0x1F, 0xF8, 0x1F, 0xF8, 0x1F, 0xF8, 0xA0, 0x79, 0xE0, 0xCA, 0x00, 0xCB, 0x00, 0xCB,
    0x00, 0xCB, 0xE0, 0xCA, 0xA0, 0x79, 0xA0, 0x71, 0x1F, 0xF8, 0x1F, 0xF8, 0x1F, 0xF8, 0x1F, 0xF8,
    0xA0, 0x79, 0xE0, 0xCA, 0x00, 0xCB, 0xE0, 0xCA, 0x00, 0xCB, 0xE0, 0xCA, 0xC0, 0x79, 0xA0, 0x71,
    0x1F, 0xF8, 0x1F, 0xF8, 0x1F, 0xF8, 0x1F, 0xF8, 0xA0, 0x79, 0xE0, 0xCA, 0xE0, 0xCA, 0xC0, 0x81,
    0xE0, 0xCA, 0x00, 0xCB, 0xE0, 0xCA, 0xA0, 0x79, 0x1F, 0xF8, 0x1F, 0xF8, 0x1F, 0xF8, 0x1F, 0xF8,
    0xA0, 0x79, 0xE0, 0xCA, 0xE0, 0xCA, 0xC0, 0x79, 0xE0, 0xCA, 0xE0, 0xCA, 0xE0, 0xCA, 0xA0, 0x79,
    0x1F, 0xF8, 0x1F, 0xF8, 0x1F, 0xF8, 0x1F, 0xF8, 0xA0, 0x71, 0xC0, 0x79, 0xC0, 0x79, 0xA0, 0x71,
    0xA0, 0x79, 0xA0, 0x79, 0xA0, 0x79, 0xA0, 0x71, 0x1F, 0xF8, 0x1F, 0xF8, 0x1F, 0xF8, 0x1F, 0xF8,
    0xA0, 0x79, 0xE0, 0xCA, 0xE0, 0xCA, 0xA0, 0x79, 0xA0, 0x71, 0xA0, 0x71, 0xA0, 0x71, 0xA0, 0x71,
    0x1F, 0xF8, 0x1F, 0xF8, 0x1F, 0xF8, 0x1F, 0xF8, 0xA0, 0x79, 0xE0, 0xCA, 0xE0, 0xCA, 0xA0, 0x79,
    0xA0, 0x71, 0xA0, 0x71, 0xA0, 0x71, 0xA0, 0x71, 0x1F, 0xF8, 0x1F, 0xF8, 0x1F, 0xF8, 0x1F, 0xF8,
    0xA0, 0x79, 0xE0, 0xCA, 0xE0, 0xCA, 0xA0, 0x79, 0xA0, 0x71, 0xA0, 0x71, 0xA0, 0x71, 0xA0, 0x71,
    0x1F, 0xF8, 0x1F, 0xF8, 0x1F, 0xF8, 0x1F, 0xF8, 0xA0, 0x79, 0xE0, 0xCA, 0xE0, 0xCA, 0xA0, 0x79,
    0xA0, 0x71, 0xA0, 0x71, 0xA0, 0x71, 0xA0, 0x71, 0x1F, 0xF8, 0x1F, 0xF8, 0x1F, 0xF8, 0x1F, 0xF8,
    0xA0, 0x79, 0xE0, 0xCA, 0xE0, 0xCA, 0xC0, 0x79, 0xA0, 0x79, 0xA0, 0x79, 0xA0, 0x71, 0xA0, 0x71,
    0x1F, 0xF8, 0x1F, 0xF8, 0x1F, 0xF8, 0x1F, 0xF8, 0xA0, 0x79, 0xE0, 0xCA, 0x00, 0xCB, 0xE0, 0xCA,
    0xE0, 0xCA, 0xE0, 0xCA, 0xA0, 0x79, 0xA0, 0x71, 0x1F, 0xF8, 0x1F, 0xF8, 0x1F, 0xF8, 0x1F, 0xF8,
    0xA0, 0x79, 0xE0, 0xCA, 0xE0, 0xCA, 0xE0, 0xCA, 0xE0, 0xCA, 0xE0, 0xCA, 0xA0, 0x79, 0xA0, 0x71,
    0x1F, 0xF8, 0x1F, 0xF8, 0x1F, 0xF8, 0x1F, 0xF8, 0xA0, 0x71, 0xC0, 0x79, 0xA0, 0x79, 0xA0, 0x79,
    0xA0, 0x79, 0xA0, 0x79, 0xA0, 0x71, 0xA0, 0x79, 0x1F, 0xF8, 0x1F, 0xF8, 0x1F, 0xF8, 0x1F, 0xF8,
    0xA0, 0x79, 0xE0, 0xC2, 0xC0, 0x79, 0xA0, 0x71, 0xA0, 0x71, 0xA0, 0x71, 0xC0, 0x79, 0xE0, 0xCA,
    0x1F, 0xF8, 0x1F, 0xF8, 0x1F, 0xF8, 0x1F, 0xF8, 0xA0, 0x79, 0xE0, 0xCA, 0xE0, 0xCA, 0xC0, 0x79,
    0xA0, 0x71, 0xC0, 0x79, 0xE0, 0xCA, 0x00, 0xCB, 0x1F, 0xF8, 0x1F, 0xF8, 0x1F, 0xF8, 0x1F, 0xF8,
    0xA0, 0x79, 0xE0, 0xCA, 0x00, 0xCB, 0xE0, 0xCA, 0xC0, 0x81, 0xE0, 0xCA, 0x00, 0xCB, 0x00, 0xCB,
    0x1F, 0xF8, 0x1F, 0xF8, 0x1F, 0xF8, 0x1F, 0xF8, 0xA0, 0x79, 0xE0, 0xCA, 0x00, 0xCB, 0xE0, 0xCA,
    0xE0, 0xCA, 0xE0, 0xCA, 0x00, 0xCB, 0x00, 0xCB, 0x1F, 0xF8, 0x1F, 0xF8, 0x1F, 0xF8, 0x1F, 0xF8,
    0xA0, 0x79, 0xE0, 0xCA, 0xE0, 0xCA, 0xC0, 0x81, 0xE0, 0xC2, 0xC0, 0x81, 0xE0, 0xCA, 0x00, 0xCB,
    0x1F, 0xF8, 0x1F, 0xF8, 0x1F, 0xF8, 0x1F, 0xF8, 0xA0, 0x79, 0xE0, 0xCA, 0xE0, 0xCA, 0xA0, 0x79,
    0xA0, 0x79, 0xA0, 0x79, 0xE0, 0xCA, 0x00, 0xCB, 0x1F, 0xF8, 0x1F, 0xF8, 0x1F, 0xF8, 0x1F, 0xF8,
    0xA0, 0x79, 0xE0, 0xCA, 0xE0, 0xCA, 0xA0, 0x79, 0xA0, 0x71, 0xA0, 0x79, 0xE0, 0xCA, 0xE0, 0xCA,
    0x1F, 0xF8, 0x1F, 0xF8, 0x1F, 0xF8, 0x1F, 0xF8, 0xA0, 0x71, 0xC0, 0x79, 0xC0, 0x79, 0xA0, 0x71,
    0xA0, 0x71, 0xA0, 0x79, 0xC0, 0x79, 0xA0, 0x79, 0x1F, 0xF8, 0x1F, 0xF8, 0x1F, 0xF8, 0x1F, 0xF8,
    0xA0, 0x79, 0xE0, 0xCA, 0xE0, 0xCA, 0xC0, 0x79, 0xA0, 0x79, 0xE0, 0xCA, 0xE0, 0xCA, 0xA0, 0x79,
    0x1F, 0xF8, 0x1F, 0xF8, 0x1F, 0xF8, 0x1F, 0xF8, 0xA0, 0x79, 0xE0, 0xCA, 0x00, 0xCB, 0xE0, 0xCA,
    0xC0, 0x81, 0xE0, 0xCA, 0xE0, 0xCA, 0xA0, 0x79, 0x1F, 0xF8, 0x1F, 0xF8, 0x1F, 0xF8, 0x1F, 0xF8,
    0xA0, 0x79, 0xE0, 0xCA, 0x00, 0xCB, 0xE0, 0xCA, 0xE0, 0xCA, 0x00, 0xCB, 0xE0, 0xCA, 0xA0, 0x79,
    0x1F, 0xF8, 0x1F, 0xF8, 0x1F, 0xF8, 0x1F, 0xF8, 0xA0, 0x79, 0xE0, 0xCA, 0xE0, 0xCA, 0xC0, 0x81,
    0xE0, 0xCA, 0x00, 0xCB, 0xE0, 0xCA, 0xA0, 0x79, 0x1F, 0xF8, 0x1F, 0xF8, 0x1F, 0xF8, 0x1F, 0xF8,
    0xA0, 0x79, 0xE0, 0xCA, 0xE0, 0xCA, 0xA0, 0x79, 0xC0, 0x79, 0xE0, 0xCA, 0xE0, 0xCA, 0xA0, 0x79,
    0x1F, 0xF8, 0x1F, 0xF8, 0x1F, 0xF8, 0x1F, 0xF8, 0xA0, 0x79, 0xE0, 0xCA, 0xE0, 0xCA, 0xA0, 0x79,
    0xA0, 0x79, 0xE0, 0xCA, 0xE0, 0xCA, 0xA0, 0x79, 0x1F, 0xF8, 0x1F, 0xF8, 0x1F, 0xF8, 0x1F, 0xF8,
    0xA0, 0x79, 0xE0, 0xCA, 0xE0, 0xCA, 0xA0, 0x79, 0xA0, 0x79, 0xE0, 0xCA, 0xE0, 0xCA, 0xA0, 0x79,
    0x1F, 0xF8, 0x1F, 0xF8, 0x1F, 0xF8, 0x1F, 0xF8, 0xA0, 0x71, 0xA0, 0x79, 0xC0, 0x79, 0xA0, 0x79,
    0xA0, 0x79, 0xA0, 0x79, 0xA0, 0x79, 0xA0, 0x71, 0x1F, 0xF8, 0x1F, 0xF8, 0x1F, 0xF8, 0x1F, 0xF8,
    0xA0, 0x71, 0xC0, 0x79, 0xE0, 0xCA, 0xE0, 0xCA, 0xE0, 0xCA, 0xC0, 0x79, 0xA0, 0x71, 0xA0, 0x71,
    0x1F, 0xF8, 0x1F, 0xF8, 0x1F, 0xF8, 0x1F, 0xF8, 0xA0, 0x79, 0xE0, 0xCA, 0x00, 0xCB, 0xE0, 0xCA,
    0x00, 0xCB, 0xE0, 0xCA, 0xA0, 0x79, 0xA0, 0x71, 0x1F, 0xF8, 0x1F, 0xF8, 0x1F, 0xF8, 0x1F, 0xF8,
    0xA0, 0x79, 0xE0, 0xCA, 0xE0, 0xCA, 0xC0, 0x81, 0xE0, 0xCA, 0xE0, 0xCA, 0xA0, 0x79, 0xA0, 0x71,
    0x1F, 0xF8, 0x1F, 0xF8, 0x1F, 0xF8, 0x1F, 0xF8, 0xA0, 0x79, 0xE0, 0xCA, 0xE0, 0xCA, 0xC0, 0x79,
    0xE0, 0xCA, 0xE0, 0xCA, 0xA0, 0x79, 0xA0, 0x71, 0x1F, 0xF8, 0x1F, 0xF8, 0x1F, 0xF8, 0x1F, 0xF8,
    0xA0, 0x79, 0xE0, 0xCA, 0xE0, 0xCA, 0xC0, 0x81, 0xE0, 0xCA, 0xE0, 0xCA, 0xA0, 0x79, 0xA0, 0x71,
    0x1F, 0xF8, 0x1F, 0xF8, 0x1F, 0xF8, 0x1F, 0xF8, 0xA0, 0x79, 0xE0, 0xCA, 0x00, 0xCB, 0xE0, 0xCA,
    0x00, 0xCB, 0xE0, 0xCA, 0xA0, 0x79, 0xA0, 0x71, 0x1F, 0xF8, 0x1F, 0xF8, 0x1F, 0xF8, 0x1F, 0xF8,
    0xA0, 0x71, 0xC0, 0x79, 0xE0, 0xCA, 0xE0, 0xCA, 0xE0, 0xCA, 0xC0, 0x79, 0xA0, 0x71, 0xA0, 0x71,
    0x1F, 0xF8, 0x1F, 0xF8, 0x1F, 0xF8, 0x1F, 0xF8, 0xA0, 0x71, 0xA0, 0x79, 0xC0, 0x79, 0xC0, 0x79,
    0xC0, 0x79, 0xA0, 0x71, 0xA0, 0x71, 0xA0, 0x71, 0x1F, 0xF8, 0x1F, 0xF8, 0x1F, 0xF8, 0x1F, 0xF8,
    0xA0, 0x79, 0xE0, 0xCA, 0xE0, 0xCA, 0xE0, 0xCA, 0xE0, 0xCA, 0xC0, 0x79, 0xA0, 0x71, 0xA0, 0x71,
    0x1F, 0xF8, 0x1F, 0xF8, 0x1F, 0xF8, 0x1F, 0xF8, 0xA0, 0x79, 0xE0, 0xCA, 0x00, 0xCB, 0xE0, 0xCA,
    0x00, 0xCB, 0xE0, 0xCA, 0xA0, 0x79, 0xA0, 0x71, 0x1F, 0xF8, 0x1F, 0xF8, 0x1F, 0xF8, 0x1F, 0xF8,
    0xA0, 0x79, 0xE0, 0xCA, 0xE0, 0xCA, 0xC0, 0x81, 0xE0, 0xCA, 0xE0, 0xCA, 0xA0, 0x79, 0xA0, 0x71,
    0x1F, 0xF8, 0x1F, 0xF8, 0x1F, 0xF8, 0x1F, 0xF8, 0xA0, 0x79, 0xE0, 0xCA, 0x00, 0xCB, 0xE0, 0xCA,
    0x00, 0xCB, 0xE0, 0xCA, 0xA0, 0x79, 0xA0, 0x71, 0x1F, 0xF8, 0x1F, 0xF8, 0x1F, 0xF8, 0x1F, 0xF8,
    0xA0, 0x79, 0xE0, 0xCA, 0x00, 0xCB, 0xE0, 0xCA, 0xE0, 0xCA, 0xC0, 0x79, 0xA0, 0x71, 0xA0, 0x71,
    0x1F, 0xF8, 0x1F, 0xF8, 0x1F, 0xF8, 0x1F, 0xF8, 0xA0, 0x79, 0xE0, 0xCA, 0xE0, 0xCA, 0xC0, 0x79,
    0xA0, 0x79, 0xA0, 0x71, 0xA0, 0x71, 0xA0, 0x71, 0x1F, 0xF8, 0x1F, 0xF8, 0x1F, 0xF8, 0x1F, 0xF8,
    0xA0, 0x79, 0xE0, 0xCA, 0xE0, 0xCA, 0xA0, 0x79, 0xA0, 0x71, 0xA0, 0x71, 0xA0, 0x71, 0xA0, 0x71,
    0x1F, 0xF8, 0x1F, 0xF8, 0x1F, 0xF8, 0x1F, 0xF8, 0xA0, 0x71, 0xA0, 0x79, 0xC0, 0x79, 0xA0, 0x79,
    0xA0, 0x79, 0xA0, 0x79, 0xA0, 0x71, 0xA0, 0x71, 0x1F, 0xF8, 0x1F, 0xF8, 0x1F, 0xF8, 0x1F, 0xF8,
    0xA0, 0x71, 0xC0, 0x79, 0xE0, 0xCA, 0xE0, 0xCA, 0xE0, 0xCA, 0xE0, 0xCA, 0xC0, 0x79, 0xA0, 0x71,
    0x1F, 0xF8, 0x1F, 0xF8, 0x1F, 0xF8, 0x1F, 0xF8, 0xA0, 0x79, 0xE0, 0xCA, 0x00, 0xCB, 0xE0, 0xCA,
    0xE0, 0xCA, 0x00, 0xCB, 0xE0, 0xCA, 0xA0, 0x79, 0x1F, 0xF8, 0x1F, 0xF8, 0x1F, 0xF8, 0x1F, 0xF8,
    0xA0, 0x79, 0xE0, 0xCA, 0xE0, 0xCA, 0xC0, 0x79, 0xC0, 0x79, 0xE0, 0xCA, 0xE0, 0xCA, 0xA0, 0x79,
    0x1F, 0xF8, 0x1F, 0xF8, 0x1F, 0xF8, 0x1F, 0xF8, 0xA0, 0x79, 0xE0, 0xCA, 0xE0, 0xCA, 0xA0, 0x79,
    0xA0, 0x79, 0xE0, 0xCA, 0xE0, 0xCA, 0xA0, 0x79, 0x1F, 0xF8, 0x1F, 0xF8, 0x1F, 0xF8, 0x1F, 0xF8,
    0xA0, 0x79, 0xE0, 0xCA, 0xE0, 0xCA, 0xC0, 0x79, 0xC0, 0x79, 0xE0, 0xCA, 0xE0, 0xCA, 0xA0, 0x79,
    0x1F, 0xF8, 0x1F, 0xF8, 0x1F, 0xF8, 0x1F, 0xF8, 0xA0, 0x79, 0xE0, 0xCA, 0x00, 0xCB, 0xE0, 0xCA,
    0xE0, 0xCA, 0x00, 0xCB, 0xE0, 0xCA, 0xA0, 0x79, 0x1F, 0xF8, 0x1F, 0xF8, 0x1F, 0xF8, 0x1F, 0xF8,
    0xA0, 0x71, 0xC0, 0x79, 0xE0, 0xCA, 0xE0, 0xCA, 0xE0, 0xCA, 0xE0, 0xCA, 0xE0, 0xCA, 0xA0, 0x79,
    0x1F, 0xF8, 0x1F, 0xF8, 0x1F, 0xF8, 0x1F, 0xF8, 0xA0, 0x71, 0xA0, 0x79, 0xC0, 0x79, 0xC0, 0x79,
    0xC0, 0x79, 0xA0, 0x79, 0xA0, 0x79, 0xA0, 0x71, 0x1F, 0xF8, 0x1F, 0xF8, 0x1F, 0xF8, 0x1F, 0xF8,
    0xA0, 0x79, 0xE0, 0xCA, 0xE0, 0xCA, 0xE0, 0xCA, 0xE0, 0xCA, 0xC0, 0x79, 0xA0, 0x71, 0xA0, 0x71,
    0x1F, 0xF8, 0x1F, 0xF8, 0x1F, 0xF8, 0x1F, 0xF8, 0xA0, 0x79, 0xE0, 0xCA, 0x00, 0xCB, 0xE0, 0xCA,
    0x00, 0xCB, 0xE0, 0xCA, 0xA0, 0x79, 0xA0, 0x71, 0x1F, 0xF8, 0x1F, 0xF8, 0x1F, 0xF8, 0x1F, 0xF8,
    0xA0, 0x79, 0xE0, 0xCA, 0xE0, 0xCA, 0xC0, 0x81, 0xE0, 0xCA, 0xE0, 0xCA, 0xA0, 0x79, 0xA0, 0x71,
    0x1F, 0xF8, 0x1F, 0xF8, 0x1F, 0xF8, 0x1F, 0xF8, 0xA0, 0x79, 0xE0, 0xCA, 0xE0, 0xCA, 0xC0, 0x81,
    0xE0, 0xCA, 0xE0, 0xCA, 0xA0, 0x79, 0xA0, 0x71, 0x1F, 0xF8, 0x1F, 0xF8, 0x1F, 0xF8, 0x1F, 0xF8,
    0xA0, 0x79, 0xE0, 0xCA, 0x00, 0xCB, 0xE0, 0xCA, 0xE0, 0xCA, 0xC0, 0x81, 0xA0, 0x71, 0xA0, 0x71,
    0x1F, 0xF8, 0x1F, 0xF8, 0x1F, 0xF8, 0x1F, 0xF8, 0xA0, 0x79, 0xE0, 0xCA, 0xE0, 0xCA, 0xC0, 0x81,
    0xE0, 0xCA, 0xE0, 0xCA, 0xA0, 0x79, 0xA0, 0x71, 0x1F, 0xF8, 0x1F, 0xF8, 0x1F, 0xF8, 0x1F, 0xF8,
    0xA0, 0x79, 0xE0, 0xCA, 0xE0, 0xCA, 0xC0, 0x79, 0xE0, 0xCA, 0xE0, 0xCA, 0xA0, 0x79, 0xA0, 0x71,
    0x1F, 0xF8, 0x1F, 0xF8, 0x1F, 0xF8, 0x1F, 0xF8, 0xA0, 0x71, 0xA0, 0x79, 0xC0, 0x79, 0xA0, 0x79,
    0xC0, 0x79, 0xC0, 0x79, 0xA0, 0x71, 0xA0, 0x71, 0x1F, 0xF8, 0x1F, 0xF8, 0x1F, 0xF8, 0x1F, 0xF8,
    0xA0, 0x71, 0xC0, 0x79, 0xE0, 0xCA, 0xE0, 0xCA, 0xE0, 0xCA, 0xE0, 0xCA, 0xA0, 0x79, 0xA0, 0x71,
    0x1F, 0xF8, 0x1F, 0xF8, 0x1F, 0xF8, 0x1F, 0xF8, 0xA0, 0x79, 0xE0, 0xCA, 0x00, 0xCB, 0x00, 0xCB,
    0xE0, 0xCA, 0xE0, 0xCA, 0xA0, 0x79, 0xA0, 0x71, 0x1F, 0xF8, 0x1F, 0xF8, 0x1F, 0xF8, 0x1F, 0xF8,
    0xA0, 0x79, 0xE0, 0xCA, 0x00, 0xCB, 0xE0, 0xCA, 0xC0, 0x81, 0xA0, 0x79, 0xA0, 0x71, 0xA0, 0x71,
    0x1F, 0xF8, 0x1F, 0xF8, 0x1F, 0xF8, 0x1F, 0xF8, 0xA0, 0x71, 0xC0, 0x79, 0xE0, 0xCA, 0xE0, 0xCA,
    0xE0, 0xCA, 0xC0, 0x79, 0xA0, 0x71, 0xA0, 0x71, 0x1F, 0xF8, 0x1F, 0xF8, 0x1F, 0xF8, 0x1F, 0xF8,
    0xA0, 0x71, 0xA0, 0x79, 0xC0, 0x79, 0xC0, 0x81, 0xE0, 0xCA, 0xE0, 0xCA, 0xA0, 0x79, 0xA0, 0x71,
    0x1F, 0xF8, 0x1F, 0xF8, 0x1F, 0xF8, 0x1F, 0xF8, 0xA0, 0x79, 0xE0, 0xCA, 0xE0, 0xCA, 0xE0, 0xCA,
    0x00, 0xCB, 0xE0, 0xCA, 0xA0, 0x79, 0xA0, 0x71, 0x1F, 0xF8, 0x1F, 0xF8, 0x1F, 0xF8, 0x1F, 0xF8,
    0xA0, 0x79, 0xE0, 0xCA, 0xE0, 0xCA, 0xE0, 0xCA, 0xE0, 0xCA, 0xC0, 0x79, 0xA0, 0x71, 0xA0, 0x71,
    0x1F, 0xF8, 0x1F, 0xF8, 0x1F, 0xF8, 0x1F, 0xF8, 0xA0, 0x71, 0xC0, 0x79, 0xC0, 0x79, 0xC0, 0x79,
    0xC0, 0x79, 0xA0, 0x79, 0xA0, 0x79, 0xA0, 0x71, 0x1F, 0xF8, 0x1F, 0xF8, 0x1F, 0xF8, 0x1F, 0xF8,
    0xA0, 0x79, 0xE0, 0xCA, 0xE0, 0xCA, 0xE0, 0xCA, 0xE0, 0xCA, 0xE0, 0xCA, 0xE0, 0xCA, 0xA0, 0x79,
    0x1F, 0xF8, 0x1F, 0xF8, 0x1F, 0xF8, 0x1F, 0xF8, 0xA0, 0x79, 0xE0, 0xCA, 0xE0, 0xCA, 0x00, 0xCB,
    0x00, 0xCB, 0xE0, 0xCA, 0xE0, 0xCA, 0xA0, 0x79, 0x1F, 0xF8, 0x1F, 0xF8, 0x1F, 0xF8, 0x1F, 0xF8,
    0xA0, 0x71, 0xA0, 0x79, 0xC0, 0x79, 0xE0, 0xCA, 0xE0, 0xCA, 0xC0, 0x79, 0xA0, 0x79, 0xA0, 0x71,
    0x1F, 0xF8, 0x1F, 0xF8, 0x1F, 0xF8, 0x1F, 0xF8, 0xA0, 0x71, 0xA0, 0x71, 0xA0, 0x79, 0xE0, 0xCA,
    0xE0, 0xCA, 0xA0, 0x79, 0xA0, 0x71, 0xA0, 0x71, 0x1F, 0xF8, 0x1F, 0xF8, 0x1F, 0xF8, 0x1F, 0xF8,
    0xA0, 0x71, 0xA0, 0x71, 0xA0, 0x79, 0xE0, 0xCA, 0xE0, 0xCA, 0xA0, 0x79, 0xA0, 0x71, 0xA0, 0x71,
    0x1F, 0xF8, 0x1F, 0xF8, 0x1F, 0xF8, 0x1F, 0xF8, 0xA0, 0x71, 0xA0, 0x71, 0xA0, 0x79, 0xE0, 0xCA,
    0xE0, 0xCA, 0xA0, 0x79, 0xA0, 0x71, 0xA0, 0x71, 0x1F, 0xF8, 0x1F, 0xF8, 0x1F, 0xF8, 0x1F, 0xF8,
    0xA0, 0x71, 0xA0, 0x71, 0xA0, 0x79, 0xE0, 0xCA, 0xE0, 0xCA, 0xA0, 0x79, 0xA0, 0x71, 0xA0, 0x71,
    0x1F, 0xF8, 0x1F, 0xF8, 0x1F, 0xF8, 0x1F, 0xF8, 0xA0, 0x71, 0xA0, 0x79, 0xA0, 0x79, 0xA0, 0x79,
    0xC0, 0x79, 0xA0, 0x79, 0xA0, 0x71, 0xA0, 0x71, 0x1F, 0xF8, 0x1F, 0xF8, 0x1F, 0xF8, 0x1F, 0xF8,
    0xA0, 0x79, 0xE0, 0xCA, 0xE0, 0xCA, 0xC0, 0x79, 0xE0, 0xCA, 0xE0, 0xCA, 0xA0, 0x79, 0xA0, 0x71,
    0x1F, 0xF8, 0x1F, 0xF8, 0x1F, 0xF8, 0x1F, 0xF8, 0xA0, 0x79, 0xE0, 0xCA, 0xE0, 0xCA, 0xC0, 0x79,
    0xE0, 0xCA, 0xE0, 0xCA, 0xA0, 0x79, 0xA0, 0x71, 0x1F, 0xF8, 0x1F, 0xF8, 0x1F, 0xF8, 0x1F, 0xF8,
    0xA0, 0x79, 0xE0, 0xCA, 0xE0, 0xCA, 0xC0, 0x79, 0xE0, 0xCA, 0xE0, 0xCA, 0xA0, 0x79, 0xA0, 0x71,
    0x1F, 0xF8, 0x1F, 0xF8, 0x1F, 0xF8, 0x1F, 0xF8, 0xA0, 0x79, 0xE0, 0xCA, 0xE0, 0xCA, 0xC0, 0x79,
    0xE0, 0xCA, 0xE0, 0xCA, 0xA0, 0x79, 0xA0, 0x71, 0x1F, 0xF8, 0x1F, 0xF8, 0x1F, 0xF8, 0x1F, 0xF8,
    0xA0, 0x79, 0xE0, 0xCA, 0xE0, 0xCA, 0xC0, 0x81, 0xE0, 0xCA, 0xE0, 0xCA, 0xA0, 0x79, 0xA0, 0x71,
    0x1F, 0xF8, 0x1F, 0xF8, 0x1F, 0xF8, 0x1F, 0xF8, 0xA0, 0x79, 0xE0, 0xCA, 0x00, 0xCB, 0xE0, 0xCA,
    0x00, 0xCB, 0xE0, 0xCA, 0xA0, 0x79, 0xA0, 0x71, 0x1F, 0xF8, 0x1F, 0xF8, 0x1F, 0xF8, 0x1F, 0xF8,
    0xA0, 0x79, 0xE0, 0xCA, 0xE0, 0xCA, 0xE0, 0xCA, 0xE0, 0xCA, 0xE0, 0xCA, 0xA0, 0x79, 0xA0, 0x71,
    0x1F, 0xF8, 0x1F, 0xF8, 0x1F, 0xF8, 0x1F, 0xF8, 0xA0, 0x71, 0xC0, 0x79, 0xC0, 0x79, 0xA0, 0x79,
    0xC0, 0x79, 0xC0, 0x79, 0xA0, 0x71, 0xA0, 0x71, 0x1F, 0xF8, 0x1F, 0xF8, 0x1F, 0xF8, 0x1F, 0xF8,
    0xA0, 0x79, 0xE0, 0xCA, 0xE0, 0xCA, 0xC0, 0x79, 0xE0, 0xCA, 0xE0, 0xCA, 0xA0, 0x79, 0xA0, 0x71,
    0x1F, 0xF8, 0x1F, 0xF8, 0x1F, 0xF8, 0x1F, 0xF8, 0xA0, 0x79, 0xE0, 0xCA, 0xE0, 0xCA, 0xC0, 0x79,
    0xE0, 0xCA, 0xE0, 0xCA, 0xA0, 0x79, 0xA0, 0x71, 0x1F, 0xF8, 0x1F, 0xF8, 0x1F, 0xF8, 0x1F, 0xF8,
    0xA0, 0x79, 0xE0, 0xCA, 0xE0, 0xCA, 0xC0, 0x79, 0xE0, 0xCA, 0xE0, 0xCA, 0xA0, 0x79, 0xA0, 0x71,
    0x1F, 0xF8, 0x1F, 0xF8, 0x1F, 0xF8, 0x1F, 0xF8, 0xA0, 0x79, 0xE0, 0xCA, 0xE0, 0xCA, 0xC0, 0x79,
    0xE0, 0xCA, 0xE0, 0xCA, 0xA0, 0x79, 0xA0, 0x71, 0x1F, 0xF8, 0x1F, 0xF8, 0x1F, 0xF8, 0x1F, 0xF8,
    0xA0, 0x79, 0xE0, 0xCA, 0xE0, 0xCA, 0xC0, 0x81, 0xE0, 0xCA, 0xE0, 0xCA, 0xA0, 0x79, 0xA0, 0x71,
    0x1F, 0xF8, 0x1F, 0xF8, 0x1F, 0xF8, 0x1F, 0xF8, 0xA0, 0x79, 0xE0, 0xCA, 0x00, 0xCB, 0xE0, 0xCA,
    0x00, 0xCB, 0xE0, 0xCA, 0xA0, 0x79, 0xA0, 0x71, 0x1F, 0xF8, 0x1F, 0xF8, 0x1F, 0xF8, 0x1F, 0xF8,
    0xA0, 0x71, 0xC0, 0x79, 0xE0, 0xCA, 0xE0, 0xCA, 0xE0, 0xCA, 0xC0, 0x79, 0xA0, 0x71, 0xA0, 0x71,
    0x1F, 0xF8, 0x1F, 0xF8, 0x1F, 0xF8, 0x1F, 0xF8, 0xA0, 0x71, 0xA0, 0x79, 0xC0, 0x79, 0xA0, 0x79,
    0xA0, 0x79, 0xA0, 0x71, 0xA0, 0x79, 0xA0, 0x79, 0x1F, 0xF8, 0x1F, 0xF8, 0x1F, 0xF8, 0x1F, 0xF8,
    0xA0, 0x79, 0xE0, 0xCA, 0xE0, 0xCA, 0xA0, 0x79, 0xA0, 0x71, 0xA0, 0x79, 0xE0, 0xCA, 0xE0, 0xCA,
    0x1F, 0xF8, 0x1F, 0xF8, 0x1F, 0xF8, 0x1F, 0xF8, 0xA0, 0x79, 0xE0, 0xCA, 0xE0, 0xCA, 0xA0, 0x79,
    0xA0, 0x71, 0xA0, 0x79, 0xE0, 0xCA, 0x00, 0xCB, 0x1F, 0xF8, 0x1F, 0xF8, 0x1F, 0xF8, 0x1F, 0xF8,
    0xA0, 0x79, 0xE0, 0xCA, 0xE0, 0xCA, 0xA0, 0x79, 0xA0, 0x71, 0xA0, 0x79, 0xE0, 0xCA, 0x00, 0xCB,
    0x1F, 0xF8, 0x1F, 0xF8, 0x1F, 0xF8, 0x1F, 0xF8, 0xA0, 0x79, 0xE0, 0xCA, 0xE0, 0xCA, 0xA0, 0x79,
    0xA0, 0x79, 0xA0, 0x79, 0xE0, 0xCA, 0x00, 0xCB, 0x1F, 0xF8, 0x1F, 0xF8, 0x1F, 0xF8, 0x1F, 0xF8,
    0xA0, 0x79, 0xE0, 0xCA, 0xE0, 0xCA, 0xC0, 0x81, 0xE0, 0xC2, 0xC0, 0x81, 0xE0, 0xCA, 0x00, 0xCB,
    0x1F, 0xF8, 0x1F, 0xF8, 0x1F, 0xF8, 0x1F, 0xF8, 0xA0, 0x79, 0xE0, 0xCA, 0x00, 0xCB, 0xE0, 0xCA,
    0xE0, 0xCA, 0xE0, 0xCA, 0x00, 0xCB, 0xE0, 0xCA, 0x1F, 0xF8, 0x1F, 0xF8, 0x1F, 0xF8, 0x1F, 0xF8,
    0xA0, 0x71, 0xC0, 0x79, 0xE0, 0xCA, 0xE0, 0xCA, 0xC0, 0x81, 0xE0, 0xCA, 0xE0, 0xCA, 0xC0, 0x79,
    0x1F, 0xF8, 0x1F, 0xF8, 0x1F, 0xF8, 0x1F, 0xF8, 0xA0, 0x71, 0xA0, 0x79, 0xC0, 0x79, 0xA0, 0x79,
    0xA0, 0x71, 0xC0, 0x79, 0xC0, 0x79, 0xA0, 0x71, 0x1F, 0xF8, 0x1F, 0xF8, 0x1F, 0xF8, 0x1F, 0xF8,
    0xA0, 0x79, 0xE0, 0xCA, 0xE0, 0xCA, 0xA0, 0x79, 0xA0, 0x79, 0xE0, 0xCA, 0xE0, 0xCA, 0xA0, 0x79,
    0x1F, 0xF8, 0x1F, 0xF8, 0x1F, 0xF8, 0x1F, 0xF8, 0xA0, 0x79, 0xE0, 0xCA, 0xE0, 0xCA, 0xC0, 0x79,
    0xC0, 0x79, 0xE0, 0xCA, 0xE0, 0xCA, 0xA0, 0x79, 0x1F, 0xF8, 0x1F, 0xF8, 0x1F, 0xF8, 0x1F, 0xF8,
    0xA0, 0x79, 0xE0, 0xCA, 0xE0, 0xCA, 0xE0, 0xCA, 0xE0, 0xCA, 0xE0, 0xCA, 0xE0, 0xCA, 0xA0, 0x79,
    0x1F, 0xF8, 0x1F, 0xF8, 0x1F, 0xF8, 0x1F, 0xF8, 0xA0, 0x71, 0xC0, 0x79, 0xC0, 0x81, 0xE0, 0xCA,
    0xE0, 0xCA, 0xC0, 0x81, 0xC0, 0x79, 0xA0, 0x71, 0x1F, 0xF8, 0x1F, 0xF8, 0x1F, 0xF8, 0x1F, 0xF8,
    0xA0, 0x79, 0xE0, 0xCA, 0xE0, 0xCA, 0xE0, 0xCA, 0xE0, 0xCA, 0xE0, 0xCA, 0xE0, 0xCA, 0xA0, 0x79,
    0x1F, 0xF8, 0x1F, 0xF8, 0x1F, 0xF8, 0x1F, 0xF8, 0xA0, 0x79, 0xE0, 0xCA, 0xE0, 0xCA, 0xC0, 0x79,
    0xC0, 0x79, 0xE0, 0xCA, 0xE0, 0xCA, 0xA0, 0x79, 0x1F, 0xF8, 0x1F, 0xF8, 0x1F, 0xF8, 0x1F, 0xF8,
    0xA0, 0x79, 0xE0, 0xCA, 0xE0, 0xCA, 0xA0, 0x79, 0xA0, 0x79, 0xE0, 0xCA, 0xE0, 0xCA, 0xA0, 0x79,
    0x1F, 0xF8, 0x1F, 0xF8, 0x1F, 0xF8, 0x1F, 0xF8, 0xA0, 0x71, 0xC0, 0x79, 0xC0, 0x79, 0xA0, 0x71,
    0xA0, 0x71, 0xC0, 0x79, 0xC0, 0x79, 0xA0, 0x71, 0x1F, 0xF8, 0x1F, 0xF8, 0x1F, 0xF8, 0x1F, 0xF8,
    0xA0, 0x79, 0xE0, 0xCA, 0xE0, 0xCA, 0xA0, 0x79, 0xA0, 0x79, 0xE0, 0xCA, 0xE0, 0xCA, 0xA0, 0x79,
    0x1F, 0xF8, 0x1F, 0xF8, 0x1F, 0xF8, 0x1F, 0xF8, 0xA0, 0x79, 0xE0, 0xCA, 0xE0, 0xCA, 0xC0, 0x79,
    0xC0, 0x79, 0xE0, 0xCA, 0xE0, 0xCA, 0xA0, 0x79, 0x1F, 0xF8, 0x1F, 0xF8, 0x1F, 0xF8, 0x1F, 0xF8,
    0xA0, 0x79, 0xE0, 0xCA, 0x00, 0xCB, 0xE0, 0xCA, 0xE0, 0xCA, 0x00, 0xCB, 0xE0, 0xCA, 0xA0, 0x79,
    0x1F, 0xF8, 0x1F, 0xF8, 0x1F, 0xF8, 0x1F, 0xF8, 0xA0, 0x71, 0xC0, 0x79, 0xE0, 0xCA, 0x00, 0xCB,
    0x00, 0xCB, 0xE0, 0xCA, 0xC0, 0x79, 0xA0, 0x71, 0x1F, 0xF8, 0x1F, 0xF8, 0x1F, 0xF8, 0x1F, 0xF8,
    0xA0, 0x71, 0xA0, 0x71, 0xC0, 0x79, 0xE0, 0xCA, 0xE0, 0xCA, 0xC0, 0x79, 0xA0, 0x71, 0xA0, 0x71,
    0x1F, 0xF8, 0x1F, 0xF8, 0x1F, 0xF8, 0x1F, 0xF8, 0xA0, 0x71, 0xA0, 0x71, 0xA0, 0x79, 0xE0, 0xCA,
    0xE0, 0xCA, 0xA0, 0x79, 0xA0, 0x71, 0xA0, 0x71, 0x1F, 0xF8, 0x1F, 0xF8, 0x1F, 0xF8, 0x1F, 0xF8,
    0xA0, 0x71, 0xA0, 0x71, 0xA0, 0x79, 0xE0, 0xCA, 0xE0, 0xCA, 0xA0, 0x79, 0xA0, 0x71, 0xA0, 0x71,
    0x1F, 0xF8, 0x1F, 0xF8, 0x1F, 0xF8, 0x1F, 0xF8, 0xA0, 0x71, 0xA0, 0x79, 0xA0, 0x79, 0xC0, 0x79,
    0xC0, 0x79, 0xA0, 0x79, 0xA0, 0x71, 0xA0, 0x71, 0x1F, 0xF8, 0x1F, 0xF8, 0x1F, 0xF8, 0x1F, 0xF8,
    0xA0, 0x79, 0xE0, 0xCA, 0xE0, 0xCA, 0xE0, 0xCA, 0xE0, 0xCA, 0xE0, 0xCA, 0xA0, 0x79, 0xA0, 0x71,
    0x1F, 0xF8, 0x1F, 0xF8, 0x1F, 0xF8, 0x1F, 0xF8, 0xA0, 0x79, 0xE0, 0xCA, 0xE0, 0xCA, 0xE0, 0xCA,
    0x00, 0xCB, 0xE0, 0xCA, 0xA0, 0x79, 0xA0, 0x71, 0x1F, 0xF8, 0x1F, 0xF8, 0x1F, 0xF8, 0x1F, 0xF8,
    0xA0, 0x71, 0xA0, 0x79, 0xA0, 0x79, 0xC0, 0x81, 0xE0, 0xCA, 0xE0, 0xCA, 0xA0, 0x79, 0xA0, 0x71,
    0x1F, 0xF8, 0x1F, 0xF8, 0x1F, 0xF8, 0x1F, 0xF8, 0xA0, 0x71, 0xA0, 0x71, 0xC0, 0x79, 0xE0, 0xCA,
    0xE0, 0xCA, 0xC0, 0x79, 0xA0, 0x71, 0xA0, 0x71, 0x1F, 0xF8, 0x1F, 0xF8, 0x1F, 0xF8, 0x1F, 0xF8,
    0xA0, 0x71, 0xC0, 0x79, 0xE0, 0xCA, 0xE0, 0xCA, 0xC0, 0x81, 0xA0, 0x79, 0xA0, 0x71, 0xA0, 0x71,
    0x1F, 0xF8, 0x1F, 0xF8, 0x1F, 0xF8, 0x1F, 0xF8, 0xA0, 0x79, 0xE0, 0xCA, 0x00, 0xCB, 0x00, 0xCB,
    0xE0, 0xCA, 0xE0, 0xCA, 0xA0, 0x79, 0xA0, 0x71, 0x1F, 0xF8, 0x1F, 0xF8, 0x1F, 0xF8, 0x1F, 0xF8,
    0xA0, 0x79, 0xE0, 0xCA, 0xE0, 0xCA, 0xE0, 0xCA, 0xE0, 0xCA, 0xE0, 0xCA, 0xA0, 0x79, 0xA0, 0x71,
    0x1F, 0xF8, 0x1F, 0xF8, 0x1F, 0xF8, 0x1F, 0xF8, 0xA0, 0x71, 0xA0, 0x79, 0xA0, 0x79, 0xA0, 0x79,
    0xA0, 0x79, 0xA0, 0x79, 0xA0, 0x71, 0xA0, 0x71, 0x1F, 0xF8, 0x1F, 0xF8, 0x1F, 0xF8, 0x1F, 0xF8,
    0xA0, 0x71, 0xA0, 0x71, 0xA0, 0x79, 0xA0, 0x79, 0xA0, 0x71, 0xA0, 0x71, 0xA0, 0x71, 0xA0, 0x71,
    0x1F, 0xF8, 0x1F, 0xF8, 0x1F, 0xF8, 0x1F, 0xF8, 0xA0, 0x71, 0xA0, 0x79, 0xE0, 0xCA, 0xE0, 0xCA,
    0xA0, 0x79, 0xA0, 0x71, 0xA0, 0x71, 0xA0, 0x71, 0x1F, 0xF8, 0x1F, 0xF8, 0x1F, 0xF8, 0x1F, 0xF8,
    0xA0, 0x71, 0xA0, 0x79, 0xE0, 0xCA, 0xE0, 0xCA, 0xA0, 0x79, 0xA0, 0x71, 0xA0, 0x71, 0xA0, 0x71,
    0x1F, 0xF8, 0x1F, 0xF8, 0x1F, 0xF8, 0x1F, 0xF8, 0xA0, 0x71, 0xA0, 0x71, 0xC0, 0x79, 0xC0, 0x79,
    0xA0, 0x71, 0xA0, 0x71, 0xA0, 0x71, 0xA0, 0x71, 0x1F, 0xF8, 0x1F, 0xF8, 0x1F, 0xF8, 0x1F, 0xF8,
    0xA0, 0x71, 0xA0, 0x79, 0xE0, 0xCA, 0xE0, 0xCA, 0xA0, 0x79, 0xA0, 0x71, 0xA0, 0x71, 0xA0, 0x71,
    0x1F, 0xF8, 0x1F, 0xF8, 0x1F, 0xF8, 0x1F, 0xF8, 0xA0, 0x71, 0xA0, 0x79, 0xE0, 0xCA, 0xE0, 0xCA,
    0xA0, 0x79, 0xA0, 0x71, 0xA0, 0x71, 0xA0, 0x71, 0x1F, 0xF8, 0x1F, 0xF8, 0x1F, 0xF8, 0x1F, 0xF8,
    0xA0, 0x71, 0xA0, 0x71, 0xA0, 0x79, 0xA0, 0x79, 0xA0, 0x71, 0xA0, 0x71, 0xA0, 0x71, 0xA0, 0x71,
    0x1F, 0xF8, 0x1F, 0xF8, 0x1F, 0xF8, 0x1F, 0xF8, 0xA0, 0x71, 0xA0, 0x71, 0xA0, 0x79, 0xA0, 0x79,
    0xA0, 0x79, 0xA0, 0x79, 0xA0, 0x71, 0xA0, 0x71, 0x1F, 0xF8, 0x1F, 0xF8, 0x1F, 0xF8, 0x1F, 0xF8,
    0xA0, 0x71, 0xC0, 0x79, 0xE0, 0xC2, 0xE0, 0xCA, 0xE0, 0xCA, 0xE0, 0xCA, 0xC0, 0x79, 0xA0, 0x71,
    0x1F, 0xF8, 0x1F, 0xF8, 0x1F, 0xF8, 0x1F, 0xF8, 0xA0, 0x79, 0xE0, 0xC2, 0xC0, 0x79, 0xC0, 0x79,
    0xC0, 0x81, 0xE0, 0xCA, 0xE0, 0xCA, 0xA0, 0x79, 0x1F, 0xF8, 0x1F, 0xF8, 0x1F, 0xF8, 0x1F, 0xF8,
    0xA0, 0x79, 0xE0, 0xCA, 0xC0, 0x79, 0xE0, 0xC2, 0xE0, 0xC2, 0xC0, 0x81, 0xE0, 0xCA, 0xA0, 0x79,
    0x1F, 0xF8, 0x1F, 0xF8, 0x1F, 0xF8, 0x1F, 0xF8, 0xA0, 0x79, 0xE0, 0xCA, 0xA0, 0x79, 0xC0, 0x79,
    0xC0, 0x81, 0xE0, 0xC2, 0xE0, 0xCA, 0xA0, 0x79, 0x1F, 0xF8, 0x1F, 0xF8, 0x1F, 0xF8, 0x1F, 0xF8,
    0xA0, 0x79, 0xE0, 0xCA, 0xC0, 0x79, 0xE0, 0xC2, 0xE0, 0xC2, 0xC0, 0x81, 0xE0, 0xCA, 0xA0, 0x79,
    0x1F, 0xF8, 0x1F, 0xF8, 0x1F, 0xF8, 0x1F, 0xF8, 0xA0, 0x79, 0xE0, 0xC2, 0xC0, 0x79, 0xC0, 0x79,
    0xC0, 0x81, 0xE0, 0xCA, 0xE0, 0xCA, 0xA0, 0x79, 0x1F, 0xF8, 0x1F, 0xF8, 0x1F, 0xF8, 0x1F, 0xF8,
    0xA0, 0x71, 0xC0, 0x79, 0xE0, 0xC2, 0xE0, 0xCA, 0xE0, 0xCA, 0xE0, 0xCA, 0xC0, 0x79, 0xA0, 0x71,
    0x1F, 0xF8, 0x1F, 0xF8, 0x1F, 0xF8, 0x1F, 0xF8, 0xA0, 0x71, 0xA0, 0x71, 0xA0, 0x79, 0xA0, 0x79,
    0xC0, 0x79, 0xA0, 0x79, 0xA0, 0x71, 0xA0, 0x71, 0x1F, 0xF8, 0x1F, 0xF8, 0x1F, 0xF8, 0x1F, 0xF8,
    0xA0, 0x71, 0xA0, 0x71, 0xA0, 0x71, 0xA0, 0x79, 0xE0, 0xC2, 0xC0, 0x79, 0xA0, 0x71, 0xA0, 0x71,
    0x1F, 0xF8, 0x1F, 0xF8, 0x1F, 0xF8, 0x1F, 0xF8, 0xA0, 0x79, 0xA0, 0x79, 0xA0, 0x79, 0xA0, 0x79,
    0xC0, 0x79, 0xE0, 0xC2, 0xC0, 0x79, 0xA0, 0x71, 0x1F, 0xF8, 0x1F, 0xF8, 0x1F, 0xF8, 0x1F, 0xF8,
    0xE0, 0xCA, 0xE0, 0xCA, 0xE0, 0xCA, 0xE0, 0xC2, 0xA0, 0x79, 0xC0, 0x79, 0xE0, 0xC2, 0xC0, 0x79,
    0x1F, 0xF8, 0x1F, 0xF8, 0x1F, 0xF8, 0x1F, 0xF8, 0xA0, 0x79, 0xA0, 0x79, 0xA0, 0x79, 0xA0, 0x79,
    0xA0, 0x71, 0xA0, 0x71, 0xC0, 0x79, 0xE0, 0xCA, 0x1F, 0xF8, 0x1F, 0xF8, 0x1F, 0xF8, 0x1F, 0xF8,
    0xA0, 0x79, 0xA0, 0x79, 0xA0, 0x79, 0xA0, 0x79, 0xA0, 0x71, 0xA0, 0x71, 0xC0, 0x79, 0xE0, 0xCA,
    0x1F, 0xF8, 0x1F, 0xF8, 0x1F, 0xF8, 0x1F, 0xF8, 0xE0, 0xCA, 0xE0, 0xCA, 0xE0, 0xCA, 0xE0, 0xC2,
    0xA0, 0x79, 0xC0, 0x79, 0xE0, 0xC2, 0xC0, 0x79, 0x1F, 0xF8, 0x1F, 0xF8, 0x1F, 0xF8, 0x1F, 0xF8,
    0xA0, 0x79, 0xA0, 0x79, 0xA0, 0x79, 0xA0, 0x79, 0xC0, 0x79, 0xE0, 0xC2, 0xC0, 0x79, 0xA0, 0x71,
    0x1F, 0xF8, 0x1F, 0xF8, 0x1F, 0xF8, 0x1F, 0xF8, 0xA0, 0x71, 0xA0, 0x71, 0xA0, 0x79, 0xC0, 0x79,
    0xE0, 0xC2, 0xC0, 0x81, 0xA0, 0x71, 0xA0, 0x71, 0x1F, 0xF8, 0x1F, 0xF8, 0x1F, 0xF8, 0x1F, 0xF8,
    0xA0, 0x71, 0xC0, 0x79, 0xE0, 0xCA, 0xE0, 0xCA, 0xE0, 0xCA, 0xE0, 0xCA, 0xC0, 0x79, 0xA0, 0x71,
    0x1F, 0xF8, 0x1F, 0xF8, 0x1F, 0xF8, 0x1F, 0xF8, 0xA0, 0x79, 0xE0, 0xCA, 0xE0, 0xCA, 0xC0, 0x81,
    0xC0, 0x81, 0xE0, 0xCA, 0xE0, 0xCA, 0xA0, 0x79, 0x1F, 0xF8, 0x1F, 0xF8, 0x1F, 0xF8, 0x1F, 0xF8,
    0xA0, 0x79, 0xE0, 0xCA, 0xC0, 0x81, 0xE0, 0xC2, 0xE0, 0xC2, 0xC0, 0x81, 0xE0, 0xCA, 0xA0, 0x79,
    0x1F, 0xF8, 0x1F, 0xF8, 0x1F, 0xF8, 0x1F, 0xF8, 0xA0, 0x79, 0xE0, 0xCA, 0xA0, 0x79, 0xC0, 0x79,
    0xC0, 0x79, 0xA0, 0x79, 0xE0, 0xCA, 0xA0, 0x79, 0x1F, 0xF8, 0x1F, 0xF8, 0x1F, 0xF8, 0x1F, 0xF8,
    0xA0, 0x79, 0xE0, 0xCA, 0xC0, 0x79, 0xE0, 0xCA, 0xE0, 0xCA, 0xC0, 0x79, 0xE0, 0xCA, 0xA0, 0x79,
    0x1F, 0xF8, 0x1F, 0xF8, 0x1F, 0xF8, 0x1F, 0xF8, 0xA0, 0x79, 0xE0, 0xC2, 0xC0, 0x81, 0xE0, 0xCA,
    0xE0, 0xCA, 0xC0, 0x81, 0xE0, 0xC2, 0xA0, 0x79, 0x1F, 0xF8, 0x1F, 0xF8, 0x1F, 0xF8, 0x1F, 0xF8,
    0xA0, 0x71, 0xC0, 0x79, 0xE0, 0xC2, 0xE0, 0xCA, 0xE0, 0xCA, 0xE0, 0xC2, 0xC0, 0x79, 0xA0, 0x71,
    0x1F, 0xF8, 0x1F, 0xF8, 0x1F, 0xF8, 0x1F, 0xF8, 0xE3, 0x79, 0x04, 0x7A, 0x04, 0x7A, 0x04, 0x7A,
    0x04, 0x7A, 0x04, 0x7A, 0x04, 0x7A, 0xE3, 0x79, 0x1F, 0xF8, 0x1F, 0xF8, 0x1F, 0xF8, 0x1F, 0xF8,
    0xD7, 0xBD, 0x75, 0xAD, 0x75, 0xAD, 0x75, 0xAD, 0x75, 0xAD, 0x75, 0xAD, 0x75, 0xAD, 0x34, 0xAD,
    0x1F, 0xF8, 0x1F, 0xF8, 0x1F, 0xF8, 0x1F, 0xF8, 0x75, 0xAD, 0x08, 0x42, 0x08, 0x42, 0x0A, 0x94,
    0x0A, 0x94, 0x08, 0x42, 0x28, 0x42, 0x75, 0xAD, 0x1F, 0xF8, 0x1F, 0xF8, 0x1F, 0xF8, 0x1F, 0xF8,
    0x75, 0xAD, 0x08, 0x42, 0x29, 0x9C, 0x4E, 0xE6, 0x4E, 0xE6, 0x29, 0x9C, 0x49, 0x4A, 0x75, 0xAD,
    0x1F, 0xF8, 0x1F, 0xF8, 0x1F, 0xF8, 0x1F, 0xF8, 0x75, 0xAD, 0x07, 0x42, 0xE8, 0xBC, 0x0D, 0xDE,
    0x0D, 0xDE, 0xE8, 0xBC, 0x48, 0x4A, 0x75, 0xAD, 0x1F, 0xF8, 0x1F, 0xF8, 0x1F, 0xF8, 0x1F, 0xF8,
    0x75, 0xAD, 0x08, 0x42, 0x68, 0x4A, 0x4E, 0xE6, 0x4E, 0xE6, 0x68, 0x4A, 0x49, 0x4A, 0x75, 0xAD,
    0x1F, 0xF8, 0x1F, 0xF8, 0x1F, 0xF8, 0x1F, 0xF8, 0x96, 0xB5, 0x10, 0x84, 0x30, 0x84, 0x11, 0xAD,
    0x11, 0xAD, 0x30, 0x84, 0x30, 0x8C, 0x75, 0xAD, 0x1F, 0xF8, 0x1F, 0xF8, 0x1F, 0xF8, 0x1F, 0xF8,
    0x0F, 0x84, 0x10, 0x84, 0x51, 0x8C, 0x10, 0x84, 0x10, 0x84, 0x50, 0x8C, 0x4C, 0x9B, 0x4D, 0x73,
    0x1F, 0xF8, 0x1F, 0xF8, 0x1F, 0xF8, 0x1F, 0xF8, 0xA3, 0xAA, 0x4C, 0x7B, 0x55, 0xAD, 0x79, 0xCE,
    0x38, 0xC6, 0xF3, 0xA4, 0x2B, 0x7B, 0xA3, 0x69, 0x1F, 0xF8, 0x1F, 0xF8, 0x1F, 0xF8, 0x1F, 0xF8,
    0xD7, 0xBD, 0x75, 0xAD, 0x75, 0xAD, 0x75, 0xAD, 0x75, 0xAD, 0x75, 0xAD, 0x75, 0xAD, 0x34, 0xAD,
    0x1F, 0xF8, 0x1F, 0xF8, 0x1F, 0xF8, 0x1F, 0xF8, 0x75, 0xAD, 0x08, 0x42, 0x08, 0x42, 0x47, 0x7B,
    0xC7, 0x93, 0x08, 0x42, 0x28, 0x42, 0x75, 0xAD, 0x1F, 0xF8, 0x1F, 0xF8, 0x1F, 0xF8, 0x1F, 0xF8,
    0x75, 0xAD, 0x28, 0x4A, 0x4C, 0xBD, 0xAC, 0xCD, 0x4C, 0xE6, 0x4A, 0x9C, 0x49, 0x4A, 0x75, 0xAD,
    0x1F, 0xF8, 0x1F, 0xF8, 0x1F, 0xF8, 0x1F, 0xF8, 0x75, 0xAD, 0x27, 0x4A, 0x0D, 0xDE, 0x2D, 0xE6,
    0x2D, 0xE6, 0xCD, 0xD5, 0x48, 0x4A, 0x75, 0xAD, 0x1F, 0xF8, 0x1F, 0xF8, 0x1F, 0xF8, 0x1F, 0xF8,
    0x75, 0xAD, 0x28, 0x42, 0x4A, 0x9C, 0x0A, 0xBD, 0xCB, 0xDD, 0x29, 0x6B, 0x49, 0x4A, 0x75, 0xAD,
    0x1F, 0xF8, 0x1F, 0xF8, 0x1F, 0xF8, 0x1F, 0xF8, 0x96, 0xB5, 0x10, 0x84, 0x10, 0x84, 0x50, 0x94,
    0x70, 0x94, 0x10, 0x84, 0x30, 0x8C, 0x75, 0xAD, 0x1F, 0xF8, 0x1F, 0xF8, 0x1F, 0xF8, 0x1F, 0xF8,
    0x0F, 0x84, 0x10, 0x84, 0x51, 0x8C, 0x10, 0x84, 0x10, 0x84, 0x50, 0x8C, 0x4C, 0x9B, 0x4D, 0x6B,
    0x1F, 0xF8, 0x1F, 0xF8, 0x1F, 0xF8, 0x1F, 0xF8, 0xA3, 0xAA, 0x4C, 0x7B, 0x55, 0xAD, 0x79, 0xCE,
    0x38, 0xC6, 0xF3, 0xA4, 0x2B, 0x7B, 0xA3, 0x69, 0x1F, 0xF8, 0x1F, 0xF8, 0x1F, 0xF8, 0x1F, 0xF8,
    0xD7, 0xBD, 0x75, 0xAD, 0x75, 0xAD, 0x75, 0xAD, 0x75, 0xAD, 0x75, 0xAD, 0x75, 0xAD, 0x34, 0xAD,
    0x1F, 0xF8, 0x1F, 0xF8, 0x1F, 0xF8, 0x1F, 0xF8, 0x75, 0xAD, 0x08, 0x42, 0x28, 0x4A, 0x4C, 0xC5,
    0x4C, 0xC5, 0x28, 0x4A, 0x28, 0x42, 0x75, 0xAD, 0x1F, 0xF8, 0x1F, 0xF8, 0x1F, 0xF8, 0x1F, 0xF8,
    0x75, 0xAD, 0x08, 0x42, 0x88, 0x52, 0x4E, 0xE6, 0x4E, 0xE6, 0x88, 0x52, 0x49, 0x4A, 0x75, 0xAD,
    0x1F, 0xF8, 0x1F, 0xF8, 0x1F, 0xF8, 0x1F, 0xF8, 0x75, 0xAD, 0x07, 0x42, 0x68, 0xCD, 0x2D, 0xE6,
    0x2D, 0xE6, 0x68, 0xCD, 0x48, 0x4A, 0x75, 0xAD, 0x1F, 0xF8, 0x1F, 0xF8, 0x1F, 0xF8, 0x1F, 0xF8,
    0x75, 0xAD, 0x08, 0x42, 0x29, 0x6B, 0x0D, 0xDE, 0x0D, 0xDE, 0x29, 0x6B, 0x49, 0x4A, 0x75, 0xAD,
    0x1F, 0xF8, 0x1F, 0xF8, 0x1F, 0xF8, 0x1F, 0xF8, 0x96, 0xB5, 0x10, 0x84, 0x10, 0x84, 0x90, 0x94,
    0x90, 0x94, 0x10, 0x84, 0x30, 0x8C, 0x75, 0xAD, 0x1F, 0xF8, 0x1F, 0xF8, 0x1F, 0xF8, 0x1F, 0xF8,
    0x0F, 0x84, 0x10, 0x84, 0x51, 0x8C, 0x10, 0x84, 0x10, 0x84, 0x50, 0x8C, 0x4C, 0x9B, 0x4D, 0x6B,
    0x1F, 0xF8, 0x1F, 0xF8, 0x1F, 0xF8, 0x1F, 0xF8, 0xA3, 0xAA, 0x4C, 0x7B, 0x55, 0xAD, 0x79, 0xCE,
    0x38, 0xC6, 0xF3, 0xA4, 0x2B, 0x7B, 0xA3, 0x69, 0x1F, 0xF8, 0x1F, 0xF8, 0x1F, 0xF8, 0x1F, 0xF8,
    0xD7, 0xBD, 0x75, 0xAD, 0x75, 0xAD, 0x75, 0xAD, 0x75, 0xAD, 0x75, 0xAD, 0x75, 0xAD, 0x34, 0xAD,
    0x1F, 0xF8, 0x1F, 0xF8, 0x1F, 0xF8, 0x1F, 0xF8, 0x75, 0xAD, 0x08, 0x42, 0x08, 0x42, 0xC7, 0x93,
    0x47, 0x7B, 0x08, 0x42, 0x28, 0x42, 0x75, 0xAD, 0x1F, 0xF8, 0x1F, 0xF8, 0x1F, 0xF8, 0x1F, 0xF8,
    0x75, 0xAD, 0x08, 0x42, 0x4A, 0x9C, 0x4C, 0xE6, 0xAC, 0xCD, 0x4C, 0xBD, 0x69, 0x52, 0x75, 0xAD,
    0x1F, 0xF8, 0x1F, 0xF8, 0x1F, 0xF8, 0x1F, 0xF8, 0x75, 0xAD, 0x07, 0x42, 0xCD, 0xD5, 0x2D, 0xE6,
    0x2D, 0xE6, 0x0D, 0xDE, 0x68, 0x4A, 0x75, 0xAD, 0x1F, 0xF8, 0x1F, 0xF8, 0x1F, 0xF8, 0x1F, 0xF8,
    0x75, 0xAD, 0x08, 0x42, 0x29, 0x6B, 0xCB, 0xDD, 0x0A, 0xBD, 0x4A, 0x9C, 0x69, 0x4A, 0x75, 0xAD,
    0x1F, 0xF8, 0x1F, 0xF8, 0x1F, 0xF8, 0x1F, 0xF8, 0x96, 0xB5, 0x10, 0x84, 0x10, 0x84, 0x70, 0x94,
    0x50, 0x94, 0x10, 0x84, 0x30, 0x8C, 0x75, 0xAD, 0x1F, 0xF8, 0x1F, 0xF8, 0x1F, 0xF8, 0x1F, 0xF8,
    0x0F, 0x8C, 0x10, 0x84, 0x51, 0x8C, 0x10, 0x84, 0x10, 0x84, 0x50, 0x8C, 0x4C, 0x9B, 0x4D, 0x6B,
    0x1F, 0xF8, 0x1F, 0xF8, 0x1F, 0xF8, 0x1F, 0xF8, 0x80, 0xAA, 0x2B, 0x7B, 0x34, 0xAD, 0x79, 0xCE,
    0x38, 0xC6, 0xF3, 0xA4, 0xEA, 0x72, 0x60, 0x61, 0x1F, 0xF8, 0x1F, 0xF8, 0x1F, 0xF8, 0x1F, 0xF8,
    0xA0, 0x79, 0xE2, 0x79, 0x03, 0xCB, 0x04, 0xCB, 0x23, 0xCB, 0x02, 0xCB, 0xC1, 0x79, 0xA0, 0x71,
    0x1F, 0xF8, 0x1F, 0xF8, 0x1F, 0xF8, 0x1F, 0xF8, 0xA0, 0x79, 0xE0, 0xCA, 0xE0, 0xCA, 0xC0, 0x81,
    0xE0, 0xCA, 0x00, 0xCB, 0xE0, 0xCA, 0xA0, 0x79, 0x1F, 0xF8, 0x1F, 0xF8, 0x1F, 0xF8, 0x1F, 0xF8,
    0xA0, 0x79, 0xE0, 0xCA, 0xC0, 0x81, 0xA0, 0x79, 0xE0, 0xCA, 0x00, 0xCB, 0xE0, 0xCA, 0xA0, 0x79,
    0x1F, 0xF8, 0x1F, 0xF8, 0x1F, 0xF8, 0x1F, 0xF8, 0xA0, 0x79, 0xE0, 0xCA, 0xE0, 0xCA, 0xC0, 0x79,
    0xE0, 0xCA, 0x00, 0xCB, 0xE0, 0xCA, 0xA0, 0x79, 0x1F, 0xF8, 0x1F, 0xF8, 0x1F, 0xF8, 0x1F, 0xF8,
    0xA0, 0x79, 0xE0, 0xCA, 0xE0, 0xCA, 0xC0, 0x79, 0xE0, 0xCA, 0x00, 0xCB, 0xE0, 0xCA, 0xA0, 0x79,
    0x1F, 0xF8, 0x1F, 0xF8, 0x1F, 0xF8, 0x1F, 0xF8, 0xA0, 0x79, 0xE0, 0xC2, 0xC0, 0x81, 0xA0, 0x79,
    0xC0, 0x81, 0xE0, 0xCA, 0xE0, 0xCA, 0xA0, 0x79, 0x1F, 0xF8, 0x1F, 0xF8, 0x1F, 0xF8, 0x1F, 0xF8,
    0xA0, 0x71, 0xC0, 0x79, 0xE0, 0xC2, 0xE0, 0xCA, 0xE0, 0xCA, 0xE0, 0xCA, 0xC0, 0x79, 0xA0, 0x71,
    0x1F, 0xF8, 0x1F, 0xF8, 0x1F, 0xF8, 0x1F, 0xF8, 0xA0, 0x71, 0xA0, 0x71, 0xC0, 0x79, 0xC0, 0x79,
    0xC0, 0x79, 0xC0, 0x79, 0xA0, 0x71, 0xA0, 0x71, 0x1F, 0xF8, 0x1F, 0xF8, 0x1F, 0xF8, 0x1F, 0xF8,
    0xA0, 0x71, 0xC0, 0x79, 0xE0, 0xC2, 0xE0, 0xCA, 0xE0, 0xCA, 0xE0, 0xCA, 0xC0, 0x79, 0xA0, 0x71,
    0x1F, 0xF8, 0x1F, 0xF8, 0x1F, 0xF8, 0x1F, 0xF8, 0xA0, 0x79, 0xE0, 0xC2, 0xC0, 0x81, 0xC0, 0x81,
    0xE0, 0xCA, 0x00, 0xCB, 0xE0, 0xCA, 0xA0, 0x79, 0x1F, 0xF8, 0x1F, 0xF8, 0x1F, 0xF8, 0x1F, 0xF8,
    0xA0, 0x79, 0xE0, 0xCA, 0xE0, 0xCA, 0xE0, 0xC2, 0xC0, 0x81, 0xE0, 0xCA, 0xE0, 0xCA, 0xA0, 0x79,
    0x1F, 0xF8, 0x1F, 0xF8, 0x1F, 0xF8, 0x1F, 0xF8, 0xA0, 0x79, 0xE0, 0xCA, 0xE0, 0xCA, 0xC0, 0x81,
    0xE0, 0xCA, 0x00, 0xCB, 0xE0, 0xCA, 0xA0, 0x79, 0x1F, 0xF8, 0x1F, 0xF8, 0x1F, 0xF8, 0x1F, 0xF8,
    0xA0, 0x79, 0xE0, 0xCA, 0xC0, 0x81, 0xE0, 0xC2, 0xE0, 0xCA, 0x00, 0xCB, 0xE0, 0xCA, 0xA0, 0x79,
    0x1F, 0xF8, 0x1F, 0xF8, 0x1F, 0xF8, 0x1F, 0xF8, 0xA0, 0x79, 0xE0, 0xC2, 0xC0, 0x79, 0xC0, 0x79,
    0xC0, 0x81, 0xE0, 0xCA, 0xE0, 0xCA, 0xA0, 0x79, 0x1F, 0xF8, 0x1F, 0xF8, 0x1F, 0xF8, 0x1F, 0xF8,
    0xA0, 0x71, 0xC0, 0x79, 0xE0, 0xC2, 0xE0, 0xCA, 0xE0, 0xCA, 0xE0, 0xCA, 0xC0, 0x79, 0xA0, 0x71,
    0x1F, 0xF8, 0x1F, 0xF8, 0x1F, 0xF8, 0x1F, 0xF8, 0xA0, 0x71, 0xA0, 0x71, 0xA0, 0x79, 0xA0, 0x79,
    0xA0, 0x79, 0xA0, 0x79, 0xA0, 0x71, 0xA0, 0x71, 0x1F, 0xF8, 0x1F, 0xF8, 0x1F, 0xF8, 0x1F, 0xF8,
    0xA0, 0x71, 0xA0, 0x71, 0xA0, 0x71, 0xA0, 0x71, 0xA0, 0x71, 0xA0, 0x71, 0xA0, 0x71, 0xA0, 0x71,
    0x1F, 0xF8, 0x1F, 0xF8, 0x1F, 0xF8, 0x1F, 0xF8, 0xA0, 0x71, 0xA0, 0x71, 0xA0, 0x71, 0xA0, 0x71,
    0xA0, 0x71, 0xA0, 0x71, 0xA0, 0x71, 0xA0, 0x71, 0x1F, 0xF8, 0x1F, 0xF8, 0x1F, 0xF8, 0x1F, 0xF8,
    0xA0, 0x71, 0xA0, 0x71, 0xA0, 0x71, 0xA0, 0x71, 0xA0, 0x71, 0xA0, 0x71, 0xA0, 0x71, 0xA0, 0x71,
    0x1F, 0xF8, 0x1F, 0xF8, 0x1F, 0xF8, 0x1F, 0xF8, 0xA0, 0x71, 0xA0, 0x71, 0xA0, 0x71, 0xA0, 0x71,
    0xA0, 0x71, 0xA0, 0x71, 0xA0, 0x71, 0xA0, 0x71, 0x1F, 0xF8, 0x1F, 0xF8, 0x1F, 0xF8, 0x1F, 0xF8,
    0xA0, 0x71, 0xA0, 0x71, 0xA0, 0x71, 0xA0, 0x71, 0xA0, 0x71, 0xA0, 0x71, 0xA0, 0x71, 0xA0, 0x71,
    0x1F, 0xF8, 0x1F, 0xF8, 0x1F, 0xF8, 0x1F, 0xF8, 0xA0, 0x71, 0xA0, 0x71, 0xA0, 0x71, 0xA0, 0x71,
    0xA0, 0x71, 0xA0, 0x71, 0xA0, 0x71, 0xA0, 0x71, 0x1F, 0xF8, 0x1F, 0xF8, 0x1F, 0xF8, 0x1F, 0xF8,
    0xA0, 0x71, 0xA0, 0x71, 0xA0, 0x71, 0xA0, 0x71, 0xA0, 0x71, 0xA0, 0x71, 0xA0, 0x71, 0xA0, 0x71,
    0x1F, 0xF8, 0x1F, 0xF8, 0x1F, 0xF8, 0x1F, 0xF8, 0xA0, 0x71, 0xA0, 0x71, 0xA0, 0x71, 0xA0, 0x71,
    0xA0, 0x71, 0xA0, 0x71, 0xA0, 0x71, 0xA0, 0x71, 0x1F, 0xF8, 0x1F, 0xF8, 0x1F, 0xF8, 0x1F, 0xF8,
    0xA0, 0x71, 0xA0, 0x71, 0xA0, 0x71, 0xA0, 0x71, 0xA0, 0x71, 0xA0, 0x71, 0xA0, 0x71, 0xA0, 0x71,
    0x1F, 0xF8, 0x1F, 0xF8, 0x1F, 0xF8, 0x1F, 0xF8, 0xA0, 0x71, 0xA0, 0x71, 0xA0, 0x71, 0xA0, 0x71,
    0xA0, 0x71, 0xA0, 0x71, 0xA0, 0x71, 0xA0, 0x71, 0x1F, 0xF8, 0x1F, 0xF8, 0x1F, 0xF8, 0x1F, 0xF8,
    0xA0, 0x71, 0xA0, 0x71, 0xA0, 0x71, 0xA0, 0x71, 0xA0, 0x71, 0xA0, 0x71, 0xA0, 0x71, 0xA0, 0x71,
    0x1F, 0xF8, 0x1F, 0xF8, 0x1F, 0xF8, 0x1F, 0xF8, 0xA0, 0x71, 0xA0, 0x71, 0xA0, 0x71, 0xA0, 0x71,
    0xA0, 0x71, 0xA0, 0x71, 0xA0, 0x71, 0xA0, 0x71, 0x1F, 0xF8, 0x1F, 0xF8, 0x1F, 0xF8, 0x1F, 0xF8,
    0xA0, 0x71, 0xA0, 0x71, 0xA0, 0x71, 0xA0, 0x71, 0xA0, 0x71, 0xA0, 0x71, 0xA0, 0x71, 0xA0, 0x71,
    0x1F, 0xF8, 0x1F, 0xF8, 0x1F, 0xF8, 0x1F, 0xF8, 0xA0, 0x71, 0xA0, 0x71, 0xA0, 0x71, 0xA0, 0x71,
    0xA0, 0x71, 0xA0, 0x71, 0xA0, 0x71, 0xA0, 0x71, 0x1F, 0xF8, 0x1F, 0xF8, 0x1F, 0xF8, 0x1F, 0xF8,
    0xA0, 0x71, 0xA0, 0x71, 0xA0, 0x71, 0xA0, 0x71, 0xA0, 0x71, 0xA0, 0x71, 0xA0, 0x71, 0xA0, 0x71,
    0x1F, 0xF8, 0x1F, 0xF8, 0x1F, 0xF8, 0x1F, 0xF8, 0xA0, 0x71, 0xA0, 0x71, 0xA0, 0x71, 0xA0, 0x71,
    0xA0, 0x71, 0xA0, 0x71, 0xA0, 0x71, 0xA0, 0x71, 0x1F, 0xF8, 0x1F, 0xF8, 0x1F, 0xF8, 0x1F, 0xF8
};
