// Generated from: blocktiles.png
// Format: RGB565_LE
// Original size: 12x2560 = 61440 bytes

const uint16_t default_blocktiles_width = 12;
const uint16_t default_blocktiles_height = 2560;

const uint8_t default_blocktiles_data[] PLATFORM_PROGMEM = {
    0x4B, 0x04, 0xAA, 0x0C, 0x4C, 0x04, 0x50, 0x02, 0x19, 0xBE, 0xFF, 0xFF, 0xFF, 0xFF, 0x19, 0xBE,
    0x30, 0x02, 0xAA, 0x0C, 0x4B, 0x0C, 0xC9, 0x0C, 0xAA, 0x0C, 0x6B, 0x0C, 0xAA, 0x0C, 0x50, 0x02,
    0x19, 0xBE, 0xFF, 0xFF, 0xFF, 0xFF, 0x19, 0xBE, 0x30, 0x02, 0x4B, 0x04, 0xC9, 0x0C, 0x6B, 0x0C,
    0x4C, 0x04, 0xAA, 0x0C, 0x2C, 0x04, 0x30, 0x02, 0x19, 0xBE, 0xFF, 0xFF, 0xFF, 0xFF, 0x19, 0xBE,
    0x30, 0x02, 0x8A, 0x0C, 0x4B, 0x04, 0xAA, 0x0C, 0x50, 0x02, 0x30, 0x02, 0x30, 0x02, 0x10, 0x02,
    0x19, 0xBE, 0xFF, 0xFF, 0xFF, 0xFF, 0x19, 0xBE, 0x10, 0x02, 0x30, 0x02, 0x30, 0x02, 0x50, 0x02,
    0x19, 0xBE, 0x19, 0xBE, 0x19, 0xBE, 0x19, 0xBE, 0x1D, 0xE7, 0xFF, 0xFF, 0xFF, 0xFF, 0x1D, 0xE7,
    0x19, 0xBE, 0x19, 0xBE, 0x19, 0xBE, 0x19, 0xBE, 0xFF, 0xFF, 0xFF, 0xFF, 0xFF, 0xFF, 0xFF, 0xFF,
    0xFF, 0xFF, 0xFF, 0xFF, 0xFF, 0xFF, 0xFF, 0xFF, 0xFF, 0xFF, 0xFF, 0xFF, 0xFF, 0xFF, 0xFF, 0xFF,
    0xFF, 0xFF, 0xFF, 0xFF, 0xFF, 0xFF, 0xFF, 0xFF, 0xFF, 0xFF, 0xFF, 0xFF, 0xFF, 0xFF, 0xFF, 0xFF,
    0xFF, 0xFF, 0xFF, 0xFF, 0xFF, 0xFF, 0xFF, 0xFF, 0x19, 0xBE, 0x19, 0xBE, 0x19, 0xBE, 0x19, 0xBE,
    0x1D, 0xE7, 0xFF, 0xFF, 0xFF, 0xFF, 0x1D, 0xE7, 0x19, 0xBE, 0x19, 0xBE, 0x19, 0xBE, 0x19, 0xBE,
    0x30, 0x02, 0x30, 0x02, 0x30, 0x02, 0x10, 0x02, 0x19, 0xBE, 0xFF, 0xFF, 0xFF, 0xFF, 0x19, 0xBE,
    0x10, 0x02, 0x30, 0x02, 0x50, 0x02, 0x50, 0x02, 0xAA, 0x0C, 0x4B, 0x04, 0xAA, 0x0C, 0x30, 0x02,
    0x19, 0xBE, 0xFF, 0xFF, 0xFF, 0xFF, 0x19, 0xBE, 0x30, 0x02, 0x2C, 0x04, 0xAA, 0x0C, 0x4B, 0x04,
    0x4B, 0x0C, 0xC9, 0x0C, 0x4B, 0x04, 0x50, 0x02, 0x19, 0xBE, 0xFF, 0xFF, 0xFF, 0xFF, 0x19, 0xBE,
    0x50, 0x02, 0xAA, 0x0C, 0x6B, 0x0C, 0xC9, 0x0C, 0xAA, 0x0C, 0x6B, 0x0C, 0xAA, 0x0C, 0x70, 0x02,
    0xF9, 0xBD, 0xFF, 0xFF, 0xDF, 0xFF, 0xF9, 0xBD, 0x50, 0x02, 0x4B, 0x04, 0xAA, 0x0C, 0x4B, 0x0C,
    0x4B, 0x0C, 0xAA, 0x0C, 0x6B, 0x0C, 0xAA, 0x0C, 0x6C, 0x2C, 0xEC, 0x3C, 0x8D, 0x3C, 0xCB, 0x2C,
    0x4B, 0x04, 0xAA, 0x0C, 0x6B, 0x0C, 0xCA, 0x0C, 0xAA, 0x0C, 0x6B, 0x0C, 0xC9, 0x0C, 0x6B, 0x0C,
    0xAA, 0x0C, 0x6B, 0x0C, 0xC9, 0x0C, 0x6B, 0x0C, 0xAA, 0x0C, 0x6B, 0x0C, 0xC9, 0x0C, 0x6B, 0x0C,
    0x4C, 0x04, 0xAA, 0x0C, 0x4B, 0x04, 0xAA, 0x0C, 0x4B, 0x04, 0xAA, 0x0C, 0x4B, 0x04, 0xAA, 0x0C,
    0x4B, 0x04, 0xAA, 0x0C, 0x4B, 0x04, 0xAA, 0x0C, 0x50, 0x02, 0x30, 0x02, 0x30, 0x02, 0x50, 0x02,
    0x50, 0x02, 0x30, 0x02, 0x30, 0x02, 0x50, 0x02, 0x50, 0x02, 0x30, 0x02, 0x30, 0x02, 0x50, 0x02,
    0x19, 0xBE, 0x19, 0xBE, 0x19, 0xBE, 0x19, 0xBE, 0x19, 0xBE, 0x19, 0xBE, 0x19, 0xBE, 0x19, 0xBE,
    0x19, 0xBE, 0x19, 0xBE, 0x19, 0xBE, 0x19, 0xBE, 0xFF, 0xFF, 0xFF, 0xFF, 0xFF, 0xFF, 0xFF, 0xFF,
    0xFF, 0xFF, 0xFF, 0xFF, 0xFF, 0xFF, 0xFF, 0xFF, 0xFF, 0xFF, 0xFF, 0xFF, 0xFF, 0xFF, 0xFF, 0xFF,
    0xFF, 0xFF, 0xFF, 0xFF, 0xFF, 0xFF, 0xFF, 0xFF, 0xFF, 0xFF, 0xFF, 0xFF, 0xFF, 0xFF, 0xFF, 0xFF,
    0xFF, 0xFF, 0xFF, 0xFF, 0xFF, 0xFF, 0xFF, 0xFF, 0x19, 0xBE, 0x19, 0xBE, 0x19, 0xBE, 0x19, 0xBE,
    0x1D, 0xE7, 0xFF, 0xFF, 0xFF, 0xFF, 0x1D, 0xE7, 0x19, 0xBE, 0x19, 0xBE, 0x19, 0xBE, 0x19, 0xBE,
    0x30, 0x02, 0x30, 0x02, 0x30, 0x02, 0x10, 0x02, 0x19, 0xBE, 0xFF, 0xFF, 0xFF, 0xFF, 0x19, 0xBE,
    0x10, 0x02, 0x30, 0x02, 0x50, 0x02, 0x50, 0x02, 0xAA, 0x0C, 0x4B, 0x04, 0xAA, 0x0C, 0x30, 0x02,
    0x19, 0xBE, 0xFF, 0xFF, 0xFF, 0xFF, 0x19, 0xBE, 0x30, 0x02, 0x2C, 0x04, 0xAA, 0x0C, 0x4B, 0x04,
    0x4B, 0x0C, 0xC9, 0x0C, 0x4B, 0x04, 0x50, 0x02, 0x19, 0xBE, 0xFF, 0xFF, 0xFF, 0xFF, 0x19, 0xBE,
    0x50, 0x02, 0xAA, 0x0C, 0x6B, 0x0C, 0xC9, 0x0C, 0xAA, 0x0C, 0x6B, 0x0C, 0xAA, 0x0C, 0x50, 0x02,
    0x19, 0xBE, 0xFF, 0xFF, 0xFF, 0xFF, 0x19, 0xBE, 0x30, 0x02, 0x4B, 0x04, 0xAA, 0x0C, 0x4B, 0x0C,
    0x4B, 0x0C, 0xAA, 0x0C, 0x4B, 0x04, 0x50, 0x02, 0x19, 0xBE, 0xFF, 0xFF, 0xFF, 0xFF, 0x19, 0xBE,
    0x30, 0x02, 0x8A, 0x0C, 0x6B, 0x0C, 0xCA, 0x0C, 0xAA, 0x0C, 0x6B, 0x0C, 0xAA, 0x0C, 0x50, 0x02,
    0x19, 0xBE, 0xFF, 0xFF, 0xFF, 0xFF, 0x19, 0xBE, 0x30, 0x02, 0x4B, 0x04, 0xC9, 0x0C, 0x6B, 0x0C,
    0x4C, 0x04, 0xAA, 0x0C, 0x2C, 0x04, 0x30, 0x02, 0x19, 0xBE, 0xFF, 0xFF, 0xFF, 0xFF, 0x19, 0xBE,
    0x50, 0x02, 0xAA, 0x0C, 0x6B, 0x0C, 0xC9, 0x0C, 0x50, 0x02, 0x30, 0x02, 0x30, 0x02, 0x10, 0x02,
    0x19, 0xBE, 0xFF, 0xFF, 0xFF, 0xFF, 0x19, 0xBE, 0x30, 0x02, 0x4B, 0x04, 0xAA, 0x0C, 0x4B, 0x0C,
    0x19, 0xBE, 0x19, 0xBE, 0x19, 0xBE, 0x19, 0xBE, 0x1D, 0xE7, 0xFF, 0xFF, 0xFF, 0xFF, 0x19, 0xBE,
    0x30, 0x02, 0x8A, 0x0C, 0x6B, 0x0C, 0xCA, 0x0C, 0xFF, 0xFF, 0xFF, 0xFF, 0xFF, 0xFF, 0xFF, 0xFF,
    0xFF, 0xFF, 0xFF, 0xFF, 0xFF, 0xFF, 0x19, 0xBE, 0x30, 0x02, 0x4B, 0x04, 0xC9, 0x0C, 0x6B, 0x0C,
    0xFF, 0xFF, 0xFF, 0xFF, 0xFF, 0xFF, 0xFF, 0xFF, 0xFF, 0xFF, 0xFF, 0xFF, 0xFF, 0xFF, 0x19, 0xBE,
    0x50, 0x02, 0xAA, 0x0C, 0x6B, 0x0C, 0xC9, 0x0C, 0x19, 0xBE, 0x19, 0xBE, 0x19, 0xBE, 0x19, 0xBE,
    0x1D, 0xE7, 0xFF, 0xFF, 0xFF, 0xFF, 0x19, 0xBE, 0x30, 0x02, 0x4B, 0x04, 0xAA, 0x0C, 0x4B, 0x0C,
    0x30, 0x02, 0x30, 0x02, 0x30, 0x02, 0x10, 0x02, 0x19, 0xBE, 0xFF, 0xFF, 0xFF, 0xFF, 0x19, 0xBE,
    0x30, 0x02, 0x8A, 0x0C, 0x6B, 0x0C, 0xCA, 0x0C, 0xAA, 0x0C, 0x4B, 0x04, 0xAA, 0x0C, 0x30, 0x02,
    0x19, 0xBE, 0xFF, 0xFF, 0xFF, 0xFF, 0x19, 0xBE, 0x30, 0x02, 0x4B, 0x04, 0xC9, 0x0C, 0x6B, 0x0C,
    0x4B, 0x0C, 0xC9, 0x0C, 0x4B, 0x04, 0x50, 0x02, 0x19, 0xBE, 0xFF, 0xFF, 0xFF, 0xFF, 0x19, 0xBE,
    0x50, 0x02, 0xAA, 0x0C, 0x6B, 0x0C, 0xC9, 0x0C, 0xAA, 0x0C, 0x6B, 0x0C, 0xAA, 0x0C, 0x70, 0x02,
    0xF9, 0xBD, 0xFF, 0xFF, 0xDF, 0xFF, 0xF9, 0xBD, 0x50, 0x02, 0x4B, 0x04, 0xAA, 0x0C, 0x4B, 0x0C,
    0x4B, 0x0C, 0xAA, 0x0C, 0x6B, 0x0C, 0xAA, 0x0C, 0x6C, 0x2C, 0xEC, 0x3C, 0x8D, 0x3C, 0xCB, 0x2C,
    0x4B, 0x04, 0xAA, 0x0C, 0x6B, 0x0C, 0xCA, 0x0C, 0xAA, 0x0C, 0x6B, 0x0C, 0xC9, 0x0C, 0x6B, 0x0C,
    0xAA, 0x0C, 0x6B, 0x0C, 0xC9, 0x0C, 0x6B, 0x0C, 0xAA, 0x0C, 0x6B, 0x0C, 0xC9, 0x0C, 0x6B, 0x0C,
    0x4C, 0x04, 0xAA, 0x0C, 0x4B, 0x04, 0xAA, 0x0C, 0x4B, 0x04, 0xAA, 0x0C, 0x4B, 0x04, 0xAA, 0x0C,
    0x4B, 0x04, 0xCA, 0x0C, 0x6B, 0x0C, 0xC9, 0x0C, 0x50, 0x02, 0x30, 0x02, 0x30, 0x02, 0x50, 0x02,
    0x50, 0x02, 0x30, 0x02, 0x30, 0x02, 0x50, 0x02, 0x50, 0x02, 0x4B, 0x04, 0xAA, 0x0C, 0x4B, 0x0C,
    0x19, 0xBE, 0x19, 0xBE, 0x19, 0xBE, 0x19, 0xBE, 0x19, 0xBE, 0x19, 0xBE, 0x19, 0xBE, 0x95, 0x8C,
    0x30, 0x02, 0x8A, 0x0C, 0x6B, 0x0C, 0xCA, 0x0C, 0xFF, 0xFF, 0xFF, 0xFF, 0xFF, 0xFF, 0xFF, 0xFF,
    0xFF, 0xFF, 0xFF, 0xFF, 0xFF, 0xFF, 0x19, 0xBE, 0x30, 0x02, 0x4B, 0x04, 0xC9, 0x0C, 0x6B, 0x0C,
    0xFF, 0xFF, 0xFF, 0xFF, 0xFF, 0xFF, 0xFF, 0xFF, 0xFF, 0xFF, 0xFF, 0xFF, 0xFF, 0xFF, 0x19, 0xBE,
    0x50, 0x02, 0xAA, 0x0C, 0x6B, 0x0C, 0xC9, 0x0C, 0x19, 0xBE, 0x19, 0xBE, 0x19, 0xBE, 0x19, 0xBE,
    0x1D, 0xE7, 0xFF, 0xFF, 0xFF, 0xFF, 0x19, 0xBE, 0x30, 0x02, 0x4B, 0x04, 0xAA, 0x0C, 0x4B, 0x0C,
    0x30, 0x02, 0x30, 0x02, 0x30, 0x02, 0x10, 0x02, 0x19, 0xBE, 0xFF, 0xFF, 0xFF, 0xFF, 0x19, 0xBE,
    0x30, 0x02, 0x8A, 0x0C, 0x6B, 0x0C, 0xCA, 0x0C, 0xAA, 0x0C, 0x4B, 0x04, 0xAA, 0x0C, 0x30, 0x02,
    0x19, 0xBE, 0xFF, 0xFF, 0xFF, 0xFF, 0x19, 0xBE, 0x30, 0x02, 0x4B, 0x04, 0xC9, 0x0C, 0x6B, 0x0C,
    0x4B, 0x0C, 0xC9, 0x0C, 0x4B, 0x04, 0x50, 0x02, 0x19, 0xBE, 0xFF, 0xFF, 0xFF, 0xFF, 0x19, 0xBE,
    0x50, 0x02, 0xAA, 0x0C, 0x6B, 0x0C, 0xC9, 0x0C, 0xAA, 0x0C, 0x6B, 0x0C, 0xAA, 0x0C, 0x50, 0x02,
    0x19, 0xBE, 0xFF, 0xFF, 0xFF, 0xFF, 0x19, 0xBE, 0x30, 0x02, 0x4B, 0x04, 0xAA, 0x0C, 0x4B, 0x0C,
    0x4B, 0x0C, 0xAA, 0x0C, 0x4B, 0x04, 0x50, 0x02, 0x19, 0xBE, 0xFF, 0xFF, 0xFF, 0xFF, 0x19, 0xBE,
    0x30, 0x02, 0x8A, 0x0C, 0x6B, 0x0C, 0xCA, 0x0C, 0xAA, 0x0C, 0x6B, 0x0C, 0xAA, 0x0C, 0x50, 0x02,
    0x19, 0xBE, 0xFF, 0xFF, 0xFF, 0xFF, 0x19, 0xBE, 0x30, 0x02, 0x4B, 0x04, 0xC9, 0x0C, 0x6B, 0x0C,
    0x4C, 0x04, 0xAA, 0x0C, 0x2C, 0x04, 0x30, 0x02, 0x19, 0xBE, 0xFF, 0xFF, 0xFF, 0xFF, 0x19, 0xBE,
    0x30, 0x02, 0x8A, 0x0C, 0x4B, 0x04, 0xAA, 0x0C, 0x50, 0x02, 0x30, 0x02, 0x30, 0x02, 0x10, 0x02,
    0x19, 0xBE, 0xFF, 0xFF, 0xFF, 0xFF, 0x19, 0xBE, 0x10, 0x02, 0x30, 0x02, 0x30, 0x02, 0x50, 0x02,
    0x19, 0xBE, 0x19, 0xBE, 0x19, 0xBE, 0x19, 0xBE, 0x1D, 0xE7, 0xFF, 0xFF, 0xFF, 0xFF, 0x1D, 0xE7,
    0x19, 0xBE, 0x19, 0xBE, 0x19, 0xBE, 0x19, 0xBE, 0xFF, 0xFF, 0xFF, 0xFF, 0xFF, 0xFF, 0xFF, 0xFF,
    0xFF, 0xFF, 0xFF, 0xFF, 0xFF, 0xFF, 0xFF, 0xFF, 0xFF, 0xFF, 0xFF, 0xFF, 0xFF, 0xFF, 0xFF, 0xFF,
    0xFF, 0xFF, 0xFF, 0xFF, 0xFF, 0xFF, 0xFF, 0xFF, 0xFF, 0xFF, 0xFF, 0xFF, 0xFF, 0xFF, 0xFF, 0xFF,
    0xFF, 0xFF, 0xFF, 0xFF, 0xFF, 0xFF, 0xFF, 0xFF, 0x19, 0xBE, 0x19, 0xBE, 0x19, 0xBE, 0x19, 0xBE,
    0x19, 0xBE, 0x19, 0xBE, 0x19, 0xBE, 0x19, 0xBE, 0x19, 0xBE, 0x19, 0xBE, 0x19, 0xBE, 0x19, 0xBE,
    0x30, 0x02, 0x30, 0x02, 0x50, 0x02, 0x50, 0x02, 0x30, 0x02, 0x30, 0x02, 0x50, 0x02, 0x50, 0x02,
    0x30, 0x02, 0x30, 0x02, 0x50, 0x02, 0x50, 0x02, 0xAA, 0x0C, 0x4B, 0x04, 0xAA, 0x0C, 0x4B, 0x04,
    0xAA, 0x0C, 0x4B, 0x04, 0xAA, 0x0C, 0x4B, 0x04, 0xAA, 0x0C, 0x4B, 0x04, 0xAA, 0x0C, 0x4B, 0x04,
    0x4B, 0x0C, 0xC9, 0x0C, 0x6B, 0x0C, 0xAA, 0x0C, 0x6B, 0x0C, 0xC9, 0x0C, 0x6B, 0x0C, 0xAA, 0x0C,
    0x6B, 0x0C, 0xC9, 0x0C, 0x6B, 0x0C, 0xC9, 0x0C, 0xAA, 0x0C, 0x6B, 0x0C, 0xAA, 0x0C, 0x6B, 0x0C,
    0xAA, 0x0C, 0x6B, 0x0C, 0xAA, 0x0C, 0x6B, 0x0C, 0xAA, 0x0C, 0x6B, 0x0C, 0xAA, 0x0C, 0x4B, 0x0C,
    0x4B, 0x0C, 0xAA, 0x0C, 0x6B, 0x0C, 0xAA, 0x0C, 0x6B, 0x0C, 0xAA, 0x0C, 0x6B, 0x0C, 0xAA, 0x0C,
    0x6B, 0x0C, 0xAA, 0x0C, 0x6B, 0x0C, 0xCA, 0x0C, 0xAA, 0x0C, 0x6B, 0x0C, 0xC9, 0x0C, 0x6B, 0x0C,
    0xAA, 0x0C, 0x6B, 0x0C, 0xC9, 0x0C, 0x6B, 0x0C, 0xAA, 0x0C, 0x6B, 0x0C, 0xC9, 0x0C, 0x6B, 0x0C,
    0x4C, 0x04, 0xAA, 0x0C, 0x4B, 0x04, 0xAA, 0x0C, 0x4B, 0x04, 0xAA, 0x0C, 0x4B, 0x04, 0xAA, 0x0C,
    0x4B, 0x04, 0xAA, 0x0C, 0x4B, 0x04, 0xAA, 0x0C, 0x50, 0x02, 0x30, 0x02, 0x30, 0x02, 0x50, 0x02,
    0x50, 0x02, 0x30, 0x02, 0x30, 0x02, 0x50, 0x02, 0x50, 0x02, 0x30, 0x02, 0x30, 0x02, 0x50, 0x02,
    0x19, 0xBE, 0x19, 0xBE, 0x19, 0xBE, 0x19, 0xBE, 0x19, 0xBE, 0x19, 0xBE, 0x19, 0xBE, 0x19, 0xBE,
    0x19, 0xBE, 0x19, 0xBE, 0x19, 0xBE, 0x19, 0xBE, 0xFF, 0xFF, 0xFF, 0xFF, 0xFF, 0xFF, 0xFF, 0xFF,
    0xFF, 0xFF, 0xFF, 0xFF, 0xFF, 0xFF, 0xFF, 0xFF, 0xFF, 0xFF, 0xFF, 0xFF, 0xFF, 0xFF, 0xFF, 0xFF,
    0xFF, 0xFF, 0xFF, 0xFF, 0xFF, 0xFF, 0xFF, 0xFF, 0xFF, 0xFF, 0xFF, 0xFF, 0xFF, 0xFF, 0xFF, 0xFF,
    0xFF, 0xFF, 0xFF, 0xFF, 0xFF, 0xFF, 0xFF, 0xFF, 0x19, 0xBE, 0x19, 0xBE, 0x19, 0xBE, 0x19, 0xBE,
    0x19, 0xBE, 0x19, 0xBE, 0x19, 0xBE, 0x19, 0xBE, 0x19, 0xBE, 0x19, 0xBE, 0x19, 0xBE, 0x19, 0xBE,
    0x30, 0x02, 0x30, 0x02, 0x50, 0x02, 0x50, 0x02, 0x30, 0x02, 0x30, 0x02, 0x50, 0x02, 0x50, 0x02,
    0x30, 0x02, 0x30, 0x02, 0x50, 0x02, 0x50, 0x02, 0xAA, 0x0C, 0x4B, 0x04, 0xAA, 0x0C, 0x4B, 0x04,
    0xAA, 0x0C, 0x4B, 0x04, 0xAA, 0x0C, 0x4B, 0x04, 0xAA, 0x0C, 0x4B, 0x04, 0xAA, 0x0C, 0x4B, 0x04,
    0x4B, 0x0C, 0xC9, 0x0C, 0x6B, 0x0C, 0xAA, 0x0C, 0x6B, 0x0C, 0xC9, 0x0C, 0x6B, 0x0C, 0xAA, 0x0C,
    0x6B, 0x0C, 0xC9, 0x0C, 0x6B, 0x0C, 0xC9, 0x0C, 0xAA, 0x0C, 0x6B, 0x0C, 0xAA, 0x0C, 0x4B, 0x04,
    0xCB, 0x2C, 0x8D, 0x3C, 0xEC, 0x3C, 0x6C, 0x2C, 0xAA, 0x0C, 0x6B, 0x0C, 0xAA, 0x0C, 0x4B, 0x0C,
    0x4B, 0x0C, 0xAA, 0x0C, 0x4B, 0x04, 0x50, 0x02, 0xF9, 0xBD, 0xDF, 0xFF, 0xFF, 0xFF, 0xF9, 0xBD,
    0x70, 0x02, 0x8A, 0x0C, 0x6B, 0x0C, 0xCA, 0x0C, 0xAA, 0x0C, 0x6B, 0x0C, 0xAA, 0x0C, 0x50, 0x02,
    0x19, 0xBE, 0xFF, 0xFF, 0xFF, 0xFF, 0x19, 0xBE, 0x30, 0x02, 0x4B, 0x04, 0xC9, 0x0C, 0x6B, 0x0C,
    0x4C, 0x04, 0xAA, 0x0C, 0x2C, 0x04, 0x30, 0x02, 0x19, 0xBE, 0xFF, 0xFF, 0xFF, 0xFF, 0x19, 0xBE,
    0x50, 0x02, 0xAA, 0x0C, 0x6B, 0x0C, 0xC9, 0x0C, 0x50, 0x02, 0x30, 0x02, 0x30, 0x02, 0x10, 0x02,
    0x19, 0xBE, 0xFF, 0xFF, 0xFF, 0xFF, 0x19, 0xBE, 0x30, 0x02, 0x4B, 0x04, 0xAA, 0x0C, 0x4B, 0x0C,
    0x19, 0xBE, 0x19, 0xBE, 0x19, 0xBE, 0x19, 0xBE, 0x1D, 0xE7, 0xFF, 0xFF, 0xFF, 0xFF, 0x19, 0xBE,
    0x30, 0x02, 0x8A, 0x0C, 0x6B, 0x0C, 0xCA, 0x0C, 0xFF, 0xFF, 0xFF, 0xFF, 0xFF, 0xFF, 0xFF, 0xFF,
    0xFF, 0xFF, 0xFF, 0xFF, 0xFF, 0xFF, 0x19, 0xBE, 0x30, 0x02, 0x4B, 0x04, 0xC9, 0x0C, 0x6B, 0x0C,
    0xFF, 0xFF, 0xFF, 0xFF, 0xFF, 0xFF, 0xFF, 0xFF, 0xFF, 0xFF, 0xFF, 0xFF, 0xFF, 0xFF, 0x19, 0xBE,
    0x50, 0x02, 0xAA, 0x0C, 0x6B, 0x0C, 0xC9, 0x0C, 0x19, 0xBE, 0x19, 0xBE, 0x19, 0xBE, 0x19, 0xBE,
    0x19, 0xBE, 0x19, 0xBE, 0x19, 0xBE, 0x95, 0x8C, 0x30, 0x02, 0x4B, 0x04, 0xAA, 0x0C, 0x4B, 0x0C,
    0x30, 0x02, 0x30, 0x02, 0x50, 0x02, 0x50, 0x02, 0x30, 0x02, 0x30, 0x02, 0x50, 0x02, 0x50, 0x02,
    0x70, 0x02, 0x8A, 0x0C, 0x6B, 0x0C, 0xCA, 0x0C, 0xAA, 0x0C, 0x4B, 0x04, 0xAA, 0x0C, 0x4B, 0x04,
    0xAA, 0x0C, 0x4B, 0x04, 0xAA, 0x0C, 0x4B, 0x04, 0xAA, 0x0C, 0x6B, 0x0C, 0xC9, 0x0C, 0x6B, 0x0C,
    0x4B, 0x0C, 0xC9, 0x0C, 0x6B, 0x0C, 0xAA, 0x0C, 0x6B, 0x0C, 0xC9, 0x0C, 0x6B, 0x0C, 0xAA, 0x0C,
    0x6B, 0x0C, 0xC9, 0x0C, 0x6B, 0x0C, 0xC9, 0x0C, 0xAA, 0x0C, 0x6B, 0x0C, 0xAA, 0x0C, 0x6B, 0x0C,
    0xAA, 0x0C, 0x6B, 0x0C, 0xAA, 0x0C, 0x6B, 0x0C, 0xAA, 0x0C, 0x6B, 0x0C, 0xAA, 0x0C, 0x4B, 0x0C,
    0x4B, 0x0C, 0xAA, 0x0C, 0x6B, 0x0C, 0xAA, 0x0C, 0x6B, 0x0C, 0xAA, 0x0C, 0x6B, 0x0C, 0xAA, 0x0C,
    0x6B, 0x0C, 0xAA, 0x0C, 0x6B, 0x0C, 0xCA, 0x0C, 0xAA, 0x0C, 0x6B, 0x0C, 0xC9, 0x0C, 0x6B, 0x0C,
    0xAA, 0x0C, 0x6B, 0x0C, 0xC9, 0x0C, 0x6B, 0x0C, 0xAA, 0x0C, 0x6B, 0x0C, 0xC9, 0x0C, 0x6B, 0x0C,
    0x4C, 0x04, 0xAA, 0x0C, 0x4B, 0x04, 0xAA, 0x0C, 0x4B, 0x04, 0xAA, 0x0C, 0x4B, 0x04, 0xAA, 0x0C,
    0x4B, 0x04, 0xCA, 0x0C, 0x6B, 0x0C, 0xC9, 0x0C, 0x50, 0x02, 0x30, 0x02, 0x30, 0x02, 0x50, 0x02,
    0x50, 0x02, 0x30, 0x02, 0x30, 0x02, 0x50, 0x02, 0x50, 0x02, 0x4B, 0x04, 0xAA, 0x0C, 0x4B, 0x0C,
    0x19, 0xBE, 0x19, 0xBE, 0x19, 0xBE, 0x19, 0xBE, 0x19, 0xBE, 0x19, 0xBE, 0x19, 0xBE, 0x95, 0x8C,
    0x30, 0x02, 0x8A, 0x0C, 0x6B, 0x0C, 0xCA, 0x0C, 0xFF, 0xFF, 0xFF, 0xFF, 0xFF, 0xFF, 0xFF, 0xFF,
    0xFF, 0xFF, 0xFF, 0xFF, 0xFF, 0xFF, 0x19, 0xBE, 0x30, 0x02, 0x4B, 0x04, 0xC9, 0x0C, 0x6B, 0x0C,
    0xFF, 0xFF, 0xFF, 0xFF, 0xFF, 0xFF, 0xFF, 0xFF, 0xFF, 0xFF, 0xFF, 0xFF, 0xFF, 0xFF, 0x19, 0xBE,
    0x50, 0x02, 0xAA, 0x0C, 0x6B, 0x0C, 0xC9, 0x0C, 0x19, 0xBE, 0x19, 0xBE, 0x19, 0xBE, 0x19, 0xBE,
    0x19, 0xBE, 0x19, 0xBE, 0x19, 0xBE, 0x95, 0x8C, 0x30, 0x02, 0x4B, 0x04, 0xAA, 0x0C, 0x4B, 0x0C,
    0x30, 0x02, 0x30, 0x02, 0x50, 0x02, 0x50, 0x02, 0x30, 0x02, 0x30, 0x02, 0x50, 0x02, 0x50, 0x02,
    0x70, 0x02, 0x8A, 0x0C, 0x6B, 0x0C, 0xCA, 0x0C, 0xAA, 0x0C, 0x4B, 0x04, 0xAA, 0x0C, 0x4B, 0x04,
    0xAA, 0x0C, 0x4B, 0x04, 0xAA, 0x0C, 0x4B, 0x04, 0xAA, 0x0C, 0x6B, 0x0C, 0xC9, 0x0C, 0x6B, 0x0C,
    0x4B, 0x0C, 0xC9, 0x0C, 0x6B, 0x0C, 0xAA, 0x0C, 0x6B, 0x0C, 0xC9, 0x0C, 0x6B, 0x0C, 0xAA, 0x0C,
    0x6B, 0x0C, 0xC9, 0x0C, 0x6B, 0x0C, 0xC9, 0x0C, 0xAA, 0x0C, 0x6B, 0x0C, 0xAA, 0x0C, 0x4B, 0x04,
    0xCB, 0x2C, 0x8D, 0x3C, 0xEC, 0x3C, 0x6C, 0x2C, 0xAA, 0x0C, 0x6B, 0x0C, 0xAA, 0x0C, 0x4B, 0x0C,
    0x4B, 0x0C, 0xAA, 0x0C, 0x4B, 0x04, 0x50, 0x02, 0xF9, 0xBD, 0xDF, 0xFF, 0xFF, 0xFF, 0xF9, 0xBD,
    0x70, 0x02, 0x8A, 0x0C, 0x6B, 0x0C, 0xCA, 0x0C, 0xAA, 0x0C, 0x6B, 0x0C, 0xAA, 0x0C, 0x50, 0x02,
    0x19, 0xBE, 0xFF, 0xFF, 0xFF, 0xFF, 0x19, 0xBE, 0x30, 0x02, 0x4B, 0x04, 0xC9, 0x0C, 0x6B, 0x0C,
    0x4B, 0x0C, 0xC9, 0x0C, 0x4B, 0x04, 0x50, 0x02, 0x19, 0xBE, 0xFF, 0xFF, 0xFF, 0xFF, 0x19, 0xBE,
    0x30, 0x02, 0x8A, 0x0C, 0x4B, 0x04, 0xAA, 0x0C, 0xAA, 0x0C, 0x6B, 0x0C, 0xAA, 0x0C, 0x50, 0x02,
    0x19, 0xBE, 0xFF, 0xFF, 0xFF, 0xFF, 0x19, 0xBE, 0x10, 0x02, 0x30, 0x02, 0x30, 0x02, 0x50, 0x02,
    0x4B, 0x0C, 0xAA, 0x0C, 0x4B, 0x04, 0x50, 0x02, 0x19, 0xBE, 0xFF, 0xFF, 0xFF, 0xFF, 0x1D, 0xE7,
    0x19, 0xBE, 0x19, 0xBE, 0x19, 0xBE, 0x19, 0xBE, 0xAA, 0x0C, 0x6B, 0x0C, 0xAA, 0x0C, 0x50, 0x02,
    0x19, 0xBE, 0xFF, 0xFF, 0xFF, 0xFF, 0xFF, 0xFF, 0xFF, 0xFF, 0xFF, 0xFF, 0xFF, 0xFF, 0xFF, 0xFF,
    0x4B, 0x0C, 0xC9, 0x0C, 0x4B, 0x04, 0x50, 0x02, 0x19, 0xBE, 0xFF, 0xFF, 0xFF, 0xFF, 0xFF, 0xFF,
    0xFF, 0xFF, 0xFF, 0xFF, 0xFF, 0xFF, 0xFF, 0xFF, 0xAA, 0x0C, 0x6B, 0x0C, 0xAA, 0x0C, 0x50, 0x02,
    0x19, 0xBE, 0xFF, 0xFF, 0xFF, 0xFF, 0x1D, 0xE7, 0x19, 0xBE, 0x19, 0xBE, 0x19, 0xBE, 0x19, 0xBE,
    0x4B, 0x0C, 0xAA, 0x0C, 0x4B, 0x04, 0x50, 0x02, 0x19, 0xBE, 0xFF, 0xFF, 0xFF, 0xFF, 0x19, 0xBE,
    0x10, 0x02, 0x30, 0x02, 0x50, 0x02, 0x50, 0x02, 0xAA, 0x0C, 0x6B, 0x0C, 0xAA, 0x0C, 0x50, 0x02,
    0x19, 0xBE, 0xFF, 0xFF, 0xFF, 0xFF, 0x19, 0xBE, 0x30, 0x02, 0x2C, 0x04, 0xAA, 0x0C, 0x4B, 0x04,
    0x4B, 0x0C, 0xC9, 0x0C, 0x4B, 0x04, 0x50, 0x02, 0x19, 0xBE, 0xFF, 0xFF, 0xFF, 0xFF, 0x19, 0xBE,
    0x50, 0x02, 0xAA, 0x0C, 0x6B, 0x0C, 0xC9, 0x0C, 0xAA, 0x0C, 0x6B, 0x0C, 0xAA, 0x0C, 0x70, 0x02,
    0xF9, 0xBD, 0xFF, 0xFF, 0xDF, 0xFF, 0xF9, 0xBD, 0x50, 0x02, 0x4B, 0x04, 0xAA, 0x0C, 0x4B, 0x0C,
    0x4B, 0x0C, 0xAA, 0x0C, 0x6B, 0x0C, 0xAA, 0x0C, 0x6C, 0x2C, 0xEC, 0x3C, 0x8D, 0x3C, 0xCB, 0x2C,
    0x4B, 0x04, 0xAA, 0x0C, 0x6B, 0x0C, 0xCA, 0x0C, 0xAA, 0x0C, 0x6B, 0x0C, 0xC9, 0x0C, 0x6B, 0x0C,
    0xAA, 0x0C, 0x6B, 0x0C, 0xC9, 0x0C, 0x6B, 0x0C, 0xAA, 0x0C, 0x6B, 0x0C, 0xC9, 0x0C, 0x6B, 0x0C,
    0x4B, 0x0C, 0xC9, 0x0C, 0x6B, 0x0C, 0xAA, 0x0C, 0x4B, 0x04, 0xAA, 0x0C, 0x4B, 0x04, 0xAA, 0x0C,
    0x4B, 0x04, 0xAA, 0x0C, 0x4B, 0x04, 0xAA, 0x0C, 0xAA, 0x0C, 0x6B, 0x0C, 0xAA, 0x0C, 0x70, 0x02,
    0x50, 0x02, 0x30, 0x02, 0x30, 0x02, 0x50, 0x02, 0x50, 0x02, 0x30, 0x02, 0x30, 0x02, 0x50, 0x02,
    0x4B, 0x0C, 0xAA, 0x0C, 0x4B, 0x04, 0x50, 0x02, 0x95, 0x8C, 0x19, 0xBE, 0x19, 0xBE, 0x19, 0xBE,
    0x19, 0xBE, 0x19, 0xBE, 0x19, 0xBE, 0x19, 0xBE, 0xAA, 0x0C, 0x6B, 0x0C, 0xAA, 0x0C, 0x50, 0x02,
    0x19, 0xBE, 0xFF, 0xFF, 0xFF, 0xFF, 0xFF, 0xFF, 0xFF, 0xFF, 0xFF, 0xFF, 0xFF, 0xFF, 0xFF, 0xFF,
    0x4B, 0x0C, 0xC9, 0x0C, 0x4B, 0x04, 0x50, 0x02, 0x19, 0xBE, 0xFF, 0xFF, 0xFF, 0xFF, 0xFF, 0xFF,
    0xFF, 0xFF, 0xFF, 0xFF, 0xFF, 0xFF, 0xFF, 0xFF, 0xAA, 0x0C, 0x6B, 0x0C, 0xAA, 0x0C, 0x50, 0x02,
    0x19, 0xBE, 0xFF, 0xFF, 0xFF, 0xFF, 0x1D, 0xE7, 0x19, 0xBE, 0x19, 0xBE, 0x19, 0xBE, 0x19, 0xBE,
    0x4B, 0x0C, 0xAA, 0x0C, 0x4B, 0x04, 0x50, 0x02, 0x19, 0xBE, 0xFF, 0xFF, 0xFF, 0xFF, 0x19, 0xBE,
    0x10, 0x02, 0x30, 0x02, 0x50, 0x02, 0x50, 0x02, 0xAA, 0x0C, 0x6B, 0x0C, 0xAA, 0x0C, 0x50, 0x02,
    0x19, 0xBE, 0xFF, 0xFF, 0xFF, 0xFF, 0x19, 0xBE, 0x30, 0x02, 0x2C, 0x04, 0xAA, 0x0C, 0x4B, 0x04,
    0x4B, 0x0C, 0xC9, 0x0C, 0x4B, 0x04, 0x50, 0x02, 0x19, 0xBE, 0xFF, 0xFF, 0xFF, 0xFF, 0x19, 0xBE,
    0x50, 0x02, 0xAA, 0x0C, 0x6B, 0x0C, 0xC9, 0x0C, 0xAA, 0x0C, 0x6B, 0x0C, 0xAA, 0x0C, 0x50, 0x02,
    0x19, 0xBE, 0xFF, 0xFF, 0xFF, 0xFF, 0x19, 0xBE, 0x30, 0x02, 0x4B, 0x04, 0xAA, 0x0C, 0x4B, 0x0C,
    0x4B, 0x0C, 0xAA, 0x0C, 0x4B, 0x04, 0x50, 0x02, 0x19, 0xBE, 0xFF, 0xFF, 0xFF, 0xFF, 0x19, 0xBE,
    0x30, 0x02, 0x8A, 0x0C, 0x6B, 0x0C, 0xCA, 0x0C, 0xAA, 0x0C, 0x6B, 0x0C, 0xAA, 0x0C, 0x50, 0x02,
    0x19, 0xBE, 0xFF, 0xFF, 0xFF, 0xFF, 0x19, 0xBE, 0x30, 0x02, 0x4B, 0x04, 0xC9, 0x0C, 0x6B, 0x0C,
    0x4B, 0x0C, 0xC9, 0x0C, 0x4B, 0x04, 0x50, 0x02, 0x19, 0xBE, 0xFF, 0xFF, 0xFF, 0xFF, 0x19, 0xBE,
    0x50, 0x02, 0xAA, 0x0C, 0x6B, 0x0C, 0xC9, 0x0C, 0xAA, 0x0C, 0x6B, 0x0C, 0xAA, 0x0C, 0x50, 0x02,
    0x19, 0xBE, 0xFF, 0xFF, 0xFF, 0xFF, 0x19, 0xBE, 0x30, 0x02, 0x4B, 0x04, 0xAA, 0x0C, 0x4B, 0x0C,
    0x4B, 0x0C, 0xAA, 0x0C, 0x4B, 0x04, 0x50, 0x02, 0x19, 0xBE, 0xFF, 0xFF, 0xFF, 0xFF, 0x19, 0xBE,
    0x30, 0x02, 0x8A, 0x0C, 0x6B, 0x0C, 0xCA, 0x0C, 0xAA, 0x0C, 0x6B, 0x0C, 0xAA, 0x0C, 0x50, 0x02,
    0x19, 0xBE, 0xFF, 0xFF, 0xFF, 0xFF, 0x19, 0xBE, 0x30, 0x02, 0x4B, 0x04, 0xC9, 0x0C, 0x6B, 0x0C,
    0x4B, 0x0C, 0xC9, 0x0C, 0x4B, 0x04, 0x50, 0x02, 0x19, 0xBE, 0xFF, 0xFF, 0xFF, 0xFF, 0x19, 0xBE,
    0x50, 0x02, 0xAA, 0x0C, 0x6B, 0x0C, 0xC9, 0x0C, 0xAA, 0x0C, 0x6B, 0x0C, 0xAA, 0x0C, 0x50, 0x02,
    0x19, 0xBE, 0xFF, 0xFF, 0xFF, 0xFF, 0x19, 0xBE, 0x30, 0x02, 0x4B, 0x04, 0xAA, 0x0C, 0x4B, 0x0C,
    0x4B, 0x0C, 0xAA, 0x0C, 0x4B, 0x04, 0x50, 0x02, 0x19, 0xBE, 0xFF, 0xFF, 0xFF, 0xFF, 0x19, 0xBE,
    0x30, 0x02, 0x8A, 0x0C, 0x6B, 0x0C, 0xCA, 0x0C, 0xAA, 0x0C, 0x6B, 0x0C, 0xAA, 0x0C, 0x50, 0x02,
    0x19, 0xBE, 0xFF, 0xFF, 0xFF, 0xFF, 0x19, 0xBE, 0x30, 0x02, 0x4B, 0x04, 0xC9, 0x0C, 0x6B, 0x0C,
    0x4B, 0x0C, 0xC9, 0x0C, 0x4B, 0x04, 0x50, 0x02, 0x19, 0xBE, 0xFF, 0xFF, 0xFF, 0xFF, 0x19, 0xBE,
    0x50, 0x02, 0xAA, 0x0C, 0x6B, 0x0C, 0xC9, 0x0C, 0xAA, 0x0C, 0x6B, 0x0C, 0xAA, 0x0C, 0x70, 0x02,
    0xF9, 0xBD, 0xFF, 0xFF, 0xDF, 0xFF, 0xF9, 0xBD, 0x50, 0x02, 0x4B, 0x04, 0xAA, 0x0C, 0x4B, 0x0C,
    0x4B, 0x0C, 0xAA, 0x0C, 0x6B, 0x0C, 0xAA, 0x0C, 0x6C, 0x2C, 0xEC, 0x3C, 0x8D, 0x3C, 0xCB, 0x2C,
    0x4B, 0x04, 0xAA, 0x0C, 0x6B, 0x0C, 0xCA, 0x0C, 0xAA, 0x0C, 0x6B, 0x0C, 0xC9, 0x0C, 0x6B, 0x0C,
    0xAA, 0x0C, 0x6B, 0x0C, 0xC9, 0x0C, 0x6B, 0x0C, 0xAA, 0x0C, 0x6B, 0x0C, 0xC9, 0x0C, 0x6B, 0x0C,
    0x4B, 0x0C, 0xC9, 0x0C, 0x6B, 0x0C, 0xAA, 0x0C, 0x4B, 0x04, 0xAA, 0x0C, 0x4B, 0x04, 0xAA, 0x0C,
    0x4B, 0x04, 0xCA, 0x0C, 0x6B, 0x0C, 0xC9, 0x0C, 0xAA, 0x0C, 0x6B, 0x0C, 0xAA, 0x0C, 0x70, 0x02,
    0x50, 0x02, 0x30, 0x02, 0x30, 0x02, 0x50, 0x02, 0x50, 0x02, 0x4B, 0x04, 0xAA, 0x0C, 0x4B, 0x0C,
    0x4B, 0x0C, 0xAA, 0x0C, 0x4B, 0x04, 0x50, 0x02, 0x95, 0x8C, 0x19, 0xBE, 0x19, 0xBE, 0x95, 0x8C,
    0x30, 0x02, 0x8A, 0x0C, 0x6B, 0x0C, 0xCA, 0x0C, 0xAA, 0x0C, 0x6B, 0x0C, 0xAA, 0x0C, 0x50, 0x02,
    0x19, 0xBE, 0xFF, 0xFF, 0xFF, 0xFF, 0x19, 0xBE, 0x30, 0x02, 0x4B, 0x04, 0xC9, 0x0C, 0x6B, 0x0C,
    0x4B, 0x0C, 0xC9, 0x0C, 0x4B, 0x04, 0x50, 0x02, 0x19, 0xBE, 0xFF, 0xFF, 0xFF, 0xFF, 0x19, 0xBE,
    0x50, 0x02, 0xAA, 0x0C, 0x6B, 0x0C, 0xC9, 0x0C, 0xAA, 0x0C, 0x6B, 0x0C, 0xAA, 0x0C, 0x50, 0x02,
    0x19, 0xBE, 0xFF, 0xFF, 0xFF, 0xFF, 0x19, 0xBE, 0x30, 0x02, 0x4B, 0x04, 0xAA, 0x0C, 0x4B, 0x0C,
    0x4B, 0x0C, 0xAA, 0x0C, 0x4B, 0x04, 0x50, 0x02, 0x19, 0xBE, 0xFF, 0xFF, 0xFF, 0xFF, 0x19, 0xBE,
    0x30, 0x02, 0x8A, 0x0C, 0x6B, 0x0C, 0xCA, 0x0C, 0xAA, 0x0C, 0x6B, 0x0C, 0xAA, 0x0C, 0x50, 0x02,
    0x19, 0xBE, 0xFF, 0xFF, 0xFF, 0xFF, 0x19, 0xBE, 0x30, 0x02, 0x4B, 0x04, 0xC9, 0x0C, 0x6B, 0x0C,
    0x4B, 0x0C, 0xC9, 0x0C, 0x4B, 0x04, 0x50, 0x02, 0x19, 0xBE, 0xFF, 0xFF, 0xFF, 0xFF, 0x19, 0xBE,
    0x50, 0x02, 0xAA, 0x0C, 0x6B, 0x0C, 0xC9, 0x0C, 0xAA, 0x0C, 0x6B, 0x0C, 0xAA, 0x0C, 0x50, 0x02,
    0x19, 0xBE, 0xFF, 0xFF, 0xFF, 0xFF, 0x19, 0xBE, 0x30, 0x02, 0x4B, 0x04, 0xAA, 0x0C, 0x4B, 0x0C,
    0x4B, 0x0C, 0xAA, 0x0C, 0x4B, 0x04, 0x50, 0x02, 0x19, 0xBE, 0xFF, 0xFF, 0xFF, 0xFF, 0x19, 0xBE,
    0x30, 0x02, 0x8A, 0x0C, 0x6B, 0x0C, 0xCA, 0x0C, 0xAA, 0x0C, 0x6B, 0x0C, 0xAA, 0x0C, 0x50, 0x02,
    0x19, 0xBE, 0xFF, 0xFF, 0xFF, 0xFF, 0x19, 0xBE, 0x30, 0x02, 0x4B, 0x04, 0xC9, 0x0C, 0x6B, 0x0C,
    0x4B, 0x0C, 0xC9, 0x0C, 0x4B, 0x04, 0x50, 0x02, 0x19, 0xBE, 0xFF, 0xFF, 0xFF, 0xFF, 0x19, 0xBE,
    0x30, 0x02, 0x8A, 0x0C, 0x4B, 0x04, 0xAA, 0x0C, 0xAA, 0x0C, 0x6B, 0x0C, 0xAA, 0x0C, 0x50, 0x02,
    0x19, 0xBE, 0xFF, 0xFF, 0xFF, 0xFF, 0x19, 0xBE, 0x10, 0x02, 0x30, 0x02, 0x30, 0x02, 0x50, 0x02,
    0x4B, 0x0C, 0xAA, 0x0C, 0x4B, 0x04, 0x50, 0x02, 0x19, 0xBE, 0xFF, 0xFF, 0xFF, 0xFF, 0x1D, 0xE7,
    0x19, 0xBE, 0x19, 0xBE, 0x19, 0xBE, 0x19, 0xBE, 0xAA, 0x0C, 0x6B, 0x0C, 0xAA, 0x0C, 0x50, 0x02,
    0x19, 0xBE, 0xFF, 0xFF, 0xFF, 0xFF, 0xFF, 0xFF, 0xFF, 0xFF, 0xFF, 0xFF, 0xFF, 0xFF, 0xFF, 0xFF,
    0x4B, 0x0C, 0xC9, 0x0C, 0x4B, 0x04, 0x50, 0x02, 0x19, 0xBE, 0xFF, 0xFF, 0xFF, 0xFF, 0xFF, 0xFF,
    0xFF, 0xFF, 0xFF, 0xFF, 0xFF, 0xFF, 0xFF, 0xFF, 0xAA, 0x0C, 0x6B, 0x0C, 0xAA, 0x0C, 0x50, 0x02,
    0x95, 0x8C, 0x19, 0xBE, 0x19, 0xBE, 0x19, 0xBE, 0x19, 0xBE, 0x19, 0xBE, 0x19, 0xBE, 0x19, 0xBE,
    0x4B, 0x0C, 0xAA, 0x0C, 0x4B, 0x04, 0x70, 0x02, 0x30, 0x02, 0x30, 0x02, 0x50, 0x02, 0x50, 0x02,
    0x30, 0x02, 0x30, 0x02, 0x50, 0x02, 0x50, 0x02, 0xAA, 0x0C, 0x6B, 0x0C, 0xCA, 0x0C, 0x4B, 0x04,
    0xAA, 0x0C, 0x4B, 0x04, 0xAA, 0x0C, 0x4B, 0x04, 0xAA, 0x0C, 0x4B, 0x04, 0xAA, 0x0C, 0x4B, 0x04,
    0x4B, 0x0C, 0xC9, 0x0C, 0x6B, 0x0C, 0xAA, 0x0C, 0x6B, 0x0C, 0xC9, 0x0C, 0x6B, 0x0C, 0xAA, 0x0C,
    0x6B, 0x0C, 0xC9, 0x0C, 0x6B, 0x0C, 0xC9, 0x0C, 0xAA, 0x0C, 0x6B, 0x0C, 0xAA, 0x0C, 0x6B, 0x0C,
    0xAA, 0x0C, 0x6B, 0x0C, 0xAA, 0x0C, 0x6B, 0x0C, 0xAA, 0x0C, 0x6B, 0x0C, 0xAA, 0x0C, 0x4B, 0x0C,
    0x4B, 0x0C, 0xAA, 0x0C, 0x6B, 0x0C, 0xAA, 0x0C, 0x6B, 0x0C, 0xAA, 0x0C, 0x6B, 0x0C, 0xAA, 0x0C,
    0x6B, 0x0C, 0xAA, 0x0C, 0x6B, 0x0C, 0xCA, 0x0C, 0xAA, 0x0C, 0x6B, 0x0C, 0xC9, 0x0C, 0x6B, 0x0C,
    0xAA, 0x0C, 0x6B, 0x0C, 0xC9, 0x0C, 0x6B, 0x0C, 0xAA, 0x0C, 0x6B, 0x0C, 0xC9, 0x0C, 0x6B, 0x0C,
    0x4B, 0x0C, 0xC9, 0x0C, 0x6B, 0x0C, 0xAA, 0x0C, 0x4B, 0x04, 0xAA, 0x0C, 0x4B, 0x04, 0xAA, 0x0C,
    0x4B, 0x04, 0xAA, 0x0C, 0x4B, 0x04, 0xAA, 0x0C, 0xAA, 0x0C, 0x6B, 0x0C, 0xAA, 0x0C, 0x70, 0x02,
    0x50, 0x02, 0x30, 0x02, 0x30, 0x02, 0x50, 0x02, 0x50, 0x02, 0x30, 0x02, 0x30, 0x02, 0x50, 0x02,
    0x4B, 0x0C, 0xAA, 0x0C, 0x4B, 0x04, 0x50, 0x02, 0x95, 0x8C, 0x19, 0xBE, 0x19, 0xBE, 0x19, 0xBE,
    0x19, 0xBE, 0x19, 0xBE, 0x19, 0xBE, 0x19, 0xBE, 0xAA, 0x0C, 0x6B, 0x0C, 0xAA, 0x0C, 0x50, 0x02,
    0x19, 0xBE, 0xFF, 0xFF, 0xFF, 0xFF, 0xFF, 0xFF, 0xFF, 0xFF, 0xFF, 0xFF, 0xFF, 0xFF, 0xFF, 0xFF,
    0x4B, 0x0C, 0xC9, 0x0C, 0x4B, 0x04, 0x50, 0x02, 0x19, 0xBE, 0xFF, 0xFF, 0xFF, 0xFF, 0xFF, 0xFF,
    0xFF, 0xFF, 0xFF, 0xFF, 0xFF, 0xFF, 0xFF, 0xFF, 0xAA, 0x0C, 0x6B, 0x0C, 0xAA, 0x0C, 0x50, 0x02,
    0x95, 0x8C, 0x19, 0xBE, 0x19, 0xBE, 0x19, 0xBE, 0x19, 0xBE, 0x19, 0xBE, 0x19, 0xBE, 0x19, 0xBE,
    0x4B, 0x0C, 0xAA, 0x0C, 0x4B, 0x04, 0x70, 0x02, 0x30, 0x02, 0x30, 0x02, 0x50, 0x02, 0x50, 0x02,
    0x30, 0x02, 0x30, 0x02, 0x50, 0x02, 0x50, 0x02, 0xAA, 0x0C, 0x6B, 0x0C, 0xCA, 0x0C, 0x4B, 0x04,
    0xAA, 0x0C, 0x4B, 0x04, 0xAA, 0x0C, 0x4B, 0x04, 0xAA, 0x0C, 0x4B, 0x04, 0xAA, 0x0C, 0x4B, 0x04,
    0x4B, 0x0C, 0xC9, 0x0C, 0x6B, 0x0C, 0xAA, 0x0C, 0x6B, 0x0C, 0xC9, 0x0C, 0x6B, 0x0C, 0xAA, 0x0C,
    0x6B, 0x0C, 0xC9, 0x0C, 0x6B, 0x0C, 0xC9, 0x0C, 0xAA, 0x0C, 0x6B, 0x0C, 0xAA, 0x0C, 0x4B, 0x04,
    0xCB, 0x2C, 0x8D, 0x3C, 0xEC, 0x3C, 0x6C, 0x2C, 0xAA, 0x0C, 0x6B, 0x0C, 0xAA, 0x0C, 0x4B, 0x0C,
    0x4B, 0x0C, 0xAA, 0x0C, 0x4B, 0x04, 0x50, 0x02, 0xF9, 0xBD, 0xDF, 0xFF, 0xFF, 0xFF, 0xF9, 0xBD,
    0x70, 0x02, 0x8A, 0x0C, 0x6B, 0x0C, 0xCA, 0x0C, 0xAA, 0x0C, 0x6B, 0x0C, 0xAA, 0x0C, 0x50, 0x02,
    0x19, 0xBE, 0xFF, 0xFF, 0xFF, 0xFF, 0x19, 0xBE, 0x30, 0x02, 0x4B, 0x04, 0xC9, 0x0C, 0x6B, 0x0C,
    0x4B, 0x0C, 0xC9, 0x0C, 0x4B, 0x04, 0x50, 0x02, 0x19, 0xBE, 0xFF, 0xFF, 0xFF, 0xFF, 0x19, 0xBE,
    0x50, 0x02, 0xAA, 0x0C, 0x6B, 0x0C, 0xC9, 0x0C, 0xAA, 0x0C, 0x6B, 0x0C, 0xAA, 0x0C, 0x50, 0x02,
    0x19, 0xBE, 0xFF, 0xFF, 0xFF, 0xFF, 0x19, 0xBE, 0x30, 0x02, 0x4B, 0x04, 0xAA, 0x0C, 0x4B, 0x0C,
    0x4B, 0x0C, 0xAA, 0x0C, 0x4B, 0x04, 0x50, 0x02, 0x19, 0xBE, 0xFF, 0xFF, 0xFF, 0xFF, 0x19, 0xBE,
    0x30, 0x02, 0x8A, 0x0C, 0x6B, 0x0C, 0xCA, 0x0C, 0xAA, 0x0C, 0x6B, 0x0C, 0xAA, 0x0C, 0x50, 0x02,
    0x19, 0xBE, 0xFF, 0xFF, 0xFF, 0xFF, 0x19, 0xBE, 0x30, 0x02, 0x4B, 0x04, 0xC9, 0x0C, 0x6B, 0x0C,
    0x4B, 0x0C, 0xC9, 0x0C, 0x4B, 0x04, 0x50, 0x02, 0x19, 0xBE, 0xFF, 0xFF, 0xFF, 0xFF, 0x19, 0xBE,
    0x50, 0x02, 0xAA, 0x0C, 0x6B, 0x0C, 0xC9, 0x0C, 0xAA, 0x0C, 0x6B, 0x0C, 0xAA, 0x0C, 0x50, 0x02,
    0x95, 0x8C, 0x19, 0xBE, 0x19, 0xBE, 0x95, 0x8C, 0x30, 0x02, 0x4B, 0x04, 0xAA, 0x0C, 0x4B, 0x0C,
    0x4B, 0x0C, 0xAA, 0x0C, 0x4B, 0x04, 0x70, 0x02, 0x30, 0x02, 0x30, 0x02, 0x50, 0x02, 0x50, 0x02,
    0x70, 0x02, 0x8A, 0x0C, 0x6B, 0x0C, 0xCA, 0x0C, 0xAA, 0x0C, 0x6B, 0x0C, 0xCA, 0x0C, 0x4B, 0x04,
    0xAA, 0x0C, 0x4B, 0x04, 0xAA, 0x0C, 0x4B, 0x04, 0xAA, 0x0C, 0x6B, 0x0C, 0xC9, 0x0C, 0x6B, 0x0C,
    0x4B, 0x0C, 0xC9, 0x0C, 0x6B, 0x0C, 0xAA, 0x0C, 0x6B, 0x0C, 0xC9, 0x0C, 0x6B, 0x0C, 0xAA, 0x0C,
    0x6B, 0x0C, 0xC9, 0x0C, 0x6B, 0x0C, 0xC9, 0x0C, 0xAA, 0x0C, 0x6B, 0x0C, 0xAA, 0x0C, 0x6B, 0x0C,
    0xAA, 0x0C, 0x6B, 0x0C, 0xAA, 0x0C, 0x6B, 0x0C, 0xAA, 0x0C, 0x6B, 0x0C, 0xAA, 0x0C, 0x4B, 0x0C,
    0x4B, 0x0C, 0xAA, 0x0C, 0x6B, 0x0C, 0xAA, 0x0C, 0x6B, 0x0C, 0xAA, 0x0C, 0x6B, 0x0C, 0xAA, 0x0C,
    0x6B, 0x0C, 0xAA, 0x0C, 0x6B, 0x0C, 0xCA, 0x0C, 0xAA, 0x0C, 0x6B, 0x0C, 0xC9, 0x0C, 0x6B, 0x0C,
    0xAA, 0x0C, 0x6B, 0x0C, 0xC9, 0x0C, 0x6B, 0x0C, 0xAA, 0x0C, 0x6B, 0x0C, 0xC9, 0x0C, 0x6B, 0x0C,
    0x4B, 0x0C, 0xC9, 0x0C, 0x6B, 0x0C, 0xAA, 0x0C, 0x4B, 0x04, 0xAA, 0x0C, 0x4B, 0x04, 0xAA, 0x0C,
    0x4B, 0x04, 0xCA, 0x0C, 0x6B, 0x0C, 0xC9, 0x0C, 0xAA, 0x0C, 0x6B, 0x0C, 0xAA, 0x0C, 0x70, 0x02,
    0x50, 0x02, 0x30, 0x02, 0x30, 0x02, 0x50, 0x02, 0x50, 0x02, 0x4B, 0x04, 0xAA, 0x0C, 0x4B, 0x0C,
    0x4B, 0x0C, 0xAA, 0x0C, 0x4B, 0x04, 0x50, 0x02, 0x95, 0x8C, 0x19, 0xBE, 0x19, 0xBE, 0x95, 0x8C,
    0x30, 0x02, 0x8A, 0x0C, 0x6B, 0x0C, 0xCA, 0x0C, 0xAA, 0x0C, 0x6B, 0x0C, 0xAA, 0x0C, 0x50, 0x02,
    0x19, 0xBE, 0xFF, 0xFF, 0xFF, 0xFF, 0x19, 0xBE, 0x30, 0x02, 0x4B, 0x04, 0xC9, 0x0C, 0x6B, 0x0C,
    0x4B, 0x0C, 0xC9, 0x0C, 0x4B, 0x04, 0x50, 0x02, 0x19, 0xBE, 0xFF, 0xFF, 0xFF, 0xFF, 0x19, 0xBE,
    0x50, 0x02, 0xAA, 0x0C, 0x6B, 0x0C, 0xC9, 0x0C, 0xAA, 0x0C, 0x6B, 0x0C, 0xAA, 0x0C, 0x50, 0x02,
    0x95, 0x8C, 0x19, 0xBE, 0x19, 0xBE, 0x95, 0x8C, 0x30, 0x02, 0x4B, 0x04, 0xAA, 0x0C, 0x4B, 0x0C,
    0x4B, 0x0C, 0xAA, 0x0C, 0x4B, 0x04, 0x70, 0x02, 0x30, 0x02, 0x30, 0x02, 0x50, 0x02, 0x50, 0x02,
    0x70, 0x02, 0x8A, 0x0C, 0x6B, 0x0C, 0xCA, 0x0C, 0xAA, 0x0C, 0x6B, 0x0C, 0xCA, 0x0C, 0x4B, 0x04,
    0xAA, 0x0C, 0x4B, 0x04, 0xAA, 0x0C, 0x4B, 0x04, 0xAA, 0x0C, 0x6B, 0x0C, 0xC9, 0x0C, 0x6B, 0x0C,
    0x4B, 0x0C, 0xC9, 0x0C, 0x6B, 0x0C, 0xAA, 0x0C, 0x6B, 0x0C, 0xC9, 0x0C, 0x6B, 0x0C, 0xAA, 0x0C,
    0x6B, 0x0C, 0xC9, 0x0C, 0x6B, 0x0C, 0xC9, 0x0C, 0xAA, 0x0C, 0x6B, 0x0C, 0xAA, 0x0C, 0x4B, 0x04,
    0xAB, 0x14, 0x6C, 0x14, 0xCC, 0x1C, 0x6C, 0x14, 0xAA, 0x0C, 0x6B, 0x0C, 0xAA, 0x0C, 0x4B, 0x0C,
    0x4B, 0x0C, 0xAA, 0x0C, 0x4B, 0x04, 0x50, 0x02, 0x79, 0x54, 0x99, 0x5C, 0x3C, 0x6D, 0x79, 0x54,
    0x70, 0x02, 0x8A, 0x0C, 0x6B, 0x0C, 0xCA, 0x0C, 0xAA, 0x0C, 0x6B, 0x0C, 0xAA, 0x0C, 0x50, 0x02,
    0x79, 0x54, 0x9A, 0x5C, 0x9A, 0x5C, 0x79, 0x54, 0x30, 0x02, 0x4B, 0x04, 0xC9, 0x0C, 0x6B, 0x0C,
    0x4C, 0x04, 0xAA, 0x0C, 0x2C, 0x04, 0x30, 0x02, 0x79, 0x54, 0x9A, 0x5C, 0x9A, 0x5C, 0x79, 0x54,
    0x30, 0x02, 0x8A, 0x0C, 0x4B, 0x04, 0xAA, 0x0C, 0x50, 0x02, 0x30, 0x02, 0x30, 0x02, 0x10, 0x02,
    0x79, 0x54, 0x9A, 0x5C, 0x9A, 0x5C, 0x79, 0x54, 0x10, 0x02, 0x30, 0x02, 0x30, 0x02, 0x50, 0x02,
    0x79, 0x54, 0x79, 0x54, 0x79, 0x54, 0x79, 0x54, 0x1C, 0x6D, 0x9A, 0x5C, 0x9A, 0x5C, 0x1C, 0x6D,
    0x79, 0x54, 0x79, 0x54, 0x79, 0x54, 0x79, 0x54, 0x9A, 0x5C, 0x9A, 0x5C, 0x9A, 0x5C, 0x9A, 0x5C,
    0x9A, 0x5C, 0x79, 0x5C, 0x79, 0x5C, 0x9A, 0x5C, 0x9A, 0x5C, 0x9A, 0x5C, 0x9A, 0x5C, 0x9A, 0x5C,
    0x9A, 0x5C, 0x9A, 0x5C, 0x9A, 0x5C, 0x9A, 0x5C, 0x9A, 0x5C, 0x79, 0x5C, 0x79, 0x5C, 0x9A, 0x5C,
    0x9A, 0x5C, 0x9A, 0x5C, 0x9A, 0x5C, 0x9A, 0x5C, 0x79, 0x54, 0x79, 0x54, 0x79, 0x54, 0x79, 0x54,
    0x1C, 0x6D, 0x9A, 0x5C, 0x9A, 0x5C, 0x1C, 0x6D, 0x79, 0x54, 0x79, 0x54, 0x79, 0x54, 0x79, 0x54,
    0x30, 0x02, 0x30, 0x02, 0x30, 0x02, 0x10, 0x02, 0x79, 0x54, 0x9A, 0x5C, 0x9A, 0x5C, 0x79, 0x54,
    0x10, 0x02, 0x30, 0x02, 0x50, 0x02, 0x50, 0x02, 0xAA, 0x0C, 0x4B, 0x04, 0xAA, 0x0C, 0x30, 0x02,
    0x79, 0x54, 0x9A, 0x5C, 0x9A, 0x5C, 0x79, 0x54, 0x30, 0x02, 0x2C, 0x04, 0xAA, 0x0C, 0x4B, 0x04,
    0x4B, 0x0C, 0xC9, 0x0C, 0x4B, 0x04, 0x50, 0x02, 0x79, 0x54, 0x9A, 0x5C, 0x9A, 0x5C, 0x79, 0x54,
    0x50, 0x02, 0xAA, 0x0C, 0x6B, 0x0C, 0xC9, 0x0C, 0xAA, 0x0C, 0x6B, 0x0C, 0xAA, 0x0C, 0x70, 0x02,
    0x59, 0x54, 0x99, 0x5C, 0x99, 0x5C, 0x79, 0x54, 0x50, 0x02, 0x4B, 0x04, 0xAA, 0x0C, 0x4B, 0x0C,
    0x4B, 0x0C, 0xAA, 0x0C, 0x6B, 0x0C, 0xAA, 0x0C, 0x4C, 0x14, 0xAB, 0x14, 0x6C, 0x14, 0xAB, 0x14,
    0x4B, 0x04, 0xAA, 0x0C, 0x6B, 0x0C, 0xCA, 0x0C, 0xAA, 0x0C, 0x6B, 0x0C, 0xC9, 0x0C, 0x6B, 0x0C,
    0xAA, 0x0C, 0x6B, 0x0C, 0xC9, 0x0C, 0x6B, 0x0C, 0xAA, 0x0C, 0x6B, 0x0C, 0xC9, 0x0C, 0x6B, 0x0C,
    0x4C, 0x04, 0xAA, 0x0C, 0x4B, 0x04, 0xAA, 0x0C, 0x4B, 0x04, 0xAA, 0x0C, 0x4B, 0x04, 0xAA, 0x0C,
    0x4B, 0x04, 0xAA, 0x0C, 0x4B, 0x04, 0xAA, 0x0C, 0x50, 0x02, 0x30, 0x02, 0x30, 0x02, 0x50, 0x02,
    0x50, 0x02, 0x30, 0x02, 0x30, 0x02, 0x50, 0x02, 0x50, 0x02, 0x30, 0x02, 0x30, 0x02, 0x50, 0x02,
    0x79, 0x54, 0x79, 0x54, 0x79, 0x54, 0x79, 0x54, 0x79, 0x54, 0x79, 0x54, 0x79, 0x54, 0x79, 0x54,
    0x79, 0x54, 0x79, 0x54, 0x79, 0x54, 0x79, 0x54, 0x9A, 0x5C, 0x9A, 0x5C, 0x9A, 0x5C, 0x9A, 0x5C,
    0x9A, 0x5C, 0x9A, 0x5C, 0x9A, 0x5C, 0x9A, 0x5C, 0x9A, 0x5C, 0x9A, 0x5C, 0x9A, 0x5C, 0x9A, 0x5C,
    0x9A, 0x5C, 0x9A, 0x5C, 0x9A, 0x5C, 0x9A, 0x5C, 0x9A, 0x5C, 0x79, 0x5C, 0x79, 0x5C, 0x9A, 0x5C,
    0x9A, 0x5C, 0x9A, 0x5C, 0x9A, 0x5C, 0x9A, 0x5C, 0x79, 0x54, 0x79, 0x54, 0x79, 0x54, 0x79, 0x54,
    0x1C, 0x6D, 0x9A, 0x5C, 0x9A, 0x5C, 0x1C, 0x6D, 0x79, 0x54, 0x79, 0x54, 0x79, 0x54, 0x79, 0x54,
    0x30, 0x02, 0x30, 0x02, 0x30, 0x02, 0x10, 0x02, 0x79, 0x54, 0x9A, 0x5C, 0x9A, 0x5C, 0x79, 0x54,
    0x10, 0x02, 0x30, 0x02, 0x50, 0x02, 0x50, 0x02, 0xAA, 0x0C, 0x4B, 0x04, 0xAA, 0x0C, 0x30, 0x02,
    0x79, 0x54, 0x9A, 0x5C, 0x9A, 0x5C, 0x79, 0x54, 0x30, 0x02, 0x2C, 0x04, 0xAA, 0x0C, 0x4B, 0x04,
    0x4B, 0x0C, 0xC9, 0x0C, 0x4B, 0x04, 0x50, 0x02, 0x79, 0x54, 0x9A, 0x5C, 0x9A, 0x5C, 0x79, 0x54,
    0x50, 0x02, 0xAA, 0x0C, 0x6B, 0x0C, 0xC9, 0x0C, 0xAA, 0x0C, 0x6B, 0x0C, 0xAA, 0x0C, 0x50, 0x02,
    0x79, 0x54, 0x9A, 0x5C, 0x9A, 0x5C, 0x79, 0x54, 0x30, 0x02, 0x4B, 0x04, 0xAA, 0x0C, 0x4B, 0x0C,
    0x4B, 0x0C, 0xAA, 0x0C, 0x4B, 0x04, 0x50, 0x02, 0x79, 0x54, 0x9A, 0x5C, 0x9A, 0x5C, 0x79, 0x54,
    0x30, 0x02, 0x8A, 0x0C, 0x6B, 0x0C, 0xCA, 0x0C, 0xAA, 0x0C, 0x6B, 0x0C, 0xAA, 0x0C, 0x50, 0x02,
    0x79, 0x54, 0x9A, 0x5C, 0x9A, 0x5C, 0x79, 0x54, 0x30, 0x02, 0x4B, 0x04, 0xC9, 0x0C, 0x6B, 0x0C,
    0x4C, 0x04, 0xAA, 0x0C, 0x2C, 0x04, 0x30, 0x02, 0x79, 0x54, 0x9A, 0x5C, 0x9A, 0x5C, 0x79, 0x54,
    0x50, 0x02, 0xAA, 0x0C, 0x6B, 0x0C, 0xC9, 0x0C, 0x50, 0x02, 0x30, 0x02, 0x30, 0x02, 0x10, 0x02,
    0x79, 0x54, 0x9A, 0x5C, 0x9A, 0x5C, 0x79, 0x54, 0x30, 0x02, 0x4B, 0x04, 0xAA, 0x0C, 0x4B, 0x0C,
    0x79, 0x54, 0x79, 0x54, 0x79, 0x54, 0x79, 0x54, 0x1C, 0x6D, 0x9A, 0x5C, 0x9A, 0x5C, 0x79, 0x54,
    0x30, 0x02, 0x8A, 0x0C, 0x6B, 0x0C, 0xCA, 0x0C, 0x9A, 0x5C, 0x9A, 0x5C, 0x9A, 0x5C, 0x9A, 0x5C,
    0x9A, 0x5C, 0x79, 0x5C, 0x9A, 0x5C, 0x79, 0x54, 0x30, 0x02, 0x4B, 0x04, 0xC9, 0x0C, 0x6B, 0x0C,
    0x9A, 0x5C, 0x9A, 0x5C, 0x9A, 0x5C, 0x9A, 0x5C, 0x9A, 0x5C, 0x79, 0x5C, 0x9A, 0x5C, 0x79, 0x54,
    0x50, 0x02, 0xAA, 0x0C, 0x6B, 0x0C, 0xC9, 0x0C, 0x79, 0x54, 0x79, 0x54, 0x79, 0x54, 0x79, 0x54,
    0x1C, 0x6D, 0x9A, 0x5C, 0x9A, 0x5C, 0x79, 0x54, 0x30, 0x02, 0x4B, 0x04, 0xAA, 0x0C, 0x4B, 0x0C,
    0x30, 0x02, 0x30, 0x02, 0x30, 0x02, 0x10, 0x02, 0x79, 0x54, 0x9A, 0x5C, 0x9A, 0x5C, 0x79, 0x54,
    0x30, 0x02, 0x8A, 0x0C, 0x6B, 0x0C, 0xCA, 0x0C, 0xAA, 0x0C, 0x4B, 0x04, 0xAA, 0x0C, 0x30, 0x02,
    0x79, 0x54, 0x9A, 0x5C, 0x9A, 0x5C, 0x79, 0x54, 0x30, 0x02, 0x4B, 0x04, 0xC9, 0x0C, 0x6B, 0x0C,
    0x4B, 0x0C, 0xC9, 0x0C, 0x4B, 0x04, 0x50, 0x02, 0x79, 0x54, 0x9A, 0x5C, 0x9A, 0x5C, 0x79, 0x54,
    0x50, 0x02, 0xAA, 0x0C, 0x6B, 0x0C, 0xC9, 0x0C, 0xAA, 0x0C, 0x6B, 0x0C, 0xAA, 0x0C, 0x70, 0x02,
    0x59, 0x54, 0x99, 0x5C, 0x99, 0x5C, 0x79, 0x54, 0x50, 0x02, 0x4B, 0x04, 0xAA, 0x0C, 0x4B, 0x0C,
    0x4B, 0x0C, 0xAA, 0x0C, 0x6B, 0x0C, 0xAA, 0x0C, 0x4C, 0x14, 0xAB, 0x14, 0x6C, 0x14, 0xAB, 0x14,
    0x4B, 0x04, 0xAA, 0x0C, 0x6B, 0x0C, 0xCA, 0x0C, 0xAA, 0x0C, 0x6B, 0x0C, 0xC9, 0x0C, 0x6B, 0x0C,
    0xAA, 0x0C, 0x6B, 0x0C, 0xC9, 0x0C, 0x6B, 0x0C, 0xAA, 0x0C, 0x6B, 0x0C, 0xC9, 0x0C, 0x6B, 0x0C,
    0x4C, 0x04, 0xAA, 0x0C, 0x4B, 0x04, 0xAA, 0x0C, 0x4B, 0x04, 0xAA, 0x0C, 0x4B, 0x04, 0xAA, 0x0C,
    0x4B, 0x04, 0xCA, 0x0C, 0x6B, 0x0C, 0xC9, 0x0C, 0x50, 0x02, 0x30, 0x02, 0x30, 0x02, 0x50, 0x02,
    0x50, 0x02, 0x30, 0x02, 0x30, 0x02, 0x50, 0x02, 0x50, 0x02, 0x4B, 0x04, 0xAA, 0x0C, 0x4B, 0x0C,
    0x79, 0x54, 0x79, 0x54, 0x79, 0x54, 0x79, 0x54, 0x79, 0x54, 0x79, 0x54, 0x79, 0x54, 0x95, 0x3B,
    0x30, 0x02, 0x8A, 0x0C, 0x6B, 0x0C, 0xCA, 0x0C, 0x9A, 0x5C, 0x9A, 0x5C, 0x9A, 0x5C, 0x9A, 0x5C,
    0x9A, 0x5C, 0x9A, 0x5C, 0x9A, 0x5C, 0x79, 0x54, 0x30, 0x02, 0x4B, 0x04, 0xC9, 0x0C, 0x6B, 0x0C,
    0x9A, 0x5C, 0x9A, 0x5C, 0x9A, 0x5C, 0x9A, 0x5C, 0x9A, 0x5C, 0x79, 0x5C, 0x9A, 0x5C, 0x79, 0x54,
    0x50, 0x02, 0xAA, 0x0C, 0x6B, 0x0C, 0xC9, 0x0C, 0x79, 0x54, 0x79, 0x54, 0x79, 0x54, 0x79, 0x54,
    0x1C, 0x6D, 0x9A, 0x5C, 0x9A, 0x5C, 0x79, 0x54, 0x30, 0x02, 0x4B, 0x04, 0xAA, 0x0C, 0x4B, 0x0C,
    0x30, 0x02, 0x30, 0x02, 0x30, 0x02, 0x10, 0x02, 0x79, 0x54, 0x9A, 0x5C, 0x9A, 0x5C, 0x79, 0x54,
    0x30, 0x02, 0x8A, 0x0C, 0x6B, 0x0C, 0xCA, 0x0C, 0xAA, 0x0C, 0x4B, 0x04, 0xAA, 0x0C, 0x30, 0x02,
    0x79, 0x54, 0x9A, 0x5C, 0x9A, 0x5C, 0x79, 0x54, 0x30, 0x02, 0x4B, 0x04, 0xC9, 0x0C, 0x6B, 0x0C,
    0x4B, 0x0C, 0xC9, 0x0C, 0x4B, 0x04, 0x50, 0x02, 0x79, 0x54, 0x9A, 0x5C, 0x9A, 0x5C, 0x79, 0x54,
    0x50, 0x02, 0xAA, 0x0C, 0x6B, 0x0C, 0xC9, 0x0C, 0xAA, 0x0C, 0x6B, 0x0C, 0xAA, 0x0C, 0x50, 0x02,
    0x79, 0x54, 0x9A, 0x5C, 0x9A, 0x5C, 0x79, 0x54, 0x30, 0x02, 0x4B, 0x04, 0xAA, 0x0C, 0x4B, 0x0C,
    0x4B, 0x0C, 0xAA, 0x0C, 0x4B, 0x04, 0x50, 0x02, 0x79, 0x54, 0x9A, 0x5C, 0x9A, 0x5C, 0x79, 0x54,
    0x30, 0x02, 0x8A, 0x0C, 0x6B, 0x0C, 0xCA, 0x0C, 0xAA, 0x0C, 0x6B, 0x0C, 0xAA, 0x0C, 0x50, 0x02,
    0x79, 0x54, 0x9A, 0x5C, 0x9A, 0x5C, 0x79, 0x54, 0x30, 0x02, 0x4B, 0x04, 0xC9, 0x0C, 0x6B, 0x0C,
    0x4C, 0x04, 0xAA, 0x0C, 0x2C, 0x04, 0x30, 0x02, 0x79, 0x54, 0x9A, 0x5C, 0x9A, 0x5C, 0x79, 0x54,
    0x30, 0x02, 0x8A, 0x0C, 0x4B, 0x04, 0xAA, 0x0C, 0x50, 0x02, 0x30, 0x02, 0x30, 0x02, 0x10, 0x02,
    0x79, 0x54, 0x9A, 0x5C, 0x9A, 0x5C, 0x79, 0x54, 0x10, 0x02, 0x30, 0x02, 0x30, 0x02, 0x50, 0x02,
    0x79, 0x54, 0x79, 0x54, 0x79, 0x54, 0x79, 0x54, 0x1C, 0x6D, 0x9A, 0x5C, 0x9A, 0x5C, 0x1C, 0x6D,
    0x79, 0x54, 0x79, 0x54, 0x79, 0x54, 0x79, 0x54, 0x9A, 0x5C, 0x9A, 0x5C, 0x9A, 0x5C, 0x9A, 0x5C,
    0x9A, 0x5C, 0x79, 0x5C, 0x79, 0x5C, 0x9A, 0x5C, 0x9A, 0x5C, 0x9A, 0x5C, 0x9A, 0x5C, 0x9A, 0x5C,
    0x9A, 0x5C, 0x9A, 0x5C, 0x9A, 0x5C, 0x9A, 0x5C, 0x9A, 0x5C, 0x9A, 0x5C, 0x9A, 0x5C, 0x9A, 0x5C,
    0x9A, 0x5C, 0x9A, 0x5C, 0x9A, 0x5C, 0x9A, 0x5C, 0x79, 0x54, 0x79, 0x54, 0x79, 0x54, 0x79, 0x54,
    0x79, 0x54, 0x79, 0x54, 0x79, 0x54, 0x79, 0x54, 0x79, 0x54, 0x79, 0x54, 0x79, 0x54, 0x79, 0x54,
    0x30, 0x02, 0x30, 0x02, 0x50, 0x02, 0x50, 0x02, 0x30, 0x02, 0x30, 0x02, 0x50, 0x02, 0x50, 0x02,
    0x30, 0x02, 0x30, 0x02, 0x50, 0x02, 0x50, 0x02, 0xAA, 0x0C, 0x4B, 0x04, 0xAA, 0x0C, 0x4B, 0x04,
    0xAA, 0x0C, 0x4B, 0x04, 0xAA, 0x0C, 0x4B, 0x04, 0xAA, 0x0C, 0x4B, 0x04, 0xAA, 0x0C, 0x4B, 0x04,
    0x4B, 0x0C, 0xC9, 0x0C, 0x6B, 0x0C, 0xAA, 0x0C, 0x6B, 0x0C, 0xC9, 0x0C, 0x6B, 0x0C, 0xAA, 0x0C,
    0x6B, 0x0C, 0xC9, 0x0C, 0x6B, 0x0C, 0xC9, 0x0C, 0xAA, 0x0C, 0x6B, 0x0C, 0xAA, 0x0C, 0x6B, 0x0C,
    0xAA, 0x0C, 0x6B, 0x0C, 0xAA, 0x0C, 0x6B, 0x0C, 0xAA, 0x0C, 0x6B, 0x0C, 0xAA, 0x0C, 0x4B, 0x0C,
    0x4B, 0x0C, 0xAA, 0x0C, 0x6B, 0x0C, 0xAA, 0x0C, 0x6B, 0x0C, 0xAA, 0x0C, 0x6B, 0x0C, 0xAA, 0x0C,
    0x6B, 0x0C, 0xAA, 0x0C, 0x6B, 0x0C, 0xCA, 0x0C, 0xAA, 0x0C, 0x6B, 0x0C, 0xC9, 0x0C, 0x6B, 0x0C,
    0xAA, 0x0C, 0x6B, 0x0C, 0xC9, 0x0C, 0x6B, 0x0C, 0xAA, 0x0C, 0x6B, 0x0C, 0xC9, 0x0C, 0x6B, 0x0C,
    0x4C, 0x04, 0xAA, 0x0C, 0x4B, 0x04, 0xAA, 0x0C, 0x4B, 0x04, 0xAA, 0x0C, 0x4B, 0x04, 0xAA, 0x0C,
    0x4B, 0x04, 0xAA, 0x0C, 0x4B, 0x04, 0xAA, 0x0C, 0x50, 0x02, 0x30, 0x02, 0x30, 0x02, 0x50, 0x02,
    0x50, 0x02, 0x30, 0x02, 0x30, 0x02, 0x50, 0x02, 0x50, 0x02, 0x30, 0x02, 0x30, 0x02, 0x50, 0x02,
    0x79, 0x54, 0x79, 0x54, 0x79, 0x54, 0x79, 0x54, 0x79, 0x54, 0x79, 0x54, 0x79, 0x54, 0x79, 0x54,
    0x79, 0x54, 0x79, 0x54, 0x79, 0x54, 0x79, 0x54, 0x9A, 0x5C, 0x9A, 0x5C, 0x9A, 0x5C, 0x9A, 0x5C,
    0x9A, 0x5C, 0x9A, 0x5C, 0x9A, 0x5C, 0x9A, 0x5C, 0x9A, 0x5C, 0x9A, 0x5C, 0x9A, 0x5C, 0x9A, 0x5C,
    0x9A, 0x5C, 0x9A, 0x5C, 0x9A, 0x5C, 0x9A, 0x5C, 0x9A, 0x5C, 0x9A, 0x5C, 0x9A, 0x5C, 0x9A, 0x5C,
    0x9A, 0x5C, 0x9A, 0x5C, 0x9A, 0x5C, 0x9A, 0x5C, 0x79, 0x54, 0x79, 0x54, 0x79, 0x54, 0x79, 0x54,
    0x79, 0x54, 0x79, 0x54, 0x79, 0x54, 0x79, 0x54, 0x79, 0x54, 0x79, 0x54, 0x79, 0x54, 0x79, 0x54,
    0x30, 0x02, 0x30, 0x02, 0x50, 0x02, 0x50, 0x02, 0x30, 0x02, 0x30, 0x02, 0x50, 0x02, 0x50, 0x02,
    0x30, 0x02, 0x30, 0x02, 0x50, 0x02, 0x50, 0x02, 0xAA, 0x0C, 0x4B, 0x04, 0xAA, 0x0C, 0x4B, 0x04,
    0xAA, 0x0C, 0x4B, 0x04, 0xAA, 0x0C, 0x4B, 0x04, 0xAA, 0x0C, 0x4B, 0x04, 0xAA, 0x0C, 0x4B, 0x04,
    0x4B, 0x0C, 0xC9, 0x0C, 0x6B, 0x0C, 0xAA, 0x0C, 0x6B, 0x0C, 0xC9, 0x0C, 0x6B, 0x0C, 0xAA, 0x0C,
    0x6B, 0x0C, 0xC9, 0x0C, 0x6B, 0x0C, 0xC9, 0x0C, 0xAA, 0x0C, 0x6B, 0x0C, 0xAA, 0x0C, 0x4B, 0x04,
    0xAB, 0x14, 0x6C, 0x14, 0xAB, 0x14, 0x4C, 0x14, 0xAA, 0x0C, 0x6B, 0x0C, 0xAA, 0x0C, 0x4B, 0x0C,
    0x4B, 0x0C, 0xAA, 0x0C, 0x4B, 0x04, 0x50, 0x02, 0x79, 0x54, 0x99, 0x5C, 0x99, 0x5C, 0x59, 0x54,
    0x70, 0x02, 0x8A, 0x0C, 0x6B, 0x0C, 0xCA, 0x0C, 0xAA, 0x0C, 0x6B, 0x0C, 0xAA, 0x0C, 0x50, 0x02,
    0x79, 0x54, 0x9A, 0x5C, 0x9A, 0x5C, 0x79, 0x54, 0x30, 0x02, 0x4B, 0x04, 0xC9, 0x0C, 0x6B, 0x0C,
    0x4C, 0x04, 0xAA, 0x0C, 0x2C, 0x04, 0x30, 0x02, 0x79, 0x54, 0x9A, 0x5C, 0x9A, 0x5C, 0x79, 0x54,
    0x50, 0x02, 0xAA, 0x0C, 0x6B, 0x0C, 0xC9, 0x0C, 0x50, 0x02, 0x30, 0x02, 0x30, 0x02, 0x10, 0x02,
    0x79, 0x54, 0x9A, 0x5C, 0x9A, 0x5C, 0x79, 0x54, 0x30, 0x02, 0x4B, 0x04, 0xAA, 0x0C, 0x4B, 0x0C,
    0x79, 0x54, 0x79, 0x54, 0x79, 0x54, 0x79, 0x54, 0x1C, 0x6D, 0x9A, 0x5C, 0x9A, 0x5C, 0x79, 0x54,
    0x30, 0x02, 0x8A, 0x0C, 0x6B, 0x0C, 0xCA, 0x0C, 0x9A, 0x5C, 0x9A, 0x5C, 0x9A, 0x5C, 0x9A, 0x5C,
    0x9A, 0x5C, 0x79, 0x5C, 0x9A, 0x5C, 0x79, 0x54, 0x30, 0x02, 0x4B, 0x04, 0xC9, 0x0C, 0x6B, 0x0C,
    0x9A, 0x5C, 0x9A, 0x5C, 0x9A, 0x5C, 0x9A, 0x5C, 0x9A, 0x5C, 0x9A, 0x5C, 0x9A, 0x5C, 0x79, 0x54,
    0x50, 0x02, 0xAA, 0x0C, 0x6B, 0x0C, 0xC9, 0x0C, 0x79, 0x54, 0x79, 0x54, 0x79, 0x54, 0x79, 0x54,
    0x79, 0x54, 0x79, 0x54, 0x79, 0x54, 0x95, 0x3B, 0x30, 0x02, 0x4B, 0x04, 0xAA, 0x0C, 0x4B, 0x0C,
    0x30, 0x02, 0x30, 0x02, 0x50, 0x02, 0x50, 0x02, 0x30, 0x02, 0x30, 0x02, 0x50, 0x02, 0x50, 0x02,
    0x70, 0x02, 0x8A, 0x0C, 0x6B, 0x0C, 0xCA, 0x0C, 0xAA, 0x0C, 0x4B, 0x04, 0xAA, 0x0C, 0x4B, 0x04,
    0xAA, 0x0C, 0x4B, 0x04, 0xAA, 0x0C, 0x4B, 0x04, 0xAA, 0x0C, 0x6B, 0x0C, 0xC9, 0x0C, 0x6B, 0x0C,
    0x4B, 0x0C, 0xC9, 0x0C, 0x6B, 0x0C, 0xAA, 0x0C, 0x6B, 0x0C, 0xC9, 0x0C, 0x6B, 0x0C, 0xAA, 0x0C,
    0x6B, 0x0C, 0xC9, 0x0C, 0x6B, 0x0C, 0xC9, 0x0C, 0xAA, 0x0C, 0x6B, 0x0C, 0xAA, 0x0C, 0x6B, 0x0C,
    0xAA, 0x0C, 0x6B, 0x0C, 0xAA, 0x0C, 0x6B, 0x0C, 0xAA, 0x0C, 0x6B, 0x0C, 0xAA, 0x0C, 0x4B, 0x0C,
    0x4B, 0x0C, 0xAA, 0x0C, 0x6B, 0x0C, 0xAA, 0x0C, 0x6B, 0x0C, 0xAA, 0x0C, 0x6B, 0x0C, 0xAA, 0x0C,
    0x6B, 0x0C, 0xAA, 0x0C, 0x6B, 0x0C, 0xCA, 0x0C, 0xAA, 0x0C, 0x6B, 0x0C, 0xC9, 0x0C, 0x6B, 0x0C,
    0xAA, 0x0C, 0x6B, 0x0C, 0xC9, 0x0C, 0x6B, 0x0C, 0xAA, 0x0C, 0x6B, 0x0C, 0xC9, 0x0C, 0x6B, 0x0C,
    0x4C, 0x04, 0xAA, 0x0C, 0x4B, 0x04, 0xAA, 0x0C, 0x4B, 0x04, 0xAA, 0x0C, 0x4B, 0x04, 0xAA, 0x0C,
    0x4B, 0x04, 0xCA, 0x0C, 0x6B, 0x0C, 0xC9, 0x0C, 0x50, 0x02, 0x30, 0x02, 0x30, 0x02, 0x50, 0x02,
    0x50, 0x02, 0x30, 0x02, 0x30, 0x02, 0x50, 0x02, 0x50, 0x02, 0x4B, 0x04, 0xAA, 0x0C, 0x4B, 0x0C,
    0x79, 0x54, 0x79, 0x54, 0x79, 0x54, 0x79, 0x54, 0x79, 0x54, 0x79, 0x54, 0x79, 0x54, 0x95, 0x3B,
    0x30, 0x02, 0x8A, 0x0C, 0x6B, 0x0C, 0xCA, 0x0C, 0x9A, 0x5C, 0x9A, 0x5C, 0x9A, 0x5C, 0x9A, 0x5C,
    0x9A, 0x5C, 0x9A, 0x5C, 0x9A, 0x5C, 0x79, 0x54, 0x30, 0x02, 0x4B, 0x04, 0xC9, 0x0C, 0x6B, 0x0C,
    0x9A, 0x5C, 0x9A, 0x5C, 0x9A, 0x5C, 0x9A, 0x5C, 0x9A, 0x5C, 0x9A, 0x5C, 0x9A, 0x5C, 0x79, 0x54,
    0x50, 0x02, 0xAA, 0x0C, 0x6B, 0x0C, 0xC9, 0x0C, 0x79, 0x54, 0x79, 0x54, 0x79, 0x54, 0x79, 0x54,
    0x79, 0x54, 0x79, 0x54, 0x79, 0x54, 0x95, 0x3B, 0x30, 0x02, 0x4B, 0x04, 0xAA, 0x0C, 0x4B, 0x0C,
    0x30, 0x02, 0x30, 0x02, 0x50, 0x02, 0x50, 0x02, 0x30, 0x02, 0x30, 0x02, 0x50, 0x02, 0x50, 0x02,
    0x70, 0x02, 0x8A, 0x0C, 0x6B, 0x0C, 0xCA, 0x0C, 0xAA, 0x0C, 0x4B, 0x04, 0xAA, 0x0C, 0x4B, 0x04,
    0xAA, 0x0C, 0x4B, 0x04, 0xAA, 0x0C, 0x4B, 0x04, 0xAA, 0x0C, 0x6B, 0x0C, 0xC9, 0x0C, 0x6B, 0x0C,
    0x4B, 0x0C, 0xC9, 0x0C, 0x6B, 0x0C, 0xAA, 0x0C, 0x6B, 0x0C, 0xC9, 0x0C, 0x6B, 0x0C, 0xAA, 0x0C,
    0x6B, 0x0C, 0xC9, 0x0C, 0x6B, 0x0C, 0xC9, 0x0C, 0xAA, 0x0C, 0x6B, 0x0C, 0xAA, 0x0C, 0x4B, 0x04,
    0xAB, 0x14, 0x6C, 0x14, 0xAB, 0x14, 0x4C, 0x14, 0xAA, 0x0C, 0x6B, 0x0C, 0xAA, 0x0C, 0x4B, 0x0C,
    0x4B, 0x0C, 0xAA, 0x0C, 0x4B, 0x04, 0x50, 0x02, 0x79, 0x54, 0x99, 0x5C, 0x99, 0x5C, 0x59, 0x54,
    0x70, 0x02, 0x8A, 0x0C, 0x6B, 0x0C, 0xCA, 0x0C, 0xAA, 0x0C, 0x6B, 0x0C, 0xAA, 0x0C, 0x50, 0x02,
    0x79, 0x54, 0x9A, 0x5C, 0x9A, 0x5C, 0x79, 0x54, 0x30, 0x02, 0x4B, 0x04, 0xC9, 0x0C, 0x6B, 0x0C,
    0x4B, 0x0C, 0xC9, 0x0C, 0x4B, 0x04, 0x50, 0x02, 0x79, 0x54, 0x9A, 0x5C, 0x9A, 0x5C, 0x79, 0x54,
    0x30, 0x02, 0x8A, 0x0C, 0x4B, 0x04, 0xAA, 0x0C, 0xAA, 0x0C, 0x6B, 0x0C, 0xAA, 0x0C, 0x50, 0x02,
    0x79, 0x54, 0x9A, 0x5C, 0x9A, 0x5C, 0x79, 0x54, 0x10, 0x02, 0x30, 0x02, 0x30, 0x02, 0x50, 0x02,
    0x4B, 0x0C, 0xAA, 0x0C, 0x4B, 0x04, 0x50, 0x02, 0x79, 0x54, 0x9A, 0x5C, 0x9A, 0x5C, 0x1C, 0x6D,
    0x79, 0x54, 0x79, 0x54, 0x79, 0x54, 0x79, 0x54, 0xAA, 0x0C, 0x6B, 0x0C, 0xAA, 0x0C, 0x50, 0x02,
    0x79, 0x54, 0x9A, 0x5C, 0x79, 0x5C, 0x9A, 0x5C, 0x9A, 0x5C, 0x9A, 0x5C, 0x9A, 0x5C, 0x9A, 0x5C,
    0x4B, 0x0C, 0xC9, 0x0C, 0x4B, 0x04, 0x50, 0x02, 0x79, 0x54, 0x9A, 0x5C, 0x79, 0x5C, 0x9A, 0x5C,
    0x9A, 0x5C, 0x9A, 0x5C, 0x9A, 0x5C, 0x9A, 0x5C, 0xAA, 0x0C, 0x6B, 0x0C, 0xAA, 0x0C, 0x50, 0x02,
    0x79, 0x54, 0x9A, 0x5C, 0x9A, 0x5C, 0x1C, 0x6D, 0x79, 0x54, 0x79, 0x54, 0x79, 0x54, 0x79, 0x54,
    0x4B, 0x0C, 0xAA, 0x0C, 0x4B, 0x04, 0x50, 0x02, 0x79, 0x54, 0x9A, 0x5C, 0x9A, 0x5C, 0x79, 0x54,
    0x10, 0x02, 0x30, 0x02, 0x50, 0x02, 0x50, 0x02, 0xAA, 0x0C, 0x6B, 0x0C, 0xAA, 0x0C, 0x50, 0x02,
    0x79, 0x54, 0x9A, 0x5C, 0x9A, 0x5C, 0x79, 0x54, 0x30, 0x02, 0x2C, 0x04, 0xAA, 0x0C, 0x4B, 0x04,
    0x4B, 0x0C, 0xC9, 0x0C, 0x4B, 0x04, 0x50, 0x02, 0x79, 0x54, 0x9A, 0x5C, 0x9A, 0x5C, 0x79, 0x54,
    0x50, 0x02, 0xAA, 0x0C, 0x6B, 0x0C, 0xC9, 0x0C, 0xAA, 0x0C, 0x6B, 0x0C, 0xAA, 0x0C, 0x70, 0x02,
    0x59, 0x54, 0x99, 0x5C, 0x99, 0x5C, 0x79, 0x54, 0x50, 0x02, 0x4B, 0x04, 0xAA, 0x0C, 0x4B, 0x0C,
    0x4B, 0x0C, 0xAA, 0x0C, 0x6B, 0x0C, 0xAA, 0x0C, 0x4C, 0x14, 0xAB, 0x14, 0x6C, 0x14, 0xAB, 0x14,
    0x4B, 0x04, 0xAA, 0x0C, 0x6B, 0x0C, 0xCA, 0x0C, 0xAA, 0x0C, 0x6B, 0x0C, 0xC9, 0x0C, 0x6B, 0x0C,
    0xAA, 0x0C, 0x6B, 0x0C, 0xC9, 0x0C, 0x6B, 0x0C, 0xAA, 0x0C, 0x6B, 0x0C, 0xC9, 0x0C, 0x6B, 0x0C,
    0x4B, 0x0C, 0xC9, 0x0C, 0x6B, 0x0C, 0xAA, 0x0C, 0x4B, 0x04, 0xAA, 0x0C, 0x4B, 0x04, 0xAA, 0x0C,
    0x4B, 0x04, 0xAA, 0x0C, 0x4B, 0x04, 0xAA, 0x0C, 0xAA, 0x0C, 0x6B, 0x0C, 0xAA, 0x0C, 0x70, 0x02,
    0x50, 0x02, 0x30, 0x02, 0x30, 0x02, 0x50, 0x02, 0x50, 0x02, 0x30, 0x02, 0x30, 0x02, 0x50, 0x02,
    0x4B, 0x0C, 0xAA, 0x0C, 0x4B, 0x04, 0x50, 0x02, 0x95, 0x3B, 0x79, 0x54, 0x79, 0x54, 0x79, 0x54,
    0x79, 0x54, 0x79, 0x54, 0x79, 0x54, 0x79, 0x54, 0xAA, 0x0C, 0x6B, 0x0C, 0xAA, 0x0C, 0x50, 0x02,
    0x79, 0x54, 0x9A, 0x5C, 0x9A, 0x5C, 0x9A, 0x5C, 0x9A, 0x5C, 0x9A, 0x5C, 0x9A, 0x5C, 0x9A, 0x5C,
    0x4B, 0x0C, 0xC9, 0x0C, 0x4B, 0x04, 0x50, 0x02, 0x79, 0x54, 0x9A, 0x5C, 0x79, 0x5C, 0x9A, 0x5C,
    0x9A, 0x5C, 0x9A, 0x5C, 0x9A, 0x5C, 0x9A, 0x5C, 0xAA, 0x0C, 0x6B, 0x0C, 0xAA, 0x0C, 0x50, 0x02,
    0x79, 0x54, 0x9A, 0x5C, 0x9A, 0x5C, 0x1C, 0x6D, 0x79, 0x54, 0x79, 0x54, 0x79, 0x54, 0x79, 0x54,
    0x4B, 0x0C, 0xAA, 0x0C, 0x4B, 0x04, 0x50, 0x02, 0x79, 0x54, 0x9A, 0x5C, 0x9A, 0x5C, 0x79, 0x54,
    0x10, 0x02, 0x30, 0x02, 0x50, 0x02, 0x50, 0x02, 0xAA, 0x0C, 0x6B, 0x0C, 0xAA, 0x0C, 0x50, 0x02,
    0x79, 0x54, 0x9A, 0x5C, 0x9A, 0x5C, 0x79, 0x54, 0x30, 0x02, 0x2C, 0x04, 0xAA, 0x0C, 0x4B, 0x04,
    0x4B, 0x0C, 0xC9, 0x0C, 0x4B, 0x04, 0x50, 0x02, 0x79, 0x54, 0x9A, 0x5C, 0x9A, 0x5C, 0x79, 0x54,
    0x50, 0x02, 0xAA, 0x0C, 0x6B, 0x0C, 0xC9, 0x0C, 0xAA, 0x0C, 0x6B, 0x0C, 0xAA, 0x0C, 0x50, 0x02,
    0x79, 0x54, 0x9A, 0x5C, 0x9A, 0x5C, 0x79, 0x54, 0x30, 0x02, 0x4B, 0x04, 0xAA, 0x0C, 0x4B, 0x0C,
    0x4B, 0x0C, 0xAA, 0x0C, 0x4B, 0x04, 0x50, 0x02, 0x79, 0x54, 0x9A, 0x5C, 0x9A, 0x5C, 0x79, 0x54,
    0x30, 0x02, 0x8A, 0x0C, 0x6B, 0x0C, 0xCA, 0x0C, 0xAA, 0x0C, 0x6B, 0x0C, 0xAA, 0x0C, 0x50, 0x02,
    0x79, 0x54, 0x9A, 0x5C, 0x9A, 0x5C, 0x79, 0x54, 0x30, 0x02, 0x4B, 0x04, 0xC9, 0x0C, 0x6B, 0x0C,
    0x4B, 0x0C, 0xC9, 0x0C, 0x4B, 0x04, 0x50, 0x02, 0x79, 0x54, 0x9A, 0x5C, 0x9A, 0x5C, 0x79, 0x54,
    0x50, 0x02, 0xAA, 0x0C, 0x6B, 0x0C, 0xC9, 0x0C, 0xAA, 0x0C, 0x6B, 0x0C, 0xAA, 0x0C, 0x50, 0x02,
    0x79, 0x54, 0x9A, 0x5C, 0x9A, 0x5C, 0x79, 0x54, 0x30, 0x02, 0x4B, 0x04, 0xAA, 0x0C, 0x4B, 0x0C,
    0x4B, 0x0C, 0xAA, 0x0C, 0x4B, 0x04, 0x50, 0x02, 0x79, 0x54, 0x9A, 0x5C, 0x9A, 0x5C, 0x79, 0x54,
    0x30, 0x02, 0x8A, 0x0C, 0x6B, 0x0C, 0xCA, 0x0C, 0xAA, 0x0C, 0x6B, 0x0C, 0xAA, 0x0C, 0x50, 0x02,
    0x79, 0x54, 0x9A, 0x5C, 0x9A, 0x5C, 0x79, 0x54, 0x30, 0x02, 0x4B, 0x04, 0xC9, 0x0C, 0x6B, 0x0C,
    0x4B, 0x0C, 0xC9, 0x0C, 0x4B, 0x04, 0x50, 0x02, 0x79, 0x54, 0x9A, 0x5C, 0x9A, 0x5C, 0x79, 0x54,
    0x50, 0x02, 0xAA, 0x0C, 0x6B, 0x0C, 0xC9, 0x0C, 0xAA, 0x0C, 0x6B, 0x0C, 0xAA, 0x0C, 0x50, 0x02,
    0x79, 0x54, 0x9A, 0x5C, 0x9A, 0x5C, 0x79, 0x54, 0x30, 0x02, 0x4B, 0x04, 0xAA, 0x0C, 0x4B, 0x0C,
    0x4B, 0x0C, 0xAA, 0x0C, 0x4B, 0x04, 0x50, 0x02, 0x79, 0x54, 0x9A, 0x5C, 0x9A, 0x5C, 0x79, 0x54,
    0x30, 0x02, 0x8A, 0x0C, 0x6B, 0x0C, 0xCA, 0x0C, 0xAA, 0x0C, 0x6B, 0x0C, 0xAA, 0x0C, 0x50, 0x02,
    0x79, 0x54, 0x9A, 0x5C, 0x9A, 0x5C, 0x79, 0x54, 0x30, 0x02, 0x4B, 0x04, 0xC9, 0x0C, 0x6B, 0x0C,
    0x4B, 0x0C, 0xC9, 0x0C, 0x4B, 0x04, 0x50, 0x02, 0x79, 0x54, 0x9A, 0x5C, 0x9A, 0x5C, 0x79, 0x54,
    0x50, 0x02, 0xAA, 0x0C, 0x6B, 0x0C, 0xC9, 0x0C, 0xAA, 0x0C, 0x6B, 0x0C, 0xAA, 0x0C, 0x70, 0x02,
    0x59, 0x54, 0x99, 0x5C, 0x99, 0x5C, 0x79, 0x54, 0x50, 0x02, 0x4B, 0x04, 0xAA, 0x0C, 0x4B, 0x0C,
    0x4B, 0x0C, 0xAA, 0x0C, 0x6B, 0x0C, 0xAA, 0x0C, 0x4C, 0x14, 0xAB, 0x14, 0x6C, 0x14, 0xAB, 0x14,
    0x4B, 0x04, 0xAA, 0x0C, 0x6B, 0x0C, 0xCA, 0x0C, 0xAA, 0x0C, 0x6B, 0x0C, 0xC9, 0x0C, 0x6B, 0x0C,
    0xAA, 0x0C, 0x6B, 0x0C, 0xC9, 0x0C, 0x6B, 0x0C, 0xAA, 0x0C, 0x6B, 0x0C, 0xC9, 0x0C, 0x6B, 0x0C,
    0x4B, 0x0C, 0xC9, 0x0C, 0x6B, 0x0C, 0xAA, 0x0C, 0x4B, 0x04, 0xAA, 0x0C, 0x4B, 0x04, 0xAA, 0x0C,
    0x4B, 0x04, 0xCA, 0x0C, 0x6B, 0x0C, 0xC9, 0x0C, 0xAA, 0x0C, 0x6B, 0x0C, 0xAA, 0x0C, 0x70, 0x02,
    0x50, 0x02, 0x30, 0x02, 0x30, 0x02, 0x50, 0x02, 0x50, 0x02, 0x4B, 0x04, 0xAA, 0x0C, 0x4B, 0x0C,
    0x4B, 0x0C, 0xAA, 0x0C, 0x4B, 0x04, 0x50, 0x02, 0x95, 0x3B, 0x79, 0x54, 0x79, 0x54, 0x95, 0x3B,
    0x30, 0x02, 0x8A, 0x0C, 0x6B, 0x0C, 0xCA, 0x0C, 0xAA, 0x0C, 0x6B, 0x0C, 0xAA, 0x0C, 0x50, 0x02,
    0x79, 0x54, 0x9A, 0x5C, 0x9A, 0x5C, 0x79, 0x54, 0x30, 0x02, 0x4B, 0x04, 0xC9, 0x0C, 0x6B, 0x0C,
    0x4B, 0x0C, 0xC9, 0x0C, 0x4B, 0x04, 0x50, 0x02, 0x79, 0x54, 0x9A, 0x5C, 0x9A, 0x5C, 0x79, 0x54,
    0x50, 0x02, 0xAA, 0x0C, 0x6B, 0x0C, 0xC9, 0x0C, 0xAA, 0x0C, 0x6B, 0x0C, 0xAA, 0x0C, 0x50, 0x02,
    0x79, 0x54, 0x9A, 0x5C, 0x9A, 0x5C, 0x79, 0x54, 0x30, 0x02, 0x4B, 0x04, 0xAA, 0x0C, 0x4B, 0x0C,
    0x4B, 0x0C, 0xAA, 0x0C, 0x4B, 0x04, 0x50, 0x02, 0x79, 0x54, 0x9A, 0x5C, 0x9A, 0x5C, 0x79, 0x54,
    0x30, 0x02, 0x8A, 0x0C, 0x6B, 0x0C, 0xCA, 0x0C, 0xAA, 0x0C, 0x6B, 0x0C, 0xAA, 0x0C, 0x50, 0x02,
    0x79, 0x54, 0x9A, 0x5C, 0x9A, 0x5C, 0x79, 0x54, 0x30, 0x02, 0x4B, 0x04, 0xC9, 0x0C, 0x6B, 0x0C,
    0x4B, 0x0C, 0xC9, 0x0C, 0x4B, 0x04, 0x50, 0x02, 0x79, 0x54, 0x9A, 0x5C, 0x9A, 0x5C, 0x79, 0x54,
    0x50, 0x02, 0xAA, 0x0C, 0x6B, 0x0C, 0xC9, 0x0C, 0xAA, 0x0C, 0x6B, 0x0C, 0xAA, 0x0C, 0x50, 0x02,
    0x79, 0x54, 0x9A, 0x5C, 0x9A, 0x5C, 0x79, 0x54, 0x30, 0x02, 0x4B, 0x04, 0xAA, 0x0C, 0x4B, 0x0C,
    0x4B, 0x0C, 0xAA, 0x0C, 0x4B, 0x04, 0x50, 0x02, 0x79, 0x54, 0x9A, 0x5C, 0x9A, 0x5C, 0x79, 0x54,
    0x30, 0x02, 0x8A, 0x0C, 0x6B, 0x0C, 0xCA, 0x0C, 0xAA, 0x0C, 0x6B, 0x0C, 0xAA, 0x0C, 0x50, 0x02,
    0x79, 0x54, 0x9A, 0x5C, 0x9A, 0x5C, 0x79, 0x54, 0x30, 0x02, 0x4B, 0x04, 0xC9, 0x0C, 0x6B, 0x0C,
    0x4B, 0x0C, 0xC9, 0x0C, 0x4B, 0x04, 0x50, 0x02, 0x79, 0x54, 0x9A, 0x5C, 0x9A, 0x5C, 0x79, 0x54,
    0x30, 0x02, 0x8A, 0x0C, 0x4B, 0x04, 0xAA, 0x0C, 0xAA, 0x0C, 0x6B, 0x0C, 0xAA, 0x0C, 0x50, 0x02,
    0x79, 0x54, 0x9A, 0x5C, 0x9A, 0x5C, 0x79, 0x54, 0x10, 0x02, 0x30, 0x02, 0x30, 0x02, 0x50, 0x02,
    0x4B, 0x0C, 0xAA, 0x0C, 0x4B, 0x04, 0x50, 0x02, 0x79, 0x54, 0x9A, 0x5C, 0x9A, 0x5C, 0x1C, 0x6D,
    0x79, 0x54, 0x79, 0x54, 0x79, 0x54, 0x79, 0x54, 0xAA, 0x0C, 0x6B, 0x0C, 0xAA, 0x0C, 0x50, 0x02,
    0x79, 0x54, 0x9A, 0x5C, 0x79, 0x5C, 0x9A, 0x5C, 0x9A, 0x5C, 0x9A, 0x5C, 0x9A, 0x5C, 0x9A, 0x5C,
    0x4B, 0x0C, 0xC9, 0x0C, 0x4B, 0x04, 0x50, 0x02, 0x79, 0x54, 0x9A, 0x5C, 0x9A, 0x5C, 0x9A, 0x5C,
    0x9A, 0x5C, 0x9A, 0x5C, 0x9A, 0x5C, 0x9A, 0x5C, 0xAA, 0x0C, 0x6B, 0x0C, 0xAA, 0x0C, 0x50, 0x02,
    0x95, 0x3B, 0x79, 0x54, 0x79, 0x54, 0x79, 0x54, 0x79, 0x54, 0x79, 0x54, 0x79, 0x54, 0x79, 0x54,
    0x4B, 0x0C, 0xAA, 0x0C, 0x4B, 0x04, 0x70, 0x02, 0x30, 0x02, 0x30, 0x02, 0x50, 0x02, 0x50, 0x02,
    0x30, 0x02, 0x30, 0x02, 0x50, 0x02, 0x50, 0x02, 0xAA, 0x0C, 0x6B, 0x0C, 0xCA, 0x0C, 0x4B, 0x04,
    0xAA, 0x0C, 0x4B, 0x04, 0xAA, 0x0C, 0x4B, 0x04, 0xAA, 0x0C, 0x4B, 0x04, 0xAA, 0x0C, 0x4B, 0x04,
    0x4B, 0x0C, 0xC9, 0x0C, 0x6B, 0x0C, 0xAA, 0x0C, 0x6B, 0x0C, 0xC9, 0x0C, 0x6B, 0x0C, 0xAA, 0x0C,
    0x6B, 0x0C, 0xC9, 0x0C, 0x6B, 0x0C, 0xC9, 0x0C, 0xAA, 0x0C, 0x6B, 0x0C, 0xAA, 0x0C, 0x6B, 0x0C,
    0xAA, 0x0C, 0x6B, 0x0C, 0xAA, 0x0C, 0x6B, 0x0C, 0xAA, 0x0C, 0x6B, 0x0C, 0xAA, 0x0C, 0x4B, 0x0C,
    0x4B, 0x0C, 0xAA, 0x0C, 0x6B, 0x0C, 0xAA, 0x0C, 0x6B, 0x0C, 0xAA, 0x0C, 0x6B, 0x0C, 0xAA, 0x0C,
    0x6B, 0x0C, 0xAA, 0x0C, 0x6B, 0x0C, 0xCA, 0x0C, 0xAA, 0x0C, 0x6B, 0x0C, 0xC9, 0x0C, 0x6B, 0x0C,
    0xAA, 0x0C, 0x6B, 0x0C, 0xC9, 0x0C, 0x6B, 0x0C, 0xAA, 0x0C, 0x6B, 0x0C, 0xC9, 0x0C, 0x6B, 0x0C,
    0x4B, 0x0C, 0xC9, 0x0C, 0x6B, 0x0C, 0xAA, 0x0C, 0x4B, 0x04, 0xAA, 0x0C, 0x4B, 0x04, 0xAA, 0x0C,
    0x4B, 0x04, 0xAA, 0x0C, 0x4B, 0x04, 0xAA, 0x0C, 0xAA, 0x0C, 0x6B, 0x0C, 0xAA, 0x0C, 0x70, 0x02,
    0x50, 0x02, 0x30, 0x02, 0x30, 0x02, 0x50, 0x02, 0x50, 0x02, 0x30, 0x02, 0x30, 0x02, 0x50, 0x02,
    0x4B, 0x0C, 0xAA, 0x0C, 0x4B, 0x04, 0x50, 0x02, 0x95, 0x3B, 0x79, 0x54, 0x79, 0x54, 0x79, 0x54,
    0x79, 0x54, 0x79, 0x54, 0x79, 0x54, 0x79, 0x54, 0xAA, 0x0C, 0x6B, 0x0C, 0xAA, 0x0C, 0x50, 0x02,
    0x79, 0x54, 0x9A, 0x5C, 0x9A, 0x5C, 0x9A, 0x5C, 0x9A, 0x5C, 0x9A, 0x5C, 0x9A, 0x5C, 0x9A, 0x5C,
    0x4B, 0x0C, 0xC9, 0x0C, 0x4B, 0x04, 0x50, 0x02, 0x79, 0x54, 0x9A, 0x5C, 0x9A, 0x5C, 0x9A, 0x5C,
    0x9A, 0x5C, 0x9A, 0x5C, 0x9A, 0x5C, 0x9A, 0x5C, 0xAA, 0x0C, 0x6B, 0x0C, 0xAA, 0x0C, 0x50, 0x02,
    0x95, 0x3B, 0x79, 0x54, 0x79, 0x54, 0x79, 0x54, 0x79, 0x54, 0x79, 0x54, 0x79, 0x54, 0x79, 0x54,
    0x4B, 0x0C, 0xAA, 0x0C, 0x4B, 0x04, 0x70, 0x02, 0x30, 0x02, 0x30, 0x02, 0x50, 0x02, 0x50, 0x02,
    0x30, 0x02, 0x30, 0x02, 0x50, 0x02, 0x50, 0x02, 0xAA, 0x0C, 0x6B, 0x0C, 0xCA, 0x0C, 0x4B, 0x04,
    0xAA, 0x0C, 0x4B, 0x04, 0xAA, 0x0C, 0x4B, 0x04, 0xAA, 0x0C, 0x4B, 0x04, 0xAA, 0x0C, 0x4B, 0x04,
    0x4B, 0x0C, 0xC9, 0x0C, 0x6B, 0x0C, 0xAA, 0x0C, 0x6B, 0x0C, 0xC9, 0x0C, 0x6B, 0x0C, 0xAA, 0x0C,
    0x6B, 0x0C, 0xC9, 0x0C, 0x6B, 0x0C, 0xC9, 0x0C, 0xAA, 0x0C, 0x6B, 0x0C, 0xAA, 0x0C, 0x4B, 0x04,
    0xAB, 0x14, 0x6C, 0x14, 0xAB, 0x14, 0x4C, 0x14, 0xAA, 0x0C, 0x6B, 0x0C, 0xAA, 0x0C, 0x4B, 0x0C,
    0x4B, 0x0C, 0xAA, 0x0C, 0x4B, 0x04, 0x50, 0x02, 0x79, 0x54, 0x99, 0x5C, 0x99, 0x5C, 0x59, 0x54,
    0x70, 0x02, 0x8A, 0x0C, 0x6B, 0x0C, 0xCA, 0x0C, 0xAA, 0x0C, 0x6B, 0x0C, 0xAA, 0x0C, 0x50, 0x02,
    0x79, 0x54, 0x9A, 0x5C, 0x9A, 0x5C, 0x79, 0x54, 0x30, 0x02, 0x4B, 0x04, 0xC9, 0x0C, 0x6B, 0x0C,
    0x4B, 0x0C, 0xC9, 0x0C, 0x4B, 0x04, 0x50, 0x02, 0x79, 0x54, 0x9A, 0x5C, 0x9A, 0x5C, 0x79, 0x54,
    0x50, 0x02, 0xAA, 0x0C, 0x6B, 0x0C, 0xC9, 0x0C, 0xAA, 0x0C, 0x6B, 0x0C, 0xAA, 0x0C, 0x50, 0x02,
    0x79, 0x54, 0x9A, 0x5C, 0x9A, 0x5C, 0x79, 0x54, 0x30, 0x02, 0x4B, 0x04, 0xAA, 0x0C, 0x4B, 0x0C,
    0x4B, 0x0C, 0xAA, 0x0C, 0x4B, 0x04, 0x50, 0x02, 0x79, 0x54, 0x9A, 0x5C, 0x9A, 0x5C, 0x79, 0x54,
    0x30, 0x02, 0x8A, 0x0C, 0x6B, 0x0C, 0xCA, 0x0C, 0xAA, 0x0C, 0x6B, 0x0C, 0xAA, 0x0C, 0x50, 0x02,
    0x79, 0x54, 0x9A, 0x5C, 0x9A, 0x5C, 0x79, 0x54, 0x30, 0x02, 0x4B, 0x04, 0xC9, 0x0C, 0x6B, 0x0C,
    0x4B, 0x0C, 0xC9, 0x0C, 0x4B, 0x04, 0x50, 0x02, 0x79, 0x54, 0x9A, 0x5C, 0x9A, 0x5C, 0x79, 0x54,
    0x50, 0x02, 0xAA, 0x0C, 0x6B, 0x0C, 0xC9, 0x0C, 0xAA, 0x0C, 0x6B, 0x0C, 0xAA, 0x0C, 0x50, 0x02,
    0x95, 0x3B, 0x79, 0x54, 0x79, 0x54, 0x95, 0x3B, 0x30, 0x02, 0x4B, 0x04, 0xAA, 0x0C, 0x4B, 0x0C,
    0x4B, 0x0C, 0xAA, 0x0C, 0x4B, 0x04, 0x70, 0x02, 0x30, 0x02, 0x30, 0x02, 0x50, 0x02, 0x50, 0x02,
    0x70, 0x02, 0x8A, 0x0C, 0x6B, 0x0C, 0xCA, 0x0C, 0xAA, 0x0C, 0x6B, 0x0C, 0xCA, 0x0C, 0x4B, 0x04,
    0xAA, 0x0C, 0x4B, 0x04, 0xAA, 0x0C, 0x4B, 0x04, 0xAA, 0x0C, 0x6B, 0x0C, 0xC9, 0x0C, 0x6B, 0x0C,
    0x4B, 0x0C, 0xC9, 0x0C, 0x6B, 0x0C, 0xAA, 0x0C, 0x6B, 0x0C, 0xC9, 0x0C, 0x6B, 0x0C, 0xAA, 0x0C,
    0x6B, 0x0C, 0xC9, 0x0C, 0x6B, 0x0C, 0xC9, 0x0C, 0xAA, 0x0C, 0x6B, 0x0C, 0xAA, 0x0C, 0x6B, 0x0C,
    0xAA, 0x0C, 0x6B, 0x0C, 0xAA, 0x0C, 0x6B, 0x0C, 0xAA, 0x0C, 0x6B, 0x0C, 0xAA, 0x0C, 0x4B, 0x0C,
    0x4B, 0x0C, 0xAA, 0x0C, 0x6B, 0x0C, 0xAA, 0x0C, 0x6B, 0x0C, 0xAA, 0x0C, 0x6B, 0x0C, 0xAA, 0x0C,
    0x6B, 0x0C, 0xAA, 0x0C, 0x6B, 0x0C, 0xCA, 0x0C, 0xAA, 0x0C, 0x6B, 0x0C, 0xC9, 0x0C, 0x6B, 0x0C,
    0xAA, 0x0C, 0x6B, 0x0C, 0xC9, 0x0C, 0x6B, 0x0C, 0xAA, 0x0C, 0x6B, 0x0C, 0xC9, 0x0C, 0x6B, 0x0C,
    0x4B, 0x0C, 0xC9, 0x0C, 0x6B, 0x0C, 0xAA, 0x0C, 0x4B, 0x04, 0xAA, 0x0C, 0x4B, 0x04, 0xAA, 0x0C,
    0x4B, 0x04, 0xCA, 0x0C, 0x6B, 0x0C, 0xC9, 0x0C, 0xAA, 0x0C, 0x6B, 0x0C, 0xAA, 0x0C, 0x70, 0x02,
    0x50, 0x02, 0x30, 0x02, 0x30, 0x02, 0x50, 0x02, 0x50, 0x02, 0x4B, 0x04, 0xAA, 0x0C, 0x4B, 0x0C,
    0x4B, 0x0C, 0xAA, 0x0C, 0x4B, 0x04, 0x50, 0x02, 0x95, 0x3B, 0x79, 0x54, 0x79, 0x54, 0x95, 0x3B,
    0x30, 0x02, 0x8A, 0x0C, 0x6B, 0x0C, 0xCA, 0x0C, 0xAA, 0x0C, 0x6B, 0x0C, 0xAA, 0x0C, 0x50, 0x02,
    0x79, 0x54, 0x9A, 0x5C, 0x9A, 0x5C, 0x79, 0x54, 0x30, 0x02, 0x4B, 0x04, 0xC9, 0x0C, 0x6B, 0x0C,
    0x4B, 0x0C, 0xC9, 0x0C, 0x4B, 0x04, 0x50, 0x02, 0x79, 0x54, 0x9A, 0x5C, 0x9A, 0x5C, 0x79, 0x54,
    0x50, 0x02, 0xAA, 0x0C, 0x6B, 0x0C, 0xC9, 0x0C, 0xAA, 0x0C, 0x6B, 0x0C, 0xAA, 0x0C, 0x50, 0x02,
    0x95, 0x3B, 0x79, 0x54, 0x79, 0x54, 0x95, 0x3B, 0x30, 0x02, 0x4B, 0x04, 0xAA, 0x0C, 0x4B, 0x0C,
    0x4B, 0x0C, 0xAA, 0x0C, 0x4B, 0x04, 0x70, 0x02, 0x30, 0x02, 0x30, 0x02, 0x50, 0x02, 0x50, 0x02,
    0x70, 0x02, 0x8A, 0x0C, 0x6B, 0x0C, 0xCA, 0x0C, 0xAA, 0x0C, 0x6B, 0x0C, 0xCA, 0x0C, 0x4B, 0x04,
    0xAA, 0x0C, 0x4B, 0x04, 0xAA, 0x0C, 0x4B, 0x04, 0xAA, 0x0C, 0x6B, 0x0C, 0xC9, 0x0C, 0x6B, 0x0C,
    0x4B, 0x0C, 0xC9, 0x0C, 0x6B, 0x0C, 0xAA, 0x0C, 0x6B, 0x0C, 0xC9, 0x0C, 0x6B, 0x0C, 0xAA, 0x0C,
    0x6B, 0x0C, 0xC9, 0x0C, 0x6B, 0x0C, 0xC9, 0x0C, 0xAA, 0x0C, 0x6B, 0x0C, 0xAA, 0x0C, 0x4B, 0x04,
    0xAB, 0x14, 0x6C, 0x14, 0xAB, 0x14, 0x4C, 0x14, 0xAA, 0x0C, 0x6B, 0x0C, 0xAA, 0x0C, 0x4B, 0x0C,
    0x4B, 0x0C, 0xAA, 0x0C, 0x4B, 0x04, 0x50, 0x02, 0x79, 0x54, 0x99, 0x5C, 0x99, 0x5C, 0x59, 0x54,
    0x70, 0x02, 0x8A, 0x0C, 0x6B, 0x0C, 0xCA, 0x0C, 0xAA, 0x0C, 0xCD, 0x03, 0xAD, 0x03, 0x30, 0x02,
    0x79, 0x54, 0x9A, 0x5C, 0x9A, 0x5C, 0x79, 0x54, 0x10, 0x02, 0x0F, 0x03, 0x4C, 0x04, 0x6B, 0x0C,
    0x4C, 0x04, 0xAD, 0x03, 0x10, 0x02, 0x51, 0x12, 0x79, 0x5C, 0x9A, 0x5C, 0x9A, 0x5C, 0x79, 0x5C,
    0x51, 0x12, 0x10, 0x02, 0xAD, 0x03, 0xAA, 0x0C, 0x50, 0x02, 0x30, 0x02, 0x51, 0x12, 0x9E, 0x75,
    0x3C, 0x6D, 0x9A, 0x5C, 0x79, 0x5C, 0x1C, 0x6D, 0x1C, 0x6D, 0x51, 0x12, 0x30, 0x02, 0x50, 0x02,
    0x79, 0x54, 0x79, 0x54, 0x79, 0x5C, 0x3C, 0x6D, 0x79, 0x5C, 0x79, 0x5C, 0x79, 0x5C, 0x79, 0x5C,
    0x1C, 0x6D, 0x79, 0x5C, 0x79, 0x54, 0x79, 0x54, 0x9A, 0x5C, 0x9A, 0x5C, 0x9A, 0x5C, 0x9A, 0x5C,
    0x79, 0x5C, 0x79, 0x5C, 0x79, 0x5C, 0x79, 0x5C, 0x79, 0x5C, 0x9A, 0x5C, 0x9A, 0x5C, 0x9A, 0x5C,
    0x9A, 0x5C, 0x9A, 0x5C, 0x9A, 0x5C, 0x79, 0x5C, 0x79, 0x5C, 0x79, 0x5C, 0x79, 0x5C, 0x79, 0x5C,
    0x9A, 0x5C, 0x9A, 0x5C, 0x9A, 0x5C, 0x9A, 0x5C, 0x79, 0x54, 0x79, 0x54, 0x79, 0x5C, 0x1C, 0x6D,
    0x79, 0x5C, 0x79, 0x5C, 0x79, 0x5C, 0x79, 0x5C, 0x3C, 0x6D, 0x79, 0x5C, 0x79, 0x54, 0x79, 0x54,
    0x30, 0x02, 0x10, 0x02, 0x51, 0x12, 0x1C, 0x6D, 0x1C, 0x6D, 0x79, 0x5C, 0x9A, 0x5C, 0x3C, 0x6D,
    0x9E, 0x75, 0x51, 0x12, 0x30, 0x02, 0x50, 0x02, 0xAA, 0x0C, 0x0F, 0x03, 0x10, 0x02, 0x51, 0x12,
    0x79, 0x5C, 0x9A, 0x5C, 0x9A, 0x5C, 0x79, 0x5C, 0x51, 0x12, 0x10, 0x02, 0xAD, 0x03, 0x4B, 0x04,
    0x4B, 0x0C, 0x4C, 0x04, 0x0F, 0x03, 0x30, 0x02, 0x79, 0x54, 0x9A, 0x5C, 0x9A, 0x5C, 0x79, 0x54,
    0x30, 0x02, 0xAD, 0x03, 0xCD, 0x03, 0xC9, 0x0C, 0xAA, 0x0C, 0x6B, 0x0C, 0xAA, 0x0C, 0x70, 0x02,
    0x59, 0x54, 0x99, 0x5C, 0x99, 0x5C, 0x79, 0x54, 0x50, 0x02, 0x4B, 0x04, 0xAA, 0x0C, 0x4B, 0x0C,
    0x4B, 0x0C, 0xAA, 0x0C, 0x6B, 0x0C, 0xAA, 0x0C, 0x4C, 0x14, 0xAB, 0x14, 0x6C, 0x14, 0xAB, 0x14,
    0x4B, 0x04, 0xAA, 0x0C, 0x6B, 0x0C, 0xCA, 0x0C, 0xAA, 0x0C, 0xCD, 0x03, 0xAD, 0x03, 0xAD, 0x03,
    0xAD, 0x03, 0x2E, 0x03, 0xAD, 0x03, 0xAD, 0x03, 0xAD, 0x03, 0x2E, 0x03, 0x4C, 0x04, 0x6B, 0x0C,
    0x4C, 0x04, 0xAD, 0x03, 0x10, 0x02, 0x51, 0x12, 0x51, 0x12, 0x51, 0x12, 0x51, 0x12, 0x51, 0x12,
    0x51, 0x12, 0x10, 0x02, 0xAD, 0x03, 0xAA, 0x0C, 0x50, 0x02, 0x30, 0x02, 0x51, 0x12, 0x9E, 0x75,
    0x1C, 0x6D, 0x1C, 0x6D, 0x1C, 0x6D, 0x1C, 0x6D, 0x1C, 0x6D, 0x51, 0x12, 0x30, 0x02, 0x50, 0x02,
    0x79, 0x54, 0x79, 0x54, 0x79, 0x5C, 0x3C, 0x6D, 0x79, 0x5C, 0x79, 0x5C, 0x79, 0x5C, 0x79, 0x5C,
    0x1C, 0x6D, 0x79, 0x5C, 0x79, 0x54, 0x79, 0x54, 0x9A, 0x5C, 0x9A, 0x5C, 0x9A, 0x5C, 0x9A, 0x5C,
    0x79, 0x5C, 0x79, 0x5C, 0x79, 0x5C, 0x79, 0x5C, 0x79, 0x5C, 0x9A, 0x5C, 0x9A, 0x5C, 0x9A, 0x5C,
    0x9A, 0x5C, 0x9A, 0x5C, 0x9A, 0x5C, 0x79, 0x5C, 0x79, 0x5C, 0x79, 0x5C, 0x79, 0x5C, 0x79, 0x5C,
    0x9A, 0x5C, 0x9A, 0x5C, 0x9A, 0x5C, 0x9A, 0x5C, 0x79, 0x54, 0x79, 0x54, 0x79, 0x5C, 0x1C, 0x6D,
    0x79, 0x5C, 0x79, 0x5C, 0x79, 0x5C, 0x79, 0x5C, 0x3C, 0x6D, 0x79, 0x5C, 0x79, 0x54, 0x79, 0x54,
    0x30, 0x02, 0x10, 0x02, 0x51, 0x12, 0x1C, 0x6D, 0x1C, 0x6D, 0x79, 0x5C, 0x9A, 0x5C, 0x3C, 0x6D,
    0x9E, 0x75, 0x51, 0x12, 0x30, 0x02, 0x50, 0x02, 0xAA, 0x0C, 0x0F, 0x03, 0x10, 0x02, 0x51, 0x12,
    0x79, 0x5C, 0x9A, 0x5C, 0x9A, 0x5C, 0x79, 0x5C, 0x51, 0x12, 0x10, 0x02, 0xAD, 0x03, 0x4B, 0x04,
    0x4B, 0x0C, 0x4C, 0x04, 0x0F, 0x03, 0x30, 0x02, 0x79, 0x54, 0x9A, 0x5C, 0x9A, 0x5C, 0x79, 0x54,
    0x30, 0x02, 0xAD, 0x03, 0xCD, 0x03, 0xC9, 0x0C, 0xAA, 0x0C, 0x6B, 0x0C, 0xAA, 0x0C, 0x50, 0x02,
    0x79, 0x54, 0x9A, 0x5C, 0x9A, 0x5C, 0x79, 0x54, 0x30, 0x02, 0x4B, 0x04, 0xAA, 0x0C, 0x4B, 0x0C,
    0x4B, 0x0C, 0xAA, 0x0C, 0x4B, 0x04, 0x50, 0x02, 0x79, 0x54, 0x9A, 0x5C, 0x9A, 0x5C, 0x79, 0x54,
    0x30, 0x02, 0x8A, 0x0C, 0x6B, 0x0C, 0xCA, 0x0C, 0xAA, 0x0C, 0xCD, 0x03, 0xAD, 0x03, 0x30, 0x02,
    0x79, 0x54, 0x9A, 0x5C, 0x9A, 0x5C, 0x79, 0x54, 0x10, 0x02, 0x0F, 0x03, 0x4C, 0x04, 0x6B, 0x0C,
    0x4C, 0x04, 0xAD, 0x03, 0x10, 0x02, 0x51, 0x12, 0x79, 0x5C, 0x9A, 0x5C, 0x9A, 0x5C, 0x79, 0x5C,
    0x51, 0x12, 0x10, 0x02, 0xAD, 0x03, 0xC9, 0x0C, 0x50, 0x02, 0x30, 0x02, 0x51, 0x12, 0x9E, 0x75,
    0x3C, 0x6D, 0x9A, 0x5C, 0x79, 0x5C, 0x1C, 0x6D, 0x1C, 0x6D, 0x51, 0x12, 0xAD, 0x03, 0x4B, 0x0C,
    0x79, 0x54, 0x79, 0x54, 0x79, 0x5C, 0x3C, 0x6D, 0x79, 0x5C, 0x79, 0x5C, 0x79, 0x5C, 0x79, 0x5C,
    0x1C, 0x6D, 0x51, 0x12, 0xAD, 0x03, 0xCA, 0x0C, 0x9A, 0x5C, 0x9A, 0x5C, 0x9A, 0x5C, 0x9A, 0x5C,
    0x79, 0x5C, 0x79, 0x5C, 0x79, 0x5C, 0x79, 0x5C, 0x1C, 0x6D, 0x51, 0x12, 0xAD, 0x03, 0x6B, 0x0C,
    0x9A, 0x5C, 0x9A, 0x5C, 0x9A, 0x5C, 0x79, 0x5C, 0x79, 0x5C, 0x79, 0x5C, 0x79, 0x5C, 0x79, 0x5C,
    0x1C, 0x6D, 0x51, 0x12, 0xAD, 0x03, 0xC9, 0x0C, 0x79, 0x54, 0x79, 0x54, 0x79, 0x5C, 0x1C, 0x6D,
    0x79, 0x5C, 0x79, 0x5C, 0x79, 0x5C, 0x79, 0x5C, 0x1C, 0x6D, 0x51, 0x12, 0xAD, 0x03, 0x4B, 0x0C,
    0x30, 0x02, 0x10, 0x02, 0x51, 0x12, 0x1C, 0x6D, 0x1C, 0x6D, 0x79, 0x5C, 0x9A, 0x5C, 0x3C, 0x6D,
    0x9E, 0x75, 0x51, 0x12, 0xAD, 0x03, 0xCA, 0x0C, 0xAA, 0x0C, 0x0F, 0x03, 0x10, 0x02, 0x51, 0x12,
    0x79, 0x5C, 0x9A, 0x5C, 0x9A, 0x5C, 0x79, 0x5C, 0x51, 0x12, 0x10, 0x02, 0xAD, 0x03, 0x6B, 0x0C,
    0x4B, 0x0C, 0x4C, 0x04, 0x0F, 0x03, 0x30, 0x02, 0x79, 0x54, 0x9A, 0x5C, 0x9A, 0x5C, 0x79, 0x54,
    0x30, 0x02, 0xAD, 0x03, 0xCD, 0x03, 0xC9, 0x0C, 0xAA, 0x0C, 0x6B, 0x0C, 0xAA, 0x0C, 0x70, 0x02,
    0x59, 0x54, 0x99, 0x5C, 0x99, 0x5C, 0x79, 0x54, 0x50, 0x02, 0x4B, 0x04, 0xAA, 0x0C, 0x4B, 0x0C,
    0x4B, 0x0C, 0xAA, 0x0C, 0x6B, 0x0C, 0xAA, 0x0C, 0x4C, 0x14, 0xAB, 0x14, 0xCB, 0x14, 0xAB, 0x14,
    0x4B, 0x04, 0xAA, 0x0C, 0x6B, 0x0C, 0xCA, 0x0C, 0xAA, 0x0C, 0xCD, 0x03, 0xAD, 0x03, 0xAD, 0x03,
    0xAD, 0x03, 0x2E, 0x03, 0xAD, 0x03, 0xAD, 0x03, 0xAD, 0x03, 0x2E, 0x03, 0x4C, 0x04, 0x6B, 0x0C,
    0x4C, 0x04, 0xAD, 0x03, 0x10, 0x02, 0x51, 0x12, 0x51, 0x12, 0x51, 0x12, 0x51, 0x12, 0x51, 0x12,
    0x51, 0x12, 0x10, 0x02, 0xAD, 0x03, 0xC9, 0x0C, 0x50, 0x02, 0x30, 0x02, 0x51, 0x12, 0x9E, 0x75,
    0x1C, 0x6D, 0x1C, 0x6D, 0x1C, 0x6D, 0x1C, 0x6D, 0x1C, 0x6D, 0x51, 0x12, 0xAD, 0x03, 0x4B, 0x0C,
    0x79, 0x54, 0x79, 0x54, 0x79, 0x5C, 0x3C, 0x6D, 0x79, 0x5C, 0x79, 0x5C, 0x79, 0x5C, 0x79, 0x5C,
    0x1C, 0x6D, 0x51, 0x12, 0xAD, 0x03, 0xCA, 0x0C, 0x9A, 0x5C, 0x9A, 0x5C, 0x9A, 0x5C, 0x9A, 0x5C,
    0x79, 0x5C, 0x79, 0x5C, 0x79, 0x5C, 0x79, 0x5C, 0x1C, 0x6D, 0x51, 0x12, 0xAD, 0x03, 0x6B, 0x0C,
    0x9A, 0x5C, 0x9A, 0x5C, 0x9A, 0x5C, 0x79, 0x5C, 0x79, 0x5C, 0x79, 0x5C, 0x79, 0x5C, 0x79, 0x5C,
    0x1C, 0x6D, 0x51, 0x12, 0xAD, 0x03, 0xC9, 0x0C, 0x79, 0x54, 0x79, 0x54, 0x79, 0x5C, 0x1C, 0x6D,
    0x79, 0x5C, 0x79, 0x5C, 0x79, 0x5C, 0x79, 0x5C, 0x1C, 0x6D, 0x51, 0x12, 0xAD, 0x03, 0x4B, 0x0C,
    0x30, 0x02, 0x10, 0x02, 0x51, 0x12, 0x1C, 0x6D, 0x1C, 0x6D, 0x79, 0x5C, 0x9A, 0x5C, 0x3C, 0x6D,
    0x9E, 0x75, 0x51, 0x12, 0xAD, 0x03, 0xCA, 0x0C, 0xAA, 0x0C, 0x0F, 0x03, 0x10, 0x02, 0x51, 0x12,
    0x79, 0x5C, 0x9A, 0x5C, 0x9A, 0x5C, 0x79, 0x5C, 0x51, 0x12, 0x10, 0x02, 0xAD, 0x03, 0x6B, 0x0C,
    0x4B, 0x0C, 0x4C, 0x04, 0x0F, 0x03, 0x30, 0x02, 0x79, 0x54, 0x9A, 0x5C, 0x9A, 0x5C, 0x79, 0x54,
    0x30, 0x02, 0xAD, 0x03, 0xCD, 0x03, 0xC9, 0x0C, 0xAA, 0x0C, 0x6B, 0x0C, 0xAA, 0x0C, 0x50, 0x02,
    0x79, 0x54, 0x9A, 0x5C, 0x9A, 0x5C, 0x79, 0x54, 0x30, 0x02, 0x4B, 0x04, 0xAA, 0x0C, 0x4B, 0x0C,
    0x4B, 0x0C, 0xAA, 0x0C, 0x4B, 0x04, 0x50, 0x02, 0x79, 0x54, 0x9A, 0x5C, 0x9A, 0x5C, 0x79, 0x54,
    0x30, 0x02, 0x8A, 0x0C, 0x6B, 0x0C, 0xCA, 0x0C, 0xAA, 0x0C, 0xCD, 0x03, 0xAD, 0x03, 0x30, 0x02,
    0x79, 0x54, 0x9A, 0x5C, 0x9A, 0x5C, 0x79, 0x54, 0x10, 0x02, 0x0F, 0x03, 0x4C, 0x04, 0x6B, 0x0C,
    0x4C, 0x04, 0xAD, 0x03, 0x10, 0x02, 0x51, 0x12, 0x79, 0x5C, 0x9A, 0x5C, 0x9A, 0x5C, 0x79, 0x5C,
    0x51, 0x12, 0x10, 0x02, 0xAD, 0x03, 0xAA, 0x0C, 0x50, 0x02, 0x30, 0x02, 0x51, 0x12, 0x9E, 0x75,
    0x3C, 0x6D, 0x9A, 0x5C, 0x79, 0x5C, 0x1C, 0x6D, 0x1C, 0x6D, 0x51, 0x12, 0x30, 0x02, 0x50, 0x02,
    0x79, 0x54, 0x79, 0x54, 0x79, 0x5C, 0x3C, 0x6D, 0x79, 0x5C, 0x79, 0x5C, 0x79, 0x5C, 0x79, 0x5C,
    0x1C, 0x6D, 0x79, 0x5C, 0x79, 0x54, 0x79, 0x54, 0x9A, 0x5C, 0x9A, 0x5C, 0x9A, 0x5C, 0x9A, 0x5C,
    0x79, 0x5C, 0x79, 0x5C, 0x79, 0x5C, 0x79, 0x5C, 0x79, 0x5C, 0x9A, 0x5C, 0x9A, 0x5C, 0x9A, 0x5C,
    0x9A, 0x5C, 0x9A, 0x5C, 0x9A, 0x5C, 0x79, 0x5C, 0x79, 0x5C, 0x79, 0x5C, 0x79, 0x5C, 0x79, 0x5C,
    0x9A, 0x5C, 0x9A, 0x5C, 0x9A, 0x5C, 0x9A, 0x5C, 0x79, 0x54, 0x79, 0x54, 0x79, 0x5C, 0x1C, 0x6D,
    0x79, 0x5C, 0x79, 0x5C, 0x79, 0x5C, 0x79, 0x5C, 0x3C, 0x6D, 0x79, 0x5C, 0x79, 0x54, 0x79, 0x54,
    0x30, 0x02, 0x10, 0x02, 0x51, 0x12, 0x1C, 0x6D, 0x1C, 0x6D, 0x1C, 0x6D, 0x1C, 0x6D, 0x1C, 0x6D,
    0x9E, 0x75, 0x51, 0x12, 0x30, 0x02, 0x50, 0x02, 0xAA, 0x0C, 0x0F, 0x03, 0x10, 0x02, 0x51, 0x12,
    0x51, 0x12, 0x51, 0x12, 0x51, 0x12, 0x51, 0x12, 0x51, 0x12, 0x10, 0x02, 0xAD, 0x03, 0x4B, 0x04,
    0x4B, 0x0C, 0x4C, 0x04, 0x2E, 0x03, 0xAD, 0x03, 0xAD, 0x03, 0xAD, 0x03, 0x2E, 0x03, 0xAD, 0x03,
    0xAD, 0x03, 0xAD, 0x03, 0xCD, 0x03, 0xC9, 0x0C, 0xAA, 0x0C, 0x6B, 0x0C, 0xAA, 0x0C, 0x6B, 0x0C,
    0xAA, 0x0C, 0x6B, 0x0C, 0xAA, 0x0C, 0x6B, 0x0C, 0xAA, 0x0C, 0x6B, 0x0C, 0xAA, 0x0C, 0x4B, 0x0C,
    0x4B, 0x0C, 0xAA, 0x0C, 0x6B, 0x0C, 0xAA, 0x0C, 0x6B, 0x0C, 0xAA, 0x0C, 0x6B, 0x0C, 0xAA, 0x0C,
    0x6B, 0x0C, 0xAA, 0x0C, 0x6B, 0x0C, 0xCA, 0x0C, 0xAA, 0x0C, 0xCD, 0x03, 0xAD, 0x03, 0xAD, 0x03,
    0xAD, 0x03, 0x2E, 0x03, 0xAD, 0x03, 0xAD, 0x03, 0xAD, 0x03, 0x2E, 0x03, 0x4C, 0x04, 0x6B, 0x0C,
    0x4C, 0x04, 0xAD, 0x03, 0x10, 0x02, 0x51, 0x12, 0x51, 0x12, 0x51, 0x12, 0x51, 0x12, 0x51, 0x12,
    0x51, 0x12, 0x10, 0x02, 0xAD, 0x03, 0xAA, 0x0C, 0x50, 0x02, 0x30, 0x02, 0x51, 0x12, 0x9E, 0x75,
    0x1C, 0x6D, 0x1C, 0x6D, 0x1C, 0x6D, 0x1C, 0x6D, 0x1C, 0x6D, 0x51, 0x12, 0x30, 0x02, 0x50, 0x02,
    0x79, 0x54, 0x79, 0x54, 0x79, 0x5C, 0x3C, 0x6D, 0x79, 0x5C, 0x79, 0x5C, 0x79, 0x5C, 0x79, 0x5C,
    0x1C, 0x6D, 0x79, 0x5C, 0x79, 0x54, 0x79, 0x54, 0x9A, 0x5C, 0x9A, 0x5C, 0x9A, 0x5C, 0x9A, 0x5C,
    0x79, 0x5C, 0x79, 0x5C, 0x79, 0x5C, 0x79, 0x5C, 0x79, 0x5C, 0x9A, 0x5C, 0x9A, 0x5C, 0x9A, 0x5C,
    0x9A, 0x5C, 0x9A, 0x5C, 0x9A, 0x5C, 0x79, 0x5C, 0x79, 0x5C, 0x79, 0x5C, 0x79, 0x5C, 0x79, 0x5C,
    0x9A, 0x5C, 0x9A, 0x5C, 0x9A, 0x5C, 0x9A, 0x5C, 0x79, 0x54, 0x79, 0x54, 0x79, 0x5C, 0x1C, 0x6D,
    0x79, 0x5C, 0x79, 0x5C, 0x79, 0x5C, 0x79, 0x5C, 0x3C, 0x6D, 0x79, 0x5C, 0x79, 0x54, 0x79, 0x54,
    0x30, 0x02, 0x10, 0x02, 0x51, 0x12, 0x1C, 0x6D, 0x1C, 0x6D, 0x1C, 0x6D, 0x1C, 0x6D, 0x1C, 0x6D,
    0x9E, 0x75, 0x51, 0x12, 0x30, 0x02, 0x50, 0x02, 0xAA, 0x0C, 0x0F, 0x03, 0x10, 0x02, 0x51, 0x12,
    0x51, 0x12, 0x51, 0x12, 0x51, 0x12, 0x51, 0x12, 0x51, 0x12, 0x10, 0x02, 0xAD, 0x03, 0x4B, 0x04,
    0x4B, 0x0C, 0x4C, 0x04, 0x2E, 0x03, 0xAD, 0x03, 0xAD, 0x03, 0xAD, 0x03, 0x2E, 0x03, 0xAD, 0x03,
    0xAD, 0x03, 0xAD, 0x03, 0xCD, 0x03, 0xC9, 0x0C, 0xAA, 0x0C, 0x6B, 0x0C, 0xAA, 0x0C, 0x4B, 0x04,
    0xAB, 0x14, 0x6C, 0x14, 0xAB, 0x14, 0x4C, 0x14, 0xAA, 0x0C, 0x6B, 0x0C, 0xAA, 0x0C, 0x4B, 0x0C,
    0x4B, 0x0C, 0xAA, 0x0C, 0x4B, 0x04, 0x50, 0x02, 0x79, 0x54, 0x99, 0x5C, 0x99, 0x5C, 0x59, 0x54,
    0x70, 0x02, 0x8A, 0x0C, 0x6B, 0x0C, 0xCA, 0x0C, 0xAA, 0x0C, 0xCD, 0x03, 0xAD, 0x03, 0x30, 0x02,
    0x79, 0x54, 0x9A, 0x5C, 0x9A, 0x5C, 0x79, 0x54, 0x10, 0x02, 0x0F, 0x03, 0x4C, 0x04, 0x6B, 0x0C,
    0x4C, 0x04, 0xAD, 0x03, 0x10, 0x02, 0x51, 0x12, 0x79, 0x5C, 0x9A, 0x5C, 0x9A, 0x5C, 0x79, 0x5C,
    0x51, 0x12, 0x10, 0x02, 0xAD, 0x03, 0xC9, 0x0C, 0x50, 0x02, 0x30, 0x02, 0x51, 0x12, 0x9E, 0x75,
    0x3C, 0x6D, 0x9A, 0x5C, 0x79, 0x5C, 0x1C, 0x6D, 0x1C, 0x6D, 0x51, 0x12, 0xAD, 0x03, 0x4B, 0x0C,
    0x79, 0x54, 0x79, 0x54, 0x79, 0x5C, 0x3C, 0x6D, 0x79, 0x5C, 0x79, 0x5C, 0x79, 0x5C, 0x79, 0x5C,
    0x1C, 0x6D, 0x51, 0x12, 0xAD, 0x03, 0xCA, 0x0C, 0x9A, 0x5C, 0x9A, 0x5C, 0x9A, 0x5C, 0x9A, 0x5C,
    0x79, 0x5C, 0x79, 0x5C, 0x79, 0x5C, 0x79, 0x5C, 0x1C, 0x6D, 0x51, 0x12, 0xAD, 0x03, 0x6B, 0x0C,
    0x9A, 0x5C, 0x9A, 0x5C, 0x9A, 0x5C, 0x79, 0x5C, 0x79, 0x5C, 0x79, 0x5C, 0x79, 0x5C, 0x79, 0x5C,
    0x1C, 0x6D, 0x51, 0x12, 0xAD, 0x03, 0xC9, 0x0C, 0x79, 0x54, 0x79, 0x54, 0x79, 0x5C, 0x1C, 0x6D,
    0x79, 0x5C, 0x79, 0x5C, 0x79, 0x5C, 0x79, 0x5C, 0x1C, 0x6D, 0x51, 0x12, 0xAD, 0x03, 0x4B, 0x0C,
    0x30, 0x02, 0x10, 0x02, 0x51, 0x12, 0x1C, 0x6D, 0x1C, 0x6D, 0x1C, 0x6D, 0x1C, 0x6D, 0x1C, 0x6D,
    0x9E, 0x75, 0x51, 0x12, 0xAD, 0x03, 0xCA, 0x0C, 0xAA, 0x0C, 0x0F, 0x03, 0x10, 0x02, 0x51, 0x12,
    0x51, 0x12, 0x51, 0x12, 0x51, 0x12, 0x51, 0x12, 0x51, 0x12, 0x10, 0x02, 0xAD, 0x03, 0x6B, 0x0C,
    0x4B, 0x0C, 0x4C, 0x04, 0x2E, 0x03, 0xAD, 0x03, 0xAD, 0x03, 0xAD, 0x03, 0x2E, 0x03, 0xAD, 0x03,
    0xAD, 0x03, 0xAD, 0x03, 0xCD, 0x03, 0xC9, 0x0C, 0xAA, 0x0C, 0x6B, 0x0C, 0xAA, 0x0C, 0x6B, 0x0C,
    0xAA, 0x0C, 0x6B, 0x0C, 0xAA, 0x0C, 0x6B, 0x0C, 0xAA, 0x0C, 0x6B, 0x0C, 0xAA, 0x0C, 0x4B, 0x0C,
    0x4B, 0x0C, 0xAA, 0x0C, 0x6B, 0x0C, 0xAA, 0x0C, 0x6B, 0x0C, 0xAA, 0x0C, 0x6B, 0x0C, 0xAA, 0x0C,
    0x6B, 0x0C, 0xAA, 0x0C, 0x6B, 0x0C, 0xCA, 0x0C, 0xAA, 0x0C, 0xCD, 0x03, 0xAD, 0x03, 0xAD, 0x03,
    0xAD, 0x03, 0x2E, 0x03, 0xAD, 0x03, 0xAD, 0x03, 0xAD, 0x03, 0x2E, 0x03, 0x4C, 0x04, 0x6B, 0x0C,
    0x4C, 0x04, 0xAD, 0x03, 0x10, 0x02, 0x51, 0x12, 0x51, 0x12, 0x51, 0x12, 0x51, 0x12, 0x51, 0x12,
    0x51, 0x12, 0x10, 0x02, 0xAD, 0x03, 0xC9, 0x0C, 0x50, 0x02, 0x30, 0x02, 0x51, 0x12, 0x9E, 0x75,
    0x1C, 0x6D, 0x1C, 0x6D, 0x1C, 0x6D, 0x1C, 0x6D, 0x1C, 0x6D, 0x51, 0x12, 0xAD, 0x03, 0x4B, 0x0C,
    0x79, 0x54, 0x79, 0x54, 0x79, 0x5C, 0x3C, 0x6D, 0x79, 0x5C, 0x79, 0x5C, 0x79, 0x5C, 0x79, 0x5C,
    0x1C, 0x6D, 0x51, 0x12, 0xAD, 0x03, 0xCA, 0x0C, 0x9A, 0x5C, 0x9A, 0x5C, 0x9A, 0x5C, 0x9A, 0x5C,
    0x79, 0x5C, 0x79, 0x5C, 0x79, 0x5C, 0x79, 0x5C, 0x1C, 0x6D, 0x51, 0x12, 0xAD, 0x03, 0x6B, 0x0C,
    0x9A, 0x5C, 0x9A, 0x5C, 0x9A, 0x5C, 0x79, 0x5C, 0x79, 0x5C, 0x79, 0x5C, 0x79, 0x5C, 0x79, 0x5C,
    0x1C, 0x6D, 0x51, 0x12, 0xAD, 0x03, 0xC9, 0x0C, 0x79, 0x54, 0x79, 0x54, 0x79, 0x5C, 0x1C, 0x6D,
    0x79, 0x5C, 0x79, 0x5C, 0x79, 0x5C, 0x79, 0x5C, 0x1C, 0x6D, 0x51, 0x12, 0xAD, 0x03, 0x4B, 0x0C,
    0x30, 0x02, 0x10, 0x02, 0x51, 0x12, 0x1C, 0x6D, 0x1C, 0x6D, 0x1C, 0x6D, 0x1C, 0x6D, 0x1C, 0x6D,
    0x9E, 0x75, 0x51, 0x12, 0xAD, 0x03, 0xCA, 0x0C, 0xAA, 0x0C, 0x0F, 0x03, 0x10, 0x02, 0x51, 0x12,
    0x51, 0x12, 0x51, 0x12, 0x51, 0x12, 0x51, 0x12, 0x51, 0x12, 0x10, 0x02, 0xAD, 0x03, 0x6B, 0x0C,
    0x4B, 0x0C, 0x4C, 0x04, 0x2E, 0x03, 0xAD, 0x03, 0xAD, 0x03, 0xAD, 0x03, 0x2E, 0x03, 0xAD, 0x03,
    0xAD, 0x03, 0xAD, 0x03, 0xCD, 0x03, 0xC9, 0x0C, 0xAA, 0x0C, 0x6B, 0x0C, 0xAA, 0x0C, 0x4B, 0x04,
    0xAB, 0x14, 0x6C, 0x14, 0xAB, 0x14, 0x4C, 0x14, 0xAA, 0x0C, 0x6B, 0x0C, 0xAA, 0x0C, 0x4B, 0x0C,
    0x4B, 0x0C, 0xAA, 0x0C, 0x4B, 0x04, 0x50, 0x02, 0x79, 0x54, 0x99, 0x5C, 0x99, 0x5C, 0x59, 0x54,
    0x70, 0x02, 0x8A, 0x0C, 0x6B, 0x0C, 0xCA, 0x0C, 0xAA, 0x0C, 0xCD, 0x03, 0xAD, 0x03, 0x30, 0x02,
    0x79, 0x54, 0x9A, 0x5C, 0x9A, 0x5C, 0x79, 0x54, 0x10, 0x02, 0x0F, 0x03, 0x4C, 0x04, 0x6B, 0x0C,
    0x4B, 0x0C, 0xAD, 0x03, 0x10, 0x02, 0x51, 0x12, 0x79, 0x5C, 0x9A, 0x5C, 0x9A, 0x5C, 0x79, 0x5C,
    0x51, 0x12, 0x10, 0x02, 0xAD, 0x03, 0xAA, 0x0C, 0xAA, 0x0C, 0x2E, 0x03, 0x51, 0x12, 0x9E, 0x75,
    0x3C, 0x6D, 0x9A, 0x5C, 0x79, 0x5C, 0x1C, 0x6D, 0x1C, 0x6D, 0x51, 0x12, 0x30, 0x02, 0x50, 0x02,
    0x4B, 0x0C, 0xAD, 0x03, 0x51, 0x12, 0x1C, 0x6D, 0x79, 0x5C, 0x79, 0x5C, 0x79, 0x5C, 0x79, 0x5C,
    0x1C, 0x6D, 0x79, 0x5C, 0x79, 0x54, 0x79, 0x54, 0xAA, 0x0C, 0x2E, 0x03, 0x51, 0x12, 0x1C, 0x6D,
    0x79, 0x5C, 0x79, 0x5C, 0x79, 0x5C, 0x79, 0x5C, 0x79, 0x5C, 0x9A, 0x5C, 0x9A, 0x5C, 0x9A, 0x5C,
    0x4B, 0x0C, 0xAD, 0x03, 0x51, 0x12, 0x1C, 0x6D, 0x79, 0x5C, 0x79, 0x5C, 0x79, 0x5C, 0x79, 0x5C,
    0x9A, 0x5C, 0x9A, 0x5C, 0x9A, 0x5C, 0x9A, 0x5C, 0xAA, 0x0C, 0x2E, 0x03, 0x51, 0x12, 0x1C, 0x6D,
    0x79, 0x5C, 0x79, 0x5C, 0x79, 0x5C, 0x79, 0x5C, 0x3C, 0x6D, 0x79, 0x5C, 0x79, 0x54, 0x79, 0x54,
    0x4B, 0x0C, 0xAD, 0x03, 0x51, 0x12, 0x1C, 0x6D, 0x1C, 0x6D, 0x79, 0x5C, 0x9A, 0x5C, 0x3C, 0x6D,
    0x9E, 0x75, 0x51, 0x12, 0x30, 0x02, 0x50, 0x02, 0xAA, 0x0C, 0x2E, 0x03, 0x10, 0x02, 0x51, 0x12,
    0x79, 0x5C, 0x9A, 0x5C, 0x9A, 0x5C, 0x79, 0x5C, 0x51, 0x12, 0x10, 0x02, 0xAD, 0x03, 0x4B, 0x04,
    0x4B, 0x0C, 0x4C, 0x04, 0x0F, 0x03, 0x30, 0x02, 0x79, 0x54, 0x9A, 0x5C, 0x9A, 0x5C, 0x79, 0x54,
    0x30, 0x02, 0xAD, 0x03, 0xCD, 0x03, 0xC9, 0x0C, 0xAA, 0x0C, 0x6B, 0x0C, 0xAA, 0x0C, 0x70, 0x02,
    0x59, 0x54, 0x99, 0x5C, 0x99, 0x5C, 0x79, 0x54, 0x50, 0x02, 0x4B, 0x04, 0xAA, 0x0C, 0x4B, 0x0C,
    0x4B, 0x0C, 0xAA, 0x0C, 0x6B, 0x0C, 0xAA, 0x0C, 0x4C, 0x14, 0xAB, 0x14, 0x6C, 0x14, 0xAB, 0x14,
    0x4B, 0x04, 0xAA, 0x0C, 0x6B, 0x0C, 0xCA, 0x0C, 0xAA, 0x0C, 0xCD, 0x03, 0xAD, 0x03, 0xAD, 0x03,
    0xAD, 0x03, 0x2E, 0x03, 0xAD, 0x03, 0xAD, 0x03, 0xAD, 0x03, 0x2E, 0x03, 0x4C, 0x04, 0x6B, 0x0C,
    0x4B, 0x0C, 0xAD, 0x03, 0x10, 0x02, 0x51, 0x12, 0x51, 0x12, 0x51, 0x12, 0x51, 0x12, 0x51, 0x12,
    0x51, 0x12, 0x10, 0x02, 0xAD, 0x03, 0xAA, 0x0C, 0xAA, 0x0C, 0x2E, 0x03, 0x51, 0x12, 0x9E, 0x75,
    0x1C, 0x6D, 0x1C, 0x6D, 0x1C, 0x6D, 0x1C, 0x6D, 0x1C, 0x6D, 0x51, 0x12, 0x30, 0x02, 0x50, 0x02,
    0x4B, 0x0C, 0xAD, 0x03, 0x51, 0x12, 0x1C, 0x6D, 0x79, 0x5C, 0x79, 0x5C, 0x79, 0x5C, 0x79, 0x5C,
    0x1C, 0x6D, 0x79, 0x5C, 0x79, 0x54, 0x79, 0x54, 0xAA, 0x0C, 0x2E, 0x03, 0x51, 0x12, 0x1C, 0x6D,
    0x79, 0x5C, 0x79, 0x5C, 0x79, 0x5C, 0x79, 0x5C, 0x79, 0x5C, 0x9A, 0x5C, 0x9A, 0x5C, 0x9A, 0x5C,
    0x4B, 0x0C, 0xAD, 0x03, 0x51, 0x12, 0x1C, 0x6D, 0x79, 0x5C, 0x79, 0x5C, 0x79, 0x5C, 0x79, 0x5C,
    0x9A, 0x5C, 0x9A, 0x5C, 0x9A, 0x5C, 0x9A, 0x5C, 0xAA, 0x0C, 0x2E, 0x03, 0x51, 0x12, 0x1C, 0x6D,
    0x79, 0x5C, 0x79, 0x5C, 0x79, 0x5C, 0x79, 0x5C, 0x3C, 0x6D, 0x79, 0x5C, 0x79, 0x54, 0x79, 0x54,
    0x4B, 0x0C, 0xAD, 0x03, 0x51, 0x12, 0x1C, 0x6D, 0x1C, 0x6D, 0x79, 0x5C, 0x9A, 0x5C, 0x3C, 0x6D,
    0x9E, 0x75, 0x51, 0x12, 0x30, 0x02, 0x50, 0x02, 0xAA, 0x0C, 0x2E, 0x03, 0x10, 0x02, 0x51, 0x12,
    0x79, 0x5C, 0x9A, 0x5C, 0x9A, 0x5C, 0x79, 0x5C, 0x51, 0x12, 0x10, 0x02, 0xAD, 0x03, 0x4B, 0x04,
    0x4B, 0x0C, 0x4C, 0x04, 0x0F, 0x03, 0x30, 0x02, 0x79, 0x54, 0x9A, 0x5C, 0x9A, 0x5C, 0x79, 0x54,
    0x30, 0x02, 0xAD, 0x03, 0xCD, 0x03, 0xC9, 0x0C, 0xAA, 0x0C, 0x6B, 0x0C, 0xAA, 0x0C, 0x50, 0x02,
    0x79, 0x54, 0x9A, 0x5C, 0x9A, 0x5C, 0x79, 0x54, 0x30, 0x02, 0x4B, 0x04, 0xAA, 0x0C, 0x4B, 0x0C,
    0x4B, 0x0C, 0xAA, 0x0C, 0x4B, 0x04, 0x50, 0x02, 0x79, 0x54, 0x9A, 0x5C, 0x9A, 0x5C, 0x79, 0x54,
    0x30, 0x02, 0x8A, 0x0C, 0x6B, 0x0C, 0xCA, 0x0C, 0xAA, 0x0C, 0xCD, 0x03, 0xAD, 0x03, 0x30, 0x02,
    0x79, 0x54, 0x9A, 0x5C, 0x9A, 0x5C, 0x79, 0x54, 0x10, 0x02, 0x0F, 0x03, 0x4C, 0x04, 0x6B, 0x0C,
    0x4B, 0x0C, 0xAD, 0x03, 0x10, 0x02, 0x51, 0x12, 0x79, 0x5C, 0x9A, 0x5C, 0x9A, 0x5C, 0x79, 0x5C,
    0x51, 0x12, 0x10, 0x02, 0xAD, 0x03, 0xC9, 0x0C, 0xAA, 0x0C, 0x2E, 0x03, 0x51, 0x12, 0x9E, 0x75,
    0x3C, 0x6D, 0x9A, 0x5C, 0x79, 0x5C, 0x1C, 0x6D, 0x1C, 0x6D, 0x51, 0x12, 0xAD, 0x03, 0x4B, 0x0C,
    0x4B, 0x0C, 0xAD, 0x03, 0x51, 0x12, 0x1C, 0x6D, 0x79, 0x5C, 0x79, 0x5C, 0x79, 0x5C, 0x79, 0x5C,
    0x1C, 0x6D, 0x51, 0x12, 0xAD, 0x03, 0xCA, 0x0C, 0xAA, 0x0C, 0x2E, 0x03, 0x51, 0x12, 0x1C, 0x6D,
    0x79, 0x5C, 0x79, 0x5C, 0x79, 0x5C, 0x79, 0x5C, 0x1C, 0x6D, 0x51, 0x12, 0xAD, 0x03, 0x6B, 0x0C,
    0x4B, 0x0C, 0xAD, 0x03, 0x51, 0x12, 0x1C, 0x6D, 0x79, 0x5C, 0x79, 0x5C, 0x79, 0x5C, 0x79, 0x5C,
    0x1C, 0x6D, 0x51, 0x12, 0xAD, 0x03, 0xC9, 0x0C, 0xAA, 0x0C, 0x2E, 0x03, 0x51, 0x12, 0x1C, 0x6D,
    0x79, 0x5C, 0x79, 0x5C, 0x79, 0x5C, 0x79, 0x5C, 0x1C, 0x6D, 0x51, 0x12, 0xAD, 0x03, 0x4B, 0x0C,
    0x4B, 0x0C, 0xAD, 0x03, 0x51, 0x12, 0x1C, 0x6D, 0x1C, 0x6D, 0x79, 0x5C, 0x9A, 0x5C, 0x3C, 0x6D,
    0x9E, 0x75, 0x51, 0x12, 0xAD, 0x03, 0xCA, 0x0C, 0xAA, 0x0C, 0x2E, 0x03, 0x10, 0x02, 0x51, 0x12,
    0x79, 0x5C, 0x9A, 0x5C, 0x9A, 0x5C, 0x79, 0x5C, 0x51, 0x12, 0x10, 0x02, 0xAD, 0x03, 0x6B, 0x0C,
    0x4B, 0x0C, 0x4C, 0x04, 0x0F, 0x03, 0x30, 0x02, 0x79, 0x54, 0x9A, 0x5C, 0x9A, 0x5C, 0x79, 0x54,
    0x30, 0x02, 0xAD, 0x03, 0xCD, 0x03, 0xC9, 0x0C, 0xAA, 0x0C, 0x6B, 0x0C, 0xAA, 0x0C, 0x70, 0x02,
    0x59, 0x54, 0x99, 0x5C, 0x99, 0x5C, 0x79, 0x54, 0x50, 0x02, 0x4B, 0x04, 0xAA, 0x0C, 0x4B, 0x0C,
    0x4B, 0x0C, 0xAA, 0x0C, 0x6B, 0x0C, 0xAA, 0x0C, 0x4C, 0x14, 0xAB, 0x14, 0x6C, 0x14, 0xAB, 0x14,
    0x4B, 0x04, 0xAA, 0x0C, 0x6B, 0x0C, 0xCA, 0x0C, 0xAA, 0x0C, 0xCD, 0x03, 0xAD, 0x03, 0xAD, 0x03,
    0xAD, 0x03, 0x2E, 0x03, 0xAD, 0x03, 0xAD, 0x03, 0xAD, 0x03, 0x2E, 0x03, 0x4C, 0x04, 0x6B, 0x0C,
    0x4B, 0x0C, 0xAD, 0x03, 0x10, 0x02, 0x51, 0x12, 0x51, 0x12, 0x51, 0x12, 0x51, 0x12, 0x51, 0x12,
    0x51, 0x12, 0x10, 0x02, 0xAD, 0x03, 0xC9, 0x0C, 0xAA, 0x0C, 0x2E, 0x03, 0x51, 0x12, 0x9E, 0x75,
    0x1C, 0x6D, 0x1C, 0x6D, 0x1C, 0x6D, 0x1C, 0x6D, 0x1C, 0x6D, 0x51, 0x12, 0xAD, 0x03, 0x4B, 0x0C,
    0x4B, 0x0C, 0xAD, 0x03, 0x51, 0x12, 0x1C, 0x6D, 0x79, 0x5C, 0x79, 0x5C, 0x79, 0x5C, 0x79, 0x5C,
    0x1C, 0x6D, 0x51, 0x12, 0xAD, 0x03, 0xCA, 0x0C, 0xAA, 0x0C, 0x2E, 0x03, 0x51, 0x12, 0x1C, 0x6D,
    0x79, 0x5C, 0x79, 0x5C, 0x79, 0x5C, 0x79, 0x5C, 0x1C, 0x6D, 0x51, 0x12, 0xAD, 0x03, 0x6B, 0x0C,
    0x4B, 0x0C, 0xAD, 0x03, 0x51, 0x12, 0x1C, 0x6D, 0x79, 0x5C, 0x79, 0x5C, 0x79, 0x5C, 0x79, 0x5C,
    0x1C, 0x6D, 0x51, 0x12, 0xAD, 0x03, 0xC9, 0x0C, 0xAA, 0x0C, 0x2E, 0x03, 0x51, 0x12, 0x1C, 0x6D,
    0x79, 0x5C, 0x79, 0x5C, 0x79, 0x5C, 0x79, 0x5C, 0x1C, 0x6D, 0x51, 0x12, 0xAD, 0x03, 0x4B, 0x0C,
    0x4B, 0x0C, 0xAD, 0x03, 0x51, 0x12, 0x1C, 0x6D, 0x1C, 0x6D, 0x79, 0x5C, 0x9A, 0x5C, 0x3C, 0x6D,
    0x9E, 0x75, 0x51, 0x12, 0xAD, 0x03, 0xCA, 0x0C, 0xAA, 0x0C, 0x2E, 0x03, 0x10, 0x02, 0x51, 0x12,
    0x79, 0x5C, 0x9A, 0x5C, 0x9A, 0x5C, 0x79, 0x5C, 0x51, 0x12, 0x10, 0x02, 0xAD, 0x03, 0x6B, 0x0C,
    0x4B, 0x0C, 0x4C, 0x04, 0x0F, 0x03, 0x30, 0x02, 0x79, 0x54, 0x9A, 0x5C, 0x9A, 0x5C, 0x79, 0x54,
    0x30, 0x02, 0xAD, 0x03, 0xCD, 0x03, 0xC9, 0x0C, 0xAA, 0x0C, 0x6B, 0x0C, 0xAA, 0x0C, 0x50, 0x02,
    0x79, 0x54, 0x9A, 0x5C, 0x9A, 0x5C, 0x79, 0x54, 0x30, 0x02, 0x4B, 0x04, 0xAA, 0x0C, 0x4B, 0x0C,
    0x4B, 0x0C, 0xAA, 0x0C, 0x4B, 0x04, 0x50, 0x02, 0x79, 0x54, 0x9A, 0x5C, 0x9A, 0x5C, 0x79, 0x54,
    0x30, 0x02, 0x8A, 0x0C, 0x6B, 0x0C, 0xCA, 0x0C, 0xAA, 0x0C, 0xCD, 0x03, 0xAD, 0x03, 0x30, 0x02,
    0x79, 0x54, 0x9A, 0x5C, 0x9A, 0x5C, 0x79, 0x54, 0x10, 0x02, 0x0F, 0x03, 0x4C, 0x04, 0x6B, 0x0C,
    0x4B, 0x0C, 0xAD, 0x03, 0x10, 0x02, 0x51, 0x12, 0x79, 0x5C, 0x9A, 0x5C, 0x9A, 0x5C, 0x79, 0x5C,
    0x51, 0x12, 0x10, 0x02, 0xAD, 0x03, 0xAA, 0x0C, 0xAA, 0x0C, 0x2E, 0x03, 0x51, 0x12, 0x9E, 0x75,
    0x3C, 0x6D, 0x9A, 0x5C, 0x79, 0x5C, 0x1C, 0x6D, 0x1C, 0x6D, 0x51, 0x12, 0x30, 0x02, 0x50, 0x02,
    0x4B, 0x0C, 0xAD, 0x03, 0x51, 0x12, 0x1C, 0x6D, 0x79, 0x5C, 0x79, 0x5C, 0x79, 0x5C, 0x79, 0x5C,
    0x1C, 0x6D, 0x79, 0x5C, 0x79, 0x54, 0x79, 0x54, 0xAA, 0x0C, 0x2E, 0x03, 0x51, 0x12, 0x1C, 0x6D,
    0x79, 0x5C, 0x79, 0x5C, 0x79, 0x5C, 0x79, 0x5C, 0x79, 0x5C, 0x9A, 0x5C, 0x9A, 0x5C, 0x9A, 0x5C,
    0x4B, 0x0C, 0xAD, 0x03, 0x51, 0x12, 0x1C, 0x6D, 0x79, 0x5C, 0x79, 0x5C, 0x79, 0x5C, 0x79, 0x5C,
    0x9A, 0x5C, 0x9A, 0x5C, 0x9A, 0x5C, 0x9A, 0x5C, 0xAA, 0x0C, 0x2E, 0x03, 0x51, 0x12, 0x1C, 0x6D,
    0x79, 0x5C, 0x79, 0x5C, 0x79, 0x5C, 0x79, 0x5C, 0x3C, 0x6D, 0x79, 0x5C, 0x79, 0x54, 0x79, 0x54,
    0x4B, 0x0C, 0xAD, 0x03, 0x51, 0x12, 0x1C, 0x6D, 0x1C, 0x6D, 0x1C, 0x6D, 0x1C, 0x6D, 0x1C, 0x6D,
    0x9E, 0x75, 0x51, 0x12, 0x30, 0x02, 0x50, 0x02, 0xAA, 0x0C, 0x2E, 0x03, 0x10, 0x02, 0x51, 0x12,
    0x51, 0x12, 0x51, 0x12, 0x51, 0x12, 0x51, 0x12, 0x51, 0x12, 0x10, 0x02, 0xAD, 0x03, 0x4B, 0x04,
    0x4B, 0x0C, 0x4C, 0x04, 0x2E, 0x03, 0xAD, 0x03, 0xAD, 0x03, 0xAD, 0x03, 0x2E, 0x03, 0xAD, 0x03,
    0xAD, 0x03, 0xAD, 0x03, 0xCD, 0x03, 0xC9, 0x0C, 0xAA, 0x0C, 0x6B, 0x0C, 0xAA, 0x0C, 0x6B, 0x0C,
    0xAA, 0x0C, 0x6B, 0x0C, 0xAA, 0x0C, 0x6B, 0x0C, 0xAA, 0x0C, 0x6B, 0x0C, 0xAA, 0x0C, 0x4B, 0x0C,
    0x4B, 0x0C, 0xAA, 0x0C, 0x6B, 0x0C, 0xAA, 0x0C, 0x6B, 0x0C, 0xAA, 0x0C, 0x6B, 0x0C, 0xAA, 0x0C,
    0x6B, 0x0C, 0xAA, 0x0C, 0x6B, 0x0C, 0xCA, 0x0C, 0xAA, 0x0C, 0xCD, 0x03, 0xAD, 0x03, 0xAD, 0x03,
    0xAD, 0x03, 0x2E, 0x03, 0xAD, 0x03, 0xAD, 0x03, 0xAD, 0x03, 0x2E, 0x03, 0x4C, 0x04, 0x6B, 0x0C,
    0x4B, 0x0C, 0xAD, 0x03, 0x10, 0x02, 0x51, 0x12, 0x51, 0x12, 0x51, 0x12, 0x51, 0x12, 0x51, 0x12,
    0x51, 0x12, 0x10, 0x02, 0xAD, 0x03, 0xAA, 0x0C, 0xAA, 0x0C, 0x2E, 0x03, 0x51, 0x12, 0x9E, 0x75,
    0x1C, 0x6D, 0x1C, 0x6D, 0x1C, 0x6D, 0x1C, 0x6D, 0x1C, 0x6D, 0x51, 0x12, 0x30, 0x02, 0x50, 0x02,
    0x4B, 0x0C, 0xAD, 0x03, 0x51, 0x12, 0x1C, 0x6D, 0x79, 0x5C, 0x79, 0x5C, 0x79, 0x5C, 0x79, 0x5C,
    0x1C, 0x6D, 0x79, 0x5C, 0x79, 0x54, 0x79, 0x54, 0xAA, 0x0C, 0x2E, 0x03, 0x51, 0x12, 0x1C, 0x6D,
    0x79, 0x5C, 0x79, 0x5C, 0x79, 0x5C, 0x79, 0x5C, 0x79, 0x5C, 0x9A, 0x5C, 0x9A, 0x5C, 0x9A, 0x5C,
    0x4B, 0x0C, 0xAD, 0x03, 0x51, 0x12, 0x1C, 0x6D, 0x79, 0x5C, 0x79, 0x5C, 0x79, 0x5C, 0x79, 0x5C,
    0x9A, 0x5C, 0x9A, 0x5C, 0x9A, 0x5C, 0x9A, 0x5C, 0xAA, 0x0C, 0x2E, 0x03, 0x51, 0x12, 0x1C, 0x6D,
    0x79, 0x5C, 0x79, 0x5C, 0x79, 0x5C, 0x79, 0x5C, 0x3C, 0x6D, 0x79, 0x5C, 0x79, 0x54, 0x79, 0x54,
    0x4B, 0x0C, 0xAD, 0x03, 0x51, 0x12, 0x1C, 0x6D, 0x1C, 0x6D, 0x1C, 0x6D, 0x1C, 0x6D, 0x1C, 0x6D,
    0x9E, 0x75, 0x51, 0x12, 0x30, 0x02, 0x50, 0x02, 0xAA, 0x0C, 0x2E, 0x03, 0x10, 0x02, 0x51, 0x12,
    0x51, 0x12, 0x51, 0x12, 0x51, 0x12, 0x51, 0x12, 0x51, 0x12, 0x10, 0x02, 0xAD, 0x03, 0x4B, 0x04,
    0x4B, 0x0C, 0x4C, 0x04, 0x2E, 0x03, 0xAD, 0x03, 0xAD, 0x03, 0xAD, 0x03, 0x2E, 0x03, 0xAD, 0x03,
    0xAD, 0x03, 0xAD, 0x03, 0xCD, 0x03, 0xC9, 0x0C, 0xAA, 0x0C, 0x6B, 0x0C, 0xAA, 0x0C, 0x4B, 0x04,
    0xAB, 0x14, 0x6C, 0x14, 0xAB, 0x14, 0x4C, 0x14, 0xAA, 0x0C, 0x6B, 0x0C, 0xAA, 0x0C, 0x4B, 0x0C,
    0x4B, 0x0C, 0xAA, 0x0C, 0x4B, 0x04, 0x50, 0x02, 0x79, 0x54, 0x99, 0x5C, 0x99, 0x5C, 0x59, 0x54,
    0x70, 0x02, 0x8A, 0x0C, 0x6B, 0x0C, 0xCA, 0x0C, 0xAA, 0x0C, 0xCD, 0x03, 0xAD, 0x03, 0x30, 0x02,
    0x79, 0x54, 0x9A, 0x5C, 0x9A, 0x5C, 0x79, 0x54, 0x10, 0x02, 0x0F, 0x03, 0x4C, 0x04, 0x6B, 0x0C,
    0x4B, 0x0C, 0xAD, 0x03, 0x10, 0x02, 0x51, 0x12, 0x79, 0x5C, 0x9A, 0x5C, 0x9A, 0x5C, 0x79, 0x5C,
    0x51, 0x12, 0x10, 0x02, 0xAD, 0x03, 0xC9, 0x0C, 0xAA, 0x0C, 0x2E, 0x03, 0x51, 0x12, 0x9E, 0x75,
    0x3C, 0x6D, 0x9A, 0x5C, 0x79, 0x5C, 0x1C, 0x6D, 0x1C, 0x6D, 0x51, 0x12, 0xAD, 0x03, 0x4B, 0x0C,
    0x4B, 0x0C, 0xAD, 0x03, 0x51, 0x12, 0x1C, 0x6D, 0x79, 0x5C, 0x79, 0x5C, 0x79, 0x5C, 0x79, 0x5C,
    0x1C, 0x6D, 0x51, 0x12, 0xAD, 0x03, 0xCA, 0x0C, 0xAA, 0x0C, 0x2E, 0x03, 0x51, 0x12, 0x1C, 0x6D,
    0x79, 0x5C, 0x79, 0x5C, 0x79, 0x5C, 0x79, 0x5C, 0x1C, 0x6D, 0x51, 0x12, 0xAD, 0x03, 0x6B, 0x0C,
    0x4B, 0x0C, 0xAD, 0x03, 0x51, 0x12, 0x1C, 0x6D, 0x79, 0x5C, 0x79, 0x5C, 0x79, 0x5C, 0x79, 0x5C,
    0x1C, 0x6D, 0x51, 0x12, 0xAD, 0x03, 0xC9, 0x0C, 0xAA, 0x0C, 0x2E, 0x03, 0x51, 0x12, 0x1C, 0x6D,
    0x79, 0x5C, 0x79, 0x5C, 0x79, 0x5C, 0x79, 0x5C, 0x1C, 0x6D, 0x51, 0x12, 0xAD, 0x03, 0x4B, 0x0C,
    0x4B, 0x0C, 0xAD, 0x03, 0x51, 0x12, 0x1C, 0x6D, 0x1C, 0x6D, 0x1C, 0x6D, 0x1C, 0x6D, 0x1C, 0x6D,
    0x9E, 0x75, 0x51, 0x12, 0xAD, 0x03, 0xCA, 0x0C, 0xAA, 0x0C, 0x2E, 0x03, 0x10, 0x02, 0x51, 0x12,
    0x51, 0x12, 0x51, 0x12, 0x51, 0x12, 0x51, 0x12, 0x51, 0x12, 0x10, 0x02, 0xAD, 0x03, 0x6B, 0x0C,
    0x4B, 0x0C, 0x4C, 0x04, 0x2E, 0x03, 0xAD, 0x03, 0xAD, 0x03, 0xAD, 0x03, 0x2E, 0x03, 0xAD, 0x03,
    0xAD, 0x03, 0xAD, 0x03, 0xCD, 0x03, 0xC9, 0x0C, 0xAA, 0x0C, 0x6B, 0x0C, 0xAA, 0x0C, 0x6B, 0x0C,
    0xAA, 0x0C, 0x6B, 0x0C, 0xAA, 0x0C, 0x6B, 0x0C, 0xAA, 0x0C, 0x6B, 0x0C, 0xAA, 0x0C, 0x4B, 0x0C,
    0x4B, 0x0C, 0xAA, 0x0C, 0x6B, 0x0C, 0xAA, 0x0C, 0x6B, 0x0C, 0xAA, 0x0C, 0x6B, 0x0C, 0xAA, 0x0C,
    0x6B, 0x0C, 0xAA, 0x0C, 0x6B, 0x0C, 0xCA, 0x0C, 0xAA, 0x0C, 0xCD, 0x03, 0xAD, 0x03, 0xAD, 0x03,
    0xAD, 0x03, 0x2E, 0x03, 0xAD, 0x03, 0xAD, 0x03, 0xAD, 0x03, 0x2E, 0x03, 0x4C, 0x04, 0x6B, 0x0C,
    0x4B, 0x0C, 0xAD, 0x03, 0x10, 0x02, 0x51, 0x12, 0x51, 0x12, 0x51, 0x12, 0x51, 0x12, 0x51, 0x12,
    0x51, 0x12, 0x10, 0x02, 0xAD, 0x03, 0xC9, 0x0C, 0xAA, 0x0C, 0x2E, 0x03, 0x51, 0x12, 0x9E, 0x75,
    0x1C, 0x6D, 0x1C, 0x6D, 0x1C, 0x6D, 0x1C, 0x6D, 0x1C, 0x6D, 0x51, 0x12, 0xAD, 0x03, 0x4B, 0x0C,
    0x4B, 0x0C, 0xAD, 0x03, 0x51, 0x12, 0x1C, 0x6D, 0x79, 0x5C, 0x79, 0x5C, 0x79, 0x5C, 0x79, 0x5C,
    0x1C, 0x6D, 0x51, 0x12, 0xAD, 0x03, 0xCA, 0x0C, 0xAA, 0x0C, 0x2E, 0x03, 0x51, 0x12, 0x1C, 0x6D,
    0x79, 0x5C, 0x79, 0x5C, 0x79, 0x5C, 0x79, 0x5C, 0x1C, 0x6D, 0x51, 0x12, 0xAD, 0x03, 0x6B, 0x0C,
    0x4B, 0x0C, 0xAD, 0x03, 0x51, 0x12, 0x1C, 0x6D, 0x79, 0x5C, 0x79, 0x5C, 0x79, 0x5C, 0x79, 0x5C,
    0x1C, 0x6D, 0x51, 0x12, 0xAD, 0x03, 0xC9, 0x0C, 0xAA, 0x0C, 0x2E, 0x03, 0x51, 0x12, 0x1C, 0x6D,
    0x79, 0x5C, 0x79, 0x5C, 0x79, 0x5C, 0x79, 0x5C, 0x1C, 0x6D, 0x51, 0x12, 0xAD, 0x03, 0x4B, 0x0C,
    0x4B, 0x0C, 0xAD, 0x03, 0x51, 0x12, 0x1C, 0x6D, 0x1C, 0x6D, 0x1C, 0x6D, 0x1C, 0x6D, 0x1C, 0x6D,
    0x9E, 0x75, 0x51, 0x12, 0xAD, 0x03, 0xCA, 0x0C, 0xAA, 0x0C, 0x2E, 0x03, 0x10, 0x02, 0x51, 0x12,
    0x51, 0x12, 0x51, 0x12, 0x51, 0x12, 0x51, 0x12, 0x51, 0x12, 0x10, 0x02, 0xAD, 0x03, 0x6B, 0x0C,
    0x4B, 0x0C, 0x4C, 0x04, 0x2E, 0x03, 0xAD, 0x03, 0xAD, 0x03, 0xAD, 0x03, 0x2E, 0x03, 0xAD, 0x03,
    0xAD, 0x03, 0xAD, 0x03, 0xCD, 0x03, 0xC9, 0x0C, 0xAA, 0x0C, 0x6B, 0x0C, 0xAA, 0x0C, 0x6B, 0x0C,
    0xAA, 0x0C, 0x6B, 0x0C, 0xAA, 0x0C, 0x6B, 0x0C, 0xAA, 0x0C, 0x6B, 0x0C, 0xAA, 0x0C, 0x4B, 0x0C,
    0x4B, 0x0C, 0xAA, 0x0C, 0x6B, 0x0C, 0xAA, 0x0C, 0x6B, 0x0C, 0xAA, 0x0C, 0x6B, 0x0C, 0xAA, 0x0C,
    0x6B, 0x0C, 0xAA, 0x0C, 0x6B, 0x0C, 0xCA, 0x0C, 0xAA, 0x0C, 0x6B, 0x0C, 0xC9, 0x0C, 0x6B, 0x0C,
    0xAA, 0x0C, 0x6B, 0x0C, 0xC9, 0x0C, 0x6B, 0x0C, 0xAA, 0x0C, 0x6B, 0x0C, 0xC9, 0x0C, 0x6B, 0x0C,
    0x4B, 0x0C, 0xC9, 0x0C, 0x6B, 0x0C, 0xAA, 0x0C, 0x6B, 0x0C, 0xC9, 0x0C, 0x6B, 0x0C, 0xAA, 0x0C,
    0x6B, 0x0C, 0xC9, 0x0C, 0x6B, 0x0C, 0xC9, 0x0C, 0xAA, 0x0C, 0x6B, 0x0C, 0xAA, 0x0C, 0x6B, 0x0C,
    0xAA, 0x0C, 0x6B, 0x0C, 0xAA, 0x0C, 0x6B, 0x0C, 0xAA, 0x0C, 0x6B, 0x0C, 0xAA, 0x0C, 0x4B, 0x0C,
    0x4B, 0x0C, 0xAA, 0x0C, 0x6B, 0x0C, 0xAA, 0x0C, 0x6B, 0x0C, 0xAA, 0x0C, 0x6B, 0x0C, 0xAA, 0x0C,
    0x6B, 0x0C, 0xAA, 0x0C, 0x6B, 0x0C, 0xCA, 0x0C, 0xAA, 0x0C, 0x6B, 0x0C, 0xC9, 0x0C, 0x6B, 0x0C,
    0xAA, 0x0C, 0x6B, 0x0C, 0xC9, 0x0C, 0x6B, 0x0C, 0xAA, 0x0C, 0x6B, 0x0C, 0xC9, 0x0C, 0x6B, 0x0C,
    0x4B, 0x0C, 0xC9, 0x0C, 0x6B, 0x0C, 0xAA, 0x0C, 0x6B, 0x0C, 0xC9, 0x0C, 0x6B, 0x0C, 0xAA, 0x0C,
    0x6B, 0x0C, 0xC9, 0x0C, 0x6B, 0x0C, 0xC9, 0x0C, 0xAA, 0x0C, 0x6B, 0x0C, 0xAA, 0x0C, 0x6B, 0x0C,
    0xAA, 0x0C, 0x6B, 0x0C, 0xAA, 0x0C, 0x6B, 0x0C, 0xAA, 0x0C, 0x6B, 0x0C, 0xAA, 0x0C, 0x4B, 0x0C,
    0x4B, 0x0C, 0xAA, 0x0C, 0x6B, 0x0C, 0xAA, 0x0C, 0x6B, 0x0C, 0xAA, 0x0C, 0x6B, 0x0C, 0xAA, 0x0C,
    0x6B, 0x0C, 0xAA, 0x0C, 0x6B, 0x0C, 0xCA, 0x0C, 0xAA, 0x0C, 0x6B, 0x0C, 0xC9, 0x0C, 0x6B, 0x0C,
    0xAA, 0x0C, 0x6B, 0x0C, 0xC9, 0x0C, 0x6B, 0x0C, 0xAA, 0x0C, 0x6B, 0x0C, 0xC9, 0x0C, 0x6B, 0x0C,
    0x4B, 0x0C, 0xC9, 0x0C, 0x6B, 0x0C, 0xAA, 0x0C, 0x6B, 0x0C, 0xC9, 0x0C, 0x6B, 0x0C, 0xAA, 0x0C,
    0x6B, 0x0C, 0xC9, 0x0C, 0x6B, 0x0C, 0xC9, 0x0C, 0xAA, 0x0C, 0x6B, 0x0C, 0xAA, 0x0C, 0x6B, 0x0C,
    0xAA, 0x0C, 0x6B, 0x0C, 0xAA, 0x0C, 0x6B, 0x0C, 0xAA, 0x0C, 0x6B, 0x0C, 0xAA, 0x0C, 0x4B, 0x0C,
    0x4B, 0x0C, 0xAA, 0x0C, 0x6B, 0x0C, 0xAA, 0x0C, 0x6B, 0x0C, 0xAA, 0x0C, 0x6B, 0x0C, 0xAA, 0x0C,
    0x6B, 0x0C, 0xAA, 0x0C, 0x6B, 0x0C, 0xCA, 0x0C, 0xAA, 0x0C, 0x6B, 0x0C, 0xC9, 0x0C, 0x6B, 0x0C,
    0xAA, 0x0C, 0x6B, 0x0C, 0xC9, 0x0C, 0x6B, 0x0C, 0xAA, 0x0C, 0x6B, 0x0C, 0xC9, 0x0C, 0x6B, 0x0C,
    0x4B, 0x0C, 0xC9, 0x0C, 0x6B, 0x0C, 0xAA, 0x0C, 0x6B, 0x0C, 0xC9, 0x0C, 0x6B, 0x0C, 0xAA, 0x0C,
    0x6B, 0x0C, 0xC9, 0x0C, 0x6B, 0x0C, 0xC9, 0x0C, 0xAA, 0x0C, 0x6B, 0x0C, 0xAA, 0x0C, 0x6B, 0x0C,
    0xAA, 0x0C, 0x6B, 0x0C, 0xAA, 0x0C, 0x6B, 0x0C, 0xAA, 0x0C, 0x6B, 0x0C, 0xAA, 0x0C, 0x4B, 0x0C,
    0x4B, 0x0C, 0xAA, 0x0C, 0x6B, 0x0C, 0xAA, 0x0C, 0x6B, 0x0C, 0xAA, 0x0C, 0x6B, 0x0C, 0xAA, 0x0C,
    0x6B, 0x0C, 0xAA, 0x0C, 0x6B, 0x0C, 0xCA, 0x0C, 0xAA, 0x0C, 0x6B, 0x0C, 0xC9, 0x0C, 0x6B, 0x0C,
    0xAA, 0x0C, 0x6B, 0x0C, 0xC9, 0x0C, 0x6B, 0x0C, 0xAA, 0x0C, 0x6B, 0x0C, 0xC9, 0x0C, 0x6B, 0x0C,
    0x4B, 0x0C, 0xC9, 0x0C, 0x6B, 0x0C, 0xAA, 0x0C, 0x6B, 0x0C, 0xC9, 0x0C, 0x6B, 0x0C, 0xAA, 0x0C,
    0x6B, 0x0C, 0xC9, 0x0C, 0x6B, 0x0C, 0xC9, 0x0C, 0xAA, 0x0C, 0x6B, 0x0C, 0xAA, 0x0C, 0x6B, 0x0C,
    0xAA, 0x0C, 0x6B, 0x0C, 0xAA, 0x0C, 0x6B, 0x0C, 0xAA, 0x0C, 0x6B, 0x0C, 0xAA, 0x0C, 0x4B, 0x0C,
    0x4B, 0x0C, 0xAA, 0x0C, 0x6B, 0x0C, 0xAA, 0x0C, 0x6B, 0x0C, 0xAA, 0x0C, 0x6B, 0x0C, 0xAA, 0x0C,
    0x6B, 0x0C, 0xAA, 0x0C, 0x6B, 0x0C, 0xCA, 0x0C, 0xAA, 0x0C, 0x6B, 0x0C, 0xC9, 0x0C, 0x6B, 0x0C,
    0xAA, 0x0C, 0x6B, 0x0C, 0xC9, 0x0C, 0x6B, 0x0C, 0xAA, 0x0C, 0x6B, 0x0C, 0xC9, 0x0C, 0x6B, 0x0C,
    0x4B, 0x0C, 0xC9, 0x0C, 0x6B, 0x0C, 0xAA, 0x0C, 0x6B, 0x0C, 0xC9, 0x0C, 0x6B, 0x0C, 0xAA, 0x0C,
    0x6B, 0x0C, 0xC9, 0x0C, 0x6B, 0x0C, 0xC9, 0x0C, 0xAA, 0x0C, 0x4B, 0x04, 0xAA, 0x0C, 0x4B, 0x04,
    0xAA, 0x0C, 0x4B, 0x04, 0xAA, 0x0C, 0x4B, 0x04, 0xAA, 0x0C, 0x4B, 0x04, 0xAA, 0x0C, 0x4C, 0x04,
    0x30, 0x02, 0x30, 0x02, 0x50, 0x02, 0x30, 0x02, 0x30, 0x02, 0x30, 0x02, 0x50, 0x02, 0x30, 0x02,
    0x30, 0x02, 0x30, 0x02, 0x50, 0x02, 0x30, 0x02, 0x79, 0x54, 0x79, 0x5C, 0x79, 0x54, 0xB6, 0x43,
    0x79, 0x54, 0x79, 0x5C, 0x79, 0x54, 0xB6, 0x43, 0x79, 0x54, 0x79, 0x5C, 0x79, 0x54, 0xB6, 0x43,
    0x5D, 0x6D, 0xDF, 0x7D, 0x5D, 0x6D, 0xBF, 0x7D, 0x5D, 0x6D, 0xDF, 0x7D, 0x5D, 0x6D, 0xBF, 0x7D,
    0x5D, 0x6D, 0xDF, 0x7D, 0x5D, 0x6D, 0xDF, 0x7D, 0xBF, 0x7D, 0x5D, 0x6D, 0xBF, 0x7D, 0x5D, 0x6D,
    0xBF, 0x7D, 0x5D, 0x6D, 0xBF, 0x7D, 0x5D, 0x6D, 0xBF, 0x7D, 0x5D, 0x6D, 0xBF, 0x7D, 0x5D, 0x6D,
    0x5D, 0x6D, 0xBF, 0x7D, 0x5D, 0x6D, 0xBF, 0x7D, 0x5D, 0x6D, 0xBF, 0x7D, 0x5D, 0x6D, 0xBF, 0x7D,
    0x5D, 0x6D, 0xBF, 0x7D, 0x5D, 0x6D, 0xDF, 0x7D, 0xBF, 0x7D, 0x5D, 0x6D, 0xDF, 0x7D, 0x5D, 0x6D,
    0xBF, 0x7D, 0x5D, 0x6D, 0xDF, 0x7D, 0x5D, 0x6D, 0xBF, 0x7D, 0x5D, 0x6D, 0xDF, 0x7D, 0x5D, 0x6D,
    0x5D, 0x6D, 0xDF, 0x7D, 0x5D, 0x6D, 0xBF, 0x7D, 0x5D, 0x6D, 0xDF, 0x7D, 0x5D, 0x6D, 0xBF, 0x7D,
    0x5D, 0x6D, 0xDF, 0x7D, 0x5D, 0x6D, 0xDF, 0x7D, 0xBF, 0x7D, 0x5D, 0x6D, 0xBF, 0x7D, 0x5D, 0x6D,
    0xBF, 0x7D, 0x5D, 0x6D, 0xBF, 0x7D, 0x5D, 0x6D, 0xBF, 0x7D, 0x5D, 0x6D, 0xBF, 0x7D, 0x5D, 0x6D,
    0x5D, 0x6D, 0xBF, 0x7D, 0x5D, 0x6D, 0xBF, 0x7D, 0x5D, 0x6D, 0xBF, 0x7D, 0x5D, 0x6D, 0xBF, 0x7D,
    0x5D, 0x6D, 0xBF, 0x7D, 0x5D, 0x6D, 0xDF, 0x7D, 0xBF, 0x7D, 0x5D, 0x6D, 0xDF, 0x7D, 0x5D, 0x6D,
    0xBF, 0x7D, 0x5D, 0x6D, 0xDF, 0x7D, 0x5D, 0x6D, 0xBF, 0x7D, 0x5D, 0x6D, 0xDF, 0x7D, 0x5D, 0x6D,
    0x5D, 0x6D, 0xDF, 0x7D, 0x5D, 0x6D, 0xBF, 0x7D, 0x5D, 0x6D, 0xDF, 0x7D, 0x5D, 0x6D, 0xBF, 0x7D,
    0x5D, 0x6D, 0xDF, 0x7D, 0x5D, 0x6D, 0xDF, 0x7D, 0xBF, 0x7D, 0x5D, 0x6D, 0xBF, 0x7D, 0x5D, 0x6D,
    0xBF, 0x7D, 0x5D, 0x6D, 0xBF, 0x7D, 0x5D, 0x6D, 0xBF, 0x7D, 0x5D, 0x6D, 0xBF, 0x7D, 0x3C, 0x6D,
    0x5D, 0x6D, 0xBF, 0x7D, 0x5D, 0x6D, 0xBF, 0x7D, 0x5D, 0x6D, 0xBF, 0x7D, 0x5D, 0x6D, 0xBF, 0x7D,
    0x5D, 0x6D, 0xBF, 0x7D, 0xD6, 0x43, 0x31, 0x0A, 0xBF, 0x7D, 0x5D, 0x6D, 0xDF, 0x7D, 0x5D, 0x6D,
    0xBF, 0x7D, 0x5D, 0x6D, 0xDF, 0x7D, 0x5D, 0x6D, 0xBF, 0x7D, 0x5D, 0x6D, 0x79, 0x5C, 0x10, 0x02,
    0x5D, 0x6D, 0xDF, 0x7D, 0x5D, 0x6D, 0xBF, 0x7D, 0x5D, 0x6D, 0xDF, 0x7D, 0x5D, 0x6D, 0xBF, 0x7D,
    0x5D, 0x6D, 0xDF, 0x7D, 0xB6, 0x43, 0x10, 0x02, 0xBF, 0x7D, 0x5D, 0x6D, 0xBF, 0x7D, 0x5D, 0x6D,
    0xBF, 0x7D, 0x5D, 0x6D, 0xBF, 0x7D, 0x5D, 0x6D, 0xBF, 0x7D, 0x5D, 0x6D, 0x59, 0x54, 0x10, 0x02,
    0x5D, 0x6D, 0xBF, 0x7D, 0x5D, 0x6D, 0xBF, 0x7D, 0x5D, 0x6D, 0xBF, 0x7D, 0x5D, 0x6D, 0xBF, 0x7D,
    0x5D, 0x6D, 0xBF, 0x7D, 0xB6, 0x43, 0x10, 0x02, 0xBF, 0x7D, 0x5D, 0x6D, 0xDF, 0x7D, 0x5D, 0x6D,
    0xBF, 0x7D, 0x5D, 0x6D, 0xDF, 0x7D, 0x5D, 0x6D, 0xBF, 0x7D, 0x5D, 0x6D, 0x79, 0x5C, 0x10, 0x02,
    0x5D, 0x6D, 0xDF, 0x7D, 0x5D, 0x6D, 0xBF, 0x7D, 0x5D, 0x6D, 0xDF, 0x7D, 0x5D, 0x6D, 0xBF, 0x7D,
    0x5D, 0x6D, 0xDF, 0x7D, 0xB6, 0x43, 0x10, 0x02, 0xBF, 0x7D, 0x5D, 0x6D, 0xBF, 0x7D, 0x5D, 0x6D,
    0xBF, 0x7D, 0x5D, 0x6D, 0xBF, 0x7D, 0x5D, 0x6D, 0xBF, 0x7D, 0x5D, 0x6D, 0x59, 0x54, 0x10, 0x02,
    0x5D, 0x6D, 0xBF, 0x7D, 0x5D, 0x6D, 0xBF, 0x7D, 0x5D, 0x6D, 0xBF, 0x7D, 0x5D, 0x6D, 0xBF, 0x7D,
    0x5D, 0x6D, 0xBF, 0x7D, 0xB6, 0x43, 0x10, 0x02, 0xBF, 0x7D, 0x5D, 0x6D, 0xDF, 0x7D, 0x5D, 0x6D,
    0xBF, 0x7D, 0x5D, 0x6D, 0xDF, 0x7D, 0x5D, 0x6D, 0xBF, 0x7D, 0x5D, 0x6D, 0x79, 0x5C, 0x10, 0x02,
    0x5D, 0x6D, 0xDF, 0x7D, 0x5D, 0x6D, 0xBF, 0x7D, 0x5D, 0x6D, 0xDF, 0x7D, 0x5D, 0x6D, 0xBF, 0x7D,
    0x5D, 0x6D, 0xDF, 0x7D, 0xB6, 0x43, 0x10, 0x02, 0xBF, 0x7D, 0x5D, 0x6D, 0xBF, 0x7D, 0x5D, 0x6D,
    0xBF, 0x7D, 0x5D, 0x6D, 0xBF, 0x7D, 0x5D, 0x6D, 0xBF, 0x7D, 0x5D, 0x6D, 0x79, 0x54, 0x51, 0x12,
    0x5D, 0x6D, 0xBF, 0x7D, 0x5D, 0x6D, 0xBF, 0x7D, 0x5D, 0x6D, 0xBF, 0x7D, 0x5D, 0x6D, 0xBF, 0x7D,
    0x5D, 0x6D, 0xBF, 0x7D, 0x5D, 0x6D, 0xBF, 0x7D, 0xBF, 0x7D, 0x5D, 0x6D, 0xDF, 0x7D, 0x5D, 0x6D,
    0xBF, 0x7D, 0x5D, 0x6D, 0xDF, 0x7D, 0x5D, 0x6D, 0xBF, 0x7D, 0x5D, 0x6D, 0xDF, 0x7D, 0x5D, 0x6D,
    0x5D, 0x6D, 0xDF, 0x7D, 0x5D, 0x6D, 0xBF, 0x7D, 0x5D, 0x6D, 0xDF, 0x7D, 0x5D, 0x6D, 0xBF, 0x7D,
    0x5D, 0x6D, 0xDF, 0x7D, 0x5D, 0x6D, 0xDF, 0x7D, 0xBF, 0x7D, 0x5D, 0x6D, 0xBF, 0x7D, 0x5D, 0x6D,
    0xBF, 0x7D, 0x5D, 0x6D, 0xBF, 0x7D, 0x5D, 0x6D, 0xBF, 0x7D, 0x5D, 0x6D, 0xBF, 0x7D, 0x5D, 0x6D,
    0x5D, 0x6D, 0xBF, 0x7D, 0x5D, 0x6D, 0xBF, 0x7D, 0x5D, 0x6D, 0xBF, 0x7D, 0x5D, 0x6D, 0xBF, 0x7D,
    0x5D, 0x6D, 0xBF, 0x7D, 0x5D, 0x6D, 0xDF, 0x7D, 0xBF, 0x7D, 0x5D, 0x6D, 0xDF, 0x7D, 0x5D, 0x6D,
    0xBF, 0x7D, 0x5D, 0x6D, 0xDF, 0x7D, 0x5D, 0x6D, 0xBF, 0x7D, 0x5D, 0x6D, 0xDF, 0x7D, 0x5D, 0x6D,
    0x5D, 0x6D, 0xDF, 0x7D, 0x5D, 0x6D, 0xBF, 0x7D, 0x5D, 0x6D, 0xDF, 0x7D, 0x5D, 0x6D, 0xBF, 0x7D,
    0x5D, 0x6D, 0xDF, 0x7D, 0x5D, 0x6D, 0xDF, 0x7D, 0xBF, 0x7D, 0x5D, 0x6D, 0xBF, 0x7D, 0x5D, 0x6D,
    0xBF, 0x7D, 0x5D, 0x6D, 0xBF, 0x7D, 0x5D, 0x6D, 0xBF, 0x7D, 0x5D, 0x6D, 0xBF, 0x7D, 0x5D, 0x6D,
    0x5D, 0x6D, 0xBF, 0x7D, 0x5D, 0x6D, 0xBF, 0x7D, 0x5D, 0x6D, 0xBF, 0x7D, 0x5D, 0x6D, 0xBF, 0x7D,
    0x5D, 0x6D, 0xBF, 0x7D, 0x5D, 0x6D, 0xDF, 0x7D, 0xBF, 0x7D, 0x5D, 0x6D, 0xDF, 0x7D, 0x5D, 0x6D,
    0xBF, 0x7D, 0x5D, 0x6D, 0xDF, 0x7D, 0x5D, 0x6D, 0xBF, 0x7D, 0x5D, 0x6D, 0xDF, 0x7D, 0x5D, 0x6D,
    0x96, 0x43, 0x79, 0x5C, 0x79, 0x5C, 0x59, 0x54, 0xB6, 0x43, 0x79, 0x5C, 0x79, 0x5C, 0x59, 0x54,
    0xB6, 0x43, 0x79, 0x5C, 0x79, 0x5C, 0x79, 0x54, 0x10, 0x02, 0x31, 0x0A, 0x31, 0x0A, 0x51, 0x12,
    0x31, 0x0A, 0x51, 0x12, 0x31, 0x0A, 0x51, 0x12, 0x31, 0x0A, 0x51, 0x12, 0x31, 0x0A, 0x51, 0x12,
    0x10, 0x02, 0x59, 0x54, 0x3D, 0x6D, 0xBF, 0x75, 0x3D, 0x6D, 0xBF, 0x75, 0x3D, 0x6D, 0xBF, 0x75,
    0x3D, 0x6D, 0xBF, 0x75, 0x3D, 0x6D, 0xBF, 0x7D, 0x10, 0x02, 0x79, 0x5C, 0xDF, 0x7D, 0x5D, 0x6D,
    0xBF, 0x7D, 0x5D, 0x6D, 0xDF, 0x7D, 0x5D, 0x6D, 0xBF, 0x7D, 0x5D, 0x6D, 0xDF, 0x7D, 0x5D, 0x6D,
    0x10, 0x02, 0x79, 0x54, 0x5D, 0x6D, 0xBF, 0x7D, 0x5D, 0x6D, 0xDF, 0x7D, 0x5D, 0x6D, 0xBF, 0x7D,
    0x5D, 0x6D, 0xDF, 0x7D, 0x5D, 0x6D, 0xDF, 0x7D, 0x10, 0x02, 0x79, 0x5C, 0xBF, 0x7D, 0x5D, 0x6D,
    0xBF, 0x7D, 0x5D, 0x6D, 0xBF, 0x7D, 0x5D, 0x6D, 0xBF, 0x7D, 0x5D, 0x6D, 0xBF, 0x7D, 0x5D, 0x6D,
    0x10, 0x02, 0x79, 0x54, 0x5D, 0x6D, 0xBF, 0x7D, 0x5D, 0x6D, 0xBF, 0x7D, 0x5D, 0x6D, 0xBF, 0x7D,
    0x5D, 0x6D, 0xBF, 0x7D, 0x5D, 0x6D, 0xDF, 0x7D, 0x10, 0x02, 0x79, 0x5C, 0xDF, 0x7D, 0x5D, 0x6D,
    0xBF, 0x7D, 0x5D, 0x6D, 0xDF, 0x7D, 0x5D, 0x6D, 0xBF, 0x7D, 0x5D, 0x6D, 0xDF, 0x7D, 0x5D, 0x6D,
    0x10, 0x02, 0x79, 0x54, 0x5D, 0x6D, 0xBF, 0x7D, 0x5D, 0x6D, 0xDF, 0x7D, 0x5D, 0x6D, 0xBF, 0x7D,
    0x5D, 0x6D, 0xDF, 0x7D, 0x5D, 0x6D, 0xDF, 0x7D, 0x10, 0x02, 0x79, 0x5C, 0xBF, 0x7D, 0x5D, 0x6D,
    0xBF, 0x7D, 0x5D, 0x6D, 0xBF, 0x7D, 0x5D, 0x6D, 0xBF, 0x7D, 0x5D, 0x6D, 0xBF, 0x7D, 0x5D, 0x6D,
    0x10, 0x02, 0x79, 0x54, 0x5D, 0x6D, 0xBF, 0x7D, 0x5D, 0x6D, 0xBF, 0x7D, 0x5D, 0x6D, 0xBF, 0x7D,
    0x5D, 0x6D, 0xBF, 0x7D, 0x5D, 0x6D, 0xDF, 0x7D, 0x10, 0x02, 0x79, 0x5C, 0xDF, 0x7D, 0x5D, 0x6D,
    0xBF, 0x7D, 0x5D, 0x6D, 0xDF, 0x7D, 0x5D, 0x6D, 0xBF, 0x7D, 0x5D, 0x6D, 0xDF, 0x7D, 0x5D, 0x6D,
    0x10, 0x02, 0x79, 0x54, 0x5D, 0x6D, 0xBF, 0x7D, 0x5D, 0x6D, 0xDF, 0x7D, 0x5D, 0x6D, 0xBF, 0x7D,
    0x5D, 0x6D, 0xDF, 0x7D, 0x5D, 0x6D, 0xDF, 0x7D, 0x10, 0x02, 0x79, 0x54, 0xBF, 0x75, 0x3D, 0x6D,
    0xBF, 0x75, 0x3D, 0x6D, 0xBF, 0x75, 0x3D, 0x6D, 0xBF, 0x75, 0x3D, 0x6D, 0xBF, 0x75, 0x3C, 0x6D,
    0x10, 0x02, 0x31, 0x0A, 0x51, 0x12, 0x31, 0x0A, 0x51, 0x12, 0x31, 0x0A, 0x51, 0x12, 0x31, 0x0A,
    0x51, 0x12, 0x31, 0x0A, 0x51, 0x12, 0x31, 0x0A, 0x10, 0x02, 0x95, 0x3B, 0x79, 0x54, 0xB6, 0x43,
    0x79, 0x54, 0x79, 0x5C, 0x79, 0x54, 0xB6, 0x43, 0x79, 0x54, 0x79, 0x5C, 0x79, 0x54, 0xB6, 0x43,
    0x10, 0x02, 0x79, 0x54, 0x5D, 0x6D, 0xBF, 0x7D, 0x5D, 0x6D, 0xDF, 0x7D, 0x5D, 0x6D, 0xBF, 0x7D,
    0x5D, 0x6D, 0xDF, 0x7D, 0x5D, 0x6D, 0xDF, 0x7D, 0x10, 0x02, 0x79, 0x5C, 0xBF, 0x7D, 0x5D, 0x6D,
    0xBF, 0x7D, 0x5D, 0x6D, 0xBF, 0x7D, 0x5D, 0x6D, 0xBF, 0x7D, 0x5D, 0x6D, 0xBF, 0x7D, 0x5D, 0x6D,
    0x10, 0x02, 0x79, 0x54, 0x5D, 0x6D, 0xBF, 0x7D, 0x5D, 0x6D, 0xBF, 0x7D, 0x5D, 0x6D, 0xBF, 0x7D,
    0x5D, 0x6D, 0xBF, 0x7D, 0x5D, 0x6D, 0xDF, 0x7D, 0x10, 0x02, 0x79, 0x5C, 0xDF, 0x7D, 0x5D, 0x6D,
    0xBF, 0x7D, 0x5D, 0x6D, 0xDF, 0x7D, 0x5D, 0x6D, 0xBF, 0x7D, 0x5D, 0x6D, 0xDF, 0x7D, 0x5D, 0x6D,
    0x10, 0x02, 0x79, 0x54, 0x5D, 0x6D, 0xBF, 0x7D, 0x5D, 0x6D, 0xDF, 0x7D, 0x5D, 0x6D, 0xBF, 0x7D,
    0x5D, 0x6D, 0xDF, 0x7D, 0x5D, 0x6D, 0xDF, 0x7D, 0x10, 0x02, 0x79, 0x5C, 0xBF, 0x7D, 0x5D, 0x6D,
    0xBF, 0x7D, 0x5D, 0x6D, 0xBF, 0x7D, 0x5D, 0x6D, 0xBF, 0x7D, 0x5D, 0x6D, 0xBF, 0x7D, 0x5D, 0x6D,
    0x10, 0x02, 0x79, 0x54, 0x5D, 0x6D, 0xBF, 0x7D, 0x5D, 0x6D, 0xBF, 0x7D, 0x5D, 0x6D, 0xBF, 0x7D,
    0x5D, 0x6D, 0xBF, 0x7D, 0x5D, 0x6D, 0xDF, 0x7D, 0x10, 0x02, 0x79, 0x5C, 0xDF, 0x7D, 0x5D, 0x6D,
    0xBF, 0x7D, 0x5D, 0x6D, 0xDF, 0x7D, 0x5D, 0x6D, 0xBF, 0x7D, 0x5D, 0x6D, 0xDF, 0x7D, 0x5D, 0x6D,
    0x10, 0x02, 0x79, 0x54, 0x5D, 0x6D, 0xBF, 0x7D, 0x5D, 0x6D, 0xDF, 0x7D, 0x5D, 0x6D, 0xBF, 0x7D,
    0x5D, 0x6D, 0xDF, 0x7D, 0x5D, 0x6D, 0xDF, 0x7D, 0x10, 0x02, 0x79, 0x54, 0xBF, 0x75, 0x3D, 0x6D,
    0xBF, 0x75, 0x3D, 0x6D, 0xBF, 0x75, 0x3D, 0x6D, 0xBF, 0x75, 0x3D, 0x6D, 0xBF, 0x75, 0x3C, 0x6D,
    0x10, 0x02, 0x31, 0x0A, 0x51, 0x12, 0x31, 0x0A, 0x51, 0x12, 0x31, 0x0A, 0x51, 0x12, 0x31, 0x0A,
    0x51, 0x12, 0x31, 0x0A, 0x51, 0x12, 0x31, 0x0A, 0x79, 0x54, 0x79, 0x5C, 0x79, 0x54, 0xB6, 0x43,
    0x79, 0x54, 0x79, 0x5C, 0x79, 0x54, 0xB6, 0x43, 0x79, 0x54, 0x79, 0x5C, 0x95, 0x3B, 0x10, 0x02,
    0x5D, 0x6D, 0xDF, 0x7D, 0x5D, 0x6D, 0xBF, 0x7D, 0x5D, 0x6D, 0xDF, 0x7D, 0x5D, 0x6D, 0xBF, 0x7D,
    0x5D, 0x6D, 0xDF, 0x7D, 0xB6, 0x43, 0x10, 0x02, 0xBF, 0x7D, 0x5D, 0x6D, 0xBF, 0x7D, 0x5D, 0x6D,
    0xBF, 0x7D, 0x5D, 0x6D, 0xBF, 0x7D, 0x5D, 0x6D, 0xBF, 0x7D, 0x5D, 0x6D, 0x59, 0x54, 0x10, 0x02,
    0x5D, 0x6D, 0xBF, 0x7D, 0x5D, 0x6D, 0xBF, 0x7D, 0x5D, 0x6D, 0xBF, 0x7D, 0x5D, 0x6D, 0xBF, 0x7D,
    0x5D, 0x6D, 0xBF, 0x7D, 0xB6, 0x43, 0x10, 0x02, 0xBF, 0x7D, 0x5D, 0x6D, 0xDF, 0x7D, 0x5D, 0x6D,
    0xBF, 0x7D, 0x5D, 0x6D, 0xDF, 0x7D, 0x5D, 0x6D, 0xBF, 0x7D, 0x5D, 0x6D, 0x79, 0x5C, 0x10, 0x02,
    0x5D, 0x6D, 0xDF, 0x7D, 0x5D, 0x6D, 0xBF, 0x7D, 0x5D, 0x6D, 0xDF, 0x7D, 0x5D, 0x6D, 0xBF, 0x7D,
    0x5D, 0x6D, 0xDF, 0x7D, 0xB6, 0x43, 0x10, 0x02, 0xBF, 0x7D, 0x5D, 0x6D, 0xBF, 0x7D, 0x5D, 0x6D,
    0xBF, 0x7D, 0x5D, 0x6D, 0xBF, 0x7D, 0x5D, 0x6D, 0xBF, 0x7D, 0x5D, 0x6D, 0x59, 0x54, 0x10, 0x02,
    0x5D, 0x6D, 0xBF, 0x7D, 0x5D, 0x6D, 0xBF, 0x7D, 0x5D, 0x6D, 0xBF, 0x7D, 0x5D, 0x6D, 0xBF, 0x7D,
    0x5D, 0x6D, 0xBF, 0x7D, 0xB6, 0x43, 0x10, 0x02, 0xBF, 0x7D, 0x5D, 0x6D, 0xDF, 0x7D, 0x5D, 0x6D,
    0xBF, 0x7D, 0x5D, 0x6D, 0xDF, 0x7D, 0x5D, 0x6D, 0xBF, 0x7D, 0x5D, 0x6D, 0x79, 0x5C, 0x10, 0x02,
    0x5D, 0x6D, 0xDF, 0x7D, 0x5D, 0x6D, 0xBF, 0x7D, 0x5D, 0x6D, 0xDF, 0x7D, 0x5D, 0x6D, 0xBF, 0x7D,
    0x5D, 0x6D, 0xDF, 0x7D, 0xB6, 0x43, 0x10, 0x02, 0xBF, 0x7D, 0x5D, 0x6D, 0xBF, 0x7D, 0x5D, 0x6D,
    0xBF, 0x7D, 0x5D, 0x6D, 0xBF, 0x7D, 0x5D, 0x6D, 0xBF, 0x7D, 0x5D, 0x6D, 0x59, 0x54, 0x10, 0x02,
    0x5D, 0x6D, 0xBF, 0x7D, 0x5D, 0x6D, 0xBF, 0x7D, 0x5D, 0x6D, 0xBF, 0x7D, 0x5D, 0x6D, 0xBF, 0x7D,
    0x5D, 0x6D, 0xBF, 0x7D, 0xB6, 0x43, 0x10, 0x02, 0xBF, 0x7D, 0x5D, 0x6D, 0xDF, 0x7D, 0x5D, 0x6D,
    0xBF, 0x7D, 0x5D, 0x6D, 0xDF, 0x7D, 0x5D, 0x6D, 0xBF, 0x7D, 0x5D, 0x6D, 0x79, 0x5C, 0x10, 0x02,
    0x5D, 0x6D, 0xDF, 0x7D, 0x5D, 0x6D, 0xBF, 0x7D, 0x5D, 0x6D, 0xDF, 0x7D, 0x5D, 0x6D, 0xBF, 0x7D,
    0x5D, 0x6D, 0xDF, 0x7D, 0xB6, 0x43, 0x10, 0x02, 0xBF, 0x7D, 0x5D, 0x6D, 0xBF, 0x7D, 0x5D, 0x6D,
    0xBF, 0x7D, 0x5D, 0x6D, 0xBF, 0x7D, 0x5D, 0x6D, 0xBF, 0x7D, 0x5D, 0x6D, 0x59, 0x54, 0x10, 0x02,
    0x5D, 0x6D, 0xBF, 0x7D, 0x5D, 0x6D, 0xBF, 0x7D, 0x5D, 0x6D, 0xBF, 0x7D, 0x5D, 0x6D, 0xBF, 0x7D,
    0x5D, 0x6D, 0xBF, 0x7D, 0xB6, 0x43, 0x10, 0x02, 0xBF, 0x7D, 0x5D, 0x6D, 0xDF, 0x7D, 0x5D, 0x6D,
    0xBF, 0x7D, 0x5D, 0x6D, 0xDF, 0x7D, 0x5D, 0x6D, 0xBF, 0x7D, 0x5D, 0x6D, 0x79, 0x5C, 0x10, 0x02,
    0x5D, 0x6D, 0xDF, 0x7D, 0x5D, 0x6D, 0xBF, 0x7D, 0x5D, 0x6D, 0xDF, 0x7D, 0x5D, 0x6D, 0xBF, 0x7D,
    0x5D, 0x6D, 0xDF, 0x7D, 0xB6, 0x43, 0x10, 0x02, 0xBF, 0x7D, 0x5D, 0x6D, 0xBF, 0x7D, 0x5D, 0x6D,
    0xBF, 0x7D, 0x5D, 0x6D, 0xBF, 0x7D, 0x5D, 0x6D, 0xBF, 0x7D, 0x5D, 0x6D, 0x59, 0x54, 0x10, 0x02,
    0x5D, 0x6D, 0xBF, 0x7D, 0x5D, 0x6D, 0xBF, 0x7D, 0x5D, 0x6D, 0xBF, 0x7D, 0x5D, 0x6D, 0xBF, 0x7D,
    0x5D, 0x6D, 0xBF, 0x7D, 0xB6, 0x43, 0x10, 0x02, 0xBF, 0x7D, 0x5D, 0x6D, 0xDF, 0x7D, 0x5D, 0x6D,
    0xBF, 0x7D, 0x5D, 0x6D, 0xDF, 0x7D, 0x5D, 0x6D, 0xBF, 0x7D, 0x5D, 0x6D, 0x79, 0x5C, 0x10, 0x02,
    0x96, 0x43, 0x79, 0x5C, 0x79, 0x5C, 0x59, 0x54, 0xB6, 0x43, 0x79, 0x5C, 0x79, 0x5C, 0x59, 0x54,
    0xB6, 0x43, 0x79, 0x5C, 0x95, 0x3B, 0x10, 0x02, 0x10, 0x02, 0x31, 0x0A, 0x31, 0x0A, 0x51, 0x12,
    0x31, 0x0A, 0x51, 0x12, 0x31, 0x0A, 0x51, 0x12, 0x31, 0x0A, 0x51, 0x12, 0x31, 0x0A, 0x51, 0x12,
    0x10, 0x02, 0x59, 0x54, 0x3D, 0x6D, 0xBF, 0x75, 0x3D, 0x6D, 0xBF, 0x75, 0x3D, 0x6D, 0xBF, 0x75,
    0x3D, 0x6D, 0xBF, 0x75, 0x3D, 0x6D, 0xBF, 0x7D, 0x10, 0x02, 0x79, 0x5C, 0xDF, 0x7D, 0x5D, 0x6D,
    0xBF, 0x7D, 0x5D, 0x6D, 0xDF, 0x7D, 0x5D, 0x6D, 0xBF, 0x7D, 0x5D, 0x6D, 0xDF, 0x7D, 0x5D, 0x6D,
    0x10, 0x02, 0x79, 0x54, 0x5D, 0x6D, 0xBF, 0x7D, 0x5D, 0x6D, 0xDF, 0x7D, 0x5D, 0x6D, 0xBF, 0x7D,
    0x5D, 0x6D, 0xDF, 0x7D, 0x5D, 0x6D, 0xDF, 0x7D, 0x10, 0x02, 0x79, 0x5C, 0xBF, 0x7D, 0x5D, 0x6D,
    0xBF, 0x7D, 0x5D, 0x6D, 0xBF, 0x7D, 0x5D, 0x6D, 0xBF, 0x7D, 0x5D, 0x6D, 0xBF, 0x7D, 0x5D, 0x6D,
    0x10, 0x02, 0x79, 0x54, 0x5D, 0x6D, 0xBF, 0x7D, 0x5D, 0x6D, 0xBF, 0x7D, 0x5D, 0x6D, 0xBF, 0x7D,
    0x5D, 0x6D, 0xBF, 0x7D, 0x5D, 0x6D, 0xDF, 0x7D, 0x10, 0x02, 0x79, 0x5C, 0xDF, 0x7D, 0x5D, 0x6D,
    0xBF, 0x7D, 0x5D, 0x6D, 0xDF, 0x7D, 0x5D, 0x6D, 0xBF, 0x7D, 0x5D, 0x6D, 0xDF, 0x7D, 0x5D, 0x6D,
    0x10, 0x02, 0x79, 0x54, 0x5D, 0x6D, 0xBF, 0x7D, 0x5D, 0x6D, 0xDF, 0x7D, 0x5D, 0x6D, 0xBF, 0x7D,
    0x5D, 0x6D, 0xDF, 0x7D, 0x5D, 0x6D, 0xDF, 0x7D, 0x10, 0x02, 0x79, 0x5C, 0xBF, 0x7D, 0x5D, 0x6D,
    0xBF, 0x7D, 0x5D, 0x6D, 0xBF, 0x7D, 0x5D, 0x6D, 0xBF, 0x7D, 0x5D, 0x6D, 0xBF, 0x7D, 0x5D, 0x6D,
    0x10, 0x02, 0x79, 0x54, 0x5D, 0x6D, 0xBF, 0x7D, 0x5D, 0x6D, 0xBF, 0x7D, 0x5D, 0x6D, 0xBF, 0x7D,
    0x5D, 0x6D, 0xBF, 0x7D, 0x5D, 0x6D, 0xDF, 0x7D, 0x10, 0x02, 0x79, 0x5C, 0xDF, 0x7D, 0x5D, 0x6D,
    0xBF, 0x7D, 0x5D, 0x6D, 0xDF, 0x7D, 0x5D, 0x6D, 0xBF, 0x7D, 0x5D, 0x6D, 0xDF, 0x7D, 0x5D, 0x6D,
    0x10, 0x02, 0x95, 0x3B, 0x79, 0x5C, 0x59, 0x54, 0xB6, 0x43, 0x79, 0x5C, 0x79, 0x5C, 0x59, 0x54,
    0xB6, 0x43, 0x79, 0x5C, 0x79, 0x5C, 0x79, 0x54, 0x10, 0x02, 0x10, 0x02, 0x10, 0x02, 0x10, 0x02,
    0x10, 0x02, 0x10, 0x02, 0x10, 0x02, 0x10, 0x02, 0x10, 0x02, 0x10, 0x02, 0x10, 0x02, 0x10, 0x02,
    0x10, 0x02, 0x10, 0x02, 0x10, 0x02, 0x10, 0x02, 0x10, 0x02, 0x10, 0x02, 0x10, 0x02, 0x10, 0x02,
    0x10, 0x02, 0x10, 0x02, 0x10, 0x02, 0x10, 0x02, 0x10, 0x02, 0x10, 0x02, 0x10, 0x02, 0x10, 0x02,
    0x10, 0x02, 0x10, 0x02, 0x10, 0x02, 0x10, 0x02, 0x10, 0x02, 0x10, 0x02, 0x10, 0x02, 0x10, 0x02,
    0x10, 0x02, 0x10, 0x02, 0x10, 0x02, 0x10, 0x02, 0x10, 0x02, 0x10, 0x02, 0x10, 0x02, 0x10, 0x02,
    0x10, 0x02, 0x10, 0x02, 0x10, 0x02, 0x10, 0x02, 0x10, 0x02, 0x10, 0x02, 0x10, 0x02, 0x10, 0x02,
    0x10, 0x02, 0x10, 0x02, 0x10, 0x02, 0x10, 0x02, 0x10, 0x02, 0x10, 0x02, 0x10, 0x02, 0x10, 0x02,
    0x10, 0x02, 0x10, 0x02, 0x10, 0x02, 0x10, 0x02, 0x10, 0x02, 0x10, 0x02, 0x10, 0x02, 0x10, 0x02,
    0x10, 0x02, 0x10, 0x02, 0x10, 0x02, 0x10, 0x02, 0x10, 0x02, 0x10, 0x02, 0x10, 0x02, 0x10, 0x02,
    0x10, 0x02, 0x10, 0x02, 0x10, 0x02, 0x10, 0x02, 0x10, 0x02, 0x10, 0x02, 0x10, 0x02, 0x10, 0x02,
    0x10, 0x02, 0x10, 0x02, 0x10, 0x02, 0x10, 0x02, 0x10, 0x02, 0x10, 0x02, 0x10, 0x02, 0x10, 0x02,
    0x10, 0x02, 0x10, 0x02, 0x10, 0x02, 0x10, 0x02, 0x10, 0x02, 0x10, 0x02, 0x10, 0x02, 0x10, 0x02,
    0x10, 0x02, 0x10, 0x02, 0x10, 0x02, 0x10, 0x02, 0x10, 0x02, 0x10, 0x02, 0x10, 0x02, 0x10, 0x02,
    0x10, 0x02, 0x10, 0x02, 0x10, 0x02, 0x10, 0x02, 0x10, 0x02, 0x10, 0x02, 0x10, 0x02, 0x10, 0x02,
    0x10, 0x02, 0x10, 0x02, 0x10, 0x02, 0x10, 0x02, 0x10, 0x02, 0x10, 0x02, 0x10, 0x02, 0x10, 0x02,
    0x10, 0x02, 0x10, 0x02, 0x10, 0x02, 0x10, 0x02, 0x10, 0x02, 0x10, 0x02, 0x10, 0x02, 0x10, 0x02,
    0x10, 0x02, 0x10, 0x02, 0x10, 0x02, 0x10, 0x02, 0x10, 0x02, 0x10, 0x02, 0x10, 0x02, 0x10, 0x02,
    0x10, 0x02, 0x10, 0x02, 0x10, 0x02, 0x10, 0x02, 0x10, 0x02, 0x10, 0x02, 0x10, 0x02, 0x10, 0x02,
    0x10, 0x02, 0x10, 0x02, 0x10, 0x02, 0x10, 0x02, 0x10, 0x02, 0x10, 0x02, 0x10, 0x02, 0x10, 0x02,
    0x10, 0x02, 0x10, 0x02, 0x10, 0x02, 0x10, 0x02, 0x10, 0x02, 0x10, 0x02, 0x10, 0x02, 0x10, 0x02,
    0x10, 0x02, 0x10, 0x02, 0x10, 0x02, 0x10, 0x02, 0x10, 0x02, 0x10, 0x02, 0x10, 0x02, 0x10, 0x02,
    0x10, 0x02, 0x10, 0x02, 0x10, 0x02, 0x10, 0x02, 0x10, 0x02, 0x10, 0x02, 0x10, 0x02, 0x10, 0x02,
    0x10, 0x02, 0x10, 0x02, 0x10, 0x02, 0x10, 0x02, 0x10, 0x02, 0x10, 0x02, 0x10, 0x02, 0x10, 0x02,
    0x10, 0x02, 0x10, 0x02, 0x10, 0x02, 0x10, 0x02, 0x10, 0x02, 0x10, 0x02, 0x10, 0x02, 0x10, 0x02,
    0x10, 0x02, 0x10, 0x02, 0x10, 0x02, 0x10, 0x02, 0x10, 0x02, 0x10, 0x02, 0x10, 0x02, 0x10, 0x02,
    0x10, 0x02, 0x10, 0x02, 0x10, 0x02, 0x10, 0x02, 0x10, 0x02, 0x10, 0x02, 0x10, 0x02, 0x10, 0x02,
    0x10, 0x02, 0x10, 0x02, 0x10, 0x02, 0x10, 0x02, 0x10, 0x02, 0x10, 0x02, 0x10, 0x02, 0x10, 0x02,
    0x10, 0x02, 0x10, 0x02, 0x10, 0x02, 0x10, 0x02, 0x10, 0x02, 0x10, 0x02, 0x10, 0x02, 0x10, 0x02,
    0x10, 0x02, 0x10, 0x02, 0x10, 0x02, 0x10, 0x02, 0x10, 0x02, 0x10, 0x02, 0x10, 0x02, 0x10, 0x02,
    0x10, 0x02, 0x10, 0x02, 0x10, 0x02, 0x10, 0x02, 0x10, 0x02, 0x10, 0x02, 0x10, 0x02, 0x10, 0x02,
    0x10, 0x02, 0x10, 0x02, 0x10, 0x02, 0x10, 0x02, 0x10, 0x02, 0x10, 0x02, 0x10, 0x02, 0x10, 0x02,
    0x10, 0x02, 0x10, 0x02, 0x10, 0x02, 0x10, 0x02, 0x10, 0x02, 0x10, 0x02, 0x10, 0x02, 0x10, 0x02,
    0x10, 0x02, 0x10, 0x02, 0x10, 0x02, 0x10, 0x02, 0x10, 0x02, 0x10, 0x02, 0x10, 0x02, 0x10, 0x02,
    0x10, 0x02, 0x10, 0x02, 0x10, 0x02, 0x10, 0x02, 0x10, 0x02, 0x10, 0x02, 0x10, 0x02, 0x10, 0x02,
    0x10, 0x02, 0x10, 0x02, 0x10, 0x02, 0x10, 0x02, 0x10, 0x02, 0x10, 0x02, 0x10, 0x02, 0x10, 0x02,
    0x10, 0x02, 0x10, 0x02, 0x10, 0x02, 0x10, 0x02, 0x10, 0x02, 0x10, 0x02, 0x10, 0x02, 0x10, 0x02,
    0x10, 0x02, 0x10, 0x02, 0x10, 0x02, 0x10, 0x02, 0x10, 0x02, 0x10, 0x02, 0x10, 0x02, 0x10, 0x02,
    0x10, 0x02, 0x10, 0x02, 0x10, 0x02, 0x10, 0x02, 0x10, 0x02, 0x10, 0x02, 0x10, 0x02, 0x10, 0x02,
    0x10, 0x02, 0x10, 0x02, 0x10, 0x02, 0x10, 0x02, 0x10, 0x02, 0x10, 0x02, 0x10, 0x02, 0x10, 0x02,
    0x10, 0x02, 0x10, 0x02, 0x10, 0x02, 0x10, 0x02, 0x10, 0x02, 0x10, 0x02, 0x10, 0x02, 0x10, 0x02,
    0x10, 0x02, 0x10, 0x02, 0x10, 0x02, 0x10, 0x02, 0x10, 0x02, 0x10, 0x02, 0x10, 0x02, 0x10, 0x02,
    0x10, 0x02, 0x10, 0x02, 0x10, 0x02, 0x10, 0x02, 0x10, 0x02, 0x10, 0x02, 0x10, 0x02, 0x10, 0x02,
    0x10, 0x02, 0x10, 0x02, 0x10, 0x02, 0x10, 0x02, 0x10, 0x02, 0x10, 0x02, 0x10, 0x02, 0x10, 0x02,
    0x10, 0x02, 0x10, 0x02, 0x10, 0x02, 0x10, 0x02, 0x10, 0x02, 0x10, 0x02, 0x10, 0x02, 0x10, 0x02,
    0x10, 0x02, 0x10, 0x02, 0x10, 0x02, 0x10, 0x02, 0x10, 0x02, 0x10, 0x02, 0x10, 0x02, 0x10, 0x02,
    0x10, 0x02, 0x10, 0x02, 0x10, 0x02, 0x10, 0x02, 0x10, 0x02, 0x10, 0x02, 0x10, 0x02, 0x10, 0x02,
    0x10, 0x02, 0x10, 0x02, 0x10, 0x02, 0x10, 0x02, 0x10, 0x02, 0x10, 0x02, 0x10, 0x02, 0x10, 0x02,
    0x10, 0x02, 0x10, 0x02, 0x10, 0x02, 0x10, 0x02, 0x10, 0x02, 0x10, 0x02, 0x10, 0x02, 0x10, 0x02,
    0x10, 0x02, 0x10, 0x02, 0x10, 0x02, 0x10, 0x02, 0x10, 0x02, 0x10, 0x02, 0x10, 0x02, 0x10, 0x02,
    0x10, 0x02, 0x10, 0x02, 0x10, 0x02, 0x10, 0x02, 0x10, 0x02, 0x10, 0x02, 0x10, 0x02, 0x10, 0x02,
    0x10, 0x02, 0x10, 0x02, 0x10, 0x02, 0x10, 0x02, 0x10, 0x02, 0x10, 0x02, 0x10, 0x02, 0x10, 0x02,
    0x10, 0x02, 0x10, 0x02, 0x10, 0x02, 0x10, 0x02, 0x10, 0x02, 0x10, 0x02, 0x10, 0x02, 0x10, 0x02,
    0x10, 0x02, 0x10, 0x02, 0x10, 0x02, 0x10, 0x02, 0x10, 0x02, 0x10, 0x02, 0x10, 0x02, 0x10, 0x02,
    0x10, 0x02, 0x10, 0x02, 0x10, 0x02, 0x10, 0x02, 0x10, 0x02, 0x10, 0x02, 0x10, 0x02, 0x10, 0x02,
    0x10, 0x02, 0x10, 0x02, 0x10, 0x02, 0x10, 0x02, 0x10, 0x02, 0x10, 0x02, 0x10, 0x02, 0x10, 0x02,
    0x10, 0x02, 0x10, 0x02, 0x10, 0x02, 0x10, 0x02, 0x10, 0x02, 0x10, 0x02, 0x10, 0x02, 0x10, 0x02,
    0x10, 0x02, 0x10, 0x02, 0x10, 0x02, 0x10, 0x02, 0x10, 0x02, 0x10, 0x02, 0x10, 0x02, 0x10, 0x02,
    0x10, 0x02, 0x10, 0x02, 0x10, 0x02, 0x10, 0x02, 0x10, 0x02, 0x10, 0x02, 0x10, 0x02, 0x10, 0x02,
    0x10, 0x02, 0x10, 0x02, 0x10, 0x02, 0x10, 0x02, 0x10, 0x02, 0x10, 0x02, 0x10, 0x02, 0x10, 0x02,
    0x10, 0x02, 0x10, 0x02, 0x10, 0x02, 0x10, 0x02, 0x10, 0x02, 0x10, 0x02, 0x10, 0x02, 0x10, 0x02,
    0x10, 0x02, 0x10, 0x02, 0x10, 0x02, 0x10, 0x02, 0x10, 0x02, 0x10, 0x02, 0x10, 0x02, 0x10, 0x02,
    0x10, 0x02, 0x10, 0x02, 0x10, 0x02, 0x10, 0x02, 0x10, 0x02, 0x10, 0x02, 0x10, 0x02, 0x10, 0x02,
    0x10, 0x02, 0x10, 0x02, 0x10, 0x02, 0x10, 0x02, 0x10, 0x02, 0x10, 0x02, 0x10, 0x02, 0x10, 0x02,
    0x10, 0x02, 0x10, 0x02, 0x10, 0x02, 0x10, 0x02, 0x10, 0x02, 0x10, 0x02, 0x10, 0x02, 0x10, 0x02,
    0x10, 0x02, 0x10, 0x02, 0x10, 0x02, 0x10, 0x02, 0x10, 0x02, 0x10, 0x02, 0x10, 0x02, 0x10, 0x02,
    0x10, 0x02, 0x10, 0x02, 0x10, 0x02, 0x10, 0x02, 0x10, 0x02, 0x10, 0x02, 0x10, 0x02, 0x10, 0x02,
    0x10, 0x02, 0x10, 0x02, 0x10, 0x02, 0x10, 0x02, 0x10, 0x02, 0x10, 0x02, 0x10, 0x02, 0x10, 0x02,
    0x10, 0x02, 0x10, 0x02, 0x10, 0x02, 0x10, 0x02, 0x10, 0x02, 0x10, 0x02, 0x10, 0x02, 0x10, 0x02,
    0x10, 0x02, 0x10, 0x02, 0x10, 0x02, 0x10, 0x02, 0x10, 0x02, 0x10, 0x02, 0x10, 0x02, 0x10, 0x02,
    0x10, 0x02, 0x10, 0x02, 0x10, 0x02, 0x10, 0x02, 0x10, 0x02, 0x10, 0x02, 0x10, 0x02, 0x10, 0x02,
    0x10, 0x02, 0x10, 0x02, 0x10, 0x02, 0x10, 0x02, 0x10, 0x02, 0x10, 0x02, 0x10, 0x02, 0x10, 0x02,
    0x10, 0x02, 0x10, 0x02, 0x10, 0x02, 0x10, 0x02, 0x10, 0x02, 0x10, 0x02, 0x10, 0x02, 0x10, 0x02,
    0x10, 0x02, 0x10, 0x02, 0x10, 0x02, 0x10, 0x02, 0x10, 0x02, 0x10, 0x02, 0x10, 0x02, 0x10, 0x02,
    0xBF, 0x7D, 0xBF, 0x7D, 0xBF, 0x7D, 0xBF, 0x7D, 0xBF, 0x7D, 0xBF, 0x7D, 0xBF, 0x7D, 0xBF, 0x7D,
    0xBF, 0x7D, 0xBF, 0x7D, 0xBF, 0x7D, 0xBF, 0x7D, 0x79, 0x5C, 0x79, 0x5C, 0x79, 0x5C, 0x79, 0x5C,
    0x79, 0x5C, 0x79, 0x5C, 0x79, 0x5C, 0x79, 0x5C, 0x79, 0x5C, 0x79, 0x5C, 0x79, 0x5C, 0x79, 0x5C,
    0x10, 0x02, 0x10, 0x02, 0x10, 0x02, 0x10, 0x02, 0x10, 0x02, 0x10, 0x02, 0x10, 0x02, 0x10, 0x02,
    0x10, 0x02, 0x10, 0x02, 0x10, 0x02, 0x10, 0x02, 0x10, 0x02, 0x10, 0x02, 0x10, 0x02, 0x10, 0x02,
    0x10, 0x02, 0x10, 0x02, 0x10, 0x02, 0x10, 0x02, 0x10, 0x02, 0x10, 0x02, 0x10, 0x02, 0x10, 0x02,
    0x10, 0x02, 0x10, 0x02, 0x10, 0x02, 0x10, 0x02, 0x10, 0x02, 0x10, 0x02, 0x10, 0x02, 0x10, 0x02,
    0x10, 0x02, 0x10, 0x02, 0x10, 0x02, 0x10, 0x02, 0x10, 0x02, 0x10, 0x02, 0x10, 0x02, 0x10, 0x02,
    0x10, 0x02, 0x10, 0x02, 0x10, 0x02, 0x10, 0x02, 0x10, 0x02, 0x10, 0x02, 0x10, 0x02, 0x10, 0x02,
    0x10, 0x02, 0x10, 0x02, 0x10, 0x02, 0x10, 0x02, 0x10, 0x02, 0x10, 0x02, 0x10, 0x02, 0x10, 0x02,
    0x10, 0x02, 0x10, 0x02, 0x10, 0x02, 0x10, 0x02, 0x10, 0x02, 0x10, 0x02, 0x10, 0x02, 0x10, 0x02,
    0x10, 0x02, 0x10, 0x02, 0x10, 0x02, 0x10, 0x02, 0x10, 0x02, 0x10, 0x02, 0x10, 0x02, 0x10, 0x02,
    0x10, 0x02, 0x10, 0x02, 0x10, 0x02, 0x10, 0x02, 0x10, 0x02, 0x10, 0x02, 0x10, 0x02, 0x10, 0x02,
    0x10, 0x02, 0x10, 0x02, 0x10, 0x02, 0x10, 0x02, 0x10, 0x02, 0x10, 0x02, 0x10, 0x02, 0x10, 0x02,
    0x10, 0x02, 0x10, 0x02, 0x10, 0x02, 0x10, 0x02, 0x10, 0x02, 0x10, 0x02, 0x10, 0x02, 0x10, 0x02,
    0x10, 0x02, 0x10, 0x02, 0x10, 0x02, 0x10, 0x02, 0x10, 0x02, 0x10, 0x02, 0x10, 0x02, 0x10, 0x02,
    0x10, 0x02, 0x10, 0x02, 0x10, 0x02, 0x10, 0x02, 0x10, 0x02, 0x10, 0x02, 0x10, 0x02, 0x10, 0x02,
    0x10, 0x02, 0x10, 0x02, 0x10, 0x02, 0x10, 0x02, 0x10, 0x02, 0x10, 0x02, 0x31, 0x0A, 0x51, 0x12,
    0x10, 0x02, 0x10, 0x02, 0x10, 0x02, 0x10, 0x02, 0x10, 0x02, 0x10, 0x02, 0x10, 0x02, 0x10, 0x02,
    0x10, 0x02, 0x10, 0x02, 0x79, 0x54, 0xBF, 0x7D, 0x10, 0x02, 0x10, 0x02, 0x10, 0x02, 0x10, 0x02,
    0x10, 0x02, 0x10, 0x02, 0x10, 0x02, 0x10, 0x02, 0x10, 0x02, 0x10, 0x02, 0x79, 0x5C, 0xDF, 0x7D,
    0x10, 0x02, 0x10, 0x02, 0x10, 0x02, 0x10, 0x02, 0x10, 0x02, 0x10, 0x02, 0x10, 0x02, 0x10, 0x02,
    0x10, 0x02, 0x10, 0x02, 0x79, 0x5C, 0xDF, 0x7D, 0x10, 0x02, 0x10, 0x02, 0x10, 0x02, 0x10, 0x02,
    0x10, 0x02, 0x10, 0x02, 0x10, 0x02, 0x10, 0x02, 0x10, 0x02, 0x10, 0x02, 0x79, 0x5C, 0xDF, 0x7D,
    0x10, 0x02, 0x10, 0x02, 0x10, 0x02, 0x10, 0x02, 0x10, 0x02, 0x10, 0x02, 0x10, 0x02, 0x10, 0x02,
    0x10, 0x02, 0x10, 0x02, 0x79, 0x5C, 0xDF, 0x7D, 0x10, 0x02, 0x10, 0x02, 0x10, 0x02, 0x10, 0x02,
    0x10, 0x02, 0x10, 0x02, 0x10, 0x02, 0x10, 0x02, 0x10, 0x02, 0x10, 0x02, 0x79, 0x5C, 0xDF, 0x7D,
    0x10, 0x02, 0x10, 0x02, 0x10, 0x02, 0x10, 0x02, 0x10, 0x02, 0x10, 0x02, 0x10, 0x02, 0x10, 0x02,
    0x10, 0x02, 0x10, 0x02, 0x79, 0x5C, 0xDF, 0x7D, 0x10, 0x02, 0x10, 0x02, 0x10, 0x02, 0x10, 0x02,
    0x10, 0x02, 0x10, 0x02, 0x10, 0x02, 0x10, 0x02, 0x10, 0x02, 0x10, 0x02, 0x79, 0x5C, 0xDF, 0x7D,
    0x10, 0x02, 0x10, 0x02, 0x10, 0x02, 0x10, 0x02, 0x10, 0x02, 0x10, 0x02, 0x10, 0x02, 0x10, 0x02,
    0x10, 0x02, 0x10, 0x02, 0x79, 0x5C, 0xDF, 0x7D, 0x10, 0x02, 0x10, 0x02, 0x10, 0x02, 0x10, 0x02,
    0x10, 0x02, 0x10, 0x02, 0x10, 0x02, 0x10, 0x02, 0x10, 0x02, 0x10, 0x02, 0x79, 0x5C, 0xDF, 0x7D,
    0x10, 0x02, 0x10, 0x02, 0x10, 0x02, 0x10, 0x02, 0x10, 0x02, 0x10, 0x02, 0x10, 0x02, 0x10, 0x02,
    0x10, 0x02, 0x10, 0x02, 0x79, 0x5C, 0xDF, 0x7D, 0x51, 0x12, 0x51, 0x12, 0x51, 0x12, 0x51, 0x12,
    0x51, 0x12, 0x51, 0x12, 0x51, 0x12, 0x51, 0x12, 0x51, 0x12, 0x51, 0x12, 0x9A, 0x5C, 0xDF, 0x7D,
    0xBF, 0x7D, 0xBF, 0x7D, 0xBF, 0x7D, 0xBF, 0x7D, 0xBF, 0x7D, 0xBF, 0x7D, 0xBF, 0x7D, 0xBF, 0x7D,
    0xBF, 0x7D, 0xBF, 0x7D, 0xDF, 0x7D, 0xDF, 0x7D, 0x79, 0x5C, 0x79, 0x5C, 0x79, 0x5C, 0x79, 0x5C,
    0x79, 0x5C, 0x79, 0x5C, 0x79, 0x5C, 0x79, 0x5C, 0x79, 0x5C, 0x79, 0x5C, 0x3D, 0x6D, 0xDF, 0x7D,
    0x10, 0x02, 0x10, 0x02, 0x10, 0x02, 0x10, 0x02, 0x10, 0x02, 0x10, 0x02, 0x10, 0x02, 0x10, 0x02,
    0x10, 0x02, 0x10, 0x02, 0x79, 0x5C, 0xDF, 0x7D, 0x10, 0x02, 0x10, 0x02, 0x10, 0x02, 0x10, 0x02,
    0x10, 0x02, 0x10, 0x02, 0x10, 0x02, 0x10, 0x02, 0x10, 0x02, 0x10, 0x02, 0x79, 0x5C, 0xDF, 0x7D,
    0x10, 0x02, 0x10, 0x02, 0x10, 0x02, 0x10, 0x02, 0x10, 0x02, 0x10, 0x02, 0x10, 0x02, 0x10, 0x02,
    0x10, 0x02, 0x10, 0x02, 0x79, 0x5C, 0xDF, 0x7D, 0x10, 0x02, 0x10, 0x02, 0x10, 0x02, 0x10, 0x02,
    0x10, 0x02, 0x10, 0x02, 0x10, 0x02, 0x10, 0x02, 0x10, 0x02, 0x10, 0x02, 0x79, 0x5C, 0xDF, 0x7D,
    0x10, 0x02, 0x10, 0x02, 0x10, 0x02, 0x10, 0x02, 0x10, 0x02, 0x10, 0x02, 0x10, 0x02, 0x10, 0x02,
    0x10, 0x02, 0x10, 0x02, 0x79, 0x5C, 0xDF, 0x7D, 0x10, 0x02, 0x10, 0x02, 0x10, 0x02, 0x10, 0x02,
    0x10, 0x02, 0x10, 0x02, 0x10, 0x02, 0x10, 0x02, 0x10, 0x02, 0x10, 0x02, 0x79, 0x5C, 0xDF, 0x7D,
    0x10, 0x02, 0x10, 0x02, 0x10, 0x02, 0x10, 0x02, 0x10, 0x02, 0x10, 0x02, 0x10, 0x02, 0x10, 0x02,
    0x10, 0x02, 0x10, 0x02, 0x79, 0x5C, 0xDF, 0x7D, 0x10, 0x02, 0x10, 0x02, 0x10, 0x02, 0x10, 0x02,
    0x10, 0x02, 0x10, 0x02, 0x10, 0x02, 0x10, 0x02, 0x10, 0x02, 0x10, 0x02, 0x79, 0x5C, 0xDF, 0x7D,
    0x10, 0x02, 0x10, 0x02, 0x10, 0x02, 0x10, 0x02, 0x10, 0x02, 0x10, 0x02, 0x10, 0x02, 0x10, 0x02,
    0x10, 0x02, 0x10, 0x02, 0x79, 0x5C, 0xDF, 0x7D, 0x10, 0x02, 0x10, 0x02, 0x10, 0x02, 0x10, 0x02,
    0x10, 0x02, 0x10, 0x02, 0x10, 0x02, 0x10, 0x02, 0x10, 0x02, 0x10, 0x02, 0x79, 0x54, 0xBF, 0x7D,
    0x10, 0x02, 0x10, 0x02, 0x10, 0x02, 0x10, 0x02, 0x10, 0x02, 0x10, 0x02, 0x10, 0x02, 0x10, 0x02,
    0x10, 0x02, 0x10, 0x02, 0x31, 0x0A, 0x51, 0x12, 0x10, 0x02, 0x10, 0x02, 0x10, 0x02, 0x10, 0x02,
    0x10, 0x02, 0x10, 0x02, 0x10, 0x02, 0x10, 0x02, 0x10, 0x02, 0x10, 0x02, 0x10, 0x02, 0x10, 0x02,
    0x10, 0x02, 0x10, 0x02, 0x10, 0x02, 0x10, 0x02, 0x10, 0x02, 0x10, 0x02, 0x10, 0x02, 0x10, 0x02,
    0x10, 0x02, 0x10, 0x02, 0x10, 0x02, 0x10, 0x02, 0x10, 0x02, 0x10, 0x02, 0x10, 0x02, 0x10, 0x02,
    0x10, 0x02, 0x10, 0x02, 0x10, 0x02, 0x10, 0x02, 0x10, 0x02, 0x10, 0x02, 0x10, 0x02, 0x10, 0x02,
    0x10, 0x02, 0x10, 0x02, 0x10, 0x02, 0x10, 0x02, 0x10, 0x02, 0x10, 0x02, 0x10, 0x02, 0x10, 0x02,
    0x10, 0x02, 0x10, 0x02, 0x10, 0x02, 0x10, 0x02, 0x10, 0x02, 0x10, 0x02, 0x10, 0x02, 0x10, 0x02,
    0x10, 0x02, 0x10, 0x02, 0x10, 0x02, 0x10, 0x02, 0x10, 0x02, 0x10, 0x02, 0x10, 0x02, 0x10, 0x02,
    0x10, 0x02, 0x10, 0x02, 0x10, 0x02, 0x10, 0x02, 0x10, 0x02, 0x10, 0x02, 0x10, 0x02, 0x10, 0x02,
    0x10, 0x02, 0x10, 0x02, 0x10, 0x02, 0x10, 0x02, 0x10, 0x02, 0x10, 0x02, 0x10, 0x02, 0x10, 0x02,
    0x10, 0x02, 0x10, 0x02, 0x10, 0x02, 0x10, 0x02, 0x10, 0x02, 0x10, 0x02, 0x10, 0x02, 0x10, 0x02,
    0x10, 0x02, 0x10, 0x02, 0x10, 0x02, 0x10, 0x02, 0x10, 0x02, 0x10, 0x02, 0x10, 0x02, 0x10, 0x02,
    0x10, 0x02, 0x10, 0x02, 0x10, 0x02, 0x10, 0x02, 0x10, 0x02, 0x10, 0x02, 0x10, 0x02, 0x10, 0x02,
    0x10, 0x02, 0x10, 0x02, 0x10, 0x02, 0x10, 0x02, 0x10, 0x02, 0x10, 0x02, 0x10, 0x02, 0x10, 0x02,
    0x79, 0x5C, 0x79, 0x5C, 0x79, 0x5C, 0x79, 0x5C, 0x79, 0x5C, 0x79, 0x5C, 0x79, 0x5C, 0x79, 0x5C,
    0x79, 0x5C, 0x79, 0x5C, 0x79, 0x5C, 0x79, 0x5C, 0xDF, 0x7D, 0xDF, 0x7D, 0xDF, 0x7D, 0xDF, 0x7D,
    0xDF, 0x7D, 0xDF, 0x7D, 0xDF, 0x7D, 0xDF, 0x7D, 0xDF, 0x7D, 0xDF, 0x7D, 0xDF, 0x7D, 0xDF, 0x7D,
    0xDF, 0x7D, 0xDF, 0x7D, 0xDF, 0x7D, 0xDF, 0x7D, 0xDF, 0x7D, 0xDF, 0x7D, 0xDF, 0x7D, 0xDF, 0x7D,
    0xDF, 0x7D, 0xDF, 0x7D, 0xDF, 0x7D, 0xDF, 0x7D, 0x79, 0x5C, 0x79, 0x5C, 0x79, 0x5C, 0x79, 0x5C,
    0x79, 0x5C, 0x79, 0x5C, 0x79, 0x5C, 0x79, 0x5C, 0x79, 0x5C, 0x79, 0x5C, 0x79, 0x5C, 0x79, 0x5C,
    0x10, 0x02, 0x10, 0x02, 0x10, 0x02, 0x10, 0x02, 0x10, 0x02, 0x10, 0x02, 0x10, 0x02, 0x10, 0x02,
    0x10, 0x02, 0x10, 0x02, 0x10, 0x02, 0x10, 0x02, 0x10, 0x02, 0x10, 0x02, 0x10, 0x02, 0x10, 0x02,
    0x10, 0x02, 0x10, 0x02, 0x10, 0x02, 0x10, 0x02, 0x10, 0x02, 0x10, 0x02, 0x10, 0x02, 0x10, 0x02,
    0x10, 0x02, 0x10, 0x02, 0x10, 0x02, 0x10, 0x02, 0x10, 0x02, 0x10, 0x02, 0x10, 0x02, 0x10, 0x02,
    0x10, 0x02, 0x10, 0x02, 0x10, 0x02, 0x10, 0x02, 0x10, 0x02, 0x10, 0x02, 0x10, 0x02, 0x10, 0x02,
    0x10, 0x02, 0x10, 0x02, 0x10, 0x02, 0x10, 0x02, 0x10, 0x02, 0x10, 0x02, 0x10, 0x02, 0x10, 0x02,
    0x10, 0x02, 0x10, 0x02, 0x10, 0x02, 0x10, 0x02, 0x10, 0x02, 0x10, 0x02, 0x10, 0x02, 0x10, 0x02,
    0x10, 0x02, 0x10, 0x02, 0x10, 0x02, 0x10, 0x02, 0x10, 0x02, 0x10, 0x02, 0x10, 0x02, 0x10, 0x02,
    0x10, 0x02, 0x10, 0x02, 0x10, 0x02, 0x10, 0x02, 0x10, 0x02, 0x10, 0x02, 0x10, 0x02, 0x10, 0x02,
    0x10, 0x02, 0x10, 0x02, 0x10, 0x02, 0x10, 0x02, 0x10, 0x02, 0x10, 0x02, 0x10, 0x02, 0x10, 0x02,
    0x10, 0x02, 0x10, 0x02, 0x10, 0x02, 0x10, 0x02, 0x10, 0x02, 0x10, 0x02, 0x10, 0x02, 0x10, 0x02,
    0x10, 0x02, 0x10, 0x02, 0x10, 0x02, 0x10, 0x02, 0x10, 0x02, 0x10, 0x02, 0x10, 0x02, 0x10, 0x02,
    0x79, 0x5C, 0x79, 0x5C, 0x79, 0x5C, 0x79, 0x5C, 0x79, 0x5C, 0x79, 0x5C, 0x79, 0x5C, 0x79, 0x5C,
    0x79, 0x5C, 0x79, 0x5C, 0x79, 0x5C, 0x79, 0x5C, 0xBF, 0x7D, 0xBF, 0x7D, 0xBF, 0x7D, 0xBF, 0x7D,
    0xBF, 0x7D, 0xBF, 0x7D, 0xBF, 0x7D, 0xBF, 0x7D, 0xBF, 0x7D, 0xBF, 0x7D, 0xDF, 0x7D, 0xDF, 0x7D,
    0x51, 0x12, 0x51, 0x12, 0x51, 0x12, 0x51, 0x12, 0x51, 0x12, 0x51, 0x12, 0x51, 0x12, 0x51, 0x12,
    0x51, 0x12, 0x51, 0x12, 0x9A, 0x5C, 0xDF, 0x7D, 0x10, 0x02, 0x10, 0x02, 0x10, 0x02, 0x10, 0x02,
    0x10, 0x02, 0x10, 0x02, 0x10, 0x02, 0x10, 0x02, 0x10, 0x02, 0x10, 0x02, 0x79, 0x5C, 0xDF, 0x7D,
    0x10, 0x02, 0x10, 0x02, 0x10, 0x02, 0x10, 0x02, 0x10, 0x02, 0x10, 0x02, 0x10, 0x02, 0x10, 0x02,
    0x10, 0x02, 0x10, 0x02, 0x79, 0x5C, 0xDF, 0x7D, 0x10, 0x02, 0x10, 0x02, 0x10, 0x02, 0x10, 0x02,
    0x10, 0x02, 0x10, 0x02, 0x10, 0x02, 0x10, 0x02, 0x10, 0x02, 0x10, 0x02, 0x79, 0x5C, 0xDF, 0x7D,
    0x10, 0x02, 0x10, 0x02, 0x10, 0x02, 0x10, 0x02, 0x10, 0x02, 0x10, 0x02, 0x10, 0x02, 0x10, 0x02,
    0x10, 0x02, 0x10, 0x02, 0x79, 0x5C, 0xDF, 0x7D, 0x10, 0x02, 0x10, 0x02, 0x10, 0x02, 0x10, 0x02,
    0x10, 0x02, 0x10, 0x02, 0x10, 0x02, 0x10, 0x02, 0x10, 0x02, 0x10, 0x02, 0x79, 0x5C, 0xDF, 0x7D,
    0x10, 0x02, 0x10, 0x02, 0x10, 0x02, 0x10, 0x02, 0x10, 0x02, 0x10, 0x02, 0x10, 0x02, 0x10, 0x02,
    0x10, 0x02, 0x10, 0x02, 0x79, 0x5C, 0xDF, 0x7D, 0x10, 0x02, 0x10, 0x02, 0x10, 0x02, 0x10, 0x02,
    0x10, 0x02, 0x10, 0x02, 0x10, 0x02, 0x10, 0x02, 0x10, 0x02, 0x10, 0x02, 0x79, 0x5C, 0xDF, 0x7D,
    0x10, 0x02, 0x10, 0x02, 0x10, 0x02, 0x10, 0x02, 0x10, 0x02, 0x10, 0x02, 0x10, 0x02, 0x10, 0x02,
    0x10, 0x02, 0x10, 0x02, 0x79, 0x5C, 0xDF, 0x7D, 0x10, 0x02, 0x10, 0x02, 0x10, 0x02, 0x10, 0x02,
    0x10, 0x02, 0x10, 0x02, 0x10, 0x02, 0x10, 0x02, 0x10, 0x02, 0x10, 0x02, 0x79, 0x5C, 0xDF, 0x7D,
    0x79, 0x5C, 0x79, 0x5C, 0x79, 0x5C, 0x79, 0x5C, 0x79, 0x5C, 0x79, 0x5C, 0x79, 0x5C, 0x79, 0x5C,
    0x79, 0x5C, 0x79, 0x5C, 0x3D, 0x6D, 0xDF, 0x7D, 0xDF, 0x7D, 0xDF, 0x7D, 0xDF, 0x7D, 0xDF, 0x7D,
    0xDF, 0x7D, 0xDF, 0x7D, 0xDF, 0x7D, 0xDF, 0x7D, 0xDF, 0x7D, 0xDF, 0x7D, 0xDF, 0x7D, 0xDF, 0x7D,
    0xDF, 0x7D, 0xDF, 0x7D, 0xDF, 0x7D, 0xDF, 0x7D, 0xDF, 0x7D, 0xDF, 0x7D, 0xDF, 0x7D, 0xDF, 0x7D,
    0xDF, 0x7D, 0xDF, 0x7D, 0xDF, 0x7D, 0xDF, 0x7D, 0x79, 0x5C, 0x79, 0x5C, 0x79, 0x5C, 0x79, 0x5C,
    0x79, 0x5C, 0x79, 0x5C, 0x79, 0x5C, 0x79, 0x5C, 0x79, 0x5C, 0x79, 0x5C, 0x3D, 0x6D, 0xDF, 0x7D,
    0x10, 0x02, 0x10, 0x02, 0x10, 0x02, 0x10, 0x02, 0x10, 0x02, 0x10, 0x02, 0x10, 0x02, 0x10, 0x02,
    0x10, 0x02, 0x10, 0x02, 0x79, 0x5C, 0xDF, 0x7D, 0x10, 0x02, 0x10, 0x02, 0x10, 0x02, 0x10, 0x02,
    0x10, 0x02, 0x10, 0x02, 0x10, 0x02, 0x10, 0x02, 0x10, 0x02, 0x10, 0x02, 0x79, 0x5C, 0xDF, 0x7D,
    0x10, 0x02, 0x10, 0x02, 0x10, 0x02, 0x10, 0x02, 0x10, 0x02, 0x10, 0x02, 0x10, 0x02, 0x10, 0x02,
    0x10, 0x02, 0x10, 0x02, 0x79, 0x5C, 0xDF, 0x7D, 0x10, 0x02, 0x10, 0x02, 0x10, 0x02, 0x10, 0x02,
    0x10, 0x02, 0x10, 0x02, 0x10, 0x02, 0x10, 0x02, 0x10, 0x02, 0x10, 0x02, 0x79, 0x5C, 0xDF, 0x7D,
    0x10, 0x02, 0x10, 0x02, 0x10, 0x02, 0x10, 0x02, 0x10, 0x02, 0x10, 0x02, 0x10, 0x02, 0x10, 0x02,
    0x10, 0x02, 0x10, 0x02, 0x79, 0x5C, 0xDF, 0x7D, 0x10, 0x02, 0x10, 0x02, 0x10, 0x02, 0x10, 0x02,
    0x10, 0x02, 0x10, 0x02, 0x10, 0x02, 0x10, 0x02, 0x10, 0x02, 0x10, 0x02, 0x79, 0x5C, 0xDF, 0x7D,
    0x10, 0x02, 0x10, 0x02, 0x10, 0x02, 0x10, 0x02, 0x10, 0x02, 0x10, 0x02, 0x10, 0x02, 0x10, 0x02,
    0x10, 0x02, 0x10, 0x02, 0x79, 0x5C, 0xDF, 0x7D, 0x10, 0x02, 0x10, 0x02, 0x10, 0x02, 0x10, 0x02,
    0x10, 0x02, 0x10, 0x02, 0x10, 0x02, 0x10, 0x02, 0x10, 0x02, 0x10, 0x02, 0x79, 0x5C, 0xDF, 0x7D,
    0x79, 0x5C, 0x79, 0x5C, 0x79, 0x5C, 0x79, 0x5C, 0x79, 0x5C, 0x79, 0x5C, 0x79, 0x5C, 0x79, 0x5C,
    0x79, 0x5C, 0x79, 0x5C, 0x3D, 0x6D, 0xDF, 0x7D, 0xDF, 0x7D, 0xDF, 0x7D, 0xBF, 0x7D, 0xBF, 0x7D,
    0xBF, 0x7D, 0xBF, 0x7D, 0xBF, 0x7D, 0xBF, 0x7D, 0xBF, 0x7D, 0xBF, 0x7D, 0xBF, 0x7D, 0xBF, 0x7D,
    0xDF, 0x7D, 0x9A, 0x5C, 0x51, 0x12, 0x51, 0x12, 0x51, 0x12, 0x51, 0x12, 0x51, 0x12, 0x51, 0x12,
    0x51, 0x12, 0x51, 0x12, 0x51, 0x12, 0x51, 0x12, 0xDF, 0x7D, 0x79, 0x5C, 0x10, 0x02, 0x10, 0x02,
    0x10, 0x02, 0x10, 0x02, 0x10, 0x02, 0x10, 0x02, 0x10, 0x02, 0x10, 0x02, 0x10, 0x02, 0x10, 0x02,
    0xDF, 0x7D, 0x79, 0x5C, 0x10, 0x02, 0x10, 0x02, 0x10, 0x02, 0x10, 0x02, 0x10, 0x02, 0x10, 0x02,
    0x10, 0x02, 0x10, 0x02, 0x10, 0x02, 0x10, 0x02, 0xDF, 0x7D, 0x79, 0x5C, 0x10, 0x02, 0x10, 0x02,
    0x10, 0x02, 0x10, 0x02, 0x10, 0x02, 0x10, 0x02, 0x10, 0x02, 0x10, 0x02, 0x10, 0x02, 0x10, 0x02,
    0xDF, 0x7D, 0x79, 0x5C, 0x10, 0x02, 0x10, 0x02, 0x10, 0x02, 0x10, 0x02, 0x10, 0x02, 0x10, 0x02,
    0x10, 0x02, 0x10, 0x02, 0x10, 0x02, 0x10, 0x02, 0xDF, 0x7D, 0x79, 0x5C, 0x10, 0x02, 0x10, 0x02,
    0x10, 0x02, 0x10, 0x02, 0x10, 0x02, 0x10, 0x02, 0x10, 0x02, 0x10, 0x02, 0x10, 0x02, 0x10, 0x02,
    0xDF, 0x7D, 0x79, 0x5C, 0x10, 0x02, 0x10, 0x02, 0x10, 0x02, 0x10, 0x02, 0x10, 0x02, 0x10, 0x02,
    0x10, 0x02, 0x10, 0x02, 0x10, 0x02, 0x10, 0x02, 0xDF, 0x7D, 0x79, 0x5C, 0x10, 0x02, 0x10, 0x02,
    0x10, 0x02, 0x10, 0x02, 0x10, 0x02, 0x10, 0x02, 0x10, 0x02, 0x10, 0x02, 0x10, 0x02, 0x10, 0x02,
    0xDF, 0x7D, 0x79, 0x5C, 0x10, 0x02, 0x10, 0x02, 0x10, 0x02, 0x10, 0x02, 0x10, 0x02, 0x10, 0x02,
    0x10, 0x02, 0x10, 0x02, 0x10, 0x02, 0x10, 0x02, 0xDF, 0x7D, 0x79, 0x5C, 0x10, 0x02, 0x10, 0x02,
    0x10, 0x02, 0x10, 0x02, 0x10, 0x02, 0x10, 0x02, 0x10, 0x02, 0x10, 0x02, 0x10, 0x02, 0x10, 0x02,
    0xDF, 0x7D, 0x79, 0x5C, 0x10, 0x02, 0x10, 0x02, 0x10, 0x02, 0x10, 0x02, 0x10, 0x02, 0x10, 0x02,
    0x10, 0x02, 0x10, 0x02, 0x10, 0x02, 0x10, 0x02, 0xDF, 0x7D, 0x9A, 0x5C, 0x51, 0x12, 0x51, 0x12,
    0x51, 0x12, 0x51, 0x12, 0x51, 0x12, 0x51, 0x12, 0x51, 0x12, 0x51, 0x12, 0x51, 0x12, 0x51, 0x12,
    0xDF, 0x7D, 0xDF, 0x7D, 0xBF, 0x7D, 0xBF, 0x7D, 0xBF, 0x7D, 0xBF, 0x7D, 0xBF, 0x7D, 0xBF, 0x7D,
    0xBF, 0x7D, 0xBF, 0x7D, 0xBF, 0x7D, 0xBF, 0x7D, 0xDF, 0x7D, 0x3D, 0x6D, 0x79, 0x5C, 0x79, 0x5C,
    0x79, 0x5C, 0x79, 0x5C, 0x79, 0x5C, 0x79, 0x5C, 0x79, 0x5C, 0x79, 0x5C, 0x79, 0x5C, 0x79, 0x5C,
    0xDF, 0x7D, 0x79, 0x5C, 0x10, 0x02, 0x10, 0x02, 0x10, 0x02, 0x10, 0x02, 0x10, 0x02, 0x10, 0x02,
    0x10, 0x02, 0x10, 0x02, 0x10, 0x02, 0x10, 0x02, 0xDF, 0x7D, 0x79, 0x5C, 0x10, 0x02, 0x10, 0x02,
    0x10, 0x02, 0x10, 0x02, 0x10, 0x02, 0x10, 0x02, 0x10, 0x02, 0x10, 0x02, 0x10, 0x02, 0x10, 0x02,
    0xDF, 0x7D, 0x79, 0x5C, 0x10, 0x02, 0x10, 0x02, 0x10, 0x02, 0x10, 0x02, 0x10, 0x02, 0x10, 0x02,
    0x10, 0x02, 0x10, 0x02, 0x10, 0x02, 0x10, 0x02, 0xDF, 0x7D, 0x79, 0x5C, 0x10, 0x02, 0x10, 0x02,
    0x10, 0x02, 0x10, 0x02, 0x10, 0x02, 0x10, 0x02, 0x10, 0x02, 0x10, 0x02, 0x10, 0x02, 0x10, 0x02,
    0xDF, 0x7D, 0x79, 0x5C, 0x10, 0x02, 0x10, 0x02, 0x10, 0x02, 0x10, 0x02, 0x10, 0x02, 0x10, 0x02,
    0x10, 0x02, 0x10, 0x02, 0x10, 0x02, 0x10, 0x02, 0xDF, 0x7D, 0x79, 0x5C, 0x10, 0x02, 0x10, 0x02,
    0x10, 0x02, 0x10, 0x02, 0x10, 0x02, 0x10, 0x02, 0x10, 0x02, 0x10, 0x02, 0x10, 0x02, 0x10, 0x02,
    0xDF, 0x7D, 0x79, 0x5C, 0x10, 0x02, 0x10, 0x02, 0x10, 0x02, 0x10, 0x02, 0x10, 0x02, 0x10, 0x02,
    0x10, 0x02, 0x10, 0x02, 0x10, 0x02, 0x10, 0x02, 0xDF, 0x7D, 0x79, 0x5C, 0x10, 0x02, 0x10, 0x02,
    0x10, 0x02, 0x10, 0x02, 0x10, 0x02, 0x10, 0x02, 0x10, 0x02, 0x10, 0x02, 0x10, 0x02, 0x10, 0x02,
    0xDF, 0x7D, 0x79, 0x5C, 0x10, 0x02, 0x10, 0x02, 0x10, 0x02, 0x10, 0x02, 0x10, 0x02, 0x10, 0x02,
    0x10, 0x02, 0x10, 0x02, 0x10, 0x02, 0x10, 0x02, 0xDF, 0x7D, 0x79, 0x5C, 0x10, 0x02, 0x10, 0x02,
    0x10, 0x02, 0x10, 0x02, 0x10, 0x02, 0x10, 0x02, 0x10, 0x02, 0x10, 0x02, 0x31, 0x0A, 0x51, 0x12,
    0xDF, 0x7D, 0x79, 0x5C, 0x10, 0x02, 0x10, 0x02, 0x10, 0x02, 0x10, 0x02, 0x10, 0x02, 0x10, 0x02,
    0x10, 0x02, 0x10, 0x02, 0x79, 0x54, 0xBF, 0x7D, 0xDF, 0x7D, 0x79, 0x5C, 0x10, 0x02, 0x10, 0x02,
    0x10, 0x02, 0x10, 0x02, 0x10, 0x02, 0x10, 0x02, 0x10, 0x02, 0x10, 0x02, 0x79, 0x5C, 0xDF, 0x7D,
    0xDF, 0x7D, 0x79, 0x5C, 0x10, 0x02, 0x10, 0x02, 0x10, 0x02, 0x10, 0x02, 0x10, 0x02, 0x10, 0x02,
    0x10, 0x02, 0x10, 0x02, 0x79, 0x5C, 0xDF, 0x7D, 0xDF, 0x7D, 0x79, 0x5C, 0x10, 0x02, 0x10, 0x02,
    0x10, 0x02, 0x10, 0x02, 0x10, 0x02, 0x10, 0x02, 0x10, 0x02, 0x10, 0x02, 0x79, 0x5C, 0xDF, 0x7D,
    0xDF, 0x7D, 0x79, 0x5C, 0x10, 0x02, 0x10, 0x02, 0x10, 0x02, 0x10, 0x02, 0x10, 0x02, 0x10, 0x02,
    0x10, 0x02, 0x10, 0x02, 0x79, 0x5C, 0xDF, 0x7D, 0xDF, 0x7D, 0x79, 0x5C, 0x10, 0x02, 0x10, 0x02,
    0x10, 0x02, 0x10, 0x02, 0x10, 0x02, 0x10, 0x02, 0x10, 0x02, 0x10, 0x02, 0x79, 0x5C, 0xDF, 0x7D,
    0xDF, 0x7D, 0x79, 0x5C, 0x10, 0x02, 0x10, 0x02, 0x10, 0x02, 0x10, 0x02, 0x10, 0x02, 0x10, 0x02,
    0x10, 0x02, 0x10, 0x02, 0x79, 0x5C, 0xDF, 0x7D, 0xDF, 0x7D, 0x79, 0x5C, 0x10, 0x02, 0x10, 0x02,
    0x10, 0x02, 0x10, 0x02, 0x10, 0x02, 0x10, 0x02, 0x10, 0x02, 0x10, 0x02, 0x79, 0x5C, 0xDF, 0x7D,
    0xDF, 0x7D, 0x79, 0x5C, 0x10, 0x02, 0x10, 0x02, 0x10, 0x02, 0x10, 0x02, 0x10, 0x02, 0x10, 0x02,
    0x10, 0x02, 0x10, 0x02, 0x79, 0x5C, 0xDF, 0x7D, 0xDF, 0x7D, 0x79, 0x5C, 0x10, 0x02, 0x10, 0x02,
    0x10, 0x02, 0x10, 0x02, 0x10, 0x02, 0x10, 0x02, 0x10, 0x02, 0x10, 0x02, 0x79, 0x5C, 0xDF, 0x7D,
    0xDF, 0x7D, 0x79, 0x5C, 0x10, 0x02, 0x10, 0x02, 0x10, 0x02, 0x10, 0x02, 0x10, 0x02, 0x10, 0x02,
    0x10, 0x02, 0x10, 0x02, 0x79, 0x5C, 0xDF, 0x7D, 0xDF, 0x7D, 0x9A, 0x5C, 0x51, 0x12, 0x51, 0x12,
    0x51, 0x12, 0x51, 0x12, 0x51, 0x12, 0x51, 0x12, 0x51, 0x12, 0x51, 0x12, 0x9A, 0x5C, 0xDF, 0x7D,
    0xDF, 0x7D, 0xDF, 0x7D, 0xBF, 0x7D, 0xBF, 0x7D, 0xBF, 0x7D, 0xBF, 0x7D, 0xBF, 0x7D, 0xBF, 0x7D,
    0xBF, 0x7D, 0xBF, 0x7D, 0xDF, 0x7D, 0xDF, 0x7D, 0xDF, 0x7D, 0x3D, 0x6D, 0x79, 0x5C, 0x79, 0x5C,
    0x79, 0x5C, 0x79, 0x5C, 0x79, 0x5C, 0x79, 0x5C, 0x79, 0x5C, 0x79, 0x5C, 0x3D, 0x6D, 0xDF, 0x7D,
    0xDF, 0x7D, 0x79, 0x5C, 0x10, 0x02, 0x10, 0x02, 0x10, 0x02, 0x10, 0x02, 0x10, 0x02, 0x10, 0x02,
    0x10, 0x02, 0x10, 0x02, 0x79, 0x5C, 0xDF, 0x7D, 0xDF, 0x7D, 0x79, 0x5C, 0x10, 0x02, 0x10, 0x02,
    0x10, 0x02, 0x10, 0x02, 0x10, 0x02, 0x10, 0x02, 0x10, 0x02, 0x10, 0x02, 0x79, 0x5C, 0xDF, 0x7D,
    0xDF, 0x7D, 0x79, 0x5C, 0x10, 0x02, 0x10, 0x02, 0x10, 0x02, 0x10, 0x02, 0x10, 0x02, 0x10, 0x02,
    0x10, 0x02, 0x10, 0x02, 0x79, 0x5C, 0xDF, 0x7D, 0xDF, 0x7D, 0x79, 0x5C, 0x10, 0x02, 0x10, 0x02,
    0x10, 0x02, 0x10, 0x02, 0x10, 0x02, 0x10, 0x02, 0x10, 0x02, 0x10, 0x02, 0x79, 0x5C, 0xDF, 0x7D,
    0xDF, 0x7D, 0x79, 0x5C, 0x10, 0x02, 0x10, 0x02, 0x10, 0x02, 0x10, 0x02, 0x10, 0x02, 0x10, 0x02,
    0x10, 0x02, 0x10, 0x02, 0x79, 0x5C, 0xDF, 0x7D, 0xDF, 0x7D, 0x79, 0x5C, 0x10, 0x02, 0x10, 0x02,
    0x10, 0x02, 0x10, 0x02, 0x10, 0x02, 0x10, 0x02, 0x10, 0x02, 0x10, 0x02, 0x79, 0x5C, 0xDF, 0x7D,
    0xDF, 0x7D, 0x79, 0x5C, 0x10, 0x02, 0x10, 0x02, 0x10, 0x02, 0x10, 0x02, 0x10, 0x02, 0x10, 0x02,
    0x10, 0x02, 0x10, 0x02, 0x79, 0x5C, 0xDF, 0x7D, 0xDF, 0x7D, 0x79, 0x5C, 0x10, 0x02, 0x10, 0x02,
    0x10, 0x02, 0x10, 0x02, 0x10, 0x02, 0x10, 0x02, 0x10, 0x02, 0x10, 0x02, 0x79, 0x5C, 0xDF, 0x7D,
    0xDF, 0x7D, 0x79, 0x5C, 0x10, 0x02, 0x10, 0x02, 0x10, 0x02, 0x10, 0x02, 0x10, 0x02, 0x10, 0x02,
    0x10, 0x02, 0x10, 0x02, 0x79, 0x5C, 0xDF, 0x7D, 0xDF, 0x7D, 0x79, 0x5C, 0x10, 0x02, 0x10, 0x02,
    0x10, 0x02, 0x10, 0x02, 0x10, 0x02, 0x10, 0x02, 0x10, 0x02, 0x10, 0x02, 0x79, 0x54, 0xBF, 0x7D,
    0xDF, 0x7D, 0x79, 0x5C, 0x10, 0x02, 0x10, 0x02, 0x10, 0x02, 0x10, 0x02, 0x10, 0x02, 0x10, 0x02,
    0x10, 0x02, 0x10, 0x02, 0x31, 0x0A, 0x51, 0x12, 0xDF, 0x7D, 0x79, 0x5C, 0x10, 0x02, 0x10, 0x02,
    0x10, 0x02, 0x10, 0x02, 0x10, 0x02, 0x10, 0x02, 0x10, 0x02, 0x10, 0x02, 0x10, 0x02, 0x10, 0x02,
    0xDF, 0x7D, 0x79, 0x5C, 0x10, 0x02, 0x10, 0x02, 0x10, 0x02, 0x10, 0x02, 0x10, 0x02, 0x10, 0x02,
    0x10, 0x02, 0x10, 0x02, 0x10, 0x02, 0x10, 0x02, 0xDF, 0x7D, 0x79, 0x5C, 0x10, 0x02, 0x10, 0x02,
    0x10, 0x02, 0x10, 0x02, 0x10, 0x02, 0x10, 0x02, 0x10, 0x02, 0x10, 0x02, 0x10, 0x02, 0x10, 0x02,
    0xDF, 0x7D, 0x79, 0x5C, 0x10, 0x02, 0x10, 0x02, 0x10, 0x02, 0x10, 0x02, 0x10, 0x02, 0x10, 0x02,
    0x10, 0x02, 0x10, 0x02, 0x10, 0x02, 0x10, 0x02, 0xDF, 0x7D, 0x79, 0x5C, 0x10, 0x02, 0x10, 0x02,
    0x10, 0x02, 0x10, 0x02, 0x10, 0x02, 0x10, 0x02, 0x10, 0x02, 0x10, 0x02, 0x10, 0x02, 0x10, 0x02,
    0xDF, 0x7D, 0x79, 0x5C, 0x10, 0x02, 0x10, 0x02, 0x10, 0x02, 0x10, 0x02, 0x10, 0x02, 0x10, 0x02,
    0x10, 0x02, 0x10, 0x02, 0x10, 0x02, 0x10, 0x02, 0xDF, 0x7D, 0x79, 0x5C, 0x10, 0x02, 0x10, 0x02,
    0x10, 0x02, 0x10, 0x02, 0x10, 0x02, 0x10, 0x02, 0x10, 0x02, 0x10, 0x02, 0x10, 0x02, 0x10, 0x02,
    0xDF, 0x7D, 0x79, 0x5C, 0x10, 0x02, 0x10, 0x02, 0x10, 0x02, 0x10, 0x02, 0x10, 0x02, 0x10, 0x02,
    0x10, 0x02, 0x10, 0x02, 0x10, 0x02, 0x10, 0x02, 0xDF, 0x7D, 0x79, 0x5C, 0x10, 0x02, 0x10, 0x02,
    0x10, 0x02, 0x10, 0x02, 0x10, 0x02, 0x10, 0x02, 0x10, 0x02, 0x10, 0x02, 0x10, 0x02, 0x10, 0x02,
    0xDF, 0x7D, 0x3D, 0x6D, 0x79, 0x5C, 0x79, 0x5C, 0x79, 0x5C, 0x79, 0x5C, 0x79, 0x5C, 0x79, 0x5C,
    0x79, 0x5C, 0x79, 0x5C, 0x79, 0x5C, 0x79, 0x5C, 0xDF, 0x7D, 0xDF, 0x7D, 0xDF, 0x7D, 0xDF, 0x7D,
    0xDF, 0x7D, 0xDF, 0x7D, 0xDF, 0x7D, 0xDF, 0x7D, 0xDF, 0x7D, 0xDF, 0x7D, 0xDF, 0x7D, 0xDF, 0x7D,
    0xDF, 0x7D, 0xDF, 0x7D, 0xDF, 0x7D, 0xDF, 0x7D, 0xDF, 0x7D, 0xDF, 0x7D, 0xDF, 0x7D, 0xDF, 0x7D,
    0xDF, 0x7D, 0xDF, 0x7D, 0xDF, 0x7D, 0xDF, 0x7D, 0xDF, 0x7D, 0x3D, 0x6D, 0x79, 0x5C, 0x79, 0x5C,
    0x79, 0x5C, 0x79, 0x5C, 0x79, 0x5C, 0x79, 0x5C, 0x79, 0x5C, 0x79, 0x5C, 0x79, 0x5C, 0x79, 0x5C,
    0xDF, 0x7D, 0x79, 0x5C, 0x10, 0x02, 0x10, 0x02, 0x10, 0x02, 0x10, 0x02, 0x10, 0x02, 0x10, 0x02,
    0x10, 0x02, 0x10, 0x02, 0x10, 0x02, 0x10, 0x02, 0xDF, 0x7D, 0x79, 0x5C, 0x10, 0x02, 0x10, 0x02,
    0x10, 0x02, 0x10, 0x02, 0x10, 0x02, 0x10, 0x02, 0x10, 0x02, 0x10, 0x02, 0x10, 0x02, 0x10, 0x02,
    0xDF, 0x7D, 0x79, 0x5C, 0x10, 0x02, 0x10, 0x02, 0x10, 0x02, 0x10, 0x02, 0x10, 0x02, 0x10, 0x02,
    0x10, 0x02, 0x10, 0x02, 0x10, 0x02, 0x10, 0x02, 0xDF, 0x7D, 0x79, 0x5C, 0x10, 0x02, 0x10, 0x02,
    0x10, 0x02, 0x10, 0x02, 0x10, 0x02, 0x10, 0x02, 0x10, 0x02, 0x10, 0x02, 0x10, 0x02, 0x10, 0x02,
    0xDF, 0x7D, 0x79, 0x5C, 0x10, 0x02, 0x10, 0x02, 0x10, 0x02, 0x10, 0x02, 0x10, 0x02, 0x10, 0x02,
    0x10, 0x02, 0x10, 0x02, 0x10, 0x02, 0x10, 0x02, 0xDF, 0x7D, 0x79, 0x5C, 0x10, 0x02, 0x10, 0x02,
    0x10, 0x02, 0x10, 0x02, 0x10, 0x02, 0x10, 0x02, 0x10, 0x02, 0x10, 0x02, 0x10, 0x02, 0x10, 0x02,
    0xDF, 0x7D, 0x79, 0x5C, 0x10, 0x02, 0x10, 0x02, 0x10, 0x02, 0x10, 0x02, 0x10, 0x02, 0x10, 0x02,
    0x10, 0x02, 0x10, 0x02, 0x10, 0x02, 0x10, 0x02, 0xDF, 0x7D, 0x79, 0x5C, 0x10, 0x02, 0x10, 0x02,
    0x10, 0x02, 0x10, 0x02, 0x10, 0x02, 0x10, 0x02, 0x10, 0x02, 0x10, 0x02, 0x10, 0x02, 0x10, 0x02,
    0xDF, 0x7D, 0x3D, 0x6D, 0x79, 0x5C, 0x79, 0x5C, 0x79, 0x5C, 0x79, 0x5C, 0x79, 0x5C, 0x79, 0x5C,
    0x79, 0x5C, 0x79, 0x5C, 0x79, 0x5C, 0x79, 0x5C, 0xDF, 0x7D, 0xDF, 0x7D, 0xBF, 0x7D, 0xBF, 0x7D,
    0xBF, 0x7D, 0xBF, 0x7D, 0xBF, 0x7D, 0xBF, 0x7D, 0xBF, 0x7D, 0xBF, 0x7D, 0xDF, 0x7D, 0xDF, 0x7D,
    0xDF, 0x7D, 0x9A, 0x5C, 0x51, 0x12, 0x51, 0x12, 0x51, 0x12, 0x51, 0x12, 0x51, 0x12, 0x51, 0x12,
    0x51, 0x12, 0x51, 0x12, 0x9A, 0x5C, 0xDF, 0x7D, 0xDF, 0x7D, 0x79, 0x5C, 0x10, 0x02, 0x10, 0x02,
    0x10, 0x02, 0x10, 0x02, 0x10, 0x02, 0x10, 0x02, 0x10, 0x02, 0x10, 0x02, 0x79, 0x5C, 0xDF, 0x7D,
    0xDF, 0x7D, 0x79, 0x5C, 0x10, 0x02, 0x10, 0x02, 0x10, 0x02, 0x10, 0x02, 0x10, 0x02, 0x10, 0x02,
    0x10, 0x02, 0x10, 0x02, 0x79, 0x5C, 0xDF, 0x7D, 0xDF, 0x7D, 0x79, 0x5C, 0x10, 0x02, 0x10, 0x02,
    0x10, 0x02, 0x10, 0x02, 0x10, 0x02, 0x10, 0x02, 0x10, 0x02, 0x10, 0x02, 0x79, 0x5C, 0xDF, 0x7D,
    0xDF, 0x7D, 0x79, 0x5C, 0x10, 0x02, 0x10, 0x02, 0x10, 0x02, 0x10, 0x02, 0x10, 0x02, 0x10, 0x02,
    0x10, 0x02, 0x10, 0x02, 0x79, 0x5C, 0xDF, 0x7D, 0xDF, 0x7D, 0x79, 0x5C, 0x10, 0x02, 0x10, 0x02,
    0x10, 0x02, 0x10, 0x02, 0x10, 0x02, 0x10, 0x02, 0x10, 0x02, 0x10, 0x02, 0x79, 0x5C, 0xDF, 0x7D,
    0xDF, 0x7D, 0x79, 0x5C, 0x10, 0x02, 0x10, 0x02, 0x10, 0x02, 0x10, 0x02, 0x10, 0x02, 0x10, 0x02,
    0x10, 0x02, 0x10, 0x02, 0x79, 0x5C, 0xDF, 0x7D, 0xDF, 0x7D, 0x79, 0x5C, 0x10, 0x02, 0x10, 0x02,
    0x10, 0x02, 0x10, 0x02, 0x10, 0x02, 0x10, 0x02, 0x10, 0x02, 0x10, 0x02, 0x79, 0x5C, 0xDF, 0x7D,
    0xDF, 0x7D, 0x79, 0x5C, 0x10, 0x02, 0x10, 0x02, 0x10, 0x02, 0x10, 0x02, 0x10, 0x02, 0x10, 0x02,
    0x10, 0x02, 0x10, 0x02, 0x79, 0x5C, 0xDF, 0x7D, 0xDF, 0x7D, 0x79, 0x5C, 0x10, 0x02, 0x10, 0x02,
    0x10, 0x02, 0x10, 0x02, 0x10, 0x02, 0x10, 0x02, 0x10, 0x02, 0x10, 0x02, 0x79, 0x5C, 0xDF, 0x7D,
    0xDF, 0x7D, 0x3D, 0x6D, 0x79, 0x5C, 0x79, 0x5C, 0x79, 0x5C, 0x79, 0x5C, 0x79, 0x5C, 0x79, 0x5C,
    0x79, 0x5C, 0x79, 0x5C, 0x3D, 0x6D, 0xDF, 0x7D, 0xBF, 0x7D, 0xBF, 0x7D, 0xBF, 0x7D, 0xBF, 0x7D,
    0xBF, 0x7D, 0xBF, 0x7D, 0xBF, 0x7D, 0xBF, 0x7D, 0xBF, 0x7D, 0xBF, 0x7D, 0xBF, 0x7D, 0xBF, 0x7D,
    0x51, 0x12, 0x51, 0x12, 0x51, 0x12, 0x51, 0x12, 0x51, 0x12, 0x51, 0x12, 0x51, 0x12, 0x51, 0x12,
    0x51, 0x12, 0x51, 0x12, 0x51, 0x12, 0x51, 0x12, 0x10, 0x02, 0x10, 0x02, 0x10, 0x02, 0x10, 0x02,
    0x10, 0x02, 0x10, 0x02, 0x10, 0x02, 0x10, 0x02, 0x10, 0x02, 0x10, 0x02, 0x10, 0x02, 0x10, 0x02,
    0x10, 0x02, 0x10, 0x02, 0x10, 0x02, 0x10, 0x02, 0x10, 0x02, 0x10, 0x02, 0x10, 0x02, 0x10, 0x02,
    0x10, 0x02, 0x10, 0x02, 0x10, 0x02, 0x10, 0x02, 0x10, 0x02, 0x10, 0x02, 0x10, 0x02, 0x10, 0x02,
    0x10, 0x02, 0x10, 0x02, 0x10, 0x02, 0x10, 0x02, 0x10, 0x02, 0x10, 0x02, 0x10, 0x02, 0x10, 0x02,
    0x10, 0x02, 0x10, 0x02, 0x10, 0x02, 0x10, 0x02, 0x10, 0x02, 0x10, 0x02, 0x10, 0x02, 0x10, 0x02,
    0x10, 0x02, 0x10, 0x02, 0x10, 0x02, 0x10, 0x02, 0x10, 0x02, 0x10, 0x02, 0x10, 0x02, 0x10, 0x02,
    0x10, 0x02, 0x10, 0x02, 0x10, 0x02, 0x10, 0x02, 0x10, 0x02, 0x10, 0x02, 0x10, 0x02, 0x10, 0x02,
    0x10, 0x02, 0x10, 0x02, 0x10, 0x02, 0x10, 0x02, 0x10, 0x02, 0x10, 0x02, 0x10, 0x02, 0x10, 0x02,
    0x10, 0x02, 0x10, 0x02, 0x10, 0x02, 0x10, 0x02, 0x10, 0x02, 0x10, 0x02, 0x10, 0x02, 0x10, 0x02,
    0x10, 0x02, 0x10, 0x02, 0x10, 0x02, 0x10, 0x02, 0x10, 0x02, 0x10, 0x02, 0x10, 0x02, 0x10, 0x02,
    0x10, 0x02, 0x10, 0x02, 0x10, 0x02, 0x10, 0x02, 0x10, 0x02, 0x10, 0x02, 0x10, 0x02, 0x10, 0x02,
    0x10, 0x02, 0x10, 0x02, 0x10, 0x02, 0x10, 0x02, 0x10, 0x02, 0x10, 0x02, 0x10, 0x02, 0x10, 0x02,
    0x10, 0x02, 0x10, 0x02, 0x10, 0x02, 0x10, 0x02, 0x10, 0x02, 0x10, 0x02, 0x10, 0x02, 0x10, 0x02,
    0x10, 0x02, 0x10, 0x02, 0x10, 0x02, 0x10, 0x02, 0x10, 0x02, 0x10, 0x02, 0x10, 0x02, 0x10, 0x02,
    0x10, 0x02, 0x10, 0x02, 0x10, 0x02, 0x10, 0x02, 0x10, 0x02, 0x10, 0x02, 0x10, 0x02, 0x10, 0x02,
    0x10, 0x02, 0x10, 0x02, 0x10, 0x02, 0x10, 0x02, 0x10, 0x02, 0x10, 0x02, 0x10, 0x02, 0x10, 0x02,
    0xBF, 0x7D, 0xBF, 0x7D, 0xBF, 0x75, 0x10, 0x02, 0x10, 0x02, 0x10, 0x02, 0x10, 0x02, 0x10, 0x02,
    0x10, 0x02, 0x10, 0x02, 0x10, 0x02, 0x10, 0x02, 0x79, 0x5C, 0x79, 0x5C, 0x79, 0x5C, 0x79, 0x5C,
    0x95, 0x3B, 0x10, 0x02, 0x10, 0x02, 0x10, 0x02, 0x10, 0x02, 0x79, 0x54, 0x95, 0x3B, 0x10, 0x02,
    0x10, 0x02, 0x10, 0x02, 0xB2, 0x22, 0xBF, 0x75, 0x79, 0x54, 0x10, 0x02, 0x10, 0x02, 0x10, 0x02,
    0xB2, 0x22, 0xBF, 0x75, 0x79, 0x54, 0x10, 0x02, 0x10, 0x02, 0x79, 0x54, 0xBF, 0x75, 0xB2, 0x22,
    0x10, 0x02, 0x10, 0x02, 0x10, 0x02, 0x79, 0x54, 0xBF, 0x75, 0xB2, 0x22, 0x10, 0x02, 0x10, 0x02,
    0x79, 0x5C, 0x3D, 0x6D, 0xDF, 0x7D, 0x9A, 0x5C, 0x95, 0x3B, 0x10, 0x02, 0x79, 0x54, 0x79, 0x5C,
    0x79, 0x54, 0x10, 0x02, 0x10, 0x02, 0x10, 0x02, 0xBF, 0x7D, 0xBF, 0x7D, 0xBF, 0x7D, 0xBF, 0x7D,
    0x79, 0x5C, 0xB2, 0x22, 0xBF, 0x75, 0x79, 0x5C, 0x10, 0x02, 0x10, 0x02, 0x10, 0x02, 0x10, 0x02,
    0x10, 0x02, 0x10, 0x02, 0x10, 0x02, 0x10, 0x02, 0x79, 0x5C, 0xBF, 0x75, 0xB2, 0x22, 0x79, 0x5C,
    0xBF, 0x7D, 0xBF, 0x7D, 0x79, 0x54, 0x10, 0x02, 0x10, 0x02, 0x10, 0x02, 0x10, 0x02, 0x79, 0x54,
    0x79, 0x5C, 0x79, 0x54, 0x10, 0x02, 0x95, 0x3B, 0x79, 0x5C, 0x79, 0x5C, 0x79, 0x5C, 0x79, 0x5C,
    0x10, 0x02, 0x10, 0x02, 0xB2, 0x22, 0xBF, 0x75, 0x79, 0x54, 0x10, 0x02, 0x10, 0x02, 0x10, 0x02,
    0x10, 0x02, 0x10, 0x02, 0x79, 0x5C, 0xBF, 0x7D, 0x10, 0x02, 0x79, 0x54, 0xBF, 0x75, 0xB2, 0x22,
    0x10, 0x02, 0x10, 0x02, 0x10, 0x02, 0x10, 0x02, 0x10, 0x02, 0xBF, 0x75, 0x79, 0x5C, 0x10, 0x02,
    0x10, 0x02, 0x95, 0x3B, 0x79, 0x54, 0x10, 0x02, 0x10, 0x02, 0x10, 0x02, 0x10, 0x02, 0x95, 0x3B,
    0x9A, 0x5C, 0xDF, 0x7D, 0x3D, 0x6D, 0x79, 0x5C, 0x10, 0x02, 0x10, 0x02, 0x10, 0x02, 0x10, 0x02,
    0x10, 0x02, 0x10, 0x02, 0x10, 0x02, 0x79, 0x54, 0xBF, 0x7D, 0xBF, 0x7D, 0xBF, 0x7D, 0xBF, 0x7D,
    0x10, 0x02, 0x79, 0x54, 0xBF, 0x75, 0x10, 0x02, 0x10, 0x02, 0x10, 0x02, 0x10, 0x02, 0x10, 0x02,
    0x10, 0x02, 0x10, 0x02, 0x10, 0x02, 0x10, 0x02, 0x10, 0x02, 0x79, 0x5C, 0xBF, 0x7D, 0x10, 0x02,
    0x10, 0x02, 0x10, 0x02, 0x10, 0x02, 0x10, 0x02, 0x10, 0x02, 0x79, 0x54, 0x95, 0x3B, 0x10, 0x02,
    0x10, 0x02, 0x79, 0x5C, 0xBF, 0x7D, 0x10, 0x02, 0x10, 0x02, 0x10, 0x02, 0x10, 0x02, 0x10, 0x02,
    0xB2, 0x22, 0xBF, 0x75, 0x79, 0x54, 0x10, 0x02, 0x10, 0x02, 0x79, 0x5C, 0xBF, 0x7D, 0x10, 0x02,
    0x10, 0x02, 0x10, 0x02, 0x10, 0x02, 0x79, 0x54, 0xBF, 0x75, 0xB2, 0x22, 0x10, 0x02, 0x10, 0x02,
    0x10, 0x02, 0x79, 0x5C, 0xBF, 0x7D, 0x10, 0x02, 0x10, 0x02, 0x10, 0x02, 0x79, 0x54, 0x79, 0x5C,
    0x79, 0x54, 0x10, 0x02, 0x10, 0x02, 0x10, 0x02, 0x10, 0x02, 0x79, 0x54, 0xBF, 0x75, 0x10, 0x02,
    0x10, 0x02, 0xB2, 0x22, 0xBF, 0x75, 0x79, 0x5C, 0x10, 0x02, 0x10, 0x02, 0x10, 0x02, 0x10, 0x02,
    0x10, 0x02, 0x10, 0x02, 0x10, 0x02, 0x10, 0x02, 0x79, 0x54, 0xBF, 0x75, 0xB2, 0x22, 0x79, 0x5C,
    0xBF, 0x7D, 0xBF, 0x7D, 0x79, 0x54, 0x10, 0x02, 0x10, 0x02, 0x10, 0x02, 0x10, 0x02, 0x79, 0x54,
    0x79, 0x5C, 0x79, 0x54, 0x10, 0x02, 0x95, 0x3B, 0x79, 0x5C, 0x79, 0x5C, 0x79, 0x5C, 0x79, 0x5C,
    0x10, 0x02, 0x10, 0x02, 0xB2, 0x22, 0xBF, 0x75, 0x79, 0x54, 0x10, 0x02, 0x10, 0x02, 0x10, 0x02,
    0x10, 0x02, 0x10, 0x02, 0x79, 0x5C, 0xBF, 0x7D, 0x10, 0x02, 0x79, 0x54, 0xBF, 0x75, 0xB2, 0x22,
    0x10, 0x02, 0x10, 0x02, 0x10, 0x02, 0x10, 0x02, 0x10, 0x02, 0xBF, 0x75, 0x79, 0x5C, 0x10, 0x02,
    0x10, 0x02, 0x95, 0x3B, 0x79, 0x54, 0x10, 0x02, 0x10, 0x02, 0x10, 0x02, 0x10, 0x02, 0x95, 0x3B,
    0x9A, 0x5C, 0xDF, 0x7D, 0x3D, 0x6D, 0x79, 0x5C, 0x10, 0x02, 0x10, 0x02, 0x10, 0x02, 0x10, 0x02,
    0x10, 0x02, 0x10, 0x02, 0x10, 0x02, 0x79, 0x54, 0xBF, 0x7D, 0xBF, 0x7D, 0xBF, 0x7D, 0xBF, 0x7D,
    0x10, 0x02, 0x10, 0x02, 0x10, 0x02, 0x10, 0x02, 0x10, 0x02, 0x10, 0x02, 0x10, 0x02, 0x10, 0x02,
    0x10, 0x02, 0x10, 0x02, 0x10, 0x02, 0x10, 0x02, 0x10, 0x02, 0x10, 0x02, 0x10, 0x02, 0x10, 0x02,
    0x10, 0x02, 0x10, 0x02, 0x10, 0x02, 0x10, 0x02, 0x10, 0x02, 0x10, 0x02, 0x10, 0x02, 0x10, 0x02,
    0x10, 0x02, 0x10, 0x02, 0x10, 0x02, 0x10, 0x02, 0x10, 0x02, 0x10, 0x02, 0x10, 0x02, 0x10, 0x02,
    0x10, 0x02, 0x10, 0x02, 0x10, 0x02, 0x10, 0x02, 0x10, 0x02, 0x10, 0x02, 0x10, 0x02, 0x10, 0x02,
    0x10, 0x02, 0x10, 0x02, 0x10, 0x02, 0x10, 0x02, 0x10, 0x02, 0x10, 0x02, 0x10, 0x02, 0x10, 0x02,
    0x10, 0x02, 0x10, 0x02, 0x10, 0x02, 0x10, 0x02, 0x10, 0x02, 0x10, 0x02, 0x10, 0x02, 0x10, 0x02,
    0x10, 0x02, 0x10, 0x02, 0x10, 0x02, 0x10, 0x02, 0x10, 0x02, 0x10, 0x02, 0x10, 0x02, 0x10, 0x02,
    0x10, 0x02, 0x10, 0x02, 0x10, 0x02, 0x10, 0x02, 0x10, 0x02, 0x10, 0x02, 0x10, 0x02, 0x10, 0x02,
    0x10, 0x02, 0x10, 0x02, 0x10, 0x02, 0x10, 0x02, 0x10, 0x02, 0x10, 0x02, 0x10, 0x02, 0x10, 0x02,
    0x10, 0x02, 0x10, 0x02, 0x10, 0x02, 0x10, 0x02, 0x10, 0x02, 0x10, 0x02, 0x10, 0x02, 0x10, 0x02,
    0x10, 0x02, 0x10, 0x02, 0x10, 0x02, 0x10, 0x02, 0x10, 0x02, 0x10, 0x02, 0x10, 0x02, 0x10, 0x02,
    0x10, 0x02, 0x10, 0x02, 0x10, 0x02, 0x10, 0x02, 0x10, 0x02, 0x10, 0x02, 0x10, 0x02, 0x10, 0x02,
    0x10, 0x02, 0x10, 0x02, 0x10, 0x02, 0x10, 0x02, 0x10, 0x02, 0x10, 0x02, 0x10, 0x02, 0x10, 0x02,
    0x10, 0x02, 0x10, 0x02, 0x10, 0x02, 0x10, 0x02, 0x10, 0x02, 0x10, 0x02, 0x10, 0x02, 0x10, 0x02,
    0x10, 0x02, 0x10, 0x02, 0x10, 0x02, 0x10, 0x02, 0x10, 0x02, 0x10, 0x02, 0x10, 0x02, 0x10, 0x02,
    0x10, 0x02, 0x10, 0x02, 0x10, 0x02, 0x10, 0x02, 0x10, 0x02, 0x10, 0x02, 0x10, 0x02, 0x10, 0x02,
    0x10, 0x02, 0x10, 0x02, 0x10, 0x02, 0x10, 0x02, 0x10, 0x02, 0x10, 0x02, 0x10, 0x02, 0x10, 0x02,
    0x10, 0x02, 0x10, 0x02, 0x10, 0x02, 0xBF, 0x75, 0xBF, 0x7D, 0xBF, 0x7D, 0xBF, 0x7D, 0xBF, 0x7D,
    0xBF, 0x75, 0x10, 0x02, 0x10, 0x02, 0x10, 0x02, 0x10, 0x02, 0x95, 0x3B, 0x9A, 0x5C, 0xDF, 0x7D,
    0xDF, 0x7D, 0xDF, 0x7D, 0xDF, 0x7D, 0xDF, 0x7D, 0xDF, 0x7D, 0x9A, 0x5C, 0x95, 0x3B, 0x10, 0x02,
    0x10, 0x02, 0x79, 0x5C, 0xDF, 0x7D, 0xDF, 0x7D, 0xDF, 0x7D, 0xBF, 0x7D, 0xBF, 0x7D, 0xDF, 0x7D,
    0xDF, 0x7D, 0xDF, 0x7D, 0x79, 0x5C, 0x10, 0x02, 0x10, 0x02, 0x79, 0x5C, 0xDF, 0x7D, 0xDF, 0x7D,
    0x9A, 0x5C, 0x10, 0x02, 0x10, 0x02, 0x9A, 0x5C, 0xDF, 0x7D, 0xDF, 0x7D, 0x79, 0x5C, 0x10, 0x02,
    0x10, 0x02, 0x79, 0x5C, 0xDF, 0x7D, 0xDF, 0x7D, 0x79, 0x5C, 0x10, 0x02, 0x10, 0x02, 0x79, 0x5C,
    0xDF, 0x7D, 0xDF, 0x7D, 0x79, 0x5C, 0x10, 0x02, 0x10, 0x02, 0x79, 0x5C, 0xDF, 0x7D, 0xDF, 0x7D,
    0x79, 0x5C, 0x10, 0x02, 0x10, 0x02, 0x79, 0x5C, 0xDF, 0x7D, 0xDF, 0x7D, 0x79, 0x5C, 0x10, 0x02,
    0x10, 0x02, 0x79, 0x5C, 0xDF, 0x7D, 0xDF, 0x7D, 0x79, 0x5C, 0x10, 0x02, 0x10, 0x02, 0x79, 0x5C,
    0xDF, 0x7D, 0xDF, 0x7D, 0x79, 0x5C, 0x10, 0x02, 0x10, 0x02, 0x79, 0x5C, 0xDF, 0x7D, 0xDF, 0x7D,
    0x3D, 0x6D, 0x79, 0x5C, 0x79, 0x5C, 0x3D, 0x6D, 0xDF, 0x7D, 0xDF, 0x7D, 0x79, 0x5C, 0x10, 0x02,
    0x10, 0x02, 0x79, 0x54, 0xBF, 0x7D, 0xDF, 0x7D, 0xDF, 0x7D, 0xDF, 0x7D, 0xDF, 0x7D, 0xDF, 0x7D,
    0xDF, 0x7D, 0xBF, 0x7D, 0x79, 0x54, 0x10, 0x02, 0x10, 0x02, 0x10, 0x02, 0xB2, 0x22, 0xBF, 0x7D,
    0xDF, 0x7D, 0xDF, 0x7D, 0xDF, 0x7D, 0xDF, 0x7D, 0xBF, 0x7D, 0xB2, 0x22, 0x10, 0x02, 0x10, 0x02,
    0x10, 0x02, 0x10, 0x02, 0x10, 0x02, 0x79, 0x54, 0x79, 0x5C, 0x79, 0x5C, 0x79, 0x5C, 0x79, 0x5C,
    0x79, 0x54, 0x10, 0x02, 0x10, 0x02, 0x10, 0x02, 0x10, 0x02, 0x10, 0x02, 0x10, 0x02, 0x10, 0x02,
    0x10, 0x02, 0x10, 0x02, 0x10, 0x02, 0x10, 0x02, 0x10, 0x02, 0x10, 0x02, 0x10, 0x02, 0x10, 0x02,
    0x10, 0x02, 0x10, 0x02, 0x10, 0x02, 0x10, 0x02, 0x79, 0x54, 0xBF, 0x7D, 0xBF, 0x7D, 0x79, 0x54,
    0x10, 0x02, 0x10, 0x02, 0x10, 0x02, 0x10, 0x02, 0x10, 0x02, 0x10, 0x02, 0x10, 0x02, 0x10, 0x02,
    0x79, 0x5C, 0xDF, 0x7D, 0xDF, 0x7D, 0x79, 0x5C, 0x10, 0x02, 0x10, 0x02, 0x10, 0x02, 0x10, 0x02,
    0x10, 0x02, 0x10, 0x02, 0x10, 0x02, 0x10, 0x02, 0x79, 0x5C, 0xDF, 0x7D, 0xDF, 0x7D, 0x79, 0x5C,
    0x10, 0x02, 0x10, 0x02, 0x10, 0x02, 0x10, 0x02, 0x10, 0x02, 0x10, 0x02, 0x10, 0x02, 0x10, 0x02,
    0x79, 0x5C, 0xDF, 0x7D, 0xDF, 0x7D, 0x79, 0x5C, 0x10, 0x02, 0x10, 0x02, 0x10, 0x02, 0x10, 0x02,
    0x10, 0x02, 0x10, 0x02, 0x10, 0x02, 0x10, 0x02, 0x79, 0x5C, 0xDF, 0x7D, 0xDF, 0x7D, 0x79, 0x5C,
    0x10, 0x02, 0x10, 0x02, 0x10, 0x02, 0x10, 0x02, 0x10, 0x02, 0x10, 0x02, 0x10, 0x02, 0x10, 0x02,
    0x79, 0x5C, 0xDF, 0x7D, 0xDF, 0x7D, 0x79, 0x5C, 0x10, 0x02, 0x10, 0x02, 0x10, 0x02, 0x10, 0x02,
    0x10, 0x02, 0x10, 0x02, 0x10, 0x02, 0x10, 0x02, 0x79, 0x5C, 0xDF, 0x7D, 0xDF, 0x7D, 0x79, 0x5C,
    0x10, 0x02, 0x10, 0x02, 0x10, 0x02, 0x10, 0x02, 0x10, 0x02, 0x10, 0x02, 0x10, 0x02, 0x10, 0x02,
    0x79, 0x5C, 0xDF, 0x7D, 0xDF, 0x7D, 0x79, 0x5C, 0x10, 0x02, 0x10, 0x02, 0x10, 0x02, 0x10, 0x02,
    0x10, 0x02, 0x10, 0x02, 0x10, 0x02, 0x10, 0x02, 0x79, 0x5C, 0xDF, 0x7D, 0xDF, 0x7D, 0x79, 0x5C,
    0x10, 0x02, 0x10, 0x02, 0x10, 0x02, 0x10, 0x02, 0x10, 0x02, 0x10, 0x02, 0x10, 0x02, 0x10, 0x02,
    0x79, 0x5C, 0xDF, 0x7D, 0xDF, 0x7D, 0x79, 0x5C, 0x10, 0x02, 0x10, 0x02, 0x10, 0x02, 0x10, 0x02,
    0x10, 0x02, 0x10, 0x02, 0x10, 0x02, 0x10, 0x02, 0x95, 0x3B, 0x79, 0x5C, 0x79, 0x5C, 0x95, 0x3B,
    0x10, 0x02, 0x10, 0x02, 0x10, 0x02, 0x10, 0x02, 0x10, 0x02, 0x10, 0x02, 0x10, 0x02, 0x10, 0x02,
    0x10, 0x02, 0x10, 0x02, 0x10, 0x02, 0x10, 0x02, 0x10, 0x02, 0x10, 0x02, 0x10, 0x02, 0x10, 0x02,
    0x10, 0x02, 0x79, 0x54, 0xBF, 0x7D, 0xBF, 0x7D, 0xBF, 0x7D, 0xBF, 0x7D, 0xBF, 0x7D, 0xBF, 0x7D,
    0xBF, 0x75, 0x10, 0x02, 0x10, 0x02, 0x10, 0x02, 0x10, 0x02, 0x79, 0x5C, 0xDF, 0x7D, 0xDF, 0x7D,
    0xDF, 0x7D, 0xDF, 0x7D, 0xDF, 0x7D, 0xDF, 0x7D, 0xBF, 0x7D, 0x10, 0x02, 0x10, 0x02, 0x10, 0x02,
    0x10, 0x02, 0x79, 0x54, 0xBF, 0x7D, 0xBF, 0x7D, 0xBF, 0x7D, 0xBF, 0x7D, 0xDF, 0x7D, 0xDF, 0x7D,
    0xBF, 0x7D, 0x10, 0x02, 0x10, 0x02, 0x10, 0x02, 0x10, 0x02, 0x10, 0x02, 0x10, 0x02, 0x10, 0x02,
    0x10, 0x02, 0xB2, 0x22, 0xBF, 0x7D, 0xDF, 0x7D, 0xBF, 0x7D, 0x10, 0x02, 0x10, 0x02, 0x10, 0x02,
    0x10, 0x02, 0x95, 0x3B, 0x79, 0x5C, 0x79, 0x5C, 0x79, 0x5C, 0x9A, 0x5C, 0xDF, 0x7D, 0xDF, 0x7D,
    0xBF, 0x7D, 0x10, 0x02, 0x10, 0x02, 0x10, 0x02, 0x10, 0x02, 0x79, 0x5C, 0xDF, 0x7D, 0xDF, 0x7D,
    0xDF, 0x7D, 0xBF, 0x7D, 0xBF, 0x7D, 0xBF, 0x7D, 0xBF, 0x75, 0x10, 0x02, 0x10, 0x02, 0x10, 0x02,
    0x10, 0x02, 0x79, 0x5C, 0xDF, 0x7D, 0xDF, 0x7D, 0x9A, 0x5C, 0x10, 0x02, 0x10, 0x02, 0x10, 0x02,
    0x10, 0x02, 0x10, 0x02, 0x10, 0x02, 0x10, 0x02, 0x10, 0x02, 0x79, 0x5C, 0xDF, 0x7D, 0xDF, 0x7D,
    0x3D, 0x6D, 0x79, 0x5C, 0x79, 0x5C, 0x79, 0x5C, 0x79, 0x54, 0x10, 0x02, 0x10, 0x02, 0x10, 0x02,
    0x10, 0x02, 0x79, 0x5C, 0xDF, 0x7D, 0xDF, 0x7D, 0xDF, 0x7D, 0xDF, 0x7D, 0xDF, 0x7D, 0xDF, 0x7D,
    0xBF, 0x7D, 0x10, 0x02, 0x10, 0x02, 0x10, 0x02, 0x10, 0x02, 0x79, 0x5C, 0xDF, 0x7D, 0xDF, 0x7D,
    0xDF, 0x7D, 0xDF, 0x7D, 0xDF, 0x7D, 0xDF, 0x7D, 0xBF, 0x7D, 0x10, 0x02, 0x10, 0x02, 0x10, 0x02,
    0x10, 0x02, 0x95, 0x3B, 0x79, 0x5C, 0x79, 0x5C, 0x79, 0x5C, 0x79, 0x5C, 0x79, 0x5C, 0x79, 0x5C,
    0x79, 0x54, 0x10, 0x02, 0x10, 0x02, 0x10, 0x02, 0x10, 0x02, 0x10, 0x02, 0x10, 0x02, 0x10, 0x02,
    0x10, 0x02, 0x10, 0x02, 0x10, 0x02, 0x10, 0x02, 0x10, 0x02, 0x10, 0x02, 0x10, 0x02, 0x10, 0x02,
    0x10, 0x02, 0x79, 0x54, 0xBF, 0x7D, 0xBF, 0x7D, 0xBF, 0x7D, 0xBF, 0x7D, 0xBF, 0x7D, 0xBF, 0x7D,
    0xBF, 0x75, 0x10, 0x02, 0x10, 0x02, 0x10, 0x02, 0x10, 0x02, 0x79, 0x5C, 0xDF, 0x7D, 0xDF, 0x7D,
    0xDF, 0x7D, 0xDF, 0x7D, 0xDF, 0x7D, 0xDF, 0x7D, 0xBF, 0x7D, 0x10, 0x02, 0x10, 0x02, 0x10, 0x02,
    0x10, 0x02, 0x79, 0x54, 0xBF, 0x7D, 0xBF, 0x7D, 0xBF, 0x7D, 0xBF, 0x7D, 0xDF, 0x7D, 0xDF, 0x7D,
    0xBF, 0x7D, 0x10, 0x02, 0x10, 0x02, 0x10, 0x02, 0x10, 0x02, 0x10, 0x02, 0x10, 0x02, 0x10, 0x02,
    0x10, 0x02, 0xB2, 0x22, 0xBF, 0x7D, 0xDF, 0x7D, 0xBF, 0x7D, 0x10, 0x02, 0x10, 0x02, 0x10, 0x02,
    0x10, 0x02, 0x95, 0x3B, 0x79, 0x5C, 0x79, 0x5C, 0x79, 0x5C, 0x9A, 0x5C, 0xDF, 0x7D, 0xDF, 0x7D,
    0xBF, 0x7D, 0x10, 0x02, 0x10, 0x02, 0x10, 0x02, 0x10, 0x02, 0x79, 0x54, 0xBF, 0x7D, 0xBF, 0x7D,
    0xBF, 0x7D, 0xBF, 0x7D, 0xDF, 0x7D, 0xDF, 0x7D, 0xBF, 0x7D, 0x10, 0x02, 0x10, 0x02, 0x10, 0x02,
    0x10, 0x02, 0x10, 0x02, 0x10, 0x02, 0x10, 0x02, 0x10, 0x02, 0xB2, 0x22, 0xBF, 0x7D, 0xDF, 0x7D,
    0xBF, 0x7D, 0x10, 0x02, 0x10, 0x02, 0x10, 0x02, 0x10, 0x02, 0x95, 0x3B, 0x79, 0x5C, 0x79, 0x5C,
    0x79, 0x5C, 0x9A, 0x5C, 0xDF, 0x7D, 0xDF, 0x7D, 0xBF, 0x7D, 0x10, 0x02, 0x10, 0x02, 0x10, 0x02,
    0x10, 0x02, 0x79, 0x5C, 0xDF, 0x7D, 0xDF, 0x7D, 0xDF, 0x7D, 0xDF, 0x7D, 0xDF, 0x7D, 0xDF, 0x7D,
    0xBF, 0x7D, 0x10, 0x02, 0x10, 0x02, 0x10, 0x02, 0x10, 0x02, 0x79, 0x5C, 0xDF, 0x7D, 0xDF, 0x7D,
    0xDF, 0x7D, 0xDF, 0x7D, 0xDF, 0x7D, 0xDF, 0x7D, 0xBF, 0x7D, 0x10, 0x02, 0x10, 0x02, 0x10, 0x02,
    0x10, 0x02, 0x95, 0x3B, 0x79, 0x5C, 0x79, 0x5C, 0x79, 0x5C, 0x79, 0x5C, 0x79, 0x5C, 0x79, 0x5C,
    0x79, 0x54, 0x10, 0x02, 0x10, 0x02, 0x10, 0x02, 0x10, 0x02, 0x10, 0x02, 0x10, 0x02, 0x10, 0x02,
    0x10, 0x02, 0x10, 0x02, 0x10, 0x02, 0x10, 0x02, 0x10, 0x02, 0x10, 0x02, 0x10, 0x02, 0x10, 0x02,
    0x10, 0x02, 0x10, 0x02, 0x10, 0x02, 0x10, 0x02, 0x10, 0x02, 0x10, 0x02, 0xBF, 0x75, 0xBF, 0x7D,
    0xBF, 0x75, 0x10, 0x02, 0x10, 0x02, 0x10, 0x02, 0x10, 0x02, 0x10, 0x02, 0x10, 0x02, 0x10, 0x02,
    0x95, 0x3B, 0x9A, 0x5C, 0xDF, 0x7D, 0xDF, 0x7D, 0xBF, 0x7D, 0x10, 0x02, 0x10, 0x02, 0x10, 0x02,
    0x10, 0x02, 0x10, 0x02, 0x10, 0x02, 0x10, 0x02, 0x9A, 0x5C, 0xDF, 0x7D, 0xDF, 0x7D, 0xDF, 0x7D,
    0xBF, 0x7D, 0x10, 0x02, 0x10, 0x02, 0x10, 0x02, 0x10, 0x02, 0x10, 0x02, 0x10, 0x02, 0xBF, 0x75,
    0xDF, 0x7D, 0xDF, 0x7D, 0xDF, 0x7D, 0xDF, 0x7D, 0xBF, 0x7D, 0x10, 0x02, 0x10, 0x02, 0x10, 0x02,
    0x10, 0x02, 0x95, 0x3B, 0x9A, 0x5C, 0xDF, 0x7D, 0x3D, 0x6D, 0x9A, 0x5C, 0xDF, 0x7D, 0xDF, 0x7D,
    0xBF, 0x7D, 0x10, 0x02, 0x10, 0x02, 0x10, 0x02, 0x10, 0x02, 0x79, 0x5C, 0xDF, 0x7D, 0xDF, 0x7D,
    0x9A, 0x5C, 0xB2, 0x22, 0xBF, 0x7D, 0xDF, 0x7D, 0xBF, 0x7D, 0x10, 0x02, 0x10, 0x02, 0x10, 0x02,
    0x10, 0x02, 0x79, 0x5C, 0xDF, 0x7D, 0xDF, 0x7D, 0xDF, 0x7D, 0xBF, 0x7D, 0xDF, 0x7D, 0xDF, 0x7D,
    0xBF, 0x7D, 0x10, 0x02, 0x10, 0x02, 0x10, 0x02, 0x10, 0x02, 0x95, 0x3B, 0x79, 0x5C, 0x79, 0x5C,
    0x79, 0x5C, 0x9A, 0x5C, 0xDF, 0x7D, 0xDF, 0x7D, 0xBF, 0x7D, 0x10, 0x02, 0x10, 0x02, 0x10, 0x02,
    0x10, 0x02, 0x10, 0x02, 0x10, 0x02, 0x10, 0x02, 0x10, 0x02, 0x10, 0x02, 0xBF, 0x7D, 0xDF, 0x7D,
    0xBF, 0x7D, 0x10, 0x02, 0x10, 0x02, 0x10, 0x02, 0x10, 0x02, 0x10, 0x02, 0x10, 0x02, 0x10, 0x02,
    0x10, 0x02, 0x10, 0x02, 0xBF, 0x7D, 0xDF, 0x7D, 0xBF, 0x7D, 0x10, 0x02, 0x10, 0x02, 0x10, 0x02,
    0x10, 0x02, 0x10, 0x02, 0x10, 0x02, 0x10, 0x02, 0x10, 0x02, 0x10, 0x02, 0x79, 0x54, 0x79, 0x5C,
    0x79, 0x54, 0x10, 0x02, 0x10, 0x02, 0x10, 0x02, 0x10, 0x02, 0x10, 0x02, 0x10, 0x02, 0x10, 0x02,
    0x10, 0x02, 0x10, 0x02, 0x10, 0x02, 0x10, 0x02, 0x10, 0x02, 0x10, 0x02, 0x10, 0x02, 0x10, 0x02,
    0x10, 0x02, 0x79, 0x54, 0xBF, 0x7D, 0xBF, 0x7D, 0xBF, 0x7D, 0xBF, 0x7D, 0xBF, 0x7D, 0xBF, 0x7D,
    0xBF, 0x75, 0x10, 0x02, 0x10, 0x02, 0x10, 0x02, 0x10, 0x02, 0x79, 0x5C, 0xDF, 0x7D, 0xDF, 0x7D,
    0xDF, 0x7D, 0xDF, 0x7D, 0xDF, 0x7D, 0xDF, 0x7D, 0xBF, 0x7D, 0x10, 0x02, 0x10, 0x02, 0x10, 0x02,
    0x10, 0x02, 0x79, 0x5C, 0xDF, 0x7D, 0xDF, 0x7D, 0xDF, 0x7D, 0xBF, 0x7D, 0xBF, 0x7D, 0xBF, 0x7D,
    0xBF, 0x75, 0x10, 0x02, 0x10, 0x02, 0x10, 0x02, 0x10, 0x02, 0x79, 0x5C, 0xDF, 0x7D, 0xDF, 0x7D,
    0x9A, 0x5C, 0x10, 0x02, 0x10, 0x02, 0x10, 0x02, 0x10, 0x02, 0x10, 0x02, 0x10, 0x02, 0x10, 0x02,
    0x10, 0x02, 0x79, 0x5C, 0xDF, 0x7D, 0xDF, 0x7D, 0x3D, 0x6D, 0x79, 0x5C, 0x79, 0x5C, 0x79, 0x5C,
    0x79, 0x54, 0x10, 0x02, 0x10, 0x02, 0x10, 0x02, 0x10, 0x02, 0x79, 0x54, 0xBF, 0x7D, 0xBF, 0x7D,
    0xBF, 0x7D, 0xBF, 0x7D, 0xDF, 0x7D, 0xDF, 0x7D, 0xBF, 0x7D, 0x10, 0x02, 0x10, 0x02, 0x10, 0x02,
    0x10, 0x02, 0x10, 0x02, 0x10, 0x02, 0x10, 0x02, 0x10, 0x02, 0xB2, 0x22, 0xBF, 0x7D, 0xDF, 0x7D,
    0xBF, 0x7D, 0x10, 0x02, 0x10, 0x02, 0x10, 0x02, 0x10, 0x02, 0x95, 0x3B, 0x79, 0x5C, 0x79, 0x5C,
    0x79, 0x5C, 0x9A, 0x5C, 0xDF, 0x7D, 0xDF, 0x7D, 0xBF, 0x7D, 0x10, 0x02, 0x10, 0x02, 0x10, 0x02,
    0x10, 0x02, 0x79, 0x5C, 0xDF, 0x7D, 0xDF, 0x7D, 0xDF, 0x7D, 0xDF, 0x7D, 0xDF, 0x7D, 0xDF, 0x7D,
    0xBF, 0x7D, 0x10, 0x02, 0x10, 0x02, 0x10, 0x02, 0x10, 0x02, 0x79, 0x5C, 0xDF, 0x7D, 0xDF, 0x7D,
    0xDF, 0x7D, 0xDF, 0x7D, 0xDF, 0x7D, 0xDF, 0x7D, 0xBF, 0x7D, 0x10, 0x02, 0x10, 0x02, 0x10, 0x02,
    0x10, 0x02, 0x95, 0x3B, 0x79, 0x5C, 0x79, 0x5C, 0x79, 0x5C, 0x79, 0x5C, 0x79, 0x5C, 0x79, 0x5C,
    0x79, 0x54, 0x10, 0x02, 0x10, 0x02, 0x10, 0x02, 0x10, 0x02, 0x10, 0x02, 0x10, 0x02, 0x10, 0x02,
    0x10, 0x02, 0x10, 0x02, 0x10, 0x02, 0x10, 0x02, 0x10, 0x02, 0x10, 0x02, 0x10, 0x02, 0x10, 0x02,
    0x10, 0x02, 0x79, 0x54, 0xBF, 0x7D, 0xBF, 0x7D, 0x79, 0x54, 0x10, 0x02, 0x10, 0x02, 0x10, 0x02,
    0x10, 0x02, 0x10, 0x02, 0x10, 0x02, 0x10, 0x02, 0x10, 0x02, 0x79, 0x5C, 0xDF, 0x7D, 0xDF, 0x7D,
    0x79, 0x5C, 0x10, 0x02, 0x10, 0x02, 0x10, 0x02, 0x10, 0x02, 0x10, 0x02, 0x10, 0x02, 0x10, 0x02,
    0x10, 0x02, 0x79, 0x5C, 0xDF, 0x7D, 0xDF, 0x7D, 0x9A, 0x5C, 0x10, 0x02, 0x10, 0x02, 0x10, 0x02,
    0x10, 0x02, 0x10, 0x02, 0x10, 0x02, 0x10, 0x02, 0x10, 0x02, 0x79, 0x5C, 0xDF, 0x7D, 0xDF, 0x7D,
    0xDF, 0x7D, 0xBF, 0x7D, 0xBF, 0x7D, 0xBF, 0x7D, 0xBF, 0x75, 0x10, 0x02, 0x10, 0x02, 0x10, 0x02,
    0x10, 0x02, 0x79, 0x5C, 0xDF, 0x7D, 0xDF, 0x7D, 0xDF, 0x7D, 0xDF, 0x7D, 0xDF, 0x7D, 0xDF, 0x7D,
    0xBF, 0x7D, 0x10, 0x02, 0x10, 0x02, 0x10, 0x02, 0x10, 0x02, 0x79, 0x5C, 0xDF, 0x7D, 0xDF, 0x7D,
    0xDF, 0x7D, 0xBF, 0x7D, 0xDF, 0x7D, 0xDF, 0x7D, 0xBF, 0x7D, 0x10, 0x02, 0x10, 0x02, 0x10, 0x02,
    0x10, 0x02, 0x79, 0x5C, 0xDF, 0x7D, 0xDF, 0x7D, 0x9A, 0x5C, 0xB2, 0x22, 0xBF, 0x7D, 0xDF, 0x7D,
    0xBF, 0x7D, 0x10, 0x02, 0x10, 0x02, 0x10, 0x02, 0x10, 0x02, 0x79, 0x5C, 0xDF, 0x7D, 0xDF, 0x7D,
    0x3D, 0x6D, 0x9A, 0x5C, 0xDF, 0x7D, 0xDF, 0x7D, 0xBF, 0x7D, 0x10, 0x02, 0x10, 0x02, 0x10, 0x02,
    0x10, 0x02, 0x79, 0x5C, 0xDF, 0x7D, 0xDF, 0x7D, 0xDF, 0x7D, 0xDF, 0x7D, 0xDF, 0x7D, 0xDF, 0x7D,
    0xBF, 0x7D, 0x10, 0x02, 0x10, 0x02, 0x10, 0x02, 0x10, 0x02, 0x79, 0x5C, 0xDF, 0x7D, 0xDF, 0x7D,
    0xDF, 0x7D, 0xDF, 0x7D, 0xDF, 0x7D, 0xDF, 0x7D, 0xBF, 0x7D, 0x10, 0x02, 0x10, 0x02, 0x10, 0x02,
    0x10, 0x02, 0x95, 0x3B, 0x79, 0x5C, 0x79, 0x5C, 0x79, 0x5C, 0x79, 0x5C, 0x79, 0x5C, 0x79, 0x5C,
    0x79, 0x54, 0x10, 0x02, 0x10, 0x02, 0x10, 0x02, 0x10, 0x02, 0x10, 0x02, 0x10, 0x02, 0x10, 0x02,
    0x10, 0x02, 0x10, 0x02, 0x10, 0x02, 0x10, 0x02, 0x10, 0x02, 0x10, 0x02, 0x10, 0x02, 0x10, 0x02,
    0x10, 0x02, 0x79, 0x54, 0xBF, 0x7D, 0xBF, 0x7D, 0xBF, 0x7D, 0xBF, 0x7D, 0xBF, 0x7D, 0xBF, 0x7D,
    0xBF, 0x75, 0x10, 0x02, 0x10, 0x02, 0x10, 0x02, 0x10, 0x02, 0x79, 0x5C, 0xDF, 0x7D, 0xDF, 0x7D,
    0xDF, 0x7D, 0xDF, 0x7D, 0xDF, 0x7D, 0xDF, 0x7D, 0xBF, 0x7D, 0x10, 0x02, 0x10, 0x02, 0x10, 0x02,
    0x10, 0x02, 0x79, 0x54, 0xBF, 0x7D, 0xBF, 0x7D, 0xBF, 0x7D, 0xBF, 0x7D, 0xDF, 0x7D, 0xDF, 0x7D,
    0xBF, 0x7D, 0x10, 0x02, 0x10, 0x02, 0x10, 0x02, 0x10, 0x02, 0x10, 0x02, 0x10, 0x02, 0x10, 0x02,
    0x10, 0x02, 0xB2, 0x22, 0xBF, 0x7D, 0xDF, 0x7D, 0xBF, 0x7D, 0x10, 0x02, 0x10, 0x02, 0x10, 0x02,
    0x10, 0x02, 0x10, 0x02, 0x10, 0x02, 0x10, 0x02, 0x95, 0x3B, 0x9A, 0x5C, 0xDF, 0x7D, 0x3D, 0x6D,
    0x79, 0x54, 0x10, 0x02, 0x10, 0x02, 0x10, 0x02, 0x10, 0x02, 0x10, 0x02, 0x10, 0x02, 0x10, 0x02,
    0x9A, 0x5C, 0xDF, 0x7D, 0xBF, 0x7D, 0x79, 0x54, 0x10, 0x02, 0x10, 0x02, 0x10, 0x02, 0x10, 0x02,
    0x10, 0x02, 0x10, 0x02, 0x10, 0x02, 0xBF, 0x75, 0xDF, 0x7D, 0xBF, 0x7D, 0xB2, 0x22, 0x10, 0x02,
    0x10, 0x02, 0x10, 0x02, 0x10, 0x02, 0x10, 0x02, 0x10, 0x02, 0x10, 0x02, 0x10, 0x02, 0xBF, 0x7D,
    0xDF, 0x7D, 0xBF, 0x7D, 0x10, 0x02, 0x10, 0x02, 0x10, 0x02, 0x10, 0x02, 0x10, 0x02, 0x10, 0x02,
    0x10, 0x02, 0x10, 0x02, 0x10, 0x02, 0xBF, 0x7D, 0xDF, 0x7D, 0xBF, 0x7D, 0x10, 0x02, 0x10, 0x02,
    0x10, 0x02, 0x10, 0x02, 0x10, 0x02, 0x10, 0x02, 0x10, 0x02, 0x10, 0x02, 0x10, 0x02, 0xBF, 0x7D,
    0xDF, 0x7D, 0xBF, 0x7D, 0x10, 0x02, 0x10, 0x02, 0x10, 0x02, 0x10, 0x02, 0x10, 0x02, 0x10, 0x02,
    0x10, 0x02, 0x10, 0x02, 0x10, 0x02, 0x79, 0x54, 0x79, 0x5C, 0x79, 0x54, 0x10, 0x02, 0x10, 0x02,
    0x10, 0x02, 0x10, 0x02, 0x10, 0x02, 0x10, 0x02, 0x10, 0x02, 0x10, 0x02, 0x10, 0x02, 0x10, 0x02,
    0x10, 0x02, 0x10, 0x02, 0x10, 0x02, 0x10, 0x02, 0x10, 0x02, 0x10, 0x02, 0x10, 0x02, 0x10, 0x02,
    0x10, 0x02, 0x79, 0x54, 0xBF, 0x7D, 0xBF, 0x7D, 0xBF, 0x7D, 0xBF, 0x7D, 0xBF, 0x7D, 0xBF, 0x7D,
    0xBF, 0x75, 0x10, 0x02, 0x10, 0x02, 0x10, 0x02, 0x10, 0x02, 0x79, 0x5C, 0xDF, 0x7D, 0xDF, 0x7D,
    0xDF, 0x7D, 0xDF, 0x7D, 0xDF, 0x7D, 0xDF, 0x7D, 0xBF, 0x7D, 0x10, 0x02, 0x10, 0x02, 0x10, 0x02,
    0x10, 0x02, 0x79, 0x5C, 0xDF, 0x7D, 0xDF, 0x7D, 0xDF, 0x7D, 0xBF, 0x7D, 0xDF, 0x7D, 0xDF, 0x7D,
    0xBF, 0x7D, 0x10, 0x02, 0x10, 0x02, 0x10, 0x02, 0x10, 0x02, 0x79, 0x5C, 0xDF, 0x7D, 0xDF, 0x7D,
    0x9A, 0x5C, 0xB2, 0x22, 0xBF, 0x7D, 0xDF, 0x7D, 0xBF, 0x7D, 0x10, 0x02, 0x10, 0x02, 0x10, 0x02,
    0x10, 0x02, 0x79, 0x5C, 0xDF, 0x7D, 0xDF, 0x7D, 0x3D, 0x6D, 0x9A, 0x5C, 0xDF, 0x7D, 0xDF, 0x7D,
    0xBF, 0x7D, 0x10, 0x02, 0x10, 0x02, 0x10, 0x02, 0x10, 0x02, 0x79, 0x5C, 0xDF, 0x7D, 0xDF, 0x7D,
    0xDF, 0x7D, 0xBF, 0x7D, 0xDF, 0x7D, 0xDF, 0x7D, 0xBF, 0x7D, 0x10, 0x02, 0x10, 0x02, 0x10, 0x02,
    0x10, 0x02, 0x79, 0x5C, 0xDF, 0x7D, 0xDF, 0x7D, 0x9A, 0x5C, 0xB2, 0x22, 0xBF, 0x7D, 0xDF, 0x7D,
    0xBF, 0x7D, 0x10, 0x02, 0x10, 0x02, 0x10, 0x02, 0x10, 0x02, 0x79, 0x5C, 0xDF, 0x7D, 0xDF, 0x7D,
    0x3D, 0x6D, 0x9A, 0x5C, 0xDF, 0x7D, 0xDF, 0x7D, 0xBF, 0x7D, 0x10, 0x02, 0x10, 0x02, 0x10, 0x02,
    0x10, 0x02, 0x79, 0x5C, 0xDF, 0x7D, 0xDF, 0x7D, 0xDF, 0x7D, 0xDF, 0x7D, 0xDF, 0x7D, 0xDF, 0x7D,
    0xBF, 0x7D, 0x10, 0x02, 0x10, 0x02, 0x10, 0x02, 0x10, 0x02, 0x79, 0x5C, 0xDF, 0x7D, 0xDF, 0x7D,
    0xDF, 0x7D, 0xDF, 0x7D, 0xDF, 0x7D, 0xDF, 0x7D, 0xBF, 0x7D, 0x10, 0x02, 0x10, 0x02, 0x10, 0x02,
    0x10, 0x02, 0x95, 0x3B, 0x79, 0x5C, 0x79, 0x5C, 0x79, 0x5C, 0x79, 0x5C, 0x79, 0x5C, 0x79, 0x5C,
    0x79, 0x54, 0x10, 0x02, 0x10, 0x02, 0x10, 0x02, 0x10, 0x02, 0x10, 0x02, 0x10, 0x02, 0x10, 0x02,
    0x10, 0x02, 0x10, 0x02, 0x10, 0x02, 0x10, 0x02, 0x10, 0x02, 0x10, 0x02, 0x10, 0x02, 0x10, 0x02,
    0x10, 0x02, 0x79, 0x54, 0xBF, 0x7D, 0xBF, 0x7D, 0xBF, 0x7D, 0xBF, 0x7D, 0xBF, 0x7D, 0xBF, 0x7D,
    0xBF, 0x75, 0x10, 0x02, 0x10, 0x02, 0x10, 0x02, 0x10, 0x02, 0x79, 0x5C, 0xDF, 0x7D, 0xDF, 0x7D,
    0xDF, 0x7D, 0xDF, 0x7D, 0xDF, 0x7D, 0xDF, 0x7D, 0xBF, 0x7D, 0x10, 0x02, 0x10, 0x02, 0x10, 0x02,
    0x10, 0x02, 0x79, 0x5C, 0xDF, 0x7D, 0xDF, 0x7D, 0xDF, 0x7D, 0xBF, 0x7D, 0xDF, 0x7D, 0xDF, 0x7D,
    0xBF, 0x7D, 0x10, 0x02, 0x10, 0x02, 0x10, 0x02, 0x10, 0x02, 0x79, 0x5C, 0xDF, 0x7D, 0xDF, 0x7D,
    0x9A, 0x5C, 0xB2, 0x22, 0xBF, 0x7D, 0xDF, 0x7D, 0xBF, 0x7D, 0x10, 0x02, 0x10, 0x02, 0x10, 0x02,
    0x10, 0x02, 0x79, 0x5C, 0xDF, 0x7D, 0xDF, 0x7D, 0x3D, 0x6D, 0x9A, 0x5C, 0xDF, 0x7D, 0xDF, 0x7D,
    0xBF, 0x7D, 0x10, 0x02, 0x10, 0x02, 0x10, 0x02, 0x10, 0x02, 0x79, 0x54, 0xBF, 0x7D, 0xBF, 0x7D,
    0xBF, 0x7D, 0xBF, 0x7D, 0xDF, 0x7D, 0xDF, 0x7D, 0xBF, 0x7D, 0x10, 0x02, 0x10, 0x02, 0x10, 0x02,
    0x10, 0x02, 0x10, 0x02, 0x10, 0x02, 0x10, 0x02, 0x10, 0x02, 0xB2, 0x22, 0xBF, 0x7D, 0xDF, 0x7D,
    0xBF, 0x7D, 0x10, 0x02, 0x10, 0x02, 0x10, 0x02, 0x10, 0x02, 0x95, 0x3B, 0x79, 0x5C, 0x79, 0x5C,
    0x79, 0x5C, 0x9A, 0x5C, 0xDF, 0x7D, 0xDF, 0x7D, 0xBF, 0x7D, 0x10, 0x02, 0x10, 0x02, 0x10, 0x02,
    0x10, 0x02, 0x79, 0x5C, 0xDF, 0x7D, 0xDF, 0x7D, 0xDF, 0x7D, 0xDF, 0x7D, 0xDF, 0x7D, 0xDF, 0x7D,
    0xBF, 0x7D, 0x10, 0x02, 0x10, 0x02, 0x10, 0x02, 0x10, 0x02, 0x79, 0x5C, 0xDF, 0x7D, 0xDF, 0x7D,
    0xDF, 0x7D, 0xDF, 0x7D, 0xDF, 0x7D, 0xDF, 0x7D, 0xBF, 0x7D, 0x10, 0x02, 0x10, 0x02, 0x10, 0x02,
    0x10, 0x02, 0x95, 0x3B, 0x79, 0x5C, 0x79, 0x5C, 0x79, 0x5C, 0x79, 0x5C, 0x79, 0x5C, 0x79, 0x5C,
    0x79, 0x54, 0x10, 0x02, 0x10, 0x02, 0x10, 0x02, 0x10, 0x02, 0x10, 0x02, 0x10, 0x02, 0x10, 0x02,
    0x10, 0x02, 0x10, 0x02, 0x10, 0x02, 0x10, 0x02, 0x10, 0x02, 0x10, 0x02, 0x10, 0x02, 0x10, 0x02,
    0x10, 0x02, 0x79, 0x54, 0xBF, 0x7D, 0xBF, 0x7D, 0xBF, 0x7D, 0xBF, 0x7D, 0xBF, 0x7D, 0xBF, 0x7D,
    0xBF, 0x7D, 0xBF, 0x7D, 0x79, 0x54, 0x10, 0x02, 0x10, 0x02, 0x79, 0x5C, 0xDF, 0x7D, 0xDF, 0x7D,
    0xDF, 0x7D, 0xDF, 0x7D, 0xDF, 0x7D, 0xDF, 0x7D, 0xDF, 0x7D, 0xDF, 0x7D, 0x79, 0x5C, 0x10, 0x02,
    0x10, 0x02, 0x79, 0x5C, 0xDF, 0x7D, 0xDF, 0x7D, 0xDF, 0x7D, 0xBF, 0x7D, 0xBF, 0x7D, 0xDF, 0x7D,
    0xDF, 0x7D, 0xDF, 0x7D, 0x79, 0x5C, 0x10, 0x02, 0x10, 0x02, 0x79, 0x5C, 0xDF, 0x7D, 0xDF, 0x7D,
    0x9A, 0x5C, 0x10, 0x02, 0x10, 0x02, 0x9A, 0x5C, 0xDF, 0x7D, 0xDF, 0x7D, 0x79, 0x5C, 0x10, 0x02,
    0x10, 0x02, 0x79, 0x5C, 0xDF, 0x7D, 0xDF, 0x7D, 0x3D, 0x6D, 0x79, 0x5C, 0x79, 0x5C, 0x3D, 0x6D,
    0xDF, 0x7D, 0xDF, 0x7D, 0x79, 0x5C, 0x10, 0x02, 0x10, 0x02, 0x79, 0x5C, 0xDF, 0x7D, 0xDF, 0x7D,
    0xDF, 0x7D, 0xDF, 0x7D, 0xDF, 0x7D, 0xDF, 0x7D, 0xDF, 0x7D, 0xDF, 0x7D, 0x79, 0x5C, 0x10, 0x02,
    0x10, 0x02, 0x79, 0x5C, 0xDF, 0x7D, 0xDF, 0x7D, 0xDF, 0x7D, 0xDF, 0x7D, 0xDF, 0x7D, 0xDF, 0x7D,
    0xDF, 0x7D, 0xDF, 0x7D, 0x79, 0x5C, 0x10, 0x02, 0x10, 0x02, 0x79, 0x5C, 0xDF, 0x7D, 0xDF, 0x7D,
    0x3D, 0x6D, 0x79, 0x5C, 0x79, 0x5C, 0x3D, 0x6D, 0xDF, 0x7D, 0xDF, 0x7D, 0x79, 0x5C, 0x10, 0x02,
    0x10, 0x02, 0x79, 0x5C, 0xDF, 0x7D, 0xDF, 0x7D, 0x79, 0x5C, 0x10, 0x02, 0x10, 0x02, 0x79, 0x5C,
    0xDF, 0x7D, 0xDF, 0x7D, 0x79, 0x5C, 0x10, 0x02, 0x10, 0x02, 0x79, 0x5C, 0xDF, 0x7D, 0xDF, 0x7D,
    0x79, 0x5C, 0x10, 0x02, 0x10, 0x02, 0x79, 0x5C, 0xDF, 0x7D, 0xDF, 0x7D, 0x79, 0x5C, 0x10, 0x02,
    0x10, 0x02, 0x95, 0x3B, 0x79, 0x5C, 0x79, 0x5C, 0x95, 0x3B, 0x10, 0x02, 0x10, 0x02, 0x95, 0x3B,
    0x79, 0x5C, 0x79, 0x5C, 0x95, 0x3B, 0x10, 0x02, 0x10, 0x02, 0x10, 0x02, 0x10, 0x02, 0x10, 0x02,
    0x10, 0x02, 0x10, 0x02, 0x10, 0x02, 0x10, 0x02, 0x10, 0x02, 0x10, 0x02, 0x10, 0x02, 0x10, 0x02,
    0x10, 0x02, 0x79, 0x54, 0xBF, 0x7D, 0xBF, 0x7D, 0xBF, 0x7D, 0xBF, 0x7D, 0xBF, 0x7D, 0xBF, 0x7D,
    0xBF, 0x75, 0x10, 0x02, 0x10, 0x02, 0x10, 0x02, 0x10, 0x02, 0x79, 0x5C, 0xDF, 0x7D, 0xDF, 0x7D,
    0xDF, 0x7D, 0xDF, 0x7D, 0xDF, 0x7D, 0xDF, 0x7D, 0xDF, 0x7D, 0x9A, 0x5C, 0x95, 0x3B, 0x10, 0x02,
    0x10, 0x02, 0x79, 0x5C, 0xDF, 0x7D, 0xDF, 0x7D, 0xDF, 0x7D, 0xBF, 0x7D, 0xBF, 0x7D, 0xDF, 0x7D,
    0xDF, 0x7D, 0xDF, 0x7D, 0x79, 0x5C, 0x10, 0x02, 0x10, 0x02, 0x79, 0x5C, 0xDF, 0x7D, 0xDF, 0x7D,
    0x9A, 0x5C, 0x10, 0x02, 0x10, 0x02, 0x9A, 0x5C, 0xDF, 0x7D, 0xDF, 0x7D, 0x79, 0x5C, 0x10, 0x02,
    0x10, 0x02, 0x79, 0x5C, 0xDF, 0x7D, 0xDF, 0x7D, 0x79, 0x5C, 0x10, 0x02, 0x79, 0x54, 0x3D, 0x6D,
    0xDF, 0x7D, 0x9A, 0x5C, 0x95, 0x3B, 0x10, 0x02, 0x10, 0x02, 0x79, 0x5C, 0xDF, 0x7D, 0xDF, 0x7D,
    0x79, 0x5C, 0x10, 0x02, 0xBF, 0x75, 0xDF, 0x7D, 0xBF, 0x7D, 0xB2, 0x22, 0x10, 0x02, 0x10, 0x02,
    0x10, 0x02, 0x79, 0x5C, 0xDF, 0x7D, 0xDF, 0x7D, 0x79, 0x5C, 0x10, 0x02, 0x10, 0x02, 0x9A, 0x5C,
    0xDF, 0x7D, 0xBF, 0x7D, 0x79, 0x54, 0x10, 0x02, 0x10, 0x02, 0x79, 0x5C, 0xDF, 0x7D, 0xDF, 0x7D,
    0x3D, 0x6D, 0x79, 0x5C, 0x79, 0x5C, 0x3D, 0x6D, 0xDF, 0x7D, 0xDF, 0x7D, 0x79, 0x5C, 0x10, 0x02,
    0x10, 0x02, 0x79, 0x5C, 0xDF, 0x7D, 0xDF, 0x7D, 0xDF, 0x7D, 0xDF, 0x7D, 0xDF, 0x7D, 0xDF, 0x7D,
    0xDF, 0x7D, 0xBF, 0x7D, 0x79, 0x54, 0x10, 0x02, 0x10, 0x02, 0x79, 0x5C, 0xDF, 0x7D, 0xDF, 0x7D,
    0xDF, 0x7D, 0xDF, 0x7D, 0xDF, 0x7D, 0xDF, 0x7D, 0xBF, 0x7D, 0xB2, 0x22, 0x10, 0x02, 0x10, 0x02,
    0x10, 0x02, 0x95, 0x3B, 0x79, 0x5C, 0x79, 0x5C, 0x79, 0x5C, 0x79, 0x5C, 0x79, 0x5C, 0x79, 0x5C,
    0x79, 0x54, 0x10, 0x02, 0x10, 0x02, 0x10, 0x02, 0x10, 0x02, 0x10, 0x02, 0x10, 0x02, 0x10, 0x02,
    0x10, 0x02, 0x10, 0x02, 0x10, 0x02, 0x10, 0x02, 0x10, 0x02, 0x10, 0x02, 0x10, 0x02, 0x10, 0x02,
    0x10, 0x02, 0x79, 0x54, 0xBF, 0x7D, 0xBF, 0x7D, 0xBF, 0x7D, 0xBF, 0x7D, 0xBF, 0x7D, 0xBF, 0x7D,
    0xBF, 0x75, 0x10, 0x02, 0x10, 0x02, 0x10, 0x02, 0x10, 0x02, 0x79, 0x5C, 0xDF, 0x7D, 0xDF, 0x7D,
    0xDF, 0x7D, 0xDF, 0x7D, 0xDF, 0x7D, 0xDF, 0x7D, 0xBF, 0x7D, 0x10, 0x02, 0x10, 0x02, 0x10, 0x02,
    0x10, 0x02, 0x79, 0x5C, 0xDF, 0x7D, 0xDF, 0x7D, 0xDF, 0x7D, 0xBF, 0x7D, 0xBF, 0x7D, 0xBF, 0x7D,
    0xBF, 0x75, 0x10, 0x02, 0x10, 0x02, 0x10, 0x02, 0x10, 0x02, 0x79, 0x5C, 0xDF, 0x7D, 0xDF, 0x7D,
    0x9A, 0x5C, 0x10, 0x02, 0x10, 0x02, 0x10, 0x02, 0x10, 0x02, 0x10, 0x02, 0x10, 0x02, 0x10, 0x02,
    0x10, 0x02, 0x79, 0x5C, 0xDF, 0x7D, 0xDF, 0x7D, 0x79, 0x5C, 0x10, 0x02, 0x10, 0x02, 0x10, 0x02,
    0x10, 0x02, 0x10, 0x02, 0x10, 0x02, 0x10, 0x02, 0x10, 0x02, 0x79, 0x5C, 0xDF, 0x7D, 0xDF, 0x7D,
    0x79, 0x5C, 0x10, 0x02, 0x10, 0x02, 0x10, 0x02, 0x10, 0x02, 0x10, 0x02, 0x10, 0x02, 0x10, 0x02,
    0x10, 0x02, 0x79, 0x5C, 0xDF, 0x7D, 0xDF, 0x7D, 0x79, 0x5C, 0x10, 0x02, 0x10, 0x02, 0x10, 0x02,
    0x10, 0x02, 0x10, 0x02, 0x10, 0x02, 0x10, 0x02, 0x10, 0x02, 0x79, 0x5C, 0xDF, 0x7D, 0xDF, 0x7D,
    0x3D, 0x6D, 0x79, 0x5C, 0x79, 0x5C, 0x79, 0x5C, 0x79, 0x54, 0x10, 0x02, 0x10, 0x02, 0x10, 0x02,
    0x10, 0x02, 0x79, 0x5C, 0xDF, 0x7D, 0xDF, 0x7D, 0xDF, 0x7D, 0xDF, 0x7D, 0xDF, 0x7D, 0xDF, 0x7D,
    0xBF, 0x7D, 0x10, 0x02, 0x10, 0x02, 0x10, 0x02, 0x10, 0x02, 0x79, 0x5C, 0xDF, 0x7D, 0xDF, 0x7D,
    0xDF, 0x7D, 0xDF, 0x7D, 0xDF, 0x7D, 0xDF, 0x7D, 0xBF, 0x7D, 0x10, 0x02, 0x10, 0x02, 0x10, 0x02,
    0x10, 0x02, 0x95, 0x3B, 0x79, 0x5C, 0x79, 0x5C, 0x79, 0x5C, 0x79, 0x5C, 0x79, 0x5C, 0x79, 0x5C,
    0x79, 0x54, 0x10, 0x02, 0x10, 0x02, 0x10, 0x02, 0x10, 0x02, 0x10, 0x02, 0x10, 0x02, 0x10, 0x02,
    0x10, 0x02, 0x10, 0x02, 0x10, 0x02, 0x10, 0x02, 0x10, 0x02, 0x10, 0x02, 0x10, 0x02, 0x10, 0x02,
    0x10, 0x02, 0x79, 0x54, 0xBF, 0x7D, 0xBF, 0x7D, 0xBF, 0x7D, 0xBF, 0x7D, 0xBF, 0x7D, 0x79, 0x54,
    0x10, 0x02, 0x10, 0x02, 0x10, 0x02, 0x10, 0x02, 0x10, 0x02, 0x79, 0x5C, 0xDF, 0x7D, 0xDF, 0x7D,
    0xDF, 0x7D, 0xDF, 0x7D, 0xDF, 0x7D, 0x3D, 0x6D, 0x79, 0x54, 0x10, 0x02, 0x10, 0x02, 0x10, 0x02,
    0x10, 0x02, 0x79, 0x5C, 0xDF, 0x7D, 0xDF, 0x7D, 0xDF, 0x7D, 0xBF, 0x7D, 0xBF, 0x7D, 0xDF, 0x7D,
    0xBF, 0x7D, 0xB2, 0x22, 0x10, 0x02, 0x10, 0x02, 0x10, 0x02, 0x79, 0x5C, 0xDF, 0x7D, 0xDF, 0x7D,
    0x9A, 0x5C, 0x10, 0x02, 0x10, 0x02, 0x9A, 0x5C, 0xDF, 0x7D, 0xBF, 0x7D, 0x79, 0x54, 0x10, 0x02,
    0x10, 0x02, 0x79, 0x5C, 0xDF, 0x7D, 0xDF, 0x7D, 0x79, 0x5C, 0x10, 0x02, 0x10, 0x02, 0x79, 0x5C,
    0xDF, 0x7D, 0xDF, 0x7D, 0x79, 0x5C, 0x10, 0x02, 0x10, 0x02, 0x79, 0x5C, 0xDF, 0x7D, 0xDF, 0x7D,
    0x79, 0x5C, 0x10, 0x02, 0x10, 0x02, 0x79, 0x5C, 0xDF, 0x7D, 0xDF, 0x7D, 0x79, 0x5C, 0x10, 0x02,
    0x10, 0x02, 0x79, 0x5C, 0xDF, 0x7D, 0xDF, 0x7D, 0x79, 0x5C, 0x10, 0x02, 0x10, 0x02, 0x79, 0x5C,
    0xDF, 0x7D, 0xDF, 0x7D, 0x79, 0x5C, 0x10, 0x02, 0x10, 0x02, 0x79, 0x5C, 0xDF, 0x7D, 0xDF, 0x7D,
    0x3D, 0x6D, 0x79, 0x5C, 0x79, 0x5C, 0x3D, 0x6D, 0xDF, 0x7D, 0x9A, 0x5C, 0x95, 0x3B, 0x10, 0x02,
    0x10, 0x02, 0x79, 0x5C, 0xDF, 0x7D, 0xDF, 0x7D, 0xDF, 0x7D, 0xDF, 0x7D, 0xDF, 0x7D, 0xDF, 0x7D,
    0xBF, 0x75, 0x10, 0x02, 0x10, 0x02, 0x10, 0x02, 0x10, 0x02, 0x79, 0x5C, 0xDF, 0x7D, 0xDF, 0x7D,
    0xDF, 0x7D, 0xDF, 0x7D, 0xDF, 0x7D, 0x9A, 0x5C, 0x10, 0x02, 0x10, 0x02, 0x10, 0x02, 0x10, 0x02,
    0x10, 0x02, 0x95, 0x3B, 0x79, 0x5C, 0x79, 0x5C, 0x79, 0x5C, 0x79, 0x5C, 0x79, 0x5C, 0x95, 0x3B,
    0x10, 0x02, 0x10, 0x02, 0x10, 0x02, 0x10, 0x02, 0x10, 0x02, 0x10, 0x02, 0x10, 0x02, 0x10, 0x02,
    0x10, 0x02, 0x10, 0x02, 0x10, 0x02, 0x10, 0x02, 0x10, 0x02, 0x10, 0x02, 0x10, 0x02, 0x10, 0x02,
    0x10, 0x02, 0x79, 0x54, 0xBF, 0x7D, 0xBF, 0x7D, 0xBF, 0x7D, 0xBF, 0x7D, 0xBF, 0x7D, 0xBF, 0x7D,
    0xBF, 0x75, 0x10, 0x02, 0x10, 0x02, 0x10, 0x02, 0x10, 0x02, 0x79, 0x5C, 0xDF, 0x7D, 0xDF, 0x7D,
    0xDF, 0x7D, 0xDF, 0x7D, 0xDF, 0x7D, 0xDF, 0x7D, 0xBF, 0x7D, 0x10, 0x02, 0x10, 0x02, 0x10, 0x02,
    0x10, 0x02, 0x79, 0x5C, 0xDF, 0x7D, 0xDF, 0x7D, 0xDF, 0x7D, 0xBF, 0x7D, 0xBF, 0x7D, 0xBF, 0x7D,
    0xBF, 0x75, 0x10, 0x02, 0x10, 0x02, 0x10, 0x02, 0x10, 0x02, 0x79, 0x5C, 0xDF, 0x7D, 0xDF, 0x7D,
    0x9A, 0x5C, 0x10, 0x02, 0x10, 0x02, 0x10, 0x02, 0x10, 0x02, 0x10, 0x02, 0x10, 0x02, 0x10, 0x02,
    0x10, 0x02, 0x79, 0x5C, 0xDF, 0x7D, 0xDF, 0x7D, 0x3D, 0x6D, 0x79, 0x5C, 0x79, 0x5C, 0x79, 0x5C,
    0x79, 0x54, 0x10, 0x02, 0x10, 0x02, 0x10, 0x02, 0x10, 0x02, 0x79, 0x5C, 0xDF, 0x7D, 0xDF, 0x7D,
    0xDF, 0x7D, 0xBF, 0x7D, 0xBF, 0x7D, 0xBF, 0x7D, 0xBF, 0x75, 0x10, 0x02, 0x10, 0x02, 0x10, 0x02,
    0x10, 0x02, 0x79, 0x5C, 0xDF, 0x7D, 0xDF, 0x7D, 0x9A, 0x5C, 0x10, 0x02, 0x10, 0x02, 0x10, 0x02,
    0x10, 0x02, 0x10, 0x02, 0x10, 0x02, 0x10, 0x02, 0x10, 0x02, 0x79, 0x5C, 0xDF, 0x7D, 0xDF, 0x7D,
    0x3D, 0x6D, 0x79, 0x5C, 0x79, 0x5C, 0x79, 0x5C, 0x79, 0x54, 0x10, 0x02, 0x10, 0x02, 0x10, 0x02,
    0x10, 0x02, 0x79, 0x5C, 0xDF, 0x7D, 0xDF, 0x7D, 0xDF, 0x7D, 0xDF, 0x7D, 0xDF, 0x7D, 0xDF, 0x7D,
    0xBF, 0x7D, 0x10, 0x02, 0x10, 0x02, 0x10, 0x02, 0x10, 0x02, 0x79, 0x5C, 0xDF, 0x7D, 0xDF, 0x7D,
    0xDF, 0x7D, 0xDF, 0x7D, 0xDF, 0x7D, 0xDF, 0x7D, 0xBF, 0x7D, 0x10, 0x02, 0x10, 0x02, 0x10, 0x02,
    0x10, 0x02, 0x95, 0x3B, 0x79, 0x5C, 0x79, 0x5C, 0x79, 0x5C, 0x79, 0x5C, 0x79, 0x5C, 0x79, 0x5C,
    0x79, 0x54, 0x10, 0x02, 0x10, 0x02, 0x10, 0x02, 0x10, 0x02, 0x10, 0x02, 0x10, 0x02, 0x10, 0x02,
    0x10, 0x02, 0x10, 0x02, 0x10, 0x02, 0x10, 0x02, 0x10, 0x02, 0x10, 0x02, 0x10, 0x02, 0x10, 0x02,
    0x10, 0x02, 0x79, 0x54, 0xBF, 0x7D, 0xBF, 0x7D, 0xBF, 0x7D, 0xBF, 0x7D, 0xBF, 0x7D, 0xBF, 0x7D,
    0xBF, 0x75, 0x10, 0x02, 0x10, 0x02, 0x10, 0x02, 0x10, 0x02, 0x79, 0x5C, 0xDF, 0x7D, 0xDF, 0x7D,
    0xDF, 0x7D, 0xDF, 0x7D, 0xDF, 0x7D, 0xDF, 0x7D, 0xBF, 0x7D, 0x10, 0x02, 0x10, 0x02, 0x10, 0x02,
    0x10, 0x02, 0x79, 0x5C, 0xDF, 0x7D, 0xDF, 0x7D, 0xDF, 0x7D, 0xBF, 0x7D, 0xBF, 0x7D, 0xBF, 0x7D,
    0xBF, 0x75, 0x10, 0x02, 0x10, 0x02, 0x10, 0x02, 0x10, 0x02, 0x79, 0x5C, 0xDF, 0x7D, 0xDF, 0x7D,
    0x9A, 0x5C, 0x10, 0x02, 0x10, 0x02, 0x10, 0x02, 0x10, 0x02, 0x10, 0x02, 0x10, 0x02, 0x10, 0x02,
    0x10, 0x02, 0x79, 0x5C, 0xDF, 0x7D, 0xDF, 0x7D, 0x3D, 0x6D, 0x79, 0x5C, 0x79, 0x5C, 0x95, 0x3B,
    0x10, 0x02, 0x10, 0x02, 0x10, 0x02, 0x10, 0x02, 0x10, 0x02, 0x79, 0x5C, 0xDF, 0x7D, 0xDF, 0x7D,
    0xDF, 0x7D, 0xDF, 0x7D, 0xDF, 0x7D, 0x79, 0x5C, 0x10, 0x02, 0x10, 0x02, 0x10, 0x02, 0x10, 0x02,
    0x10, 0x02, 0x79, 0x5C, 0xDF, 0x7D, 0xDF, 0x7D, 0xDF, 0x7D, 0xDF, 0x7D, 0xDF, 0x7D, 0x79, 0x5C,
    0x10, 0x02, 0x10, 0x02, 0x10, 0x02, 0x10, 0x02, 0x10, 0x02, 0x79, 0x5C, 0xDF, 0x7D, 0xDF, 0x7D,
    0x3D, 0x6D, 0x79, 0x5C, 0x79, 0x5C, 0x95, 0x3B, 0x10, 0x02, 0x10, 0x02, 0x10, 0x02, 0x10, 0x02,
    0x10, 0x02, 0x79, 0x5C, 0xDF, 0x7D, 0xDF, 0x7D, 0x79, 0x5C, 0x10, 0x02, 0x10, 0x02, 0x10, 0x02,
    0x10, 0x02, 0x10, 0x02, 0x10, 0x02, 0x10, 0x02, 0x10, 0x02, 0x79, 0x5C, 0xDF, 0x7D, 0xDF, 0x7D,
    0x79, 0x5C, 0x10, 0x02, 0x10, 0x02, 0x10, 0x02, 0x10, 0x02, 0x10, 0x02, 0x10, 0x02, 0x10, 0x02,
    0x10, 0x02, 0x95, 0x3B, 0x79, 0x5C, 0x79, 0x5C, 0x95, 0x3B, 0x10, 0x02, 0x10, 0x02, 0x10, 0x02,
    0x10, 0x02, 0x10, 0x02, 0x10, 0x02, 0x10, 0x02, 0x10, 0x02, 0x10, 0x02, 0x10, 0x02, 0x10, 0x02,
    0x10, 0x02, 0x10, 0x02, 0x10, 0x02, 0x10, 0x02, 0x10, 0x02, 0x10, 0x02, 0x10, 0x02, 0x10, 0x02,
    0x10, 0x02, 0x10, 0x02, 0x10, 0x02, 0xBF, 0x75, 0xBF, 0x7D, 0xBF, 0x7D, 0xBF, 0x7D, 0xBF, 0x7D,
    0xBF, 0x7D, 0xBF, 0x7D, 0x79, 0x54, 0x10, 0x02, 0x10, 0x02, 0x95, 0x3B, 0x9A, 0x5C, 0xDF, 0x7D,
    0xDF, 0x7D, 0xDF, 0x7D, 0xDF, 0x7D, 0xDF, 0x7D, 0xDF, 0x7D, 0xDF, 0x7D, 0x79, 0x5C, 0x10, 0x02,
    0x10, 0x02, 0x79, 0x5C, 0xDF, 0x7D, 0xDF, 0x7D, 0xDF, 0x7D, 0xBF, 0x7D, 0xBF, 0x7D, 0xBF, 0x7D,
    0xBF, 0x7D, 0xBF, 0x7D, 0x79, 0x54, 0x10, 0x02, 0x10, 0x02, 0x79, 0x5C, 0xDF, 0x7D, 0xDF, 0x7D,
    0x9A, 0x5C, 0x10, 0x02, 0x10, 0x02, 0x10, 0x02, 0x10, 0x02, 0x10, 0x02, 0x10, 0x02, 0x10, 0x02,
    0x10, 0x02, 0x79, 0x5C, 0xDF, 0x7D, 0xDF, 0x7D, 0x79, 0x5C, 0x10, 0x02, 0x79, 0x54, 0x79, 0x5C,
    0x79, 0x5C, 0x79, 0x5C, 0x95, 0x3B, 0x10, 0x02, 0x10, 0x02, 0x79, 0x5C, 0xDF, 0x7D, 0xDF, 0x7D,
    0x79, 0x5C, 0x10, 0x02, 0xBF, 0x75, 0xDF, 0x7D, 0xDF, 0x7D, 0xDF, 0x7D, 0x79, 0x5C, 0x10, 0x02,
    0x10, 0x02, 0x79, 0x5C, 0xDF, 0x7D, 0xDF, 0x7D, 0x79, 0x5C, 0x10, 0x02, 0x10, 0x02, 0x9A, 0x5C,
    0xDF, 0x7D, 0xDF, 0x7D, 0x79, 0x5C, 0x10, 0x02, 0x10, 0x02, 0x79, 0x5C, 0xDF, 0x7D, 0xDF, 0x7D,
    0x3D, 0x6D, 0x79, 0x5C, 0x79, 0x5C, 0x3D, 0x6D, 0xDF, 0x7D, 0xDF, 0x7D, 0x79, 0x5C, 0x10, 0x02,
    0x10, 0x02, 0x79, 0x54, 0xBF, 0x7D, 0xDF, 0x7D, 0xDF, 0x7D, 0xDF, 0x7D, 0xDF, 0x7D, 0xDF, 0x7D,
    0xDF, 0x7D, 0xBF, 0x7D, 0x79, 0x54, 0x10, 0x02, 0x10, 0x02, 0x10, 0x02, 0xB2, 0x22, 0xBF, 0x7D,
    0xDF, 0x7D, 0xDF, 0x7D, 0xDF, 0x7D, 0xDF, 0x7D, 0xBF, 0x7D, 0xB2, 0x22, 0x10, 0x02, 0x10, 0x02,
    0x10, 0x02, 0x10, 0x02, 0x10, 0x02, 0x79, 0x54, 0x79, 0x5C, 0x79, 0x5C, 0x79, 0x5C, 0x79, 0x5C,
    0x79, 0x54, 0x10, 0x02, 0x10, 0x02, 0x10, 0x02, 0x10, 0x02, 0x10, 0x02, 0x10, 0x02, 0x10, 0x02,
    0x10, 0x02, 0x10, 0x02, 0x10, 0x02, 0x10, 0x02, 0x10, 0x02, 0x10, 0x02, 0x10, 0x02, 0x10, 0x02,
    0x10, 0x02, 0x79, 0x54, 0xBF, 0x7D, 0xBF, 0x7D, 0x79, 0x54, 0x10, 0x02, 0xBF, 0x75, 0xBF, 0x7D,
    0xBF, 0x75, 0x10, 0x02, 0x10, 0x02, 0x10, 0x02, 0x10, 0x02, 0x79, 0x5C, 0xDF, 0x7D, 0xDF, 0x7D,
    0x79, 0x5C, 0x10, 0x02, 0xBF, 0x7D, 0xDF, 0x7D, 0xBF, 0x7D, 0x10, 0x02, 0x10, 0x02, 0x10, 0x02,
    0x10, 0x02, 0x79, 0x5C, 0xDF, 0x7D, 0xDF, 0x7D, 0x9A, 0x5C, 0xB2, 0x22, 0xBF, 0x7D, 0xDF, 0x7D,
    0xBF, 0x7D, 0x10, 0x02, 0x10, 0x02, 0x10, 0x02, 0x10, 0x02, 0x79, 0x5C, 0xDF, 0x7D, 0xDF, 0x7D,
    0xDF, 0x7D, 0xBF, 0x7D, 0xDF, 0x7D, 0xDF, 0x7D, 0xBF, 0x7D, 0x10, 0x02, 0x10, 0x02, 0x10, 0x02,
    0x10, 0x02, 0x79, 0x5C, 0xDF, 0x7D, 0xDF, 0x7D, 0xDF, 0x7D, 0xDF, 0x7D, 0xDF, 0x7D, 0xDF, 0x7D,
    0xBF, 0x7D, 0x10, 0x02, 0x10, 0x02, 0x10, 0x02, 0x10, 0x02, 0x79, 0x5C, 0xDF, 0x7D, 0xDF, 0x7D,
    0xDF, 0x7D, 0xBF, 0x7D, 0xDF, 0x7D, 0xDF, 0x7D, 0xBF, 0x7D, 0x10, 0x02, 0x10, 0x02, 0x10, 0x02,
    0x10, 0x02, 0x79, 0x5C, 0xDF, 0x7D, 0xDF, 0x7D, 0x9A, 0x5C, 0xB2, 0x22, 0xBF, 0x7D, 0xDF, 0x7D,
    0xBF, 0x7D, 0x10, 0x02, 0x10, 0x02, 0x10, 0x02, 0x10, 0x02, 0x79, 0x5C, 0xDF, 0x7D, 0xDF, 0x7D,
    0x79, 0x5C, 0x10, 0x02, 0xBF, 0x7D, 0xDF, 0x7D, 0xBF, 0x7D, 0x10, 0x02, 0x10, 0x02, 0x10, 0x02,
    0x10, 0x02, 0x79, 0x5C, 0xDF, 0x7D, 0xDF, 0x7D, 0x79, 0x5C, 0x10, 0x02, 0xBF, 0x7D, 0xDF, 0x7D,
    0xBF, 0x7D, 0x10, 0x02, 0x10, 0x02, 0x10, 0x02, 0x10, 0x02, 0x79, 0x5C, 0xDF, 0x7D, 0xDF, 0x7D,
    0x79, 0x5C, 0x10, 0x02, 0xBF, 0x7D, 0xDF, 0x7D, 0xBF, 0x7D, 0x10, 0x02, 0x10, 0x02, 0x10, 0x02,
    0x10, 0x02, 0x95, 0x3B, 0x79, 0x5C, 0x79, 0x5C, 0x95, 0x3B, 0x10, 0x02, 0x79, 0x54, 0x79, 0x5C,
    0x79, 0x54, 0x10, 0x02, 0x10, 0x02, 0x10, 0x02, 0x10, 0x02, 0x10, 0x02, 0x10, 0x02, 0x10, 0x02,
    0x10, 0x02, 0x10, 0x02, 0x10, 0x02, 0x10, 0x02, 0x10, 0x02, 0x10, 0x02, 0x10, 0x02, 0x10, 0x02,
    0x10, 0x02, 0x10, 0x02, 0x10, 0x02, 0x10, 0x02, 0x79, 0x54, 0xBF, 0x7D, 0xBF, 0x7D, 0x79, 0x54,
    0x10, 0x02, 0x10, 0x02, 0x10, 0x02, 0x10, 0x02, 0x10, 0x02, 0x10, 0x02, 0x10, 0x02, 0x10, 0x02,
    0x79, 0x5C, 0xDF, 0x7D, 0xDF, 0x7D, 0x79, 0x5C, 0x10, 0x02, 0x10, 0x02, 0x10, 0x02, 0x10, 0x02,
    0x10, 0x02, 0x10, 0x02, 0x10, 0x02, 0x10, 0x02, 0x79, 0x5C, 0xDF, 0x7D, 0xDF, 0x7D, 0x79, 0x5C,
    0x10, 0x02, 0x10, 0x02, 0x10, 0x02, 0x10, 0x02, 0x10, 0x02, 0x10, 0x02, 0x10, 0x02, 0x10, 0x02,
    0x79, 0x5C, 0xDF, 0x7D, 0xDF, 0x7D, 0x79, 0x5C, 0x10, 0x02, 0x10, 0x02, 0x10, 0x02, 0x10, 0x02,
    0x10, 0x02, 0x10, 0x02, 0x10, 0x02, 0x10, 0x02, 0x79, 0x5C, 0xDF, 0x7D, 0xDF, 0x7D, 0x79, 0x5C,
    0x10, 0x02, 0x10, 0x02, 0x10, 0x02, 0x10, 0x02, 0x10, 0x02, 0x10, 0x02, 0x10, 0x02, 0x10, 0x02,
    0x79, 0x5C, 0xDF, 0x7D, 0xDF, 0x7D, 0x79, 0x5C, 0x10, 0x02, 0x10, 0x02, 0x10, 0x02, 0x10, 0x02,
    0x10, 0x02, 0x10, 0x02, 0x10, 0x02, 0x10, 0x02, 0x79, 0x5C, 0xDF, 0x7D, 0xDF, 0x7D, 0x79, 0x5C,
    0x10, 0x02, 0x10, 0x02, 0x10, 0x02, 0x10, 0x02, 0x10, 0x02, 0x10, 0x02, 0x10, 0x02, 0x10, 0x02,
    0x79, 0x5C, 0xDF, 0x7D, 0xDF, 0x7D, 0x79, 0x5C, 0x10, 0x02, 0x10, 0x02, 0x10, 0x02, 0x10, 0x02,
    0x10, 0x02, 0x10, 0x02, 0x10, 0x02, 0x10, 0x02, 0x79, 0x5C, 0xDF, 0x7D, 0xDF, 0x7D, 0x79, 0x5C,
    0x10, 0x02, 0x10, 0x02, 0x10, 0x02, 0x10, 0x02, 0x10, 0x02, 0x10, 0x02, 0x10, 0x02, 0x10, 0x02,
    0x79, 0x5C, 0xDF, 0x7D, 0xDF, 0x7D, 0x79, 0x5C, 0x10, 0x02, 0x10, 0x02, 0x10, 0x02, 0x10, 0x02,
    0x10, 0x02, 0x10, 0x02, 0x10, 0x02, 0x10, 0x02, 0x95, 0x3B, 0x79, 0x5C, 0x79, 0x5C, 0x95, 0x3B,
    0x10, 0x02, 0x10, 0x02, 0x10, 0x02, 0x10, 0x02, 0x10, 0x02, 0x10, 0x02, 0x10, 0x02, 0x10, 0x02,
    0x10, 0x02, 0x10, 0x02, 0x10, 0x02, 0x10, 0x02, 0x10, 0x02, 0x10, 0x02, 0x10, 0x02, 0x10, 0x02,
    0x10, 0x02, 0x10, 0x02, 0x10, 0x02, 0xBF, 0x75, 0xBF, 0x7D, 0xBF, 0x7D, 0xBF, 0x7D, 0xBF, 0x7D,
    0xBF, 0x7D, 0xBF, 0x7D, 0x79, 0x54, 0x10, 0x02, 0x10, 0x02, 0x10, 0x02, 0x10, 0x02, 0xBF, 0x7D,
    0xDF, 0x7D, 0xDF, 0x7D, 0xDF, 0x7D, 0xDF, 0x7D, 0xDF, 0x7D, 0xDF, 0x7D, 0x79, 0x5C, 0x10, 0x02,
    0x10, 0x02, 0x10, 0x02, 0x10, 0x02, 0xBF, 0x75, 0xBF, 0x7D, 0xBF, 0x7D, 0xDF, 0x7D, 0xDF, 0x7D,
    0xDF, 0x7D, 0xBF, 0x7D, 0x79, 0x54, 0x10, 0x02, 0x10, 0x02, 0x10, 0x02, 0x10, 0x02, 0x10, 0x02,
    0x10, 0x02, 0xB2, 0x22, 0xBF, 0x7D, 0xDF, 0x7D, 0xBF, 0x7D, 0xB2, 0x22, 0x10, 0x02, 0x10, 0x02,
    0x10, 0x02, 0x10, 0x02, 0x10, 0x02, 0x10, 0x02, 0x10, 0x02, 0x10, 0x02, 0xBF, 0x7D, 0xDF, 0x7D,
    0xBF, 0x7D, 0x10, 0x02, 0x10, 0x02, 0x10, 0x02, 0x10, 0x02, 0x10, 0x02, 0x10, 0x02, 0x10, 0x02,
    0x10, 0x02, 0x10, 0x02, 0xBF, 0x7D, 0xDF, 0x7D, 0xBF, 0x7D, 0x10, 0x02, 0x10, 0x02, 0x10, 0x02,
    0x10, 0x02, 0x79, 0x54, 0xBF, 0x7D, 0xBF, 0x7D, 0x79, 0x54, 0x10, 0x02, 0xBF, 0x7D, 0xDF, 0x7D,
    0xBF, 0x7D, 0x10, 0x02, 0x10, 0x02, 0x10, 0x02, 0x10, 0x02, 0x79, 0x5C, 0xDF, 0x7D, 0xDF, 0x7D,
    0x3D, 0x6D, 0x9A, 0x5C, 0xDF, 0x7D, 0xDF, 0x7D, 0xBF, 0x7D, 0x10, 0x02, 0x10, 0x02, 0x10, 0x02,
    0x10, 0x02, 0x79, 0x54, 0xBF, 0x7D, 0xDF, 0x7D, 0xDF, 0x7D, 0xDF, 0x7D, 0xDF, 0x7D, 0xDF, 0x7D,
    0xBF, 0x75, 0x10, 0x02, 0x10, 0x02, 0x10, 0x02, 0x10, 0x02, 0x10, 0x02, 0xB2, 0x22, 0xBF, 0x7D,
    0xDF, 0x7D, 0xDF, 0x7D, 0xDF, 0x7D, 0x9A, 0x5C, 0x10, 0x02, 0x10, 0x02, 0x10, 0x02, 0x10, 0x02,
    0x10, 0x02, 0x10, 0x02, 0x10, 0x02, 0x79, 0x54, 0x79, 0x5C, 0x79, 0x5C, 0x79, 0x5C, 0x95, 0x3B,
    0x10, 0x02, 0x10, 0x02, 0x10, 0x02, 0x10, 0x02, 0x10, 0x02, 0x10, 0x02, 0x10, 0x02, 0x10, 0x02,
    0x10, 0x02, 0x10, 0x02, 0x10, 0x02, 0x10, 0x02, 0x10, 0x02, 0x10, 0x02, 0x10, 0x02, 0x10, 0x02,
    0x10, 0x02, 0x79, 0x54, 0xBF, 0x7D, 0xBF, 0x7D, 0x79, 0x54, 0x10, 0x02, 0xBF, 0x75, 0xBF, 0x7D,
    0xBF, 0x7D, 0xBF, 0x7D, 0x79, 0x54, 0x10, 0x02, 0x10, 0x02, 0x79, 0x5C, 0xDF, 0x7D, 0xDF, 0x7D,
    0x79, 0x5C, 0x10, 0x02, 0xBF, 0x7D, 0xDF, 0x7D, 0xDF, 0x7D, 0xDF, 0x7D, 0x79, 0x5C, 0x10, 0x02,
    0x10, 0x02, 0x79, 0x5C, 0xDF, 0x7D, 0xDF, 0x7D, 0x9A, 0x5C, 0xB2, 0x22, 0xBF, 0x7D, 0xDF, 0x7D,
    0xDF, 0x7D, 0xBF, 0x7D, 0x79, 0x54, 0x10, 0x02, 0x10, 0x02, 0x79, 0x5C, 0xDF, 0x7D, 0xDF, 0x7D,
    0xDF, 0x7D, 0xBF, 0x7D, 0xDF, 0x7D, 0xDF, 0x7D, 0xBF, 0x7D, 0xB2, 0x22, 0x10, 0x02, 0x10, 0x02,
    0x10, 0x02, 0x79, 0x5C, 0xDF, 0x7D, 0xDF, 0x7D, 0xDF, 0x7D, 0xDF, 0x7D, 0xDF, 0x7D, 0xDF, 0x7D,
    0xBF, 0x7D, 0x10, 0x02, 0x10, 0x02, 0x10, 0x02, 0x10, 0x02, 0x79, 0x5C, 0xDF, 0x7D, 0xDF, 0x7D,
    0xDF, 0x7D, 0xDF, 0x7D, 0xDF, 0x7D, 0xDF, 0x7D, 0xBF, 0x7D, 0x10, 0x02, 0x10, 0x02, 0x10, 0x02,
    0x10, 0x02, 0x79, 0x5C, 0xDF, 0x7D, 0xDF, 0x7D, 0xDF, 0x7D, 0xDF, 0x7D, 0xDF, 0x7D, 0xDF, 0x7D,
    0xBF, 0x7D, 0x10, 0x02, 0x10, 0x02, 0x10, 0x02, 0x10, 0x02, 0x79, 0x5C, 0xDF, 0x7D, 0xDF, 0x7D,
    0x3D, 0x6D, 0x9A, 0x5C, 0xDF, 0x7D, 0xDF, 0x7D, 0xDF, 0x7D, 0x9A, 0x5C, 0x95, 0x3B, 0x10, 0x02,
    0x10, 0x02, 0x79, 0x5C, 0xDF, 0x7D, 0xDF, 0x7D, 0x79, 0x5C, 0x10, 0x02, 0xBF, 0x7D, 0xDF, 0x7D,
    0xDF, 0x7D, 0xDF, 0x7D, 0x79, 0x5C, 0x10, 0x02, 0x10, 0x02, 0x79, 0x5C, 0xDF, 0x7D, 0xDF, 0x7D,
    0x79, 0x5C, 0x10, 0x02, 0xBF, 0x7D, 0xDF, 0x7D, 0xDF, 0x7D, 0xDF, 0x7D, 0x79, 0x5C, 0x10, 0x02,
    0x10, 0x02, 0x95, 0x3B, 0x79, 0x5C, 0x79, 0x5C, 0x95, 0x3B, 0x10, 0x02, 0x79, 0x54, 0x79, 0x5C,
    0x79, 0x5C, 0x79, 0x5C, 0x95, 0x3B, 0x10, 0x02, 0x10, 0x02, 0x10, 0x02, 0x10, 0x02, 0x10, 0x02,
    0x10, 0x02, 0x10, 0x02, 0x10, 0x02, 0x10, 0x02, 0x10, 0x02, 0x10, 0x02, 0x10, 0x02, 0x10, 0x02,
    0x10, 0x02, 0x79, 0x54, 0xBF, 0x7D, 0xBF, 0x7D, 0x79, 0x54, 0x10, 0x02, 0x10, 0x02, 0x10, 0x02,
    0x10, 0x02, 0x10, 0x02, 0x10, 0x02, 0x10, 0x02, 0x10, 0x02, 0x79, 0x5C, 0xDF, 0x7D, 0xDF, 0x7D,
    0x79, 0x5C, 0x10, 0x02, 0x10, 0x02, 0x10, 0x02, 0x10, 0x02, 0x10, 0x02, 0x10, 0x02, 0x10, 0x02,
    0x10, 0x02, 0x79, 0x5C, 0xDF, 0x7D, 0xDF, 0x7D, 0x79, 0x5C, 0x10, 0x02, 0x10, 0x02, 0x10, 0x02,
    0x10, 0x02, 0x10, 0x02, 0x10, 0x02, 0x10, 0x02, 0x10, 0x02, 0x79, 0x5C, 0xDF, 0x7D, 0xDF, 0x7D,
    0x79, 0x5C, 0x10, 0x02, 0x10, 0x02, 0x10, 0x02, 0x10, 0x02, 0x10, 0x02, 0x10, 0x02, 0x10, 0x02,
    0x10, 0x02, 0x79, 0x5C, 0xDF, 0x7D, 0xDF, 0x7D, 0x79, 0x5C, 0x10, 0x02, 0x10, 0x02, 0x10, 0x02,
    0x10, 0x02, 0x10, 0x02, 0x10, 0x02, 0x10, 0x02, 0x10, 0x02, 0x79, 0x5C, 0xDF, 0x7D, 0xDF, 0x7D,
    0x79, 0x5C, 0x10, 0x02, 0x10, 0x02, 0x10, 0x02, 0x10, 0x02, 0x10, 0x02, 0x10, 0x02, 0x10, 0x02,
    0x10, 0x02, 0x79, 0x5C, 0xDF, 0x7D, 0xDF, 0x7D, 0x79, 0x5C, 0x10, 0x02, 0x10, 0x02, 0x10, 0x02,
    0x10, 0x02, 0x10, 0x02, 0x10, 0x02, 0x10, 0x02, 0x10, 0x02, 0x79, 0x5C, 0xDF, 0x7D, 0xDF, 0x7D,
    0x3D, 0x6D, 0x79, 0x5C, 0x79, 0x5C, 0x79, 0x5C, 0x79, 0x54, 0x10, 0x02, 0x10, 0x02, 0x10, 0x02,
    0x10, 0x02, 0x79, 0x5C, 0xDF, 0x7D, 0xDF, 0x7D, 0xDF, 0x7D, 0xDF, 0x7D, 0xDF, 0x7D, 0xDF, 0x7D,
    0xBF, 0x7D, 0x10, 0x02, 0x10, 0x02, 0x10, 0x02, 0x10, 0x02, 0x79, 0x5C, 0xDF, 0x7D, 0xDF, 0x7D,
    0xDF, 0x7D, 0xDF, 0x7D, 0xDF, 0x7D, 0xDF, 0x7D, 0xBF, 0x7D, 0x10, 0x02, 0x10, 0x02, 0x10, 0x02,
    0x10, 0x02, 0x95, 0x3B, 0x79, 0x5C, 0x79, 0x5C, 0x79, 0x5C, 0x79, 0x5C, 0x79, 0x5C, 0x79, 0x5C,
    0x79, 0x54, 0x10, 0x02, 0x10, 0x02, 0x10, 0x02, 0x10, 0x02, 0x10, 0x02, 0x10, 0x02, 0x10, 0x02,
    0x10, 0x02, 0x10, 0x02, 0x10, 0x02, 0x10, 0x02, 0x10, 0x02, 0x10, 0x02, 0x10, 0x02, 0x10, 0x02,
    0x10, 0x02, 0x79, 0x54, 0xBF, 0x75, 0x10, 0x02, 0x10, 0x02, 0x10, 0x02, 0x10, 0x02, 0x10, 0x02,
    0x10, 0x02, 0x10, 0x02, 0x79, 0x54, 0xBF, 0x7D, 0x10, 0x02, 0x79, 0x5C, 0xDF, 0x7D, 0x9A, 0x5C,
    0x95, 0x3B, 0x10, 0x02, 0x10, 0x02, 0x10, 0x02, 0x10, 0x02, 0x79, 0x54, 0x3D, 0x6D, 0xDF, 0x7D,
    0x10, 0x02, 0x79, 0x5C, 0xDF, 0x7D, 0xDF, 0x7D, 0x9A, 0x5C, 0x10, 0x02, 0x10, 0x02, 0x10, 0x02,
    0xB2, 0x22, 0xBF, 0x7D, 0xDF, 0x7D, 0xDF, 0x7D, 0x10, 0x02, 0x79, 0x5C, 0xDF, 0x7D, 0xDF, 0x7D,
    0xDF, 0x7D, 0xBF, 0x75, 0x10, 0x02, 0x79, 0x54, 0xBF, 0x7D, 0xDF, 0x7D, 0xDF, 0x7D, 0xDF, 0x7D,
    0x10, 0x02, 0x79, 0x5C, 0xDF, 0x7D, 0xDF, 0x7D, 0xDF, 0x7D, 0xDF, 0x7D, 0x9A, 0x5C, 0x3D, 0x6D,
    0xDF, 0x7D, 0xDF, 0x7D, 0xDF, 0x7D, 0xDF, 0x7D, 0x10, 0x02, 0x79, 0x5C, 0xDF, 0x7D, 0xDF, 0x7D,
    0xDF, 0x7D, 0xBF, 0x7D, 0xDF, 0x7D, 0xDF, 0x7D, 0xBF, 0x7D, 0xDF, 0x7D, 0xDF, 0x7D, 0xDF, 0x7D,
    0x10, 0x02, 0x79, 0x5C, 0xDF, 0x7D, 0xDF, 0x7D, 0x9A, 0x5C, 0xB2, 0x22, 0xBF, 0x7D, 0x9A, 0x5C,
    0xB2, 0x22, 0xBF, 0x7D, 0xDF, 0x7D, 0xDF, 0x7D, 0x10, 0x02, 0x79, 0x5C, 0xDF, 0x7D, 0xDF, 0x7D,
    0x79, 0x5C, 0x10, 0x02, 0x79, 0x54, 0x95, 0x3B, 0x10, 0x02, 0xBF, 0x7D, 0xDF, 0x7D, 0xDF, 0x7D,
    0x10, 0x02, 0x79, 0x5C, 0xDF, 0x7D, 0xDF, 0x7D, 0x79, 0x5C, 0x10, 0x02, 0x10, 0x02, 0x10, 0x02,
    0x10, 0x02, 0xBF, 0x7D, 0xDF, 0x7D, 0xDF, 0x7D, 0x10, 0x02, 0x79, 0x5C, 0xDF, 0x7D, 0xDF, 0x7D,
    0x79, 0x5C, 0x10, 0x02, 0x10, 0x02, 0x10, 0x02, 0x10, 0x02, 0xBF, 0x7D, 0xDF, 0x7D, 0xDF, 0x7D,
    0x10, 0x02, 0x95, 0x3B, 0x79, 0x5C, 0x79, 0x5C, 0x95, 0x3B, 0x10, 0x02, 0x10, 0x02, 0x10, 0x02,
    0x10, 0x02, 0x79, 0x54, 0x79, 0x5C, 0x79, 0x5C, 0x10, 0x02, 0x10, 0x02, 0x10, 0x02, 0x10, 0x02,
    0x10, 0x02, 0x10, 0x02, 0x10, 0x02, 0x10, 0x02, 0x10, 0x02, 0x10, 0x02, 0x10, 0x02, 0x10, 0x02,
    0x10, 0x02, 0x79, 0x54, 0xBF, 0x7D, 0xBF, 0x7D, 0x79, 0x54, 0x10, 0x02, 0x10, 0x02, 0x79, 0x54,
    0xBF, 0x7D, 0xBF, 0x7D, 0x79, 0x54, 0x10, 0x02, 0x10, 0x02, 0x79, 0x5C, 0xDF, 0x7D, 0xDF, 0x7D,
    0x3D, 0x6D, 0x79, 0x54, 0x10, 0x02, 0x79, 0x5C, 0xDF, 0x7D, 0xDF, 0x7D, 0x79, 0x5C, 0x10, 0x02,
    0x10, 0x02, 0x79, 0x5C, 0xDF, 0x7D, 0xDF, 0x7D, 0xDF, 0x7D, 0xBF, 0x7D, 0xB2, 0x22, 0x9A, 0x5C,
    0xDF, 0x7D, 0xDF, 0x7D, 0x79, 0x5C, 0x10, 0x02, 0x10, 0x02, 0x79, 0x5C, 0xDF, 0x7D, 0xDF, 0x7D,
    0xDF, 0x7D, 0xDF, 0x7D, 0xBF, 0x7D, 0xDF, 0x7D, 0xDF, 0x7D, 0xDF, 0x7D, 0x79, 0x5C, 0x10, 0x02,
    0x10, 0x02, 0x79, 0x5C, 0xDF, 0x7D, 0xDF, 0x7D, 0x3D, 0x6D, 0x9A, 0x5C, 0xDF, 0x7D, 0xDF, 0x7D,
    0xDF, 0x7D, 0xDF, 0x7D, 0x79, 0x5C, 0x10, 0x02, 0x10, 0x02, 0x79, 0x5C, 0xDF, 0x7D, 0xDF, 0x7D,
    0x79, 0x5C, 0x10, 0x02, 0xBF, 0x75, 0xDF, 0x7D, 0xDF, 0x7D, 0xDF, 0x7D, 0x79, 0x5C, 0x10, 0x02,
    0x10, 0x02, 0x79, 0x5C, 0xDF, 0x7D, 0xDF, 0x7D, 0x79, 0x5C, 0x10, 0x02, 0x10, 0x02, 0x9A, 0x5C,
    0xDF, 0x7D, 0xDF, 0x7D, 0x79, 0x5C, 0x10, 0x02, 0x10, 0x02, 0x79, 0x5C, 0xDF, 0x7D, 0xDF, 0x7D,
    0x79, 0x5C, 0x10, 0x02, 0x10, 0x02, 0x79, 0x5C, 0xDF, 0x7D, 0xDF, 0x7D, 0x79, 0x5C, 0x10, 0x02,
    0x10, 0x02, 0x79, 0x5C, 0xDF, 0x7D, 0xDF, 0x7D, 0x79, 0x5C, 0x10, 0x02, 0x10, 0x02, 0x79, 0x5C,
    0xDF, 0x7D, 0xDF, 0x7D, 0x79, 0x5C, 0x10, 0x02, 0x10, 0x02, 0x79, 0x5C, 0xDF, 0x7D, 0xDF, 0x7D,
    0x79, 0x5C, 0x10, 0x02, 0x10, 0x02, 0x79, 0x5C, 0xDF, 0x7D, 0xDF, 0x7D, 0x79, 0x5C, 0x10, 0x02,
    0x10, 0x02, 0x95, 0x3B, 0x79, 0x5C, 0x79, 0x5C, 0x95, 0x3B, 0x10, 0x02, 0x10, 0x02, 0x95, 0x3B,
    0x79, 0x5C, 0x79, 0x5C, 0x95, 0x3B, 0x10, 0x02, 0x10, 0x02, 0x10, 0x02, 0x10, 0x02, 0x10, 0x02,
    0x10, 0x02, 0x10, 0x02, 0x10, 0x02, 0x10, 0x02, 0x10, 0x02, 0x10, 0x02, 0x10, 0x02, 0x10, 0x02,
    0x10, 0x02, 0x10, 0x02, 0x10, 0x02, 0xBF, 0x75, 0xBF, 0x7D, 0xBF, 0x7D, 0xBF, 0x7D, 0x79, 0x54,
    0x10, 0x02, 0x10, 0x02, 0x10, 0x02, 0x10, 0x02, 0x10, 0x02, 0x95, 0x3B, 0x9A, 0x5C, 0xDF, 0x7D,
    0xDF, 0x7D, 0xDF, 0x7D, 0xDF, 0x7D, 0x3D, 0x6D, 0x79, 0x54, 0x10, 0x02, 0x10, 0x02, 0x10, 0x02,
    0x10, 0x02, 0x79, 0x5C, 0xDF, 0x7D, 0xDF, 0x7D, 0xDF, 0x7D, 0xBF, 0x7D, 0xDF, 0x7D, 0xDF, 0x7D,
    0xBF, 0x7D, 0x10, 0x02, 0x10, 0x02, 0x10, 0x02, 0x10, 0x02, 0x79, 0x5C, 0xDF, 0x7D, 0xDF, 0x7D,
    0x9A, 0x5C, 0xB2, 0x22, 0xBF, 0x7D, 0xDF, 0x7D, 0xBF, 0x7D, 0x10, 0x02, 0x10, 0x02, 0x10, 0x02,
    0x10, 0x02, 0x79, 0x5C, 0xDF, 0x7D, 0xDF, 0x7D, 0x79, 0x5C, 0x10, 0x02, 0xBF, 0x7D, 0xDF, 0x7D,
    0xBF, 0x7D, 0x10, 0x02, 0x10, 0x02, 0x10, 0x02, 0x10, 0x02, 0x79, 0x5C, 0xDF, 0x7D, 0xDF, 0x7D,
    0x79, 0x5C, 0x10, 0x02, 0xBF, 0x7D, 0xDF, 0x7D, 0xBF, 0x7D, 0x10, 0x02, 0x10, 0x02, 0x10, 0x02,
    0x10, 0x02, 0x79, 0x5C, 0xDF, 0x7D, 0xDF, 0x7D, 0x79, 0x5C, 0x10, 0x02, 0xBF, 0x7D, 0xDF, 0x7D,
    0xBF, 0x7D, 0x10, 0x02, 0x10, 0x02, 0x10, 0x02, 0x10, 0x02, 0x79, 0x5C, 0xDF, 0x7D, 0xDF, 0x7D,
    0x3D, 0x6D, 0x9A, 0x5C, 0xDF, 0x7D, 0xDF, 0x7D, 0xBF, 0x7D, 0x10, 0x02, 0x10, 0x02, 0x10, 0x02,
    0x10, 0x02, 0x79, 0x54, 0xBF, 0x7D, 0xDF, 0x7D, 0xDF, 0x7D, 0xDF, 0x7D, 0xDF, 0x7D, 0xDF, 0x7D,
    0xBF, 0x75, 0x10, 0x02, 0x10, 0x02, 0x10, 0x02, 0x10, 0x02, 0x10, 0x02, 0xB2, 0x22, 0xBF, 0x7D,
    0xDF, 0x7D, 0xDF, 0x7D, 0xDF, 0x7D, 0x9A, 0x5C, 0x10, 0x02, 0x10, 0x02, 0x10, 0x02, 0x10, 0x02,
    0x10, 0x02, 0x10, 0x02, 0x10, 0x02, 0x79, 0x54, 0x79, 0x5C, 0x79, 0x5C, 0x79, 0x5C, 0x95, 0x3B,
    0x10, 0x02, 0x10, 0x02, 0x10, 0x02, 0x10, 0x02, 0x10, 0x02, 0x10, 0x02, 0x10, 0x02, 0x10, 0x02,
    0x10, 0x02, 0x10, 0x02, 0x10, 0x02, 0x10, 0x02, 0x10, 0x02, 0x10, 0x02, 0x10, 0x02, 0x10, 0x02,
    0x10, 0x02, 0x79, 0x54, 0xBF, 0x7D, 0xBF, 0x7D, 0xBF, 0x7D, 0xBF, 0x7D, 0xBF, 0x7D, 0x79, 0x54,
    0x10, 0x02, 0x10, 0x02, 0x10, 0x02, 0x10, 0x02, 0x10, 0x02, 0x79, 0x5C, 0xDF, 0x7D, 0xDF, 0x7D,
    0xDF, 0x7D, 0xDF, 0x7D, 0xDF, 0x7D, 0x3D, 0x6D, 0x79, 0x54, 0x10, 0x02, 0x10, 0x02, 0x10, 0x02,
    0x10, 0x02, 0x79, 0x5C, 0xDF, 0x7D, 0xDF, 0x7D, 0xDF, 0x7D, 0xBF, 0x7D, 0xDF, 0x7D, 0xDF, 0x7D,
    0xBF, 0x7D, 0x10, 0x02, 0x10, 0x02, 0x10, 0x02, 0x10, 0x02, 0x79, 0x5C, 0xDF, 0x7D, 0xDF, 0x7D,
    0x9A, 0x5C, 0xB2, 0x22, 0xBF, 0x7D, 0xDF, 0x7D, 0xBF, 0x7D, 0x10, 0x02, 0x10, 0x02, 0x10, 0x02,
    0x10, 0x02, 0x79, 0x5C, 0xDF, 0x7D, 0xDF, 0x7D, 0x3D, 0x6D, 0x9A, 0x5C, 0xDF, 0x7D, 0xDF, 0x7D,
    0xBF, 0x7D, 0x10, 0x02, 0x10, 0x02, 0x10, 0x02, 0x10, 0x02, 0x79, 0x5C, 0xDF, 0x7D, 0xDF, 0x7D,
    0xDF, 0x7D, 0xDF, 0x7D, 0xDF, 0x7D, 0xDF, 0x7D, 0xBF, 0x75, 0x10, 0x02, 0x10, 0x02, 0x10, 0x02,
    0x10, 0x02, 0x79, 0x5C, 0xDF, 0x7D, 0xDF, 0x7D, 0xDF, 0x7D, 0xDF, 0x7D, 0xDF, 0x7D, 0x9A, 0x5C,
    0x10, 0x02, 0x10, 0x02, 0x10, 0x02, 0x10, 0x02, 0x10, 0x02, 0x79, 0x5C, 0xDF, 0x7D, 0xDF, 0x7D,
    0x3D, 0x6D, 0x79, 0x5C, 0x79, 0x5C, 0x95, 0x3B, 0x10, 0x02, 0x10, 0x02, 0x10, 0x02, 0x10, 0x02,
    0x10, 0x02, 0x79, 0x5C, 0xDF, 0x7D, 0xDF, 0x7D, 0x79, 0x5C, 0x10, 0x02, 0x10, 0x02, 0x10, 0x02,
    0x10, 0x02, 0x10, 0x02, 0x10, 0x02, 0x10, 0x02, 0x10, 0x02, 0x79, 0x5C, 0xDF, 0x7D, 0xDF, 0x7D,
    0x79, 0x5C, 0x10, 0x02, 0x10, 0x02, 0x10, 0x02, 0x10, 0x02, 0x10, 0x02, 0x10, 0x02, 0x10, 0x02,
    0x10, 0x02, 0x95, 0x3B, 0x79, 0x5C, 0x79, 0x5C, 0x95, 0x3B, 0x10, 0x02, 0x10, 0x02, 0x10, 0x02,
    0x10, 0x02, 0x10, 0x02, 0x10, 0x02, 0x10, 0x02, 0x10, 0x02, 0x10, 0x02, 0x10, 0x02, 0x10, 0x02,
    0x10, 0x02, 0x10, 0x02, 0x10, 0x02, 0x10, 0x02, 0x10, 0x02, 0x10, 0x02, 0x10, 0x02, 0x10, 0x02,
    0x10, 0x02, 0x10, 0x02, 0x10, 0x02, 0xBF, 0x75, 0xBF, 0x7D, 0xBF, 0x7D, 0xBF, 0x7D, 0xBF, 0x7D,
    0xBF, 0x75, 0x10, 0x02, 0x10, 0x02, 0x10, 0x02, 0x10, 0x02, 0x95, 0x3B, 0x9A, 0x5C, 0xDF, 0x7D,
    0xDF, 0x7D, 0xDF, 0x7D, 0xDF, 0x7D, 0xDF, 0x7D, 0xDF, 0x7D, 0x9A, 0x5C, 0x95, 0x3B, 0x10, 0x02,
    0x10, 0x02, 0x79, 0x5C, 0xDF, 0x7D, 0xDF, 0x7D, 0xDF, 0x7D, 0xBF, 0x7D, 0xBF, 0x7D, 0xDF, 0x7D,
    0xDF, 0x7D, 0xDF, 0x7D, 0x79, 0x5C, 0x10, 0x02, 0x10, 0x02, 0x79, 0x5C, 0xDF, 0x7D, 0xDF, 0x7D,
    0x9A, 0x5C, 0x10, 0x02, 0x10, 0x02, 0x9A, 0x5C, 0xDF, 0x7D, 0xDF, 0x7D, 0x79, 0x5C, 0x10, 0x02,
    0x10, 0x02, 0x79, 0x5C, 0xDF, 0x7D, 0xDF, 0x7D, 0x79, 0x5C, 0x10, 0x02, 0x10, 0x02, 0x79, 0x5C,
    0xDF, 0x7D, 0xDF, 0x7D, 0x79, 0x5C, 0x10, 0x02, 0x10, 0x02, 0x79, 0x5C, 0xDF, 0x7D, 0xDF, 0x7D,
    0x79, 0x5C, 0x10, 0x02, 0x10, 0x02, 0x79, 0x5C, 0xDF, 0x7D, 0xDF, 0x7D, 0x79, 0x5C, 0x10, 0x02,
    0x10, 0x02, 0x79, 0x5C, 0xDF, 0x7D, 0xDF, 0x7D, 0x79, 0x5C, 0x10, 0x02, 0x10, 0x02, 0x79, 0x5C,
    0xDF, 0x7D, 0xDF, 0x7D, 0x79, 0x5C, 0x10, 0x02, 0x10, 0x02, 0x79, 0x5C, 0xDF, 0x7D, 0xDF, 0x7D,
    0x3D, 0x6D, 0x79, 0x5C, 0x79, 0x5C, 0x3D, 0x6D, 0xDF, 0x7D, 0xDF, 0x7D, 0x79, 0x5C, 0x10, 0x02,
    0x10, 0x02, 0x79, 0x54, 0xBF, 0x7D, 0xDF, 0x7D, 0xDF, 0x7D, 0xDF, 0x7D, 0xDF, 0x7D, 0xDF, 0x7D,
    0xDF, 0x7D, 0xDF, 0x7D, 0x79, 0x5C, 0x10, 0x02, 0x10, 0x02, 0x10, 0x02, 0xB2, 0x22, 0xBF, 0x7D,
    0xDF, 0x7D, 0xDF, 0x7D, 0xDF, 0x7D, 0xDF, 0x7D, 0xDF, 0x7D, 0xDF, 0x7D, 0x79, 0x5C, 0x10, 0x02,
    0x10, 0x02, 0x10, 0x02, 0x10, 0x02, 0x79, 0x54, 0x79, 0x5C, 0x79, 0x5C, 0x79, 0x5C, 0x79, 0x5C,
    0x79, 0x5C, 0x79, 0x5C, 0x95, 0x3B, 0x10, 0x02, 0x10, 0x02, 0x10, 0x02, 0x10, 0x02, 0x10, 0x02,
    0x10, 0x02, 0x10, 0x02, 0x10, 0x02, 0x10, 0x02, 0x10, 0x02, 0x10, 0x02, 0x10, 0x02, 0x10, 0x02,
    0x10, 0x02, 0x79, 0x54, 0xBF, 0x7D, 0xBF, 0x7D, 0xBF, 0x7D, 0xBF, 0x7D, 0xBF, 0x7D, 0x79, 0x54,
    0x10, 0x02, 0x10, 0x02, 0x10, 0x02, 0x10, 0x02, 0x10, 0x02, 0x79, 0x5C, 0xDF, 0x7D, 0xDF, 0x7D,
    0xDF, 0x7D, 0xDF, 0x7D, 0xDF, 0x7D, 0x3D, 0x6D, 0x79, 0x54, 0x10, 0x02, 0x10, 0x02, 0x10, 0x02,
    0x10, 0x02, 0x79, 0x5C, 0xDF, 0x7D, 0xDF, 0x7D, 0xDF, 0x7D, 0xBF, 0x7D, 0xDF, 0x7D, 0xDF, 0x7D,
    0xBF, 0x7D, 0x10, 0x02, 0x10, 0x02, 0x10, 0x02, 0x10, 0x02, 0x79, 0x5C, 0xDF, 0x7D, 0xDF, 0x7D,
    0x9A, 0x5C, 0xB2, 0x22, 0xBF, 0x7D, 0xDF, 0x7D, 0xBF, 0x7D, 0x10, 0x02, 0x10, 0x02, 0x10, 0x02,
    0x10, 0x02, 0x79, 0x5C, 0xDF, 0x7D, 0xDF, 0x7D, 0x79, 0x5C, 0x10, 0x02, 0xBF, 0x7D, 0xDF, 0x7D,
    0xBF, 0x7D, 0x10, 0x02, 0x10, 0x02, 0x10, 0x02, 0x10, 0x02, 0x79, 0x5C, 0xDF, 0x7D, 0xDF, 0x7D,
    0x9A, 0x5C, 0xB2, 0x22, 0xBF, 0x7D, 0xDF, 0x7D, 0xBF, 0x75, 0x10, 0x02, 0x10, 0x02, 0x10, 0x02,
    0x10, 0x02, 0x79, 0x5C, 0xDF, 0x7D, 0xDF, 0x7D, 0xDF, 0x7D, 0xBF, 0x7D, 0xDF, 0x7D, 0x9A, 0x5C,
    0x10, 0x02, 0x10, 0x02, 0x10, 0x02, 0x10, 0x02, 0x10, 0x02, 0x79, 0x5C, 0xDF, 0x7D, 0xDF, 0x7D,
    0x3D, 0x6D, 0x9A, 0x5C, 0xDF, 0x7D, 0x3D, 0x6D, 0x79, 0x54, 0x10, 0x02, 0x10, 0x02, 0x10, 0x02,
    0x10, 0x02, 0x79, 0x5C, 0xDF, 0x7D, 0xDF, 0x7D, 0x79, 0x5C, 0x10, 0x02, 0xBF, 0x7D, 0xDF, 0x7D,
    0xBF, 0x7D, 0x10, 0x02, 0x10, 0x02, 0x10, 0x02, 0x10, 0x02, 0x79, 0x5C, 0xDF, 0x7D, 0xDF, 0x7D,
    0x79, 0x5C, 0x10, 0x02, 0xBF, 0x7D, 0xDF, 0x7D, 0xBF, 0x7D, 0x10, 0x02, 0x10, 0x02, 0x10, 0x02,
    0x10, 0x02, 0x95, 0x3B, 0x79, 0x5C, 0x79, 0x5C, 0x95, 0x3B, 0x10, 0x02, 0x79, 0x54, 0x79, 0x5C,
    0x79, 0x54, 0x10, 0x02, 0x10, 0x02, 0x10, 0x02, 0x10, 0x02, 0x10, 0x02, 0x10, 0x02, 0x10, 0x02,
    0x10, 0x02, 0x10, 0x02, 0x10, 0x02, 0x10, 0x02, 0x10, 0x02, 0x10, 0x02, 0x10, 0x02, 0x10, 0x02,
    0x10, 0x02, 0x10, 0x02, 0x10, 0x02, 0xBF, 0x75, 0xBF, 0x7D, 0xBF, 0x7D, 0xBF, 0x7D, 0xBF, 0x7D,
    0xBF, 0x75, 0x10, 0x02, 0x10, 0x02, 0x10, 0x02, 0x10, 0x02, 0x95, 0x3B, 0x9A, 0x5C, 0xDF, 0x7D,
    0xDF, 0x7D, 0xDF, 0x7D, 0xDF, 0x7D, 0xDF, 0x7D, 0xBF, 0x7D, 0x10, 0x02, 0x10, 0x02, 0x10, 0x02,
    0x10, 0x02, 0x79, 0x5C, 0xDF, 0x7D, 0xDF, 0x7D, 0xDF, 0x7D, 0xDF, 0x7D, 0xBF, 0x7D, 0xBF, 0x7D,
    0xBF, 0x75, 0x10, 0x02, 0x10, 0x02, 0x10, 0x02, 0x10, 0x02, 0x79, 0x5C, 0xDF, 0x7D, 0xDF, 0x7D,
    0xDF, 0x7D, 0xBF, 0x7D, 0xB2, 0x22, 0x10, 0x02, 0x10, 0x02, 0x10, 0x02, 0x10, 0x02, 0x10, 0x02,
    0x10, 0x02, 0x95, 0x3B, 0x9A, 0x5C, 0xDF, 0x7D, 0xDF, 0x7D, 0xDF, 0x7D, 0x9A, 0x5C, 0x95, 0x3B,
    0x10, 0x02, 0x10, 0x02, 0x10, 0x02, 0x10, 0x02, 0x10, 0x02, 0x10, 0x02, 0x10, 0x02, 0xBF, 0x75,
    0xBF, 0x7D, 0xBF, 0x7D, 0xDF, 0x7D, 0x9A, 0x5C, 0x10, 0x02, 0x10, 0x02, 0x10, 0x02, 0x10, 0x02,
    0x10, 0x02, 0x10, 0x02, 0x10, 0x02, 0x10, 0x02, 0x10, 0x02, 0xB2, 0x22, 0xBF, 0x7D, 0xDF, 0x7D,
    0xBF, 0x75, 0x10, 0x02, 0x10, 0x02, 0x10, 0x02, 0x10, 0x02, 0x95, 0x3B, 0x79, 0x5C, 0x79, 0x5C,
    0x79, 0x5C, 0x9A, 0x5C, 0xDF, 0x7D, 0xDF, 0x7D, 0xBF, 0x7D, 0x10, 0x02, 0x10, 0x02, 0x10, 0x02,
    0x10, 0x02, 0x79, 0x5C, 0xDF, 0x7D, 0xDF, 0x7D, 0xDF, 0x7D, 0xDF, 0x7D, 0xDF, 0x7D, 0xDF, 0x7D,
    0xBF, 0x75, 0x10, 0x02, 0x10, 0x02, 0x10, 0x02, 0x10, 0x02, 0x79, 0x5C, 0xDF, 0x7D, 0xDF, 0x7D,
    0xDF, 0x7D, 0xDF, 0x7D, 0xDF, 0x7D, 0x9A, 0x5C, 0x10, 0x02, 0x10, 0x02, 0x10, 0x02, 0x10, 0x02,
    0x10, 0x02, 0x95, 0x3B, 0x79, 0x5C, 0x79, 0x5C, 0x79, 0x5C, 0x79, 0x5C, 0x79, 0x5C, 0x95, 0x3B,
    0x10, 0x02, 0x10, 0x02, 0x10, 0x02, 0x10, 0x02, 0x10, 0x02, 0x10, 0x02, 0x10, 0x02, 0x10, 0x02,
    0x10, 0x02, 0x10, 0x02, 0x10, 0x02, 0x10, 0x02, 0x10, 0x02, 0x10, 0x02, 0x10, 0x02, 0x10, 0x02,
    0x10, 0x02, 0x79, 0x54, 0xBF, 0x7D, 0xBF, 0x7D, 0xBF, 0x7D, 0xBF, 0x7D, 0xBF, 0x7D, 0xBF, 0x7D,
    0xBF, 0x7D, 0xBF, 0x7D, 0x79, 0x54, 0x10, 0x02, 0x10, 0x02, 0x79, 0x5C, 0xDF, 0x7D, 0xDF, 0x7D,
    0xDF, 0x7D, 0xDF, 0x7D, 0xDF, 0x7D, 0xDF, 0x7D, 0xDF, 0x7D, 0xDF, 0x7D, 0x79, 0x5C, 0x10, 0x02,
    0x10, 0x02, 0x79, 0x54, 0xBF, 0x7D, 0xBF, 0x7D, 0xDF, 0x7D, 0xDF, 0x7D, 0xDF, 0x7D, 0xDF, 0x7D,
    0xBF, 0x7D, 0xBF, 0x7D, 0x79, 0x54, 0x10, 0x02, 0x10, 0x02, 0x10, 0x02, 0x10, 0x02, 0x10, 0x02,
    0x9A, 0x5C, 0xDF, 0x7D, 0xDF, 0x7D, 0x9A, 0x5C, 0x10, 0x02, 0x10, 0x02, 0x10, 0x02, 0x10, 0x02,
    0x10, 0x02, 0x10, 0x02, 0x10, 0x02, 0x10, 0x02, 0x79, 0x5C, 0xDF, 0x7D, 0xDF, 0x7D, 0x79, 0x5C,
    0x10, 0x02, 0x10, 0x02, 0x10, 0x02, 0x10, 0x02, 0x10, 0x02, 0x10, 0x02, 0x10, 0x02, 0x10, 0x02,
    0x79, 0x5C, 0xDF, 0x7D, 0xDF, 0x7D, 0x79, 0x5C, 0x10, 0x02, 0x10, 0x02, 0x10, 0x02, 0x10, 0x02,
    0x10, 0x02, 0x10, 0x02, 0x10, 0x02, 0x10, 0x02, 0x79, 0x5C, 0xDF, 0x7D, 0xDF, 0x7D, 0x79, 0x5C,
    0x10, 0x02, 0x10, 0x02, 0x10, 0x02, 0x10, 0x02, 0x10, 0x02, 0x10, 0x02, 0x10, 0x02, 0x10, 0x02,
    0x79, 0x5C, 0xDF, 0x7D, 0xDF, 0x7D, 0x79, 0x5C, 0x10, 0x02, 0x10, 0x02, 0x10, 0x02, 0x10, 0x02,
    0x10, 0x02, 0x10, 0x02, 0x10, 0x02, 0x10, 0x02, 0x79, 0x5C, 0xDF, 0x7D, 0xDF, 0x7D, 0x79, 0x5C,
    0x10, 0x02, 0x10, 0x02, 0x10, 0x02, 0x10, 0x02, 0x10, 0x02, 0x10, 0x02, 0x10, 0x02, 0x10, 0x02,
    0x79, 0x5C, 0xDF, 0x7D, 0xDF, 0x7D, 0x79, 0x5C, 0x10, 0x02, 0x10, 0x02, 0x10, 0x02, 0x10, 0x02,
    0x10, 0x02, 0x10, 0x02, 0x10, 0x02, 0x10, 0x02, 0x95, 0x3B, 0x79, 0x5C, 0x79, 0x5C, 0x95, 0x3B,
    0x10, 0x02, 0x10, 0x02, 0x10, 0x02, 0x10, 0x02, 0x10, 0x02, 0x10, 0x02, 0x10, 0x02, 0x10, 0x02,
    0x10, 0x02, 0x10, 0x02, 0x10, 0x02, 0x10, 0x02, 0x10, 0x02, 0x10, 0x02, 0x10, 0x02, 0x10, 0x02,
    0x10, 0x02, 0x79, 0x54, 0xBF, 0x7D, 0xBF, 0x7D, 0x79, 0x54, 0x10, 0x02, 0xBF, 0x75, 0xBF, 0x7D,
    0xBF, 0x75, 0x10, 0x02, 0x10, 0x02, 0x10, 0x02, 0x10, 0x02, 0x79, 0x5C, 0xDF, 0x7D, 0xDF, 0x7D,
    0x79, 0x5C, 0x10, 0x02, 0xBF, 0x7D, 0xDF, 0x7D, 0xBF, 0x7D, 0x10, 0x02, 0x10, 0x02, 0x10, 0x02,
    0x10, 0x02, 0x79, 0x5C, 0xDF, 0x7D, 0xDF, 0x7D, 0x79, 0x5C, 0x10, 0x02, 0xBF, 0x7D, 0xDF, 0x7D,
    0xBF, 0x7D, 0x10, 0x02, 0x10, 0x02, 0x10, 0x02, 0x10, 0x02, 0x79, 0x5C, 0xDF, 0x7D, 0xDF, 0x7D,
    0x79, 0x5C, 0x10, 0x02, 0xBF, 0x7D, 0xDF, 0x7D, 0xBF, 0x7D, 0x10, 0x02, 0x10, 0x02, 0x10, 0x02,
    0x10, 0x02, 0x79, 0x5C, 0xDF, 0x7D, 0xDF, 0x7D, 0x79, 0x5C, 0x10, 0x02, 0xBF, 0x7D, 0xDF, 0x7D,
    0xBF, 0x7D, 0x10, 0x02, 0x10, 0x02, 0x10, 0x02, 0x10, 0x02, 0x79, 0x5C, 0xDF, 0x7D, 0xDF, 0x7D,
    0x79, 0x5C, 0x10, 0x02, 0xBF, 0x7D, 0xDF, 0x7D, 0xBF, 0x7D, 0x10, 0x02, 0x10, 0x02, 0x10, 0x02,
    0x10, 0x02, 0x79, 0x5C, 0xDF, 0x7D, 0xDF, 0x7D, 0x79, 0x5C, 0x10, 0x02, 0xBF, 0x7D, 0xDF, 0x7D,
    0xBF, 0x7D, 0x10, 0x02, 0x10, 0x02, 0x10, 0x02, 0x10, 0x02, 0x79, 0x5C, 0xDF, 0x7D, 0xDF, 0x7D,
    0x3D, 0x6D, 0x9A, 0x5C, 0xDF, 0x7D, 0xDF, 0x7D, 0xBF, 0x7D, 0x10, 0x02, 0x10, 0x02, 0x10, 0x02,
    0x10, 0x02, 0x79, 0x5C, 0xDF, 0x7D, 0xDF, 0x7D, 0xDF, 0x7D, 0xDF, 0x7D, 0xDF, 0x7D, 0xDF, 0x7D,
    0xBF, 0x7D, 0x10, 0x02, 0x10, 0x02, 0x10, 0x02, 0x10, 0x02, 0x79, 0x5C, 0xDF, 0x7D, 0xDF, 0x7D,
    0xDF, 0x7D, 0xDF, 0x7D, 0xDF, 0x7D, 0xDF, 0x7D, 0xBF, 0x7D, 0x10, 0x02, 0x10, 0x02, 0x10, 0x02,
    0x10, 0x02, 0x95, 0x3B, 0x79, 0x5C, 0x79, 0x5C, 0x79, 0x5C, 0x79, 0x5C, 0x79, 0x5C, 0x79, 0x5C,
    0x79, 0x54, 0x10, 0x02, 0x10, 0x02, 0x10, 0x02, 0x10, 0x02, 0x10, 0x02, 0x10, 0x02, 0x10, 0x02,
    0x10, 0x02, 0x10, 0x02, 0x10, 0x02, 0x10, 0x02, 0x10, 0x02, 0x10, 0x02, 0x10, 0x02, 0x10, 0x02,
    0x10, 0x02, 0x79, 0x54, 0xBF, 0x7D, 0xBF, 0x7D, 0x79, 0x54, 0x10, 0x02, 0xBF, 0x75, 0xBF, 0x7D,
    0xBF, 0x75, 0x10, 0x02, 0x10, 0x02, 0x10, 0x02, 0x10, 0x02, 0x79, 0x5C, 0xDF, 0x7D, 0xDF, 0x7D,
    0x79, 0x5C, 0x10, 0x02, 0xBF, 0x7D, 0xDF, 0x7D, 0xBF, 0x7D, 0x10, 0x02, 0x10, 0x02, 0x10, 0x02,
    0x10, 0x02, 0x79, 0x5C, 0xDF, 0x7D, 0xDF, 0x7D, 0x79, 0x5C, 0x10, 0x02, 0xBF, 0x7D, 0xDF, 0x7D,
    0xBF, 0x7D, 0x10, 0x02, 0x10, 0x02, 0x10, 0x02, 0x10, 0x02, 0x79, 0x5C, 0xDF, 0x7D, 0xDF, 0x7D,
    0x79, 0x5C, 0x10, 0x02, 0xBF, 0x7D, 0xDF, 0x7D, 0xBF, 0x7D, 0x10, 0x02, 0x10, 0x02, 0x10, 0x02,
    0x10, 0x02, 0x79, 0x5C, 0xDF, 0x7D, 0xDF, 0x7D, 0x79, 0x5C, 0x10, 0x02, 0xBF, 0x7D, 0xDF, 0x7D,
    0xBF, 0x7D, 0x10, 0x02, 0x10, 0x02, 0x10, 0x02, 0x10, 0x02, 0x79, 0x5C, 0xDF, 0x7D, 0xDF, 0x7D,
    0x79, 0x5C, 0x10, 0x02, 0xBF, 0x7D, 0xDF, 0x7D, 0xBF, 0x7D, 0x10, 0x02, 0x10, 0x02, 0x10, 0x02,
    0x10, 0x02, 0x79, 0x5C, 0xDF, 0x7D, 0xDF, 0x7D, 0x79, 0x5C, 0x10, 0x02, 0xBF, 0x7D, 0xDF, 0x7D,
    0xBF, 0x7D, 0x10, 0x02, 0x10, 0x02, 0x10, 0x02, 0x10, 0x02, 0x79, 0x5C, 0xDF, 0x7D, 0xDF, 0x7D,
    0x3D, 0x6D, 0x9A, 0x5C, 0xDF, 0x7D, 0xDF, 0x7D, 0xBF, 0x7D, 0x10, 0x02, 0x10, 0x02, 0x10, 0x02,
    0x10, 0x02, 0x79, 0x54, 0xBF, 0x7D, 0xDF, 0x7D, 0xDF, 0x7D, 0xDF, 0x7D, 0xDF, 0x7D, 0xDF, 0x7D,
    0xBF, 0x75, 0x10, 0x02, 0x10, 0x02, 0x10, 0x02, 0x10, 0x02, 0x10, 0x02, 0xB2, 0x22, 0xBF, 0x7D,
    0xDF, 0x7D, 0xDF, 0x7D, 0xDF, 0x7D, 0x9A, 0x5C, 0x10, 0x02, 0x10, 0x02, 0x10, 0x02, 0x10, 0x02,
    0x10, 0x02, 0x10, 0x02, 0x10, 0x02, 0x79, 0x54, 0x79, 0x5C, 0x79, 0x5C, 0x79, 0x5C, 0x95, 0x3B,
    0x10, 0x02, 0x10, 0x02, 0x10, 0x02, 0x10, 0x02, 0x10, 0x02, 0x10, 0x02, 0x10, 0x02, 0x10, 0x02,
    0x10, 0x02, 0x10, 0x02, 0x10, 0x02, 0x10, 0x02, 0x10, 0x02, 0x10, 0x02, 0x10, 0x02, 0x10, 0x02,
    0x10, 0x02, 0x79, 0x54, 0xBF, 0x7D, 0xBF, 0x7D, 0x79, 0x54, 0x10, 0x02, 0x10, 0x02, 0x10, 0x02,
    0x10, 0x02, 0xBF, 0x75, 0xBF, 0x7D, 0xBF, 0x7D, 0x10, 0x02, 0x79, 0x5C, 0xDF, 0x7D, 0xDF, 0x7D,
    0x79, 0x5C, 0x10, 0x02, 0x10, 0x02, 0x10, 0x02, 0x10, 0x02, 0xBF, 0x7D, 0xDF, 0x7D, 0xDF, 0x7D,
    0x10, 0x02, 0x79, 0x5C, 0xDF, 0x7D, 0xDF, 0x7D, 0x79, 0x5C, 0x10, 0x02, 0x10, 0x02, 0x10, 0x02,
    0x10, 0x02, 0xBF, 0x7D, 0xDF, 0x7D, 0xDF, 0x7D, 0x10, 0x02, 0x79, 0x5C, 0xDF, 0x7D, 0xDF, 0x7D,
    0x79, 0x5C, 0x10, 0x02, 0x10, 0x02, 0x10, 0x02, 0x10, 0x02, 0xBF, 0x7D, 0xDF, 0x7D, 0xDF, 0x7D,
    0x10, 0x02, 0x79, 0x5C, 0xDF, 0x7D, 0xDF, 0x7D, 0x79, 0x5C, 0x10, 0x02, 0x10, 0x02, 0x10, 0x02,
    0x10, 0x02, 0xBF, 0x7D, 0xDF, 0x7D, 0xDF, 0x7D, 0x10, 0x02, 0x79, 0x5C, 0xDF, 0x7D, 0xDF, 0x7D,
    0x79, 0x5C, 0x10, 0x02, 0x10, 0x02, 0x10, 0x02, 0x10, 0x02, 0xBF, 0x7D, 0xDF, 0x7D, 0xDF, 0x7D,
    0x10, 0x02, 0x79, 0x5C, 0xDF, 0x7D, 0xDF, 0x7D, 0x79, 0x5C, 0x10, 0x02, 0xBF, 0x75, 0x79, 0x54,
    0x10, 0x02, 0xBF, 0x7D, 0xDF, 0x7D, 0xDF, 0x7D, 0x10, 0x02, 0x79, 0x5C, 0xDF, 0x7D, 0xDF, 0x7D,
    0x3D, 0x6D, 0x9A, 0x5C, 0xDF, 0x7D, 0x3D, 0x6D, 0x9A, 0x5C, 0xDF, 0x7D, 0xDF, 0x7D, 0xDF, 0x7D,
    0x10, 0x02, 0x79, 0x54, 0xBF, 0x7D, 0xDF, 0x7D, 0xDF, 0x7D, 0xDF, 0x7D, 0xBF, 0x7D, 0xDF, 0x7D,
    0xDF, 0x7D, 0xDF, 0x7D, 0xDF, 0x7D, 0xBF, 0x7D, 0x10, 0x02, 0x10, 0x02, 0xB2, 0x22, 0xBF, 0x7D,
    0xDF, 0x7D, 0xBF, 0x7D, 0xB2, 0x22, 0x9A, 0x5C, 0xDF, 0x7D, 0xDF, 0x7D, 0x9A, 0x5C, 0x10, 0x02,
    0x10, 0x02, 0x10, 0x02, 0x10, 0x02, 0x79, 0x54, 0x79, 0x5C, 0x79, 0x54, 0x10, 0x02, 0x95, 0x3B,
    0x79, 0x5C, 0x79, 0x5C, 0x95, 0x3B, 0x10, 0x02, 0x10, 0x02, 0x10, 0x02, 0x10, 0x02, 0x10, 0x02,
    0x10, 0x02, 0x10, 0x02, 0x10, 0x02, 0x10, 0x02, 0x10, 0x02, 0x10, 0x02, 0x10, 0x02, 0x10, 0x02,
    0x10, 0x02, 0x79, 0x54, 0xBF, 0x7D, 0xBF, 0x7D, 0x79, 0x54, 0x10, 0x02, 0x10, 0x02, 0x79, 0x54,
    0xBF, 0x7D, 0xBF, 0x7D, 0x79, 0x54, 0x10, 0x02, 0x10, 0x02, 0x79, 0x5C, 0xDF, 0x7D, 0xDF, 0x7D,
    0x79, 0x5C, 0x10, 0x02, 0x10, 0x02, 0x79, 0x5C, 0xDF, 0x7D, 0xDF, 0x7D, 0x79, 0x5C, 0x10, 0x02,
    0x10, 0x02, 0x79, 0x5C, 0xDF, 0x7D, 0xDF, 0x7D, 0x9A, 0x5C, 0x10, 0x02, 0x10, 0x02, 0x9A, 0x5C,
    0xDF, 0x7D, 0xDF, 0x7D, 0x79, 0x5C, 0x10, 0x02, 0x10, 0x02, 0x79, 0x5C, 0xDF, 0x7D, 0xDF, 0x7D,
    0xDF, 0x7D, 0xBF, 0x7D, 0xBF, 0x7D, 0xDF, 0x7D, 0xDF, 0x7D, 0xDF, 0x7D, 0x79, 0x5C, 0x10, 0x02,
    0x10, 0x02, 0x95, 0x3B, 0x79, 0x5C, 0x79, 0x5C, 0x3D, 0x6D, 0xDF, 0x7D, 0xDF, 0x7D, 0x3D, 0x6D,
    0x79, 0x5C, 0x79, 0x5C, 0x95, 0x3B, 0x10, 0x02, 0x10, 0x02, 0x10, 0x02, 0x10, 0x02, 0x10, 0x02,
    0x9A, 0x5C, 0xDF, 0x7D, 0xDF, 0x7D, 0x9A, 0x5C, 0x10, 0x02, 0x10, 0x02, 0x10, 0x02, 0x10, 0x02,
    0x10, 0x02, 0x79, 0x54, 0xBF, 0x7D, 0xBF, 0x7D, 0xDF, 0x7D, 0xDF, 0x7D, 0xDF, 0x7D, 0xDF, 0x7D,
    0xBF, 0x7D, 0xBF, 0x7D, 0x79, 0x54, 0x10, 0x02, 0x10, 0x02, 0x79, 0x5C, 0xDF, 0x7D, 0xDF, 0x7D,
    0x3D, 0x6D, 0x79, 0x5C, 0x79, 0x5C, 0x3D, 0x6D, 0xDF, 0x7D, 0xDF, 0x7D, 0x79, 0x5C, 0x10, 0x02,
    0x10, 0x02, 0x79, 0x5C, 0xDF, 0x7D, 0xDF, 0x7D, 0x79, 0x5C, 0x10, 0x02, 0x10, 0x02, 0x79, 0x5C,
    0xDF, 0x7D, 0xDF, 0x7D, 0x79, 0x5C, 0x10, 0x02, 0x10, 0x02, 0x79, 0x5C, 0xDF, 0x7D, 0xDF, 0x7D,
    0x79, 0x5C, 0x10, 0x02, 0x10, 0x02, 0x79, 0x5C, 0xDF, 0x7D, 0xDF, 0x7D, 0x79, 0x5C, 0x10, 0x02,
    0x10, 0x02, 0x95, 0x3B, 0x79, 0x5C, 0x79, 0x5C, 0x95, 0x3B, 0x10, 0x02, 0x10, 0x02, 0x95, 0x3B,
    0x79, 0x5C, 0x79, 0x5C, 0x95, 0x3B, 0x10, 0x02, 0x10, 0x02, 0x10, 0x02, 0x10, 0x02, 0x10, 0x02,
    0x10, 0x02, 0x10, 0x02, 0x10, 0x02, 0x10, 0x02, 0x10, 0x02, 0x10, 0x02, 0x10, 0x02, 0x10, 0x02,
    0x10, 0x02, 0x79, 0x54, 0xBF, 0x7D, 0xBF, 0x7D, 0x79, 0x54, 0x10, 0x02, 0x10, 0x02, 0x79, 0x54,
    0xBF, 0x7D, 0xBF, 0x7D, 0x79, 0x54, 0x10, 0x02, 0x10, 0x02, 0x79, 0x5C, 0xDF, 0x7D, 0xDF, 0x7D,
    0x79, 0x5C, 0x10, 0x02, 0x10, 0x02, 0x79, 0x5C, 0xDF, 0x7D, 0xDF, 0x7D, 0x79, 0x5C, 0x10, 0x02,
    0x10, 0x02, 0x79, 0x5C, 0xDF, 0x7D, 0xDF, 0x7D, 0x9A, 0x5C, 0x10, 0x02, 0x10, 0x02, 0x9A, 0x5C,
    0xDF, 0x7D, 0xDF, 0x7D, 0x79, 0x5C, 0x10, 0x02, 0x10, 0x02, 0x79, 0x5C, 0xDF, 0x7D, 0xDF, 0x7D,
    0xDF, 0x7D, 0xBF, 0x7D, 0xBF, 0x7D, 0xDF, 0x7D, 0xDF, 0x7D, 0xDF, 0x7D, 0x79, 0x5C, 0x10, 0x02,
    0x10, 0x02, 0x95, 0x3B, 0x9A, 0x5C, 0xDF, 0x7D, 0xDF, 0x7D, 0xDF, 0x7D, 0xDF, 0x7D, 0xDF, 0x7D,
    0xDF, 0x7D, 0x9A, 0x5C, 0x95, 0x3B, 0x10, 0x02, 0x10, 0x02, 0x10, 0x02, 0x10, 0x02, 0xBF, 0x75,
    0xDF, 0x7D, 0xDF, 0x7D, 0xDF, 0x7D, 0xDF, 0x7D, 0xBF, 0x75, 0x10, 0x02, 0x10, 0x02, 0x10, 0x02,
    0x10, 0x02, 0x10, 0x02, 0x10, 0x02, 0x10, 0x02, 0x9A, 0x5C, 0xDF, 0x7D, 0xDF, 0x7D, 0x9A, 0x5C,
    0x10, 0x02, 0x10, 0x02, 0x10, 0x02, 0x10, 0x02, 0x10, 0x02, 0x10, 0x02, 0x10, 0x02, 0x10, 0x02,
    0x79, 0x5C, 0xDF, 0x7D, 0xDF, 0x7D, 0x79, 0x5C, 0x10, 0x02, 0x10, 0x02, 0x10, 0x02, 0x10, 0x02,
    0x10, 0x02, 0x10, 0x02, 0x10, 0x02, 0x10, 0x02, 0x79, 0x5C, 0xDF, 0x7D, 0xDF, 0x7D, 0x79, 0x5C,
    0x10, 0x02, 0x10, 0x02, 0x10, 0x02, 0x10, 0x02, 0x10, 0x02, 0x10, 0x02, 0x10, 0x02, 0x10, 0x02,
    0x79, 0x5C, 0xDF, 0x7D, 0xDF, 0x7D, 0x79, 0x5C, 0x10, 0x02, 0x10, 0x02, 0x10, 0x02, 0x10, 0x02,
    0x10, 0x02, 0x10, 0x02, 0x10, 0x02, 0x10, 0x02, 0x95, 0x3B, 0x79, 0x5C, 0x79, 0x5C, 0x95, 0x3B,
    0x10, 0x02, 0x10, 0x02, 0x10, 0x02, 0x10, 0x02, 0x10, 0x02, 0x10, 0x02, 0x10, 0x02, 0x10, 0x02,
    0x10, 0x02, 0x10, 0x02, 0x10, 0x02, 0x10, 0x02, 0x10, 0x02, 0x10, 0x02, 0x10, 0x02, 0x10, 0x02,
    0x10, 0x02, 0x79, 0x54, 0xBF, 0x7D, 0xBF, 0x7D, 0xBF, 0x7D, 0xBF, 0x7D, 0xBF, 0x7D, 0xBF, 0x7D,
    0xBF, 0x75, 0x10, 0x02, 0x10, 0x02, 0x10, 0x02, 0x10, 0x02, 0x79, 0x5C, 0xDF, 0x7D, 0xDF, 0x7D,
    0xDF, 0x7D, 0xDF, 0x7D, 0xDF, 0x7D, 0xDF, 0x7D, 0xBF, 0x7D, 0x10, 0x02, 0x10, 0x02, 0x10, 0x02,
    0x10, 0x02, 0x79, 0x54, 0xBF, 0x7D, 0xBF, 0x7D, 0xBF, 0x7D, 0xBF, 0x7D, 0xDF, 0x7D, 0xDF, 0x7D,
    0xBF, 0x7D, 0x10, 0x02, 0x10, 0x02, 0x10, 0x02, 0x10, 0x02, 0x10, 0x02, 0x10, 0x02, 0x10, 0x02,
    0x10, 0x02, 0xB2, 0x22, 0xBF, 0x7D, 0xDF, 0x7D, 0xBF, 0x7D, 0x10, 0x02, 0x10, 0x02, 0x10, 0x02,
    0x10, 0x02, 0x10, 0x02, 0x10, 0x02, 0x10, 0x02, 0x95, 0x3B, 0x9A, 0x5C, 0xDF, 0x7D, 0x3D, 0x6D,
    0x79, 0x54, 0x10, 0x02, 0x10, 0x02, 0x10, 0x02, 0x10, 0x02, 0x10, 0x02, 0x10, 0x02, 0x10, 0x02,
    0x9A, 0x5C, 0xDF, 0x7D, 0xBF, 0x7D, 0x79, 0x54, 0x10, 0x02, 0x10, 0x02, 0x10, 0x02, 0x10, 0x02,
    0x10, 0x02, 0x10, 0x02, 0x10, 0x02, 0xBF, 0x75, 0xDF, 0x7D, 0xBF, 0x7D, 0xB2, 0x22, 0x10, 0x02,
    0x10, 0x02, 0x10, 0x02, 0x10, 0x02, 0x10, 0x02, 0x10, 0x02, 0x95, 0x3B, 0x9A, 0x5C, 0xDF, 0x7D,
    0xDF, 0x7D, 0xDF, 0x7D, 0x9A, 0x5C, 0x79, 0x5C, 0x79, 0x54, 0x10, 0x02, 0x10, 0x02, 0x10, 0x02,
    0x10, 0x02, 0x79, 0x5C, 0xDF, 0x7D, 0xDF, 0x7D, 0xDF, 0x7D, 0xDF, 0x7D, 0xDF, 0x7D, 0xDF, 0x7D,
    0xBF, 0x7D, 0x10, 0x02, 0x10, 0x02, 0x10, 0x02, 0x10, 0x02, 0x79, 0x5C, 0xDF, 0x7D, 0xDF, 0x7D,
    0xDF, 0x7D, 0xDF, 0x7D, 0xDF, 0x7D, 0xDF, 0x7D, 0xBF, 0x7D, 0x10, 0x02, 0x10, 0x02, 0x10, 0x02,
    0x10, 0x02, 0x95, 0x3B, 0x79, 0x5C, 0x79, 0x5C, 0x79, 0x5C, 0x79, 0x5C, 0x79, 0x5C, 0x79, 0x5C,
    0x79, 0x54, 0x10, 0x02, 0x10, 0x02, 0x10, 0x02, 0x10, 0x02, 0x10, 0x02, 0x10, 0x02, 0x10, 0x02,
    0x10, 0x02, 0x10, 0x02, 0x10, 0x02, 0x10, 0x02, 0x10, 0x02, 0x10, 0x02, 0x10, 0x02, 0x10, 0x02,
    0x10, 0x02, 0x10, 0x02, 0x10, 0x02, 0x10, 0x02, 0x10, 0x02, 0x10, 0x02, 0x10, 0x02, 0x10, 0x02,
    0x10, 0x02, 0x10, 0x02, 0x10, 0x02, 0x10, 0x02, 0x10, 0x02, 0x10, 0x02, 0x10, 0x02, 0x79, 0x54,
    0x79, 0x5C, 0x79, 0x54, 0x10, 0x02, 0x10, 0x02, 0x10, 0x02, 0x10, 0x02, 0x10, 0x02, 0x10, 0x02,
    0x10, 0x02, 0x10, 0x02, 0x10, 0x02, 0xBF, 0x7D, 0xDF, 0x7D, 0xBF, 0x7D, 0x10, 0x02, 0x10, 0x02,
    0x10, 0x02, 0x10, 0x02, 0x10, 0x02, 0x10, 0x02, 0x10, 0x02, 0x10, 0x02, 0x10, 0x02, 0xBF, 0x7D,
    0xDF, 0x7D, 0xBF, 0x7D, 0x10, 0x02, 0x10, 0x02, 0x10, 0x02, 0x10, 0x02, 0x10, 0x02, 0x10, 0x02,
    0x10, 0x02, 0x10, 0x02, 0x10, 0x02, 0x79, 0x54, 0x79, 0x5C, 0x79, 0x54, 0x10, 0x02, 0x10, 0x02,
    0x10, 0x02, 0x10, 0x02, 0x10, 0x02, 0x10, 0x02, 0x10, 0x02, 0x10, 0x02, 0x10, 0x02, 0x10, 0x02,
    0x10, 0x02, 0x10, 0x02, 0x10, 0x02, 0x10, 0x02, 0x10, 0x02, 0x10, 0x02, 0x10, 0x02, 0x10, 0x02,
    0x10, 0x02, 0x10, 0x02, 0x10, 0x02, 0xBF, 0x75, 0xBF, 0x7D, 0xBF, 0x75, 0x10, 0x02, 0x10, 0x02,
    0x10, 0x02, 0x10, 0x02, 0x10, 0x02, 0x10, 0x02, 0x10, 0x02, 0x10, 0x02, 0x10, 0x02, 0xBF, 0x7D,
    0xDF, 0x7D, 0xBF, 0x7D, 0x10, 0x02, 0x10, 0x02, 0x10, 0x02, 0x10, 0x02, 0x10, 0x02, 0x10, 0x02,
    0x10, 0x02, 0x10, 0x02, 0x10, 0x02, 0xBF, 0x75, 0xBF, 0x7D, 0xBF, 0x75, 0x10, 0x02, 0x10, 0x02,
    0x10, 0x02, 0x10, 0x02, 0x10, 0x02, 0x10, 0x02, 0x10, 0x02, 0x10, 0x02, 0x10, 0x02, 0x10, 0x02,
    0x10, 0x02, 0x10, 0x02, 0x10, 0x02, 0x10, 0x02, 0x10, 0x02, 0x10, 0x02, 0x10, 0x02, 0x10, 0x02,
    0x10, 0x02, 0x10, 0x02, 0x10, 0x02, 0x10, 0x02, 0x10, 0x02, 0x10, 0x02, 0x10, 0x02, 0x10, 0x02,
    0x10, 0x02, 0x10, 0x02, 0x10, 0x02, 0x10, 0x02, 0x10, 0x02, 0x10, 0x02, 0x10, 0x02, 0x10, 0x02,
    0x10, 0x02, 0x10, 0x02, 0x10, 0x02, 0x10, 0x02, 0x10, 0x02, 0x10, 0x02, 0x10, 0x02, 0x10, 0x02,
    0x10, 0x02, 0x10, 0x02, 0x10, 0x02, 0xBF, 0x75, 0xBF, 0x7D, 0xBF, 0x7D, 0xBF, 0x7D, 0xBF, 0x7D,
    0xBF, 0x75, 0x10, 0x02, 0x10, 0x02, 0x10, 0x02, 0x10, 0x02, 0x95, 0x3B, 0x79, 0x5C, 0x79, 0x5C,
    0x79, 0x5C, 0x79, 0x5C, 0x79, 0x5C, 0x3D, 0x6D, 0xDF, 0x7D, 0x9A, 0x5C, 0x95, 0x3B, 0x10, 0x02,
    0x10, 0x02, 0x79, 0x5C, 0xBF, 0x7D, 0x10, 0x02, 0x10, 0x02, 0x10, 0x02, 0x10, 0x02, 0x79, 0x5C,
    0xBF, 0x7D, 0xDF, 0x7D, 0x79, 0x5C, 0x10, 0x02, 0x10, 0x02, 0x79, 0x5C, 0xBF, 0x7D, 0x10, 0x02,
    0x79, 0x54, 0xBF, 0x7D, 0xBF, 0x7D, 0x79, 0x5C, 0xB2, 0x22, 0xBF, 0x7D, 0x79, 0x5C, 0x10, 0x02,
    0x10, 0x02, 0x79, 0x5C, 0xBF, 0x7D, 0x10, 0x02, 0x95, 0x3B, 0x79, 0x5C, 0x79, 0x5C, 0x79, 0x5C,
    0x9A, 0x5C, 0xDF, 0x7D, 0x79, 0x5C, 0x10, 0x02, 0x10, 0x02, 0x79, 0x5C, 0xBF, 0x7D, 0x10, 0x02,
    0x10, 0x02, 0x10, 0x02, 0x10, 0x02, 0x79, 0x5C, 0xBF, 0x7D, 0xDF, 0x7D, 0x79, 0x5C, 0x10, 0x02,
    0x10, 0x02, 0x79, 0x5C, 0xBF, 0x7D, 0x10, 0x02, 0x79, 0x54, 0xBF, 0x7D, 0xBF, 0x7D, 0x79, 0x5C,
    0xB2, 0x22, 0xBF, 0x7D, 0x79, 0x5C, 0x10, 0x02, 0x10, 0x02, 0x79, 0x5C, 0xBF, 0x7D, 0x10, 0x02,
    0x95, 0x3B, 0x79, 0x5C, 0x79, 0x5C, 0x79, 0x5C, 0x9A, 0x5C, 0xDF, 0x7D, 0x79, 0x5C, 0x10, 0x02,
    0x10, 0x02, 0x79, 0x54, 0xBF, 0x75, 0xB2, 0x22, 0x10, 0x02, 0x10, 0x02, 0x10, 0x02, 0x9A, 0x5C,
    0xDF, 0x7D, 0xBF, 0x7D, 0x79, 0x54, 0x10, 0x02, 0x10, 0x02, 0x10, 0x02, 0xB2, 0x22, 0xBF, 0x75,
    0xBF, 0x7D, 0xBF, 0x7D, 0xBF, 0x7D, 0xDF, 0x7D, 0xBF, 0x7D, 0xB2, 0x22, 0x10, 0x02, 0x10, 0x02,
    0x10, 0x02, 0x10, 0x02, 0x10, 0x02, 0x79, 0x54, 0x79, 0x5C, 0x79, 0x5C, 0x79, 0x5C, 0x79, 0x5C,
    0x79, 0x54, 0x10, 0x02, 0x10, 0x02, 0x10, 0x02, 0x10, 0x02, 0x10, 0x02, 0x10, 0x02, 0x10, 0x02,
    0x10, 0x02, 0x10, 0x02, 0x10, 0x02, 0x10, 0x02, 0x10, 0x02, 0x10, 0x02, 0x10, 0x02, 0x10, 0x02,
    0x10, 0x02, 0x10, 0x02, 0x10, 0x02, 0x10, 0x02, 0x10, 0x02, 0x10, 0x02, 0xBF, 0x75, 0x79, 0x54,
    0x10, 0x02, 0x10, 0x02, 0x10, 0x02, 0x10, 0x02, 0x10, 0x02, 0x10, 0x02, 0x10, 0x02, 0x10, 0x02,
    0x10, 0x02, 0x10, 0x02, 0x79, 0x54, 0x79, 0x5C, 0x79, 0x54, 0x10, 0x02, 0x10, 0x02, 0x10, 0x02,
    0x10, 0x02, 0x10, 0x02, 0x10, 0x02, 0x10, 0x02, 0x10, 0x02, 0x10, 0x02, 0x10, 0x02, 0x79, 0x54,
    0xBF, 0x75, 0xB2, 0x22, 0x10, 0x02, 0x10, 0x02, 0xBF, 0x7D, 0xBF, 0x7D, 0xBF, 0x7D, 0xBF, 0x7D,
    0xBF, 0x7D, 0xBF, 0x75, 0x10, 0x02, 0x10, 0x02, 0xB2, 0x22, 0xBF, 0x75, 0x79, 0x54, 0x10, 0x02,
    0x79, 0x5C, 0x79, 0x5C, 0x79, 0x5C, 0x79, 0x5C, 0x79, 0x5C, 0x79, 0x54, 0x10, 0x02, 0x10, 0x02,
    0x10, 0x02, 0x79, 0x54, 0x79, 0x5C, 0x79, 0x5C, 0x10, 0x02, 0x10, 0x02, 0x10, 0x02, 0x10, 0x02,
    0x10, 0x02, 0x10, 0x02, 0x10, 0x02, 0x10, 0x02, 0x10, 0x02, 0x10, 0x02, 0x79, 0x5C, 0xDF, 0x7D,
    0x10, 0x02, 0x10, 0x02, 0x10, 0x02, 0x10, 0x02, 0x10, 0x02, 0x10, 0x02, 0x10, 0x02, 0x10, 0x02,
    0x10, 0x02, 0x10, 0x02, 0x79, 0x5C, 0xDF, 0x7D, 0x79, 0x5C, 0x79, 0x5C, 0x79, 0x5C, 0x79, 0x5C,
    0x79, 0x5C, 0x79, 0x54, 0x10, 0x02, 0x10, 0x02, 0x10, 0x02, 0x79, 0x54, 0x79, 0x5C, 0x79, 0x5C,
    0xBF, 0x7D, 0xBF, 0x7D, 0xBF, 0x7D, 0xBF, 0x7D, 0xBF, 0x7D, 0xBF, 0x75, 0x10, 0x02, 0x10, 0x02,
    0xB2, 0x22, 0xBF, 0x75, 0x79, 0x54, 0x10, 0x02, 0x10, 0x02, 0x10, 0x02, 0x10, 0x02, 0x10, 0x02,
    0x10, 0x02, 0x10, 0x02, 0x10, 0x02, 0x79, 0x54, 0xBF, 0x75, 0xB2, 0x22, 0x10, 0x02, 0x10, 0x02,
    0x10, 0x02, 0x10, 0x02, 0x10, 0x02, 0x10, 0x02, 0x10, 0x02, 0x10, 0x02, 0x79, 0x54, 0x79, 0x5C,
    0x79, 0x54, 0x10, 0x02, 0x10, 0x02, 0x10, 0x02, 0x10, 0x02, 0x10, 0x02, 0x10, 0x02, 0x10, 0x02,
    0x10, 0x02, 0xB2, 0x22, 0xBF, 0x7D, 0x9A, 0x5C, 0x10, 0x02, 0x10, 0x02, 0x10, 0x02, 0x10, 0x02,
    0x10, 0x02, 0x10, 0x02, 0x10, 0x02, 0xBF, 0x75, 0xBF, 0x7D, 0xBF, 0x7D, 0xDF, 0x7D, 0xDF, 0x7D,
    0xBF, 0x75, 0x10, 0x02, 0x10, 0x02, 0x10, 0x02, 0x10, 0x02, 0x95, 0x3B, 0x9A, 0x5C, 0xDF, 0x7D,
    0x3D, 0x6D, 0x79, 0x5C, 0x79, 0x5C, 0x3D, 0x6D, 0xDF, 0x7D, 0x9A, 0x5C, 0x95, 0x3B, 0x10, 0x02,
    0x10, 0x02, 0x79, 0x5C, 0xDF, 0x7D, 0xBF, 0x7D, 0x79, 0x5C, 0x10, 0x02, 0x10, 0x02, 0x79, 0x5C,
    0xBF, 0x7D, 0xDF, 0x7D, 0x79, 0x5C, 0x10, 0x02, 0x10, 0x02, 0x79, 0x5C, 0xBF, 0x7D, 0xB2, 0x22,
    0x79, 0x5C, 0xBF, 0x7D, 0xBF, 0x7D, 0x79, 0x5C, 0xB2, 0x22, 0xBF, 0x7D, 0x79, 0x5C, 0x10, 0x02,
    0x10, 0x02, 0x79, 0x5C, 0xBF, 0x7D, 0x10, 0x02, 0x95, 0x3B, 0x79, 0x5C, 0x79, 0x5C, 0x95, 0x3B,
    0x10, 0x02, 0xBF, 0x7D, 0x79, 0x5C, 0x10, 0x02, 0x10, 0x02, 0x79, 0x5C, 0xBF, 0x7D, 0x10, 0x02,
    0x10, 0x02, 0x10, 0x02, 0x10, 0x02, 0x10, 0x02, 0x10, 0x02, 0xBF, 0x7D, 0x79, 0x5C, 0x10, 0x02,
    0x10, 0x02, 0x79, 0x5C, 0xBF, 0x7D, 0x51, 0x12, 0x79, 0x54, 0xBF, 0x7D, 0xBF, 0x7D, 0x79, 0x54,
    0x51, 0x12, 0xBF, 0x7D, 0x79, 0x5C, 0x10, 0x02, 0x10, 0x02, 0x79, 0x5C, 0xBF, 0x7D, 0x51, 0x12,
    0x79, 0x5C, 0xDF, 0x7D, 0xDF, 0x7D, 0x79, 0x5C, 0x51, 0x12, 0xBF, 0x7D, 0x79, 0x5C, 0x10, 0x02,
    0x10, 0x02, 0x79, 0x54, 0xBF, 0x75, 0xB2, 0x22, 0x9A, 0x5C, 0xDF, 0x7D, 0xDF, 0x7D, 0x9A, 0x5C,
    0xB2, 0x22, 0xBF, 0x75, 0x79, 0x54, 0x10, 0x02, 0x10, 0x02, 0x31, 0x0A, 0xB2, 0x22, 0xBF, 0x75,
    0xDF, 0x7D, 0xDF, 0x7D, 0xDF, 0x7D, 0xDF, 0x7D, 0xBF, 0x75, 0xB2, 0x22, 0x31, 0x0A, 0x10, 0x02,
    0x10, 0x02, 0x10, 0x02, 0x31, 0x0A, 0x79, 0x54, 0x79, 0x5C, 0x79, 0x5C, 0x79, 0x5C, 0x79, 0x5C,
    0x79, 0x54, 0x31, 0x0A, 0x10, 0x02, 0x10, 0x02, 0x30, 0x02, 0x30, 0x02, 0x30, 0x02, 0x30, 0x02,
    0x30, 0x02, 0x30, 0x02, 0x30, 0x02, 0x30, 0x02, 0x30, 0x02, 0x30, 0x02, 0x30, 0x02, 0x50, 0x02,
    0x4C, 0x04, 0xAB, 0x14, 0xD8, 0x54, 0x37, 0x55, 0xD8, 0x54, 0x37, 0x55, 0xD8, 0x54, 0x37, 0x55,
    0xD8, 0x54, 0x37, 0x55, 0x4C, 0x14, 0xAA, 0x0C, 0xAB, 0x14, 0x8E, 0x24, 0x79, 0x54, 0x10, 0x02,
    0xB6, 0x43, 0x9A, 0x5C, 0x9A, 0x5C, 0xB6, 0x43, 0x10, 0x02, 0x79, 0x54, 0xCD, 0x24, 0x6C, 0x14,
    0xF8, 0x54, 0x79, 0x54, 0x95, 0x3B, 0x10, 0x02, 0x9A, 0x5C, 0xDF, 0x7D, 0xDF, 0x7D, 0x9A, 0x5C,
    0x10, 0x02, 0x95, 0x3B, 0x79, 0x54, 0x37, 0x55, 0x37, 0x55, 0x10, 0x02, 0x10, 0x02, 0xBF, 0x75,
    0xDF, 0x7D, 0xDF, 0x7D, 0xDF, 0x7D, 0xDF, 0x7D, 0xBF, 0x75, 0x10, 0x02, 0x10, 0x02, 0xD8, 0x54,
    0xD8, 0x54, 0xB6, 0x43, 0x9A, 0x5C, 0xDF, 0x7D, 0xDF, 0x7D, 0xDF, 0x7D, 0xDF, 0x7D, 0xDF, 0x7D,
    0xDF, 0x7D, 0x9A, 0x5C, 0xB6, 0x43, 0x37, 0x55, 0x37, 0x55, 0x9A, 0x5C, 0xBF, 0x7D, 0xBF, 0x7D,
    0xDF, 0x7D, 0xDF, 0x7D, 0xDF, 0x7D, 0xDF, 0x7D, 0xBF, 0x7D, 0xBF, 0x7D, 0x9A, 0x5C, 0x37, 0x55,
    0xD8, 0x54, 0x92, 0x1A, 0x10, 0x02, 0x10, 0x02, 0x9A, 0x5C, 0xDF, 0x7D, 0xDF, 0x7D, 0x9A, 0x5C,
    0x10, 0x02, 0x10, 0x02, 0x92, 0x1A, 0x37, 0x55, 0x37, 0x55, 0x10, 0x02, 0x10, 0x02, 0x10, 0x02,
    0x79, 0x5C, 0xDF, 0x7D, 0xDF, 0x7D, 0x79, 0x5C, 0x10, 0x02, 0x10, 0x02, 0x10, 0x02, 0xD8, 0x54,
    0xD8, 0x54, 0x10, 0x02, 0x10, 0x02, 0x10, 0x02, 0x79, 0x5C, 0xDF, 0x7D, 0xDF, 0x7D, 0x79, 0x5C,
    0x10, 0x02, 0x10, 0x02, 0x10, 0x02, 0x37, 0x55, 0x37, 0x55, 0x79, 0x54, 0x95, 0x3B, 0x10, 0x02,
    0x79, 0x5C, 0xDF, 0x7D, 0xDF, 0x7D, 0x79, 0x5C, 0x10, 0x02, 0x95, 0x3B, 0x79, 0x54, 0x57, 0x55,
    0x6C, 0x14, 0xED, 0x24, 0x79, 0x54, 0x10, 0x02, 0xB6, 0x43, 0x9A, 0x5C, 0x9A, 0x5C, 0xB6, 0x43,
    0x10, 0x02, 0x79, 0x54, 0x8E, 0x24, 0xCA, 0x14, 0xAA, 0x0C, 0x6C, 0x14, 0x37, 0x55, 0xF8, 0x54,
    0x37, 0x55, 0xF8, 0x54, 0x37, 0x55, 0xF8, 0x54, 0x37, 0x55, 0xF8, 0x54, 0xCB, 0x14, 0x4B, 0x0C,
    0x4B, 0x0C, 0xAB, 0x14, 0xF8, 0x54, 0x37, 0x55, 0xD8, 0x54, 0x37, 0x55, 0xF8, 0x54, 0x37, 0x55,
    0xD8, 0x54, 0x37, 0x55, 0x6C, 0x14, 0xCA, 0x0C, 0xAB, 0x14, 0x8E, 0x24, 0x79, 0x54, 0x10, 0x02,
    0x10, 0x02, 0x92, 0x1A, 0x9A, 0x5C, 0xB6, 0x43, 0x10, 0x02, 0x79, 0x54, 0xCD, 0x24, 0x6C, 0x14,
    0xF8, 0x54, 0x79, 0x54, 0x95, 0x3B, 0x10, 0x02, 0x10, 0x02, 0x10, 0x02, 0xBF, 0x7D, 0x9A, 0x5C,
    0x10, 0x02, 0x95, 0x3B, 0x79, 0x54, 0x37, 0x55, 0x37, 0x55, 0x10, 0x02, 0x10, 0x02, 0x10, 0x02,
    0x10, 0x02, 0x10, 0x02, 0xBF, 0x7D, 0xDF, 0x7D, 0xBF, 0x75, 0x10, 0x02, 0x10, 0x02, 0xD8, 0x54,
    0xD8, 0x54, 0xB6, 0x43, 0x79, 0x5C, 0x79, 0x5C, 0x79, 0x5C, 0x9A, 0x5C, 0xDF, 0x7D, 0xDF, 0x7D,
    0xDF, 0x7D, 0x9A, 0x5C, 0xB6, 0x43, 0x37, 0x55, 0x37, 0x55, 0x9A, 0x5C, 0xDF, 0x7D, 0xDF, 0x7D,
    0xDF, 0x7D, 0xDF, 0x7D, 0xDF, 0x7D, 0xDF, 0x7D, 0xDF, 0x7D, 0xDF, 0x7D, 0x9A, 0x5C, 0x37, 0x55,
    0xD8, 0x54, 0x9A, 0x5C, 0xDF, 0x7D, 0xDF, 0x7D, 0xDF, 0x7D, 0xDF, 0x7D, 0xDF, 0x7D, 0xDF, 0x7D,
    0xDF, 0x7D, 0xDF, 0x7D, 0x9A, 0x5C, 0x37, 0x55, 0x37, 0x55, 0xB6, 0x43, 0x79, 0x5C, 0x79, 0x5C,
    0x79, 0x5C, 0x9A, 0x5C, 0xDF, 0x7D, 0xDF, 0x7D, 0xDF, 0x7D, 0x9A, 0x5C, 0xB6, 0x43, 0xD8, 0x54,
    0xD8, 0x54, 0x10, 0x02, 0x10, 0x02, 0x10, 0x02, 0x10, 0x02, 0x10, 0x02, 0xBF, 0x7D, 0xDF, 0x7D,
    0xBF, 0x75, 0x10, 0x02, 0x10, 0x02, 0x37, 0x55, 0x37, 0x55, 0x79, 0x54, 0x95, 0x3B, 0x10, 0x02,
    0x10, 0x02, 0x10, 0x02, 0xBF, 0x7D, 0x9A, 0x5C, 0x10, 0x02, 0x95, 0x3B, 0x79, 0x54, 0x57, 0x55,
    0x6C, 0x14, 0xED, 0x24, 0x79, 0x54, 0x10, 0x02, 0x10, 0x02, 0x92, 0x1A, 0x9A, 0x5C, 0xB6, 0x43,
    0x10, 0x02, 0x79, 0x54, 0x8E, 0x24, 0xCA, 0x14, 0xAA, 0x0C, 0x6C, 0x14, 0x37, 0x55, 0xF8, 0x54,
    0x37, 0x55, 0xF8, 0x54, 0x37, 0x55, 0xF8, 0x54, 0x37, 0x55, 0xF8, 0x54, 0xCB, 0x14, 0x4B, 0x0C,
    0x4B, 0x0C, 0xAB, 0x14, 0xF8, 0x54, 0x37, 0x55, 0xD8, 0x54, 0x37, 0x55, 0xF8, 0x54, 0x37, 0x55,
    0xD8, 0x54, 0x37, 0x55, 0x6C, 0x14, 0xCA, 0x0C, 0xAB, 0x14, 0x8E, 0x24, 0x79, 0x54, 0x10, 0x02,
    0xB6, 0x43, 0x9A, 0x5C, 0x9A, 0x5C, 0xB6, 0x43, 0x10, 0x02, 0x79, 0x54, 0xCD, 0x24, 0x6C, 0x14,
    0xF8, 0x54, 0x79, 0x54, 0x95, 0x3B, 0x10, 0x02, 0x79, 0x5C, 0xDF, 0x7D, 0xDF, 0x7D, 0x79, 0x5C,
    0x10, 0x02, 0x95, 0x3B, 0x79, 0x54, 0x37, 0x55, 0x37, 0x55, 0x10, 0x02, 0x10, 0x02, 0x10, 0x02,
    0x79, 0x5C, 0xDF, 0x7D, 0xDF, 0x7D, 0x79, 0x5C, 0x10, 0x02, 0x10, 0x02, 0x10, 0x02, 0xD8, 0x54,
    0xD8, 0x54, 0x10, 0x02, 0x10, 0x02, 0x10, 0x02, 0x79, 0x5C, 0xDF, 0x7D, 0xDF, 0x7D, 0x79, 0x5C,
    0x10, 0x02, 0x10, 0x02, 0x10, 0x02, 0x37, 0x55, 0x37, 0x55, 0x92, 0x1A, 0x10, 0x02, 0x10, 0x02,
    0x9A, 0x5C, 0xDF, 0x7D, 0xDF, 0x7D, 0x9A, 0x5C, 0x10, 0x02, 0x10, 0x02, 0x92, 0x1A, 0x37, 0x55,
    0xD8, 0x54, 0x9A, 0x5C, 0xBF, 0x7D, 0xBF, 0x7D, 0xDF, 0x7D, 0xDF, 0x7D, 0xDF, 0x7D, 0xDF, 0x7D,
    0xBF, 0x7D, 0xBF, 0x7D, 0x9A, 0x5C, 0x37, 0x55, 0x37, 0x55, 0xB6, 0x43, 0x9A, 0x5C, 0xDF, 0x7D,
    0xDF, 0x7D, 0xDF, 0x7D, 0xDF, 0x7D, 0xDF, 0x7D, 0xDF, 0x7D, 0x9A, 0x5C, 0xB6, 0x43, 0xD8, 0x54,
    0xD8, 0x54, 0x10, 0x02, 0x10, 0x02, 0xBF, 0x75, 0xDF, 0x7D, 0xDF, 0x7D, 0xDF, 0x7D, 0xDF, 0x7D,
    0xBF, 0x75, 0x10, 0x02, 0x10, 0x02, 0x37, 0x55, 0x37, 0x55, 0x79, 0x54, 0x95, 0x3B, 0x10, 0x02,
    0x9A, 0x5C, 0xDF, 0x7D, 0xDF, 0x7D, 0x9A, 0x5C, 0x10, 0x02, 0x95, 0x3B, 0x79, 0x54, 0x57, 0x55,
    0x6C, 0x14, 0xED, 0x24, 0x79, 0x54, 0x10, 0x02, 0xB6, 0x43, 0x9A, 0x5C, 0x9A, 0x5C, 0xB6, 0x43,
    0x10, 0x02, 0x79, 0x54, 0x8E, 0x24, 0xCA, 0x14, 0xAA, 0x0C, 0x6C, 0x14, 0x37, 0x55, 0xF8, 0x54,
    0x37, 0x55, 0xF8, 0x54, 0x37, 0x55, 0xF8, 0x54, 0x37, 0x55, 0xF8, 0x54, 0xCB, 0x14, 0x4B, 0x0C,
    0x4B, 0x0C, 0xAB, 0x14, 0xF8, 0x54, 0x37, 0x55, 0xD8, 0x54, 0x37, 0x55, 0xF8, 0x54, 0x37, 0x55,
    0xD8, 0x54, 0x37, 0x55, 0x6C, 0x14, 0xCA, 0x0C, 0xAB, 0x14, 0x8E, 0x24, 0x79, 0x54, 0x10, 0x02,
    0xB6, 0x43, 0x9A, 0x5C, 0x92, 0x1A, 0x10, 0x02, 0x10, 0x02, 0x79, 0x54, 0xCD, 0x24, 0x6C, 0x14,
    0xF8, 0x54, 0x79, 0x54, 0x95, 0x3B, 0x10, 0x02, 0x9A, 0x5C, 0xBF, 0x7D, 0x10, 0x02, 0x10, 0x02,
    0x10, 0x02, 0x95, 0x3B, 0x79, 0x54, 0x37, 0x55, 0x37, 0x55, 0x10, 0x02, 0x10, 0x02, 0xBF, 0x75,
    0xDF, 0x7D, 0xBF, 0x7D, 0x10, 0x02, 0x10, 0x02, 0x10, 0x02, 0x10, 0x02, 0x10, 0x02, 0xD8, 0x54,
    0xD8, 0x54, 0xB6, 0x43, 0x9A, 0x5C, 0xDF, 0x7D, 0xDF, 0x7D, 0xDF, 0x7D, 0x9A, 0x5C, 0x79, 0x5C,
    0x79, 0x5C, 0x79, 0x5C, 0xB6, 0x43, 0x37, 0x55, 0x37, 0x55, 0x9A, 0x5C, 0xDF, 0x7D, 0xDF, 0x7D,
    0xDF, 0x7D, 0xDF, 0x7D, 0xDF, 0x7D, 0xDF, 0x7D, 0xDF, 0x7D, 0xDF, 0x7D, 0x9A, 0x5C, 0x37, 0x55,
    0xD8, 0x54, 0x9A, 0x5C, 0xDF, 0x7D, 0xDF, 0x7D, 0xDF, 0x7D, 0xDF, 0x7D, 0xDF, 0x7D, 0xDF, 0x7D,
    0xDF, 0x7D, 0xDF, 0x7D, 0x9A, 0x5C, 0x37, 0x55, 0x37, 0x55, 0xB6, 0x43, 0x9A, 0x5C, 0xDF, 0x7D,
    0xDF, 0x7D, 0xDF, 0x7D, 0x9A, 0x5C, 0x79, 0x5C, 0x79, 0x5C, 0x79, 0x5C, 0xB6, 0x43, 0xD8, 0x54,
    0xD8, 0x54, 0x10, 0x02, 0x10, 0x02, 0xBF, 0x75, 0xDF, 0x7D, 0xBF, 0x7D, 0x10, 0x02, 0x10, 0x02,
    0x10, 0x02, 0x10, 0x02, 0x10, 0x02, 0x37, 0x55, 0x37, 0x55, 0x79, 0x54, 0x95, 0x3B, 0x10, 0x02,
    0x9A, 0x5C, 0xBF, 0x7D, 0x10, 0x02, 0x10, 0x02, 0x10, 0x02, 0x95, 0x3B, 0x79, 0x54, 0x57, 0x55,
    0x6C, 0x14, 0xED, 0x24, 0x79, 0x54, 0x10, 0x02, 0xB6, 0x43, 0x9A, 0x5C, 0x92, 0x1A, 0x10, 0x02,
    0x10, 0x02, 0x79, 0x54, 0x8E, 0x24, 0xCA, 0x14, 0xAA, 0x0C, 0x4C, 0x14, 0x37, 0x55, 0xF9, 0x5C,
    0x38, 0x5D, 0xF9, 0x5C, 0x58, 0x5D, 0xF9, 0x5C, 0x38, 0x5D, 0xD8, 0x54, 0xAB, 0x14, 0x4C, 0x04,
    0x30, 0x02, 0x30, 0x02, 0x10, 0x02, 0xBE, 0x75, 0xDF, 0x7D, 0xDF, 0x7D, 0xDF, 0x7D, 0xDF, 0x7D,
    0xBE, 0x75, 0x10, 0x02, 0x50, 0x02, 0x30, 0x02, 0x10, 0x02, 0x95, 0x3B, 0x9A, 0x5C, 0xDF, 0x7D,
    0x3D, 0x6D, 0x9A, 0x5C, 0xDF, 0x7D, 0xDF, 0x7D, 0xDF, 0x7D, 0x9A, 0x5C, 0x95, 0x3B, 0x10, 0x02,
    0x10, 0x02, 0x79, 0x5C, 0xDF, 0x7D, 0xBF, 0x7D, 0x79, 0x54, 0x10, 0x02, 0xBF, 0x7D, 0xDF, 0x7D,
    0xDF, 0x7D, 0xDF, 0x7D, 0x79, 0x5C, 0x10, 0x02, 0x10, 0x02, 0x79, 0x5C, 0xBF, 0x7D, 0xB2, 0x22,
    0x10, 0x02, 0x10, 0x02, 0xBF, 0x7D, 0xDF, 0x7D, 0xDF, 0x7D, 0xDF, 0x7D, 0x79, 0x5C, 0x10, 0x02,
    0x10, 0x02, 0x79, 0x5C, 0xDF, 0x7D, 0x9A, 0x5C, 0x95, 0x3B, 0x10, 0x02, 0xBF, 0x7D, 0xDF, 0x7D,
    0xDF, 0x7D, 0xDF, 0x7D, 0x79, 0x5C, 0x10, 0x02, 0x10, 0x02, 0x79, 0x5C, 0xDF, 0x7D, 0xDF, 0x7D,
    0x79, 0x5C, 0x10, 0x02, 0xBF, 0x7D, 0xDF, 0x7D, 0xDF, 0x7D, 0xDF, 0x7D, 0x79, 0x5C, 0x10, 0x02,
    0x10, 0x02, 0x79, 0x5C, 0xDF, 0x7D, 0xDF, 0x7D, 0x79, 0x5C, 0x10, 0x02, 0xBF, 0x7D, 0xDF, 0x7D,
    0xDF, 0x7D, 0xDF, 0x7D, 0x79, 0x5C, 0x10, 0x02, 0x10, 0x02, 0x79, 0x5C, 0xDF, 0x7D, 0x9A, 0x5C,
    0x95, 0x3B, 0x10, 0x02, 0x79, 0x54, 0x3D, 0x6D, 0xDF, 0x7D, 0xDF, 0x7D, 0x79, 0x5C, 0x10, 0x02,
    0x10, 0x02, 0x79, 0x54, 0xBF, 0x75, 0xB2, 0x22, 0x10, 0x02, 0x10, 0x02, 0x10, 0x02, 0x9A, 0x5C,
    0xDF, 0x7D, 0xBF, 0x7D, 0x79, 0x54, 0x10, 0x02, 0x10, 0x02, 0x10, 0x02, 0xB2, 0x22, 0xBF, 0x75,
    0xBF, 0x7D, 0xBF, 0x7D, 0xBF, 0x7D, 0xDF, 0x7D, 0xBF, 0x7D, 0xB2, 0x22, 0x10, 0x02, 0x10, 0x02,
    0x10, 0x02, 0x10, 0x02, 0x10, 0x02, 0x79, 0x54, 0x79, 0x5C, 0x79, 0x5C, 0x79, 0x5C, 0x79, 0x5C,
    0x79, 0x54, 0x10, 0x02, 0x10, 0x02, 0x10, 0x02, 0x10, 0x02, 0x10, 0x02, 0x10, 0x02, 0x10, 0x02,
    0x10, 0x02, 0x10, 0x02, 0x10, 0x02, 0x10, 0x02, 0x10, 0x02, 0x10, 0x02, 0x10, 0x02, 0x10, 0x02,
    0x10, 0x02, 0x10, 0x02, 0x10, 0x02, 0xBF, 0x75, 0xBF, 0x7D, 0xBF, 0x7D, 0xBF, 0x7D, 0xBF, 0x7D,
    0xBF, 0x75, 0x10, 0x02, 0x10, 0x02, 0x10, 0x02, 0x10, 0x02, 0x95, 0x3B, 0x79, 0x5C, 0x79, 0x5C,
    0x79, 0x5C, 0x9A, 0x5C, 0xDF, 0x7D, 0xDF, 0x7D, 0xDF, 0x7D, 0x9A, 0x5C, 0x95, 0x3B, 0x10, 0x02,
    0x10, 0x02, 0x79, 0x5C, 0xBF, 0x7D, 0xB2, 0x22, 0x10, 0x02, 0xB2, 0x22, 0xBF, 0x75, 0xDF, 0x7D,
    0xDF, 0x7D, 0xDF, 0x7D, 0x79, 0x5C, 0x10, 0x02, 0x10, 0x02, 0x79, 0x5C, 0xDF, 0x7D, 0xBF, 0x7D,
    0xBF, 0x7D, 0xBF, 0x75, 0xB2, 0x22, 0x9A, 0x5C, 0xDF, 0x7D, 0xDF, 0x7D, 0x79, 0x5C, 0x10, 0x02,
    0x10, 0x02, 0x79, 0x5C, 0xDF, 0x7D, 0xDF, 0x7D, 0x3D, 0x6D, 0x79, 0x5C, 0x79, 0x5C, 0x3D, 0x6D,
    0xDF, 0x7D, 0xDF, 0x7D, 0x79, 0x5C, 0x10, 0x02, 0x10, 0x02, 0x79, 0x5C, 0xDF, 0x7D, 0xBF, 0x7D,
    0x79, 0x5C, 0xB2, 0x22, 0xBF, 0x7D, 0xDF, 0x7D, 0xDF, 0x7D, 0xDF, 0x7D, 0x79, 0x5C, 0x10, 0x02,
    0x10, 0x02, 0x79, 0x5C, 0xBF, 0x7D, 0xB2, 0x22, 0x79, 0x5C, 0xBF, 0x7D, 0xDF, 0x7D, 0xDF, 0x7D,
    0xDF, 0x7D, 0xDF, 0x7D, 0x79, 0x5C, 0x10, 0x02, 0x10, 0x02, 0x79, 0x5C, 0xBF, 0x7D, 0x10, 0x02,
    0x95, 0x3B, 0x79, 0x5C, 0x79, 0x5C, 0x3D, 0x6D, 0xDF, 0x7D, 0xDF, 0x7D, 0x79, 0x5C, 0x10, 0x02,
    0x10, 0x02, 0x79, 0x54, 0xBF, 0x75, 0xB2, 0x22, 0x10, 0x02, 0x10, 0x02, 0x10, 0x02, 0x9A, 0x5C,
    0xDF, 0x7D, 0xBF, 0x7D, 0x79, 0x54, 0x10, 0x02, 0x10, 0x02, 0x10, 0x02, 0xB2, 0x22, 0xBF, 0x75,
    0xBF, 0x7D, 0xBF, 0x7D, 0xBF, 0x7D, 0xDF, 0x7D, 0xBF, 0x7D, 0xB2, 0x22, 0x10, 0x02, 0x10, 0x02,
    0x10, 0x02, 0x10, 0x02, 0x10, 0x02, 0x79, 0x54, 0x79, 0x5C, 0x79, 0x5C, 0x79, 0x5C, 0x79, 0x5C,
    0x79, 0x54, 0x10, 0x02, 0x10, 0x02, 0x10, 0x02, 0x10, 0x02, 0x10, 0x02, 0x10, 0x02, 0x10, 0x02,
    0x10, 0x02, 0x10, 0x02, 0x10, 0x02, 0x10, 0x02, 0x10, 0x02, 0x10, 0x02, 0x10, 0x02, 0x10, 0x02,
    0x10, 0x02, 0x10, 0x02, 0x10, 0x02, 0x10, 0x02, 0x10, 0x02, 0x10, 0x02, 0x10, 0x02, 0x10, 0x02,
    0x10, 0x02, 0x10, 0x02, 0x10, 0x02, 0x10, 0x02, 0x10, 0x02, 0x10, 0x02, 0x10, 0x02, 0x10, 0x02,
    0x10, 0x02, 0x10, 0x02, 0x10, 0x02, 0x10, 0x02, 0x10, 0x02, 0x10, 0x02, 0x10, 0x02, 0x10, 0x02,
    0x10, 0x02, 0x10, 0x02, 0x10, 0x02, 0x10, 0x02, 0x10, 0x02, 0x10, 0x02, 0x10, 0x02, 0x10, 0x02,
    0x10, 0x02, 0x10, 0x02, 0x10, 0x02, 0x10, 0x02, 0x10, 0x02, 0x10, 0x02, 0x10, 0x02, 0x10, 0x02,
    0x10, 0x02, 0x10, 0x02, 0x10, 0x02, 0x10, 0x02, 0x10, 0x02, 0x10, 0x02, 0x10, 0x02, 0x10, 0x02,
    0x10, 0x02, 0x10, 0x02, 0x10, 0x02, 0x10, 0x02, 0x10, 0x02, 0x10, 0x02, 0x10, 0x02, 0x10, 0x02,
    0x10, 0x02, 0x10, 0x02, 0x10, 0x02, 0x10, 0x02, 0x10, 0x02, 0x10, 0x02, 0x10, 0x02, 0x10, 0x02,
    0x10, 0x02, 0x10, 0x02, 0x10, 0x02, 0x10, 0x02, 0x10, 0x02, 0x10, 0x02, 0x10, 0x02, 0x10, 0x02,
    0x10, 0x02, 0x10, 0x02, 0x10, 0x02, 0x10, 0x02, 0x10, 0x02, 0x10, 0x02, 0x10, 0x02, 0x10, 0x02,
    0x10, 0x02, 0x10, 0x02, 0x10, 0x02, 0x10, 0x02, 0x10, 0x02, 0x10, 0x02, 0x10, 0x02, 0x10, 0x02,
    0x10, 0x02, 0x10, 0x02, 0x10, 0x02, 0x10, 0x02, 0x10, 0x02, 0x10, 0x02, 0x10, 0x02, 0x10, 0x02,
    0x10, 0x02, 0x10, 0x02, 0x10, 0x02, 0x10, 0x02, 0x10, 0x02, 0x10, 0x02, 0x10, 0x02, 0x10, 0x02,
    0x10, 0x02, 0x10, 0x02, 0x10, 0x02, 0x10, 0x02, 0x10, 0x02, 0x10, 0x02, 0x10, 0x02, 0x10, 0x02,
    0x10, 0x02, 0x10, 0x02, 0x10, 0x02, 0x10, 0x02, 0x10, 0x02, 0x10, 0x02, 0x10, 0x02, 0x10, 0x02,
    0x10, 0x02, 0x10, 0x02, 0x10, 0x02, 0x10, 0x02, 0x10, 0x02, 0x10, 0x02, 0x10, 0x02, 0x10, 0x02,
    0x10, 0x02, 0x10, 0x02, 0x10, 0x02, 0x10, 0x02, 0x10, 0x02, 0x10, 0x02, 0x10, 0x02, 0x10, 0x02,
    0x10, 0x02, 0x10, 0x02, 0x10, 0x02, 0x10, 0x02, 0x10, 0x02, 0x10, 0x02, 0x10, 0x02, 0x10, 0x02,
    0x10, 0x02, 0x10, 0x02, 0x10, 0x02, 0x10, 0x02, 0x10, 0x02, 0x10, 0x02, 0x10, 0x02, 0x10, 0x02,
    0x10, 0x02, 0x10, 0x02, 0x10, 0x02, 0x10, 0x02, 0x10, 0x02, 0x10, 0x02, 0x10, 0x02, 0x10, 0x02,
    0x10, 0x02, 0x10, 0x02, 0x10, 0x02, 0x10, 0x02, 0x10, 0x02, 0x10, 0x02, 0x10, 0x02, 0x10, 0x02,
    0x10, 0x02, 0x10, 0x02, 0x10, 0x02, 0x10, 0x02, 0x10, 0x02, 0x10, 0x02, 0x10, 0x02, 0x10, 0x02,
    0x10, 0x02, 0x10, 0x02, 0x10, 0x02, 0x10, 0x02, 0x10, 0x02, 0x10, 0x02, 0x10, 0x02, 0x10, 0x02,
    0x10, 0x02, 0x10, 0x02, 0x10, 0x02, 0x10, 0x02, 0x10, 0x02, 0x10, 0x02, 0x10, 0x02, 0x10, 0x02,
    0x10, 0x02, 0x10, 0x02, 0x10, 0x02, 0x10, 0x02, 0x10, 0x02, 0x10, 0x02, 0x10, 0x02, 0x10, 0x02,
    0x10, 0x02, 0x10, 0x02, 0x10, 0x02, 0x10, 0x02, 0x10, 0x02, 0x10, 0x02, 0x10, 0x02, 0x10, 0x02,
    0x10, 0x02, 0x10, 0x02, 0x10, 0x02, 0x10, 0x02, 0x10, 0x02, 0x10, 0x02, 0x10, 0x02, 0x10, 0x02,
    0x10, 0x02, 0x10, 0x02, 0x10, 0x02, 0x10, 0x02, 0x10, 0x02, 0x10, 0x02, 0x10, 0x02, 0x10, 0x02,
    0x10, 0x02, 0x10, 0x02, 0x10, 0x02, 0x10, 0x02, 0x10, 0x02, 0x10, 0x02, 0x10, 0x02, 0x10, 0x02,
    0x10, 0x02, 0x10, 0x02, 0x10, 0x02, 0x10, 0x02, 0x10, 0x02, 0x10, 0x02, 0x10, 0x02, 0x10, 0x02,
    0x10, 0x02, 0x10, 0x02, 0x10, 0x02, 0x10, 0x02, 0x10, 0x02, 0x10, 0x02, 0x10, 0x02, 0x10, 0x02,
    0x10, 0x02, 0x10, 0x02, 0x10, 0x02, 0x10, 0x02, 0x10, 0x02, 0x10, 0x02, 0x10, 0x02, 0x10, 0x02,
    0x10, 0x02, 0x10, 0x02, 0x10, 0x02, 0x10, 0x02, 0x10, 0x02, 0x10, 0x02, 0x10, 0x02, 0x10, 0x02,
    0x10, 0x02, 0x10, 0x02, 0x10, 0x02, 0x10, 0x02, 0x10, 0x02, 0x10, 0x02, 0x10, 0x02, 0x10, 0x02,
    0x10, 0x02, 0x10, 0x02, 0x10, 0x02, 0x10, 0x02, 0x10, 0x02, 0x10, 0x02, 0x10, 0x02, 0x10, 0x02,
    0x10, 0x02, 0x10, 0x02, 0x10, 0x02, 0x10, 0x02, 0x10, 0x02, 0x10, 0x02, 0x10, 0x02, 0x10, 0x02,
    0x6B, 0x0C, 0x8B, 0x0C, 0x91, 0x2A, 0xFF, 0xFF, 0xFF, 0xFF, 0x91, 0x2A, 0x4B, 0x0C, 0xC9, 0x0C,
    0x1F, 0xF8, 0x1F, 0xF8, 0x1F, 0xF8, 0x1F, 0xF8, 0x8B, 0x0C, 0x6B, 0x0C, 0x91, 0x2A, 0xFF, 0xFF,
    0xFF, 0xFF, 0x91, 0x2A, 0x8B, 0x0C, 0x8B, 0x0C, 0x1F, 0xF8, 0x1F, 0xF8, 0x1F, 0xF8, 0x1F, 0xF8,
    0x91, 0x2A, 0x91, 0x2A, 0xD1, 0x42, 0xFF, 0xFF, 0xFF, 0xFF, 0xD1, 0x42, 0x91, 0x2A, 0x91, 0x2A,
    0x1F, 0xF8, 0x1F, 0xF8, 0x1F, 0xF8, 0x1F, 0xF8, 0xFF, 0xFF, 0xFF, 0xFF, 0xFF, 0xFF, 0xFF, 0xFF,
    0xFF, 0xFF, 0xFF, 0xFF, 0xFF, 0xFF, 0xFF, 0xFF, 0x1F, 0xF8, 0x1F, 0xF8, 0x1F, 0xF8, 0x1F, 0xF8,
    0xFF, 0xFF, 0xFF, 0xFF, 0xFF, 0xFF, 0xFF, 0xFF, 0xFF, 0xFF, 0xFF, 0xFF, 0xFF, 0xFF, 0xFF, 0xFF,
    0x1F, 0xF8, 0x1F, 0xF8, 0x1F, 0xF8, 0x1F, 0xF8, 0x91, 0x2A, 0x91, 0x2A, 0xD1, 0x42, 0xFF, 0xFF,
    0xFF, 0xFF, 0xD1, 0x42, 0x91, 0x2A, 0x91, 0x2A, 0x1F, 0xF8, 0x1F, 0xF8, 0x1F, 0xF8, 0x1F, 0xF8,
    0x4B, 0x0C, 0xAA, 0x0C, 0x91, 0x2A, 0xFF, 0xFF, 0xFF, 0xFF, 0x91, 0x2A, 0x8B, 0x0C, 0x8B, 0x0C,
    0x1F, 0xF8, 0x1F, 0xF8, 0x1F, 0xF8, 0x1F, 0xF8, 0x8A, 0x0C, 0x8B, 0x0C, 0xB1, 0x2A, 0xDF, 0xFF,
    0xDF, 0xFF, 0xB1, 0x2A, 0x4B, 0x0C, 0x8A, 0x0C, 0x1F, 0xF8, 0x1F, 0xF8, 0x1F, 0xF8, 0x1F, 0xF8,
    0x6B, 0x0C, 0x8A, 0x0C, 0x8B, 0x0C, 0xAC, 0x34, 0xAC, 0x34, 0x8B, 0x0C, 0x6B, 0x0C, 0xAA, 0x0C,
    0x1F, 0xF8, 0x1F, 0xF8, 0x1F, 0xF8, 0x1F, 0xF8, 0x8B, 0x0C, 0x8B, 0x0C, 0x4B, 0x0C, 0xAA, 0x0C,
    0x6B, 0x0C, 0x8B, 0x0C, 0x8A, 0x0C, 0x8B, 0x0C, 0x1F, 0xF8, 0x1F, 0xF8, 0x1F, 0xF8, 0x1F, 0xF8,
    0x91, 0x2A, 0x91, 0x2A, 0x91, 0x2A, 0x91, 0x2A, 0x91, 0x2A, 0x91, 0x2A, 0x91, 0x2A, 0x91, 0x2A,
    0x1F, 0xF8, 0x1F, 0xF8, 0x1F, 0xF8, 0x1F, 0xF8, 0xFF, 0xFF, 0xFF, 0xFF, 0xFF, 0xFF, 0xFF, 0xFF,
    0xFF, 0xFF, 0xFF, 0xFF, 0xFF, 0xFF, 0xFF, 0xFF, 0x1F, 0xF8, 0x1F, 0xF8, 0x1F, 0xF8, 0x1F, 0xF8,
    0xFF, 0xFF, 0xFF, 0xFF, 0xFF, 0xFF, 0xFF, 0xFF, 0xFF, 0xFF, 0xFF, 0xFF, 0xFF, 0xFF, 0xFF, 0xFF,
    0x1F, 0xF8, 0x1F, 0xF8, 0x1F, 0xF8, 0x1F, 0xF8, 0x91, 0x2A, 0x91, 0x2A, 0xD1, 0x42, 0xFF, 0xFF,
    0xFF, 0xFF, 0xD1, 0x42, 0x91, 0x2A, 0x91, 0x2A, 0x1F, 0xF8, 0x1F, 0xF8, 0x1F, 0xF8, 0x1F, 0xF8,
    0x4B, 0x0C, 0xAA, 0x0C, 0x91, 0x2A, 0xFF, 0xFF, 0xFF, 0xFF, 0x91, 0x2A, 0x8B, 0x0C, 0x8B, 0x0C,
    0x1F, 0xF8, 0x1F, 0xF8, 0x1F, 0xF8, 0x1F, 0xF8, 0x8A, 0x0C, 0x8B, 0x0C, 0x91, 0x2A, 0xFF, 0xFF,
    0xFF, 0xFF, 0x91, 0x2A, 0x4B, 0x0C, 0x8A, 0x0C, 0x1F, 0xF8, 0x1F, 0xF8, 0x1F, 0xF8, 0x1F, 0xF8,
    0x6B, 0x0C, 0x8B, 0x0C, 0x91, 0x2A, 0xFF, 0xFF, 0xFF, 0xFF, 0x91, 0x2A, 0x4B, 0x0C, 0xAA, 0x0C,
    0x1F, 0xF8, 0x1F, 0xF8, 0x1F, 0xF8, 0x1F, 0xF8, 0x8B, 0x0C, 0x6B, 0x0C, 0x91, 0x2A, 0xFF, 0xFF,
    0xFF, 0xFF, 0x91, 0x2A, 0x8A, 0x0C, 0x8A, 0x0C, 0x1F, 0xF8, 0x1F, 0xF8, 0x1F, 0xF8, 0x1F, 0xF8,
    0x91, 0x2A, 0x91, 0x2A, 0xD1, 0x42, 0xFF, 0xFF, 0xFF, 0xFF, 0x91, 0x2A, 0x4B, 0x0C, 0x8A, 0x0C,
    0x1F, 0xF8, 0x1F, 0xF8, 0x1F, 0xF8, 0x1F, 0xF8, 0xFF, 0xFF, 0xFF, 0xFF, 0xFF, 0xFF, 0xFF, 0xFF,
    0xFF, 0xFF, 0x91, 0x2A, 0x8B, 0x0C, 0x8A, 0x0C, 0x1F, 0xF8, 0x1F, 0xF8, 0x1F, 0xF8, 0x1F, 0xF8,
    0xFF, 0xFF, 0xFF, 0xFF, 0xFF, 0xFF, 0xFF, 0xFF, 0xFF, 0xFF, 0x91, 0x2A, 0x8B, 0x0C, 0xAA, 0x0C,
    0x1F, 0xF8, 0x1F, 0xF8, 0x1F, 0xF8, 0x1F, 0xF8, 0x91, 0x2A, 0x91, 0x2A, 0xD1, 0x42, 0xFF, 0xFF,
    0xFF, 0xFF, 0x91, 0x2A, 0x4B, 0x0C, 0x8A, 0x0C, 0x1F, 0xF8, 0x1F, 0xF8, 0x1F, 0xF8, 0x1F, 0xF8,
    0x4B, 0x0C, 0xAA, 0x0C, 0x91, 0x2A, 0xFF, 0xFF, 0xFF, 0xFF, 0x91, 0x2A, 0x8A, 0x0C, 0x8A, 0x0C,
    0x1F, 0xF8, 0x1F, 0xF8, 0x1F, 0xF8, 0x1F, 0xF8, 0x8A, 0x0C, 0x8B, 0x0C, 0xB1, 0x2A, 0xDF, 0xFF,
    0xDF, 0xFF, 0xB1, 0x2A, 0x4B, 0x0C, 0x8A, 0x0C, 0x1F, 0xF8, 0x1F, 0xF8, 0x1F, 0xF8, 0x1F, 0xF8,
    0x6B, 0x0C, 0x8A, 0x0C, 0x8B, 0x0C, 0xAC, 0x34, 0xAC, 0x34, 0x8B, 0x0C, 0x6B, 0x0C, 0xAA, 0x0C,
    0x1F, 0xF8, 0x1F, 0xF8, 0x1F, 0xF8, 0x1F, 0xF8, 0x8B, 0x0C, 0x8B, 0x0C, 0x4B, 0x0C, 0xAA, 0x0C,
    0x6B, 0x0C, 0x8B, 0x0C, 0x8A, 0x0C, 0x8A, 0x0C, 0x1F, 0xF8, 0x1F, 0xF8, 0x1F, 0xF8, 0x1F, 0xF8,
    0x91, 0x2A, 0x91, 0x2A, 0x91, 0x2A, 0x91, 0x2A, 0x91, 0x2A, 0x50, 0x02, 0x4B, 0x0C, 0x8A, 0x0C,
    0x1F, 0xF8, 0x1F, 0xF8, 0x1F, 0xF8, 0x1F, 0xF8, 0xFF, 0xFF, 0xFF, 0xFF, 0xFF, 0xFF, 0xFF, 0xFF,
    0xDF, 0xFF, 0x91, 0x2A, 0x8B, 0x0C, 0x8A, 0x0C, 0x1F, 0xF8, 0x1F, 0xF8, 0x1F, 0xF8, 0x1F, 0xF8,
    0xFF, 0xFF, 0xFF, 0xFF, 0xFF, 0xFF, 0xFF, 0xFF, 0xFF, 0xFF, 0x91, 0x2A, 0x8B, 0x0C, 0xAA, 0x0C,
    0x1F, 0xF8, 0x1F, 0xF8, 0x1F, 0xF8, 0x1F, 0xF8, 0x91, 0x2A, 0x91, 0x2A, 0xD1, 0x42, 0xFF, 0xFF,
    0xFF, 0xFF, 0x91, 0x2A, 0x4B, 0x0C, 0x8A, 0x0C, 0x1F, 0xF8, 0x1F, 0xF8, 0x1F, 0xF8, 0x1F, 0xF8,
    0x4B, 0x0C, 0xAA, 0x0C, 0x91, 0x2A, 0xFF, 0xFF, 0xFF, 0xFF, 0x91, 0x2A, 0x8A, 0x0C, 0x8A, 0x0C,
    0x1F, 0xF8, 0x1F, 0xF8, 0x1F, 0xF8, 0x1F, 0xF8, 0x8A, 0x0C, 0x8B, 0x0C, 0x91, 0x2A, 0xFF, 0xFF,
    0xFF, 0xFF, 0x91, 0x2A, 0x4B, 0x0C, 0x8A, 0x0C, 0x1F, 0xF8, 0x1F, 0xF8, 0x1F, 0xF8, 0x1F, 0xF8,
    0x6B, 0x0C, 0x8B, 0x0C, 0x91, 0x2A, 0xFF, 0xFF, 0xFF, 0xFF, 0x91, 0x2A, 0x4B, 0x0C, 0xAA, 0x0C,
    0x1F, 0xF8, 0x1F, 0xF8, 0x1F, 0xF8, 0x1F, 0xF8, 0x8B, 0x0C, 0x6B, 0x0C, 0x91, 0x2A, 0xFF, 0xFF,
    0xFF, 0xFF, 0x91, 0x2A, 0x8B, 0x0C, 0x8B, 0x0C, 0x1F, 0xF8, 0x1F, 0xF8, 0x1F, 0xF8, 0x1F, 0xF8,
    0x91, 0x2A, 0x91, 0x2A, 0xD1, 0x42, 0xFF, 0xFF, 0xFF, 0xFF, 0xD1, 0x42, 0x91, 0x2A, 0x91, 0x2A,
    0x1F, 0xF8, 0x1F, 0xF8, 0x1F, 0xF8, 0x1F, 0xF8, 0xFF, 0xFF, 0xFF, 0xFF, 0xFF, 0xFF, 0xFF, 0xFF,
    0xFF, 0xFF, 0xFF, 0xFF, 0xFF, 0xFF, 0xFF, 0xFF, 0x1F, 0xF8, 0x1F, 0xF8, 0x1F, 0xF8, 0x1F, 0xF8,
    0xFF, 0xFF, 0xFF, 0xFF, 0xFF, 0xFF, 0xFF, 0xFF, 0xFF, 0xFF, 0xFF, 0xFF, 0xFF, 0xFF, 0xFF, 0xFF,
    0x1F, 0xF8, 0x1F, 0xF8, 0x1F, 0xF8, 0x1F, 0xF8, 0x91, 0x2A, 0x91, 0x2A, 0x91, 0x2A, 0x91, 0x2A,
    0x91, 0x2A, 0x91, 0x2A, 0x91, 0x2A, 0x91, 0x2A, 0x1F, 0xF8, 0x1F, 0xF8, 0x1F, 0xF8, 0x1F, 0xF8,
    0x4B, 0x0C, 0xAA, 0x0C, 0x4B, 0x0C, 0x8B, 0x0C, 0x8B, 0x0C, 0x8B, 0x0C, 0x8A, 0x0C, 0x8B, 0x0C,
    0x1F, 0xF8, 0x1F, 0xF8, 0x1F, 0xF8, 0x1F, 0xF8, 0x8A, 0x0C, 0x8A, 0x0C, 0x8A, 0x0C, 0x8A, 0x0C,
    0x8A, 0x0C, 0x8A, 0x0C, 0x6B, 0x0C, 0x8A, 0x0C, 0x1F, 0xF8, 0x1F, 0xF8, 0x1F, 0xF8, 0x1F, 0xF8,
    0x6B, 0x0C, 0x8A, 0x0C, 0x8A, 0x0C, 0x8A, 0x0C, 0x8A, 0x0C, 0x8A, 0x0C, 0x6B, 0x0C, 0xAA, 0x0C,
    0x1F, 0xF8, 0x1F, 0xF8, 0x1F, 0xF8, 0x1F, 0xF8, 0x8B, 0x0C, 0x8B, 0x0C, 0x4B, 0x0C, 0xAA, 0x0C,
    0x6B, 0x0C, 0x8B, 0x0C, 0x8A, 0x0C, 0x8B, 0x0C, 0x1F, 0xF8, 0x1F, 0xF8, 0x1F, 0xF8, 0x1F, 0xF8,
    0x91, 0x2A, 0x91, 0x2A, 0x91, 0x2A, 0x91, 0x2A, 0x91, 0x2A, 0x91, 0x2A, 0x91, 0x2A, 0x91, 0x2A,
    0x1F, 0xF8, 0x1F, 0xF8, 0x1F, 0xF8, 0x1F, 0xF8, 0xFF, 0xFF, 0xFF, 0xFF, 0xFF, 0xFF, 0xFF, 0xFF,
    0xFF, 0xFF, 0xFF, 0xFF, 0xFF, 0xFF, 0xFF, 0xFF, 0x1F, 0xF8, 0x1F, 0xF8, 0x1F, 0xF8, 0x1F, 0xF8,
    0xFF, 0xFF, 0xFF, 0xFF, 0xFF, 0xFF, 0xFF, 0xFF, 0xFF, 0xFF, 0xFF, 0xFF, 0xFF, 0xFF, 0xFF, 0xFF,
    0x1F, 0xF8, 0x1F, 0xF8, 0x1F, 0xF8, 0x1F, 0xF8, 0x91, 0x2A, 0x91, 0x2A, 0x91, 0x2A, 0x91, 0x2A,
    0x91, 0x2A, 0x91, 0x2A, 0x91, 0x2A, 0x91, 0x2A, 0x1F, 0xF8, 0x1F, 0xF8, 0x1F, 0xF8, 0x1F, 0xF8,
    0x4B, 0x0C, 0xAA, 0x0C, 0x4B, 0x0C, 0x8B, 0x0C, 0x8B, 0x0C, 0x8B, 0x0C, 0x8A, 0x0C, 0x8B, 0x0C,
    0x1F, 0xF8, 0x1F, 0xF8, 0x1F, 0xF8, 0x1F, 0xF8, 0x8A, 0x0C, 0x8A, 0x0C, 0x8B, 0x0C, 0xAC, 0x34,
    0xAC, 0x34, 0x8B, 0x0C, 0x6B, 0x0C, 0x8A, 0x0C, 0x1F, 0xF8, 0x1F, 0xF8, 0x1F, 0xF8, 0x1F, 0xF8,
    0x6B, 0x0C, 0x8B, 0x0C, 0xB1, 0x2A, 0xDF, 0xFF, 0xDF, 0xFF, 0xB1, 0x2A, 0x4B, 0x0C, 0xAA, 0x0C,
    0x1F, 0xF8, 0x1F, 0xF8, 0x1F, 0xF8, 0x1F, 0xF8, 0x8B, 0x0C, 0x6B, 0x0C, 0x91, 0x2A, 0xFF, 0xFF,
    0xFF, 0xFF, 0x91, 0x2A, 0x8A, 0x0C, 0x8A, 0x0C, 0x1F, 0xF8, 0x1F, 0xF8, 0x1F, 0xF8, 0x1F, 0xF8,
    0x91, 0x2A, 0x91, 0x2A, 0xD1, 0x42, 0xFF, 0xFF, 0xFF, 0xFF, 0x91, 0x2A, 0x4B, 0x0C, 0x8A, 0x0C,
    0x1F, 0xF8, 0x1F, 0xF8, 0x1F, 0xF8, 0x1F, 0xF8, 0xFF, 0xFF, 0xFF, 0xFF, 0xFF, 0xFF, 0xFF, 0xFF,
    0xFF, 0xFF, 0x91, 0x2A, 0x8B, 0x0C, 0x8A, 0x0C, 0x1F, 0xF8, 0x1F, 0xF8, 0x1F, 0xF8, 0x1F, 0xF8,
    0xFF, 0xFF, 0xFF, 0xFF, 0xFF, 0xFF, 0xFF, 0xFF, 0xDF, 0xFF, 0x91, 0x2A, 0x8B, 0x0C, 0xAA, 0x0C,
    0x1F, 0xF8, 0x1F, 0xF8, 0x1F, 0xF8, 0x1F, 0xF8, 0x91, 0x2A, 0x91, 0x2A, 0x91, 0x2A, 0x91, 0x2A,
    0x91, 0x2A, 0x50, 0x02, 0x4B, 0x0C, 0x8A, 0x0C, 0x1F, 0xF8, 0x1F, 0xF8, 0x1F, 0xF8, 0x1F, 0xF8,
    0x4B, 0x0C, 0xAA, 0x0C, 0x4B, 0x0C, 0x8B, 0x0C, 0x8B, 0x0C, 0x8B, 0x0C, 0x8A, 0x0C, 0x8A, 0x0C,
    0x1F, 0xF8, 0x1F, 0xF8, 0x1F, 0xF8, 0x1F, 0xF8, 0x8A, 0x0C, 0x8A, 0x0C, 0x8A, 0x0C, 0x8A, 0x0C,
    0x8A, 0x0C, 0x8A, 0x0C, 0x6B, 0x0C, 0x8A, 0x0C, 0x1F, 0xF8, 0x1F, 0xF8, 0x1F, 0xF8, 0x1F, 0xF8,
    0x6B, 0x0C, 0x8A, 0x0C, 0x8A, 0x0C, 0x8A, 0x0C, 0x8A, 0x0C, 0x8A, 0x0C, 0x6B, 0x0C, 0xAA, 0x0C,
    0x1F, 0xF8, 0x1F, 0xF8, 0x1F, 0xF8, 0x1F, 0xF8, 0x8B, 0x0C, 0x8B, 0x0C, 0x4B, 0x0C, 0xAA, 0x0C,
    0x6B, 0x0C, 0x8B, 0x0C, 0x8A, 0x0C, 0x8A, 0x0C, 0x1F, 0xF8, 0x1F, 0xF8, 0x1F, 0xF8, 0x1F, 0xF8,
    0x91, 0x2A, 0x91, 0x2A, 0x91, 0x2A, 0x91, 0x2A, 0x91, 0x2A, 0x50, 0x02, 0x4B, 0x0C, 0x8A, 0x0C,
    0x1F, 0xF8, 0x1F, 0xF8, 0x1F, 0xF8, 0x1F, 0xF8, 0xFF, 0xFF, 0xFF, 0xFF, 0xFF, 0xFF, 0xFF, 0xFF,
    0xDF, 0xFF, 0x91, 0x2A, 0x8B, 0x0C, 0x8A, 0x0C, 0x1F, 0xF8, 0x1F, 0xF8, 0x1F, 0xF8, 0x1F, 0xF8,
    0xFF, 0xFF, 0xFF, 0xFF, 0xFF, 0xFF, 0xFF, 0xFF, 0xDF, 0xFF, 0x91, 0x2A, 0x8B, 0x0C, 0xAA, 0x0C,
    0x1F, 0xF8, 0x1F, 0xF8, 0x1F, 0xF8, 0x1F, 0xF8, 0x91, 0x2A, 0x91, 0x2A, 0x91, 0x2A, 0x91, 0x2A,
    0x91, 0x2A, 0x50, 0x02, 0x4B, 0x0C, 0x8A, 0x0C, 0x1F, 0xF8, 0x1F, 0xF8, 0x1F, 0xF8, 0x1F, 0xF8,
    0x4B, 0x0C, 0xAA, 0x0C, 0x4B, 0x0C, 0x8B, 0x0C, 0x8B, 0x0C, 0x8B, 0x0C, 0x8A, 0x0C, 0x8A, 0x0C,
    0x1F, 0xF8, 0x1F, 0xF8, 0x1F, 0xF8, 0x1F, 0xF8, 0x8A, 0x0C, 0x8A, 0x0C, 0x8B, 0x0C, 0xAC, 0x34,
    0xAC, 0x34, 0x8B, 0x0C, 0x6B, 0x0C, 0x8A, 0x0C, 0x1F, 0xF8, 0x1F, 0xF8, 0x1F, 0xF8, 0x1F, 0xF8,
    0x6B, 0x0C, 0x8B, 0x0C, 0xB1, 0x2A, 0xDF, 0xFF, 0xDF, 0xFF, 0xB1, 0x2A, 0x4B, 0x0C, 0xAA, 0x0C,
    0x1F, 0xF8, 0x1F, 0xF8, 0x1F, 0xF8, 0x1F, 0xF8, 0x8A, 0x0C, 0x8A, 0x0C, 0x91, 0x2A, 0xFF, 0xFF,
    0xFF, 0xFF, 0x91, 0x2A, 0x8B, 0x0C, 0x8B, 0x0C, 0x1F, 0xF8, 0x1F, 0xF8, 0x1F, 0xF8, 0x1F, 0xF8,
    0x6B, 0x0C, 0x8B, 0x0C, 0x91, 0x2A, 0xFF, 0xFF, 0xFF, 0xFF, 0xD1, 0x42, 0x91, 0x2A, 0x91, 0x2A,
    0x1F, 0xF8, 0x1F, 0xF8, 0x1F, 0xF8, 0x1F, 0xF8, 0x8A, 0x0C, 0xAA, 0x0C, 0x91, 0x2A, 0xFF, 0xFF,
    0xFF, 0xFF, 0xFF, 0xFF, 0xFF, 0xFF, 0xFF, 0xFF, 0x1F, 0xF8, 0x1F, 0xF8, 0x1F, 0xF8, 0x1F, 0xF8,
    0x8A, 0x0C, 0x8B, 0x0C, 0x91, 0x2A, 0xFF, 0xFF, 0xFF, 0xFF, 0xFF, 0xFF, 0xFF, 0xFF, 0xFF, 0xFF,
    0x1F, 0xF8, 0x1F, 0xF8, 0x1F, 0xF8, 0x1F, 0xF8, 0x6B, 0x0C, 0x8B, 0x0C, 0x91, 0x2A, 0xFF, 0xFF,
    0xFF, 0xFF, 0xD1, 0x42, 0x91, 0x2A, 0x91, 0x2A, 0x1F, 0xF8, 0x1F, 0xF8, 0x1F, 0xF8, 0x1F, 0xF8,
    0x6B, 0x0C, 0xAA, 0x0C, 0x91, 0x2A, 0xFF, 0xFF, 0xFF, 0xFF, 0x91, 0x2A, 0x8B, 0x0C, 0x8B, 0x0C,
    0x1F, 0xF8, 0x1F, 0xF8, 0x1F, 0xF8, 0x1F, 0xF8, 0x8A, 0x0C, 0x8B, 0x0C, 0xB1, 0x2A, 0xDF, 0xFF,
    0xDF, 0xFF, 0xB1, 0x2A, 0x4B, 0x0C, 0x8A, 0x0C, 0x1F, 0xF8, 0x1F, 0xF8, 0x1F, 0xF8, 0x1F, 0xF8,
    0x6B, 0x0C, 0x8A, 0x0C, 0x8B, 0x0C, 0xAC, 0x34, 0xAC, 0x34, 0x8B, 0x0C, 0x6B, 0x0C, 0xAA, 0x0C,
    0x1F, 0xF8, 0x1F, 0xF8, 0x1F, 0xF8, 0x1F, 0xF8, 0x8A, 0x0C, 0x8A, 0x0C, 0x4B, 0x0C, 0xAA, 0x0C,
    0x6B, 0x0C, 0x8B, 0x0C, 0x8A, 0x0C, 0x8B, 0x0C, 0x1F, 0xF8, 0x1F, 0xF8, 0x1F, 0xF8, 0x1F, 0xF8,
    0x6B, 0x0C, 0x8B, 0x0C, 0x50, 0x02, 0x91, 0x2A, 0x91, 0x2A, 0x91, 0x2A, 0x91, 0x2A, 0x91, 0x2A,
    0x1F, 0xF8, 0x1F, 0xF8, 0x1F, 0xF8, 0x1F, 0xF8, 0x8A, 0x0C, 0xAA, 0x0C, 0x91, 0x2A, 0xDF, 0xFF,
    0xFF, 0xFF, 0xFF, 0xFF, 0xFF, 0xFF, 0xFF, 0xFF, 0x1F, 0xF8, 0x1F, 0xF8, 0x1F, 0xF8, 0x1F, 0xF8,
    0x8A, 0x0C, 0x8B, 0x0C, 0x91, 0x2A, 0xFF, 0xFF, 0xFF, 0xFF, 0xFF, 0xFF, 0xFF, 0xFF, 0xFF, 0xFF,
    0x1F, 0xF8, 0x1F, 0xF8, 0x1F, 0xF8, 0x1F, 0xF8, 0x6B, 0x0C, 0x8B, 0x0C, 0x91, 0x2A, 0xFF, 0xFF,
    0xFF, 0xFF, 0xD1, 0x42, 0x91, 0x2A, 0x91, 0x2A, 0x1F, 0xF8, 0x1F, 0xF8, 0x1F, 0xF8, 0x1F, 0xF8,
    0x6B, 0x0C, 0xAA, 0x0C, 0x91, 0x2A, 0xFF, 0xFF, 0xFF, 0xFF, 0x91, 0x2A, 0x8B, 0x0C, 0x8B, 0x0C,
    0x1F, 0xF8, 0x1F, 0xF8, 0x1F, 0xF8, 0x1F, 0xF8, 0x8A, 0x0C, 0x8B, 0x0C, 0x91, 0x2A, 0xFF, 0xFF,
    0xFF, 0xFF, 0x91, 0x2A, 0x4B, 0x0C, 0x8A, 0x0C, 0x1F, 0xF8, 0x1F, 0xF8, 0x1F, 0xF8, 0x1F, 0xF8,
    0x6B, 0x0C, 0x8B, 0x0C, 0x91, 0x2A, 0xFF, 0xFF, 0xFF, 0xFF, 0x91, 0x2A, 0x4B, 0x0C, 0xAA, 0x0C,
    0x1F, 0xF8, 0x1F, 0xF8, 0x1F, 0xF8, 0x1F, 0xF8, 0x8A, 0x0C, 0x8A, 0x0C, 0x91, 0x2A, 0xFF, 0xFF,
    0xFF, 0xFF, 0x91, 0x2A, 0x8A, 0x0C, 0x8A, 0x0C, 0x1F, 0xF8, 0x1F, 0xF8, 0x1F, 0xF8, 0x1F, 0xF8,
    0x6B, 0x0C, 0x8B, 0x0C, 0x91, 0x2A, 0xFF, 0xFF, 0xFF, 0xFF, 0x91, 0x2A, 0x4B, 0x0C, 0x8A, 0x0C,
    0x1F, 0xF8, 0x1F, 0xF8, 0x1F, 0xF8, 0x1F, 0xF8, 0x8A, 0x0C, 0xAA, 0x0C, 0x91, 0x2A, 0xFF, 0xFF,
    0xFF, 0xFF, 0x91, 0x2A, 0x8B, 0x0C, 0x8A, 0x0C, 0x1F, 0xF8, 0x1F, 0xF8, 0x1F, 0xF8, 0x1F, 0xF8,
    0x8A, 0x0C, 0x8B, 0x0C, 0x91, 0x2A, 0xFF, 0xFF, 0xFF, 0xFF, 0x91, 0x2A, 0x8B, 0x0C, 0xAA, 0x0C,
    0x1F, 0xF8, 0x1F, 0xF8, 0x1F, 0xF8, 0x1F, 0xF8, 0x6B, 0x0C, 0x8B, 0x0C, 0x91, 0x2A, 0xFF, 0xFF,
    0xFF, 0xFF, 0x91, 0x2A, 0x4B, 0x0C, 0x8A, 0x0C, 0x1F, 0xF8, 0x1F, 0xF8, 0x1F, 0xF8, 0x1F, 0xF8,
    0x6B, 0x0C, 0xAA, 0x0C, 0x91, 0x2A, 0xFF, 0xFF, 0xFF, 0xFF, 0x91, 0x2A, 0x8A, 0x0C, 0x8A, 0x0C,
    0x1F, 0xF8, 0x1F, 0xF8, 0x1F, 0xF8, 0x1F, 0xF8, 0x8A, 0x0C, 0x8B, 0x0C, 0xB1, 0x2A, 0xDF, 0xFF,
    0xDF, 0xFF, 0xB1, 0x2A, 0x4B, 0x0C, 0x8A, 0x0C, 0x1F, 0xF8, 0x1F, 0xF8, 0x1F, 0xF8, 0x1F, 0xF8,
    0x6B, 0x0C, 0x8A, 0x0C, 0x8B, 0x0C, 0xAC, 0x34, 0xAC, 0x34, 0x8B, 0x0C, 0x6B, 0x0C, 0xAA, 0x0C,
    0x1F, 0xF8, 0x1F, 0xF8, 0x1F, 0xF8, 0x1F, 0xF8, 0x8A, 0x0C, 0x8A, 0x0C, 0x4B, 0x0C, 0xAA, 0x0C,
    0x6B, 0x0C, 0x8B, 0x0C, 0x8A, 0x0C, 0x8A, 0x0C, 0x1F, 0xF8, 0x1F, 0xF8, 0x1F, 0xF8, 0x1F, 0xF8,
    0x6B, 0x0C, 0x8B, 0x0C, 0x50, 0x02, 0x91, 0x2A, 0x91, 0x2A, 0x50, 0x02, 0x4B, 0x0C, 0x8A, 0x0C,
    0x1F, 0xF8, 0x1F, 0xF8, 0x1F, 0xF8, 0x1F, 0xF8, 0x8A, 0x0C, 0xAA, 0x0C, 0x91, 0x2A, 0xDF, 0xFF,
    0xDF, 0xFF, 0x91, 0x2A, 0x8B, 0x0C, 0x8A, 0x0C, 0x1F, 0xF8, 0x1F, 0xF8, 0x1F, 0xF8, 0x1F, 0xF8,
    0x8A, 0x0C, 0x8B, 0x0C, 0x91, 0x2A, 0xFF, 0xFF, 0xFF, 0xFF, 0x91, 0x2A, 0x8B, 0x0C, 0xAA, 0x0C,
    0x1F, 0xF8, 0x1F, 0xF8, 0x1F, 0xF8, 0x1F, 0xF8, 0x6B, 0x0C, 0x8B, 0x0C, 0x91, 0x2A, 0xFF, 0xFF,
    0xFF, 0xFF, 0x91, 0x2A, 0x4B, 0x0C, 0x8A, 0x0C, 0x1F, 0xF8, 0x1F, 0xF8, 0x1F, 0xF8, 0x1F, 0xF8,
    0x6B, 0x0C, 0xAA, 0x0C, 0x91, 0x2A, 0xFF, 0xFF, 0xFF, 0xFF, 0x91, 0x2A, 0x8A, 0x0C, 0x8A, 0x0C,
    0x1F, 0xF8, 0x1F, 0xF8, 0x1F, 0xF8, 0x1F, 0xF8, 0x8A, 0x0C, 0x8B, 0x0C, 0x91, 0x2A, 0xFF, 0xFF,
    0xFF, 0xFF, 0x91, 0x2A, 0x4B, 0x0C, 0x8A, 0x0C, 0x1F, 0xF8, 0x1F, 0xF8, 0x1F, 0xF8, 0x1F, 0xF8,
    0x6B, 0x0C, 0x8B, 0x0C, 0x91, 0x2A, 0xFF, 0xFF, 0xFF, 0xFF, 0x91, 0x2A, 0x4B, 0x0C, 0xAA, 0x0C,
    0x1F, 0xF8, 0x1F, 0xF8, 0x1F, 0xF8, 0x1F, 0xF8, 0x8A, 0x0C, 0x8A, 0x0C, 0x91, 0x2A, 0xFF, 0xFF,
    0xFF, 0xFF, 0x91, 0x2A, 0x8B, 0x0C, 0x8B, 0x0C, 0x1F, 0xF8, 0x1F, 0xF8, 0x1F, 0xF8, 0x1F, 0xF8,
    0x6B, 0x0C, 0x8B, 0x0C, 0x91, 0x2A, 0xFF, 0xFF, 0xFF, 0xFF, 0xD1, 0x42, 0x91, 0x2A, 0x91, 0x2A,
    0x1F, 0xF8, 0x1F, 0xF8, 0x1F, 0xF8, 0x1F, 0xF8, 0x8A, 0x0C, 0xAA, 0x0C, 0x91, 0x2A, 0xFF, 0xFF,
    0xFF, 0xFF, 0xFF, 0xFF, 0xFF, 0xFF, 0xFF, 0xFF, 0x1F, 0xF8, 0x1F, 0xF8, 0x1F, 0xF8, 0x1F, 0xF8,
    0x8A, 0x0C, 0x8B, 0x0C, 0x91, 0x2A, 0xDF, 0xFF, 0xFF, 0xFF, 0xFF, 0xFF, 0xFF, 0xFF, 0xFF, 0xFF,
    0x1F, 0xF8, 0x1F, 0xF8, 0x1F, 0xF8, 0x1F, 0xF8, 0x6B, 0x0C, 0x8B, 0x0C, 0x50, 0x02, 0x91, 0x2A,
    0x91, 0x2A, 0x91, 0x2A, 0x91, 0x2A, 0x91, 0x2A, 0x1F, 0xF8, 0x1F, 0xF8, 0x1F, 0xF8, 0x1F, 0xF8,
    0x6B, 0x0C, 0xAA, 0x0C, 0x4B, 0x0C, 0x8B, 0x0C, 0x8B, 0x0C, 0x8B, 0x0C, 0x8A, 0x0C, 0x8B, 0x0C,
    0x1F, 0xF8, 0x1F, 0xF8, 0x1F, 0xF8, 0x1F, 0xF8, 0x8A, 0x0C, 0x8A, 0x0C, 0x8A, 0x0C, 0x8A, 0x0C,
    0x8A, 0x0C, 0x8A, 0x0C, 0x6B, 0x0C, 0x8A, 0x0C, 0x1F, 0xF8, 0x1F, 0xF8, 0x1F, 0xF8, 0x1F, 0xF8,
    0x6B, 0x0C, 0x8A, 0x0C, 0x8A, 0x0C, 0x8A, 0x0C, 0x8A, 0x0C, 0x8A, 0x0C, 0x6B, 0x0C, 0xAA, 0x0C,
    0x1F, 0xF8, 0x1F, 0xF8, 0x1F, 0xF8, 0x1F, 0xF8, 0x8A, 0x0C, 0x8A, 0x0C, 0x4B, 0x0C, 0xAA, 0x0C,
    0x6B, 0x0C, 0x8B, 0x0C, 0x8A, 0x0C, 0x8B, 0x0C, 0x1F, 0xF8, 0x1F, 0xF8, 0x1F, 0xF8, 0x1F, 0xF8,
    0x6B, 0x0C, 0x8B, 0x0C, 0x50, 0x02, 0x91, 0x2A, 0x91, 0x2A, 0x91, 0x2A, 0x91, 0x2A, 0x91, 0x2A,
    0x1F, 0xF8, 0x1F, 0xF8, 0x1F, 0xF8, 0x1F, 0xF8, 0x8A, 0x0C, 0xAA, 0x0C, 0x91, 0x2A, 0xDF, 0xFF,
    0xFF, 0xFF, 0xFF, 0xFF, 0xFF, 0xFF, 0xFF, 0xFF, 0x1F, 0xF8, 0x1F, 0xF8, 0x1F, 0xF8, 0x1F, 0xF8,
    0x8A, 0x0C, 0x8B, 0x0C, 0x91, 0x2A, 0xDF, 0xFF, 0xFF, 0xFF, 0xFF, 0xFF, 0xFF, 0xFF, 0xFF, 0xFF,
    0x1F, 0xF8, 0x1F, 0xF8, 0x1F, 0xF8, 0x1F, 0xF8, 0x6B, 0x0C, 0x8B, 0x0C, 0x50, 0x02, 0x91, 0x2A,
    0x91, 0x2A, 0x91, 0x2A, 0x91, 0x2A, 0x91, 0x2A, 0x1F, 0xF8, 0x1F, 0xF8, 0x1F, 0xF8, 0x1F, 0xF8,
    0x6B, 0x0C, 0xAA, 0x0C, 0x4B, 0x0C, 0x8B, 0x0C, 0x8B, 0x0C, 0x8B, 0x0C, 0x8A, 0x0C, 0x8B, 0x0C,
    0x1F, 0xF8, 0x1F, 0xF8, 0x1F, 0xF8, 0x1F, 0xF8, 0x8A, 0x0C, 0x8A, 0x0C, 0x8B, 0x0C, 0xAC, 0x34,
    0xAC, 0x34, 0x8B, 0x0C, 0x6B, 0x0C, 0x8A, 0x0C, 0x1F, 0xF8, 0x1F, 0xF8, 0x1F, 0xF8, 0x1F, 0xF8,
    0x6B, 0x0C, 0x8B, 0x0C, 0xB1, 0x2A, 0xDF, 0xFF, 0xDF, 0xFF, 0xB1, 0x2A, 0x4B, 0x0C, 0xAA, 0x0C,
    0x1F, 0xF8, 0x1F, 0xF8, 0x1F, 0xF8, 0x1F, 0xF8, 0x8A, 0x0C, 0x8A, 0x0C, 0x91, 0x2A, 0xFF, 0xFF,
    0xFF, 0xFF, 0x91, 0x2A, 0x8A, 0x0C, 0x8A, 0x0C, 0x1F, 0xF8, 0x1F, 0xF8, 0x1F, 0xF8, 0x1F, 0xF8,
    0x6B, 0x0C, 0x8B, 0x0C, 0x91, 0x2A, 0xFF, 0xFF, 0xFF, 0xFF, 0x91, 0x2A, 0x4B, 0x0C, 0x8A, 0x0C,
    0x1F, 0xF8, 0x1F, 0xF8, 0x1F, 0xF8, 0x1F, 0xF8, 0x8A, 0x0C, 0xAA, 0x0C, 0x91, 0x2A, 0xFF, 0xFF,
    0xFF, 0xFF, 0x91, 0x2A, 0x8B, 0x0C, 0x8A, 0x0C, 0x1F, 0xF8, 0x1F, 0xF8, 0x1F, 0xF8, 0x1F, 0xF8,
    0x8A, 0x0C, 0x8B, 0x0C, 0x91, 0x2A, 0xDF, 0xFF, 0xDF, 0xFF, 0x91, 0x2A, 0x8B, 0x0C, 0xAA, 0x0C,
    0x1F, 0xF8, 0x1F, 0xF8, 0x1F, 0xF8, 0x1F, 0xF8, 0x6B, 0x0C, 0x8B, 0x0C, 0x50, 0x02, 0x91, 0x2A,
    0x91, 0x2A, 0x50, 0x02, 0x4B, 0x0C, 0x8A, 0x0C, 0x1F, 0xF8, 0x1F, 0xF8, 0x1F, 0xF8, 0x1F, 0xF8,
    0x6B, 0x0C, 0xAA, 0x0C, 0x4B, 0x0C, 0x8B, 0x0C, 0x8B, 0x0C, 0x8B, 0x0C, 0x8A, 0x0C, 0x8A, 0x0C,
    0x1F, 0xF8, 0x1F, 0xF8, 0x1F, 0xF8, 0x1F, 0xF8, 0x8A, 0x0C, 0x8A, 0x0C, 0x8A, 0x0C, 0x8A, 0x0C,
    0x8A, 0x0C, 0x8A, 0x0C, 0x6B, 0x0C, 0x8A, 0x0C, 0x1F, 0xF8, 0x1F, 0xF8, 0x1F, 0xF8, 0x1F, 0xF8,
    0x6B, 0x0C, 0x8A, 0x0C, 0x8A, 0x0C, 0x8A, 0x0C, 0x8A, 0x0C, 0x8A, 0x0C, 0x6B, 0x0C, 0xAA, 0x0C,
    0x1F, 0xF8, 0x1F, 0xF8, 0x1F, 0xF8, 0x1F, 0xF8, 0x8A, 0x0C, 0x8A, 0x0C, 0x4B, 0x0C, 0xAA, 0x0C,
    0x6B, 0x0C, 0x8B, 0x0C, 0x8A, 0x0C, 0x8A, 0x0C, 0x1F, 0xF8, 0x1F, 0xF8, 0x1F, 0xF8, 0x1F, 0xF8,
    0x6B, 0x0C, 0x8B, 0x0C, 0x50, 0x02, 0x91, 0x2A, 0x91, 0x2A, 0x50, 0x02, 0x4B, 0x0C, 0x8A, 0x0C,
    0x1F, 0xF8, 0x1F, 0xF8, 0x1F, 0xF8, 0x1F, 0xF8, 0x8A, 0x0C, 0xAA, 0x0C, 0x91, 0x2A, 0xDF, 0xFF,
    0xDF, 0xFF, 0x91, 0x2A, 0x8B, 0x0C, 0x8A, 0x0C, 0x1F, 0xF8, 0x1F, 0xF8, 0x1F, 0xF8, 0x1F, 0xF8,
    0x8A, 0x0C, 0x8B, 0x0C, 0x91, 0x2A, 0xDF, 0xFF, 0xDF, 0xFF, 0x91, 0x2A, 0x8B, 0x0C, 0xAA, 0x0C,
    0x1F, 0xF8, 0x1F, 0xF8, 0x1F, 0xF8, 0x1F, 0xF8, 0x6B, 0x0C, 0x8B, 0x0C, 0x50, 0x02, 0x91, 0x2A,
    0x91, 0x2A, 0x50, 0x02, 0x4B, 0x0C, 0x8A, 0x0C, 0x1F, 0xF8, 0x1F, 0xF8, 0x1F, 0xF8, 0x1F, 0xF8,
    0x6B, 0x0C, 0xAA, 0x0C, 0x4B, 0x0C, 0x8B, 0x0C, 0x8B, 0x0C, 0x8B, 0x0C, 0x8A, 0x0C, 0x8A, 0x0C,
    0x1F, 0xF8, 0x1F, 0xF8, 0x1F, 0xF8, 0x1F, 0xF8, 0x8A, 0x0C, 0x8A, 0x0C, 0x8B, 0x0C, 0x8B, 0x14,
    0xAC, 0x14, 0x8B, 0x0C, 0x6B, 0x0C, 0x8A, 0x0C, 0x1F, 0xF8, 0x1F, 0xF8, 0x1F, 0xF8, 0x1F, 0xF8,
    0x6B, 0x0C, 0x8B, 0x0C, 0x71, 0x12, 0xFB, 0x64, 0x3C, 0x6D, 0x71, 0x12, 0x4B, 0x0C, 0xAA, 0x0C,
    0x1F, 0xF8, 0x1F, 0xF8, 0x1F, 0xF8, 0x1F, 0xF8, 0x8B, 0x0C, 0x6B, 0x0C, 0x71, 0x12, 0xDB, 0x64,
    0xFB, 0x64, 0x71, 0x12, 0x8B, 0x0C, 0x8B, 0x0C, 0x1F, 0xF8, 0x1F, 0xF8, 0x1F, 0xF8, 0x1F, 0xF8,
    0x71, 0x12, 0x51, 0x12, 0x71, 0x1A, 0xFB, 0x64, 0xFB, 0x64, 0x71, 0x1A, 0x51, 0x12, 0x71, 0x12,
    0x1F, 0xF8, 0x1F, 0xF8, 0x1F, 0xF8, 0x1F, 0xF8, 0xFB, 0x64, 0xDB, 0x64, 0xFB, 0x64, 0x9A, 0x5C,
    0xBA, 0x5C, 0xFB, 0x64, 0xFB, 0x64, 0xDB, 0x64, 0x1F, 0xF8, 0x1F, 0xF8, 0x1F, 0xF8, 0x1F, 0xF8,
    0xDB, 0x64, 0xFB, 0x64, 0xFB, 0x64, 0xBA, 0x5C, 0x9A, 0x5C, 0xFB, 0x64, 0xDB, 0x64, 0xFB, 0x64,
    0x1F, 0xF8, 0x1F, 0xF8, 0x1F, 0xF8, 0x1F, 0xF8, 0x51, 0x12, 0x71, 0x12, 0x71, 0x1A, 0xFB, 0x64,
    0xFB, 0x64, 0x71, 0x1A, 0x51, 0x12, 0x71, 0x12, 0x1F, 0xF8, 0x1F, 0xF8, 0x1F, 0xF8, 0x1F, 0xF8,
    0x4B, 0x0C, 0xAA, 0x0C, 0x71, 0x12, 0xFB, 0x64, 0xDB, 0x64, 0x51, 0x12, 0x8B, 0x0C, 0x8B, 0x0C,
    0x1F, 0xF8, 0x1F, 0xF8, 0x1F, 0xF8, 0x1F, 0xF8, 0x8A, 0x0C, 0x8B, 0x0C, 0x71, 0x12, 0xDB, 0x64,
    0xFB, 0x64, 0x71, 0x12, 0x4B, 0x0C, 0x8A, 0x0C, 0x1F, 0xF8, 0x1F, 0xF8, 0x1F, 0xF8, 0x1F, 0xF8,
    0x6B, 0x0C, 0x8A, 0x0C, 0x8B, 0x0C, 0x8B, 0x14, 0x8B, 0x14, 0x8B, 0x0C, 0x6B, 0x0C, 0xAA, 0x0C,
    0x1F, 0xF8, 0x1F, 0xF8, 0x1F, 0xF8, 0x1F, 0xF8, 0x8B, 0x0C, 0x8B, 0x0C, 0x4B, 0x0C, 0xAA, 0x0C,
    0x6B, 0x0C, 0x8B, 0x0C, 0x8A, 0x0C, 0x8B, 0x0C, 0x1F, 0xF8, 0x1F, 0xF8, 0x1F, 0xF8, 0x1F, 0xF8,
    0x71, 0x12, 0x51, 0x12, 0x71, 0x12, 0x71, 0x12, 0x51, 0x12, 0x71, 0x12, 0x51, 0x12, 0x71, 0x12,
    0x1F, 0xF8, 0x1F, 0xF8, 0x1F, 0xF8, 0x1F, 0xF8, 0xFB, 0x64, 0xDB, 0x64, 0xFB, 0x64, 0xDB, 0x64,
    0xFB, 0x64, 0xDB, 0x64, 0xFB, 0x64, 0xDB, 0x64, 0x1F, 0xF8, 0x1F, 0xF8, 0x1F, 0xF8, 0x1F, 0xF8,
    0xDB, 0x64, 0xFB, 0x64, 0xFB, 0x64, 0xBA, 0x5C, 0x9A, 0x5C, 0xFB, 0x64, 0xDB, 0x64, 0xFB, 0x64,
    0x1F, 0xF8, 0x1F, 0xF8, 0x1F, 0xF8, 0x1F, 0xF8, 0x51, 0x12, 0x71, 0x12, 0x71, 0x1A, 0xFB, 0x64,
    0xFB, 0x64, 0x71, 0x1A, 0x51, 0x12, 0x71, 0x12, 0x1F, 0xF8, 0x1F, 0xF8, 0x1F, 0xF8, 0x1F, 0xF8,
    0x4B, 0x0C, 0xAA, 0x0C, 0x71, 0x12, 0xFB, 0x64, 0xDB, 0x64, 0x51, 0x12, 0x8B, 0x0C, 0x8B, 0x0C,
    0x1F, 0xF8, 0x1F, 0xF8, 0x1F, 0xF8, 0x1F, 0xF8, 0x8A, 0x0C, 0x8B, 0x0C, 0x71, 0x12, 0xDB, 0x64,
    0xFB, 0x64, 0x51, 0x12, 0x4B, 0x0C, 0x8A, 0x0C, 0x1F, 0xF8, 0x1F, 0xF8, 0x1F, 0xF8, 0x1F, 0xF8,
    0x6B, 0x0C, 0x8B, 0x0C, 0x71, 0x12, 0xFB, 0x64, 0xDB, 0x64, 0x51, 0x12, 0x4B, 0x0C, 0xAA, 0x0C,
    0x1F, 0xF8, 0x1F, 0xF8, 0x1F, 0xF8, 0x1F, 0xF8, 0x8B, 0x0C, 0x6B, 0x0C, 0x71, 0x12, 0xDB, 0x64,
    0xFB, 0x64, 0x71, 0x12, 0x8A, 0x0C, 0x8A, 0x0C, 0x1F, 0xF8, 0x1F, 0xF8, 0x1F, 0xF8, 0x1F, 0xF8,
    0x71, 0x12, 0x51, 0x12, 0x71, 0x1A, 0xFB, 0x64, 0xDB, 0x64, 0x51, 0x12, 0x4B, 0x0C, 0x8A, 0x0C,
    0x1F, 0xF8, 0x1F, 0xF8, 0x1F, 0xF8, 0x1F, 0xF8, 0xFB, 0x64, 0xDB, 0x64, 0xFB, 0x64, 0x9A, 0x5C,
    0xFB, 0x64, 0x51, 0x12, 0x8B, 0x0C, 0x8A, 0x0C, 0x1F, 0xF8, 0x1F, 0xF8, 0x1F, 0xF8, 0x1F, 0xF8,
    0xDB, 0x64, 0xFB, 0x64, 0xFB, 0x64, 0xBA, 0x5C, 0xDB, 0x64, 0x71, 0x12, 0x8B, 0x0C, 0xAA, 0x0C,
    0x1F, 0xF8, 0x1F, 0xF8, 0x1F, 0xF8, 0x1F, 0xF8, 0x51, 0x12, 0x71, 0x12, 0x71, 0x1A, 0xFB, 0x64,
    0xFB, 0x64, 0x51, 0x12, 0x4B, 0x0C, 0x8A, 0x0C, 0x1F, 0xF8, 0x1F, 0xF8, 0x1F, 0xF8, 0x1F, 0xF8,
    0x4B, 0x0C, 0xAA, 0x0C, 0x71, 0x12, 0xFB, 0x64, 0xDB, 0x64, 0x51, 0x12, 0x8A, 0x0C, 0x8A, 0x0C,
    0x1F, 0xF8, 0x1F, 0xF8, 0x1F, 0xF8, 0x1F, 0xF8, 0x8A, 0x0C, 0x8B, 0x0C, 0x71, 0x12, 0xDB, 0x64,
    0xFB, 0x64, 0x71, 0x12, 0x4B, 0x0C, 0x8A, 0x0C, 0x1F, 0xF8, 0x1F, 0xF8, 0x1F, 0xF8, 0x1F, 0xF8,
    0x6B, 0x0C, 0x8A, 0x0C, 0x8B, 0x0C, 0x8B, 0x14, 0x8B, 0x14, 0x8B, 0x0C, 0x6B, 0x0C, 0xAA, 0x0C,
    0x1F, 0xF8, 0x1F, 0xF8, 0x1F, 0xF8, 0x1F, 0xF8, 0x8B, 0x0C, 0x8B, 0x0C, 0x4B, 0x0C, 0xAA, 0x0C,
    0x6B, 0x0C, 0x8B, 0x0C, 0x8A, 0x0C, 0x8A, 0x0C, 0x1F, 0xF8, 0x1F, 0xF8, 0x1F, 0xF8, 0x1F, 0xF8,
    0x71, 0x12, 0x51, 0x12, 0x71, 0x12, 0x71, 0x12, 0x51, 0x12, 0x50, 0x02, 0x4B, 0x0C, 0x8A, 0x0C,
    0x1F, 0xF8, 0x1F, 0xF8, 0x1F, 0xF8, 0x1F, 0xF8, 0xFB, 0x64, 0xDB, 0x64, 0xFB, 0x64, 0xDB, 0x64,
    0x3C, 0x6D, 0x51, 0x12, 0x8B, 0x0C, 0x8A, 0x0C, 0x1F, 0xF8, 0x1F, 0xF8, 0x1F, 0xF8, 0x1F, 0xF8,
    0xDB, 0x64, 0xFB, 0x64, 0xFB, 0x64, 0xBA, 0x5C, 0xDB, 0x64, 0x71, 0x12, 0x8B, 0x0C, 0xAA, 0x0C,
    0x1F, 0xF8, 0x1F, 0xF8, 0x1F, 0xF8, 0x1F, 0xF8, 0x51, 0x12, 0x71, 0x12, 0x71, 0x1A, 0xFB, 0x64,
    0xFB, 0x64, 0x51, 0x12, 0x4B, 0x0C, 0x8A, 0x0C, 0x1F, 0xF8, 0x1F, 0xF8, 0x1F, 0xF8, 0x1F, 0xF8,
    0x4B, 0x0C, 0xAA, 0x0C, 0x71, 0x12, 0xFB, 0x64, 0xDB, 0x64, 0x51, 0x12, 0x8A, 0x0C, 0x8A, 0x0C,
    0x1F, 0xF8, 0x1F, 0xF8, 0x1F, 0xF8, 0x1F, 0xF8, 0x8A, 0x0C, 0x8B, 0x0C, 0x71, 0x12, 0xDB, 0x64,
    0xFB, 0x64, 0x51, 0x12, 0x4B, 0x0C, 0x8A, 0x0C, 0x1F, 0xF8, 0x1F, 0xF8, 0x1F, 0xF8, 0x1F, 0xF8,
    0x6B, 0x0C, 0x8B, 0x0C, 0x71, 0x12, 0xFB, 0x64, 0xDB, 0x64, 0x51, 0x12, 0x4B, 0x0C, 0xAA, 0x0C,
    0x1F, 0xF8, 0x1F, 0xF8, 0x1F, 0xF8, 0x1F, 0xF8, 0x8B, 0x0C, 0x6B, 0x0C, 0x71, 0x12, 0xDB, 0x64,
    0xFB, 0x64, 0x71, 0x12, 0x8B, 0x0C, 0x8B, 0x0C, 0x1F, 0xF8, 0x1F, 0xF8, 0x1F, 0xF8, 0x1F, 0xF8,
    0x71, 0x12, 0x51, 0x12, 0x71, 0x1A, 0xFB, 0x64, 0xFB, 0x64, 0x71, 0x1A, 0x51, 0x12, 0x71, 0x12,
    0x1F, 0xF8, 0x1F, 0xF8, 0x1F, 0xF8, 0x1F, 0xF8, 0xFB, 0x64, 0xDB, 0x64, 0xFB, 0x64, 0x9A, 0x5C,
    0xBA, 0x5C, 0xFB, 0x64, 0xFB, 0x64, 0xDB, 0x64, 0x1F, 0xF8, 0x1F, 0xF8, 0x1F, 0xF8, 0x1F, 0xF8,
    0xDB, 0x64, 0xFB, 0x64, 0xDB, 0x64, 0xFB, 0x64, 0xDB, 0x64, 0xFB, 0x64, 0xDB, 0x64, 0xFB, 0x64,
    0x1F, 0xF8, 0x1F, 0xF8, 0x1F, 0xF8, 0x1F, 0xF8, 0x51, 0x12, 0x71, 0x12, 0x71, 0x12, 0x51, 0x12,
    0x71, 0x12, 0x71, 0x12, 0x51, 0x12, 0x71, 0x12, 0x1F, 0xF8, 0x1F, 0xF8, 0x1F, 0xF8, 0x1F, 0xF8,
    0x4B, 0x0C, 0xAA, 0x0C, 0x4B, 0x0C, 0x8B, 0x0C, 0x8B, 0x0C, 0x8B, 0x0C, 0x8A, 0x0C, 0x8B, 0x0C,
    0x1F, 0xF8, 0x1F, 0xF8, 0x1F, 0xF8, 0x1F, 0xF8, 0x8A, 0x0C, 0x8A, 0x0C, 0x8A, 0x0C, 0x8A, 0x0C,
    0x8A, 0x0C, 0x8A, 0x0C, 0x6B, 0x0C, 0x8A, 0x0C, 0x1F, 0xF8, 0x1F, 0xF8, 0x1F, 0xF8, 0x1F, 0xF8,
    0x6B, 0x0C, 0x8A, 0x0C, 0x8A, 0x0C, 0x8A, 0x0C, 0x8A, 0x0C, 0x8A, 0x0C, 0x6B, 0x0C, 0xAA, 0x0C,
    0x1F, 0xF8, 0x1F, 0xF8, 0x1F, 0xF8, 0x1F, 0xF8, 0x8B, 0x0C, 0x8B, 0x0C, 0x4B, 0x0C, 0xAA, 0x0C,
    0x6B, 0x0C, 0x8B, 0x0C, 0x8A, 0x0C, 0x8B, 0x0C, 0x1F, 0xF8, 0x1F, 0xF8, 0x1F, 0xF8, 0x1F, 0xF8,
    0x71, 0x12, 0x51, 0x12, 0x71, 0x12, 0x71, 0x12, 0x51, 0x12, 0x71, 0x12, 0x51, 0x12, 0x71, 0x12,
    0x1F, 0xF8, 0x1F, 0xF8, 0x1F, 0xF8, 0x1F, 0xF8, 0xFB, 0x64, 0xDB, 0x64, 0xFB, 0x64, 0xDB, 0x64,
    0xFB, 0x64, 0xDB, 0x64, 0xFB, 0x64, 0xDB, 0x64, 0x1F, 0xF8, 0x1F, 0xF8, 0x1F, 0xF8, 0x1F, 0xF8,
    0xDB, 0x64, 0xFB, 0x64, 0xDB, 0x64, 0xFB, 0x64, 0xDB, 0x64, 0xFB, 0x64, 0xDB, 0x64, 0xFB, 0x64,
    0x1F, 0xF8, 0x1F, 0xF8, 0x1F, 0xF8, 0x1F, 0xF8, 0x51, 0x12, 0x71, 0x12, 0x71, 0x12, 0x51, 0x12,
    0x71, 0x12, 0x71, 0x12, 0x51, 0x12, 0x71, 0x12, 0x1F, 0xF8, 0x1F, 0xF8, 0x1F, 0xF8, 0x1F, 0xF8,
    0x4B, 0x0C, 0xAA, 0x0C, 0x4B, 0x0C, 0x8B, 0x0C, 0x8B, 0x0C, 0x8B, 0x0C, 0x8A, 0x0C, 0x8B, 0x0C,
    0x1F, 0xF8, 0x1F, 0xF8, 0x1F, 0xF8, 0x1F, 0xF8, 0x8A, 0x0C, 0x8A, 0x0C, 0x8B, 0x0C, 0x8B, 0x14,
    0x8B, 0x14, 0x8B, 0x0C, 0x6B, 0x0C, 0x8A, 0x0C, 0x1F, 0xF8, 0x1F, 0xF8, 0x1F, 0xF8, 0x1F, 0xF8,
    0x6B, 0x0C, 0x8B, 0x0C, 0x71, 0x12, 0xFB, 0x64, 0xDB, 0x64, 0x71, 0x12, 0x4B, 0x0C, 0xAA, 0x0C,
    0x1F, 0xF8, 0x1F, 0xF8, 0x1F, 0xF8, 0x1F, 0xF8, 0x8B, 0x0C, 0x6B, 0x0C, 0x71, 0x12, 0xDB, 0x64,
    0xFB, 0x64, 0x71, 0x12, 0x8A, 0x0C, 0x8A, 0x0C, 0x1F, 0xF8, 0x1F, 0xF8, 0x1F, 0xF8, 0x1F, 0xF8,
    0x71, 0x12, 0x51, 0x12, 0x71, 0x1A, 0xFB, 0x64, 0xDB, 0x64, 0x51, 0x12, 0x4B, 0x0C, 0x8A, 0x0C,
    0x1F, 0xF8, 0x1F, 0xF8, 0x1F, 0xF8, 0x1F, 0xF8, 0xFB, 0x64, 0xDB, 0x64, 0xFB, 0x64, 0x9A, 0x5C,
    0xFB, 0x64, 0x51, 0x12, 0x8B, 0x0C, 0x8A, 0x0C, 0x1F, 0xF8, 0x1F, 0xF8, 0x1F, 0xF8, 0x1F, 0xF8,
    0xDB, 0x64, 0xFB, 0x64, 0xDB, 0x64, 0xFB, 0x64, 0x3C, 0x6D, 0x71, 0x12, 0x8B, 0x0C, 0xAA, 0x0C,
    0x1F, 0xF8, 0x1F, 0xF8, 0x1F, 0xF8, 0x1F, 0xF8, 0x51, 0x12, 0x71, 0x12, 0x71, 0x12, 0x51, 0x12,
    0x71, 0x12, 0x50, 0x02, 0x4B, 0x0C, 0x8A, 0x0C, 0x1F, 0xF8, 0x1F, 0xF8, 0x1F, 0xF8, 0x1F, 0xF8,
    0x4B, 0x0C, 0xAA, 0x0C, 0x4B, 0x0C, 0x8B, 0x0C, 0x8B, 0x0C, 0x8B, 0x0C, 0x8A, 0x0C, 0x8A, 0x0C,
    0x1F, 0xF8, 0x1F, 0xF8, 0x1F, 0xF8, 0x1F, 0xF8, 0x8A, 0x0C, 0x8A, 0x0C, 0x8A, 0x0C, 0x8A, 0x0C,
    0x8A, 0x0C, 0x8A, 0x0C, 0x6B, 0x0C, 0x8A, 0x0C, 0x1F, 0xF8, 0x1F, 0xF8, 0x1F, 0xF8, 0x1F, 0xF8,
    0x6B, 0x0C, 0x8A, 0x0C, 0x8A, 0x0C, 0x8A, 0x0C, 0x8A, 0x0C, 0x8A, 0x0C, 0x6B, 0x0C, 0xAA, 0x0C,
    0x1F, 0xF8, 0x1F, 0xF8, 0x1F, 0xF8, 0x1F, 0xF8, 0x8B, 0x0C, 0x8B, 0x0C, 0x4B, 0x0C, 0xAA, 0x0C,
    0x6B, 0x0C, 0x8B, 0x0C, 0x8A, 0x0C, 0x8A, 0x0C, 0x1F, 0xF8, 0x1F, 0xF8, 0x1F, 0xF8, 0x1F, 0xF8,
    0x71, 0x12, 0x51, 0x12, 0x71, 0x12, 0x71, 0x12, 0x51, 0x12, 0x50, 0x02, 0x4B, 0x0C, 0x8A, 0x0C,
    0x1F, 0xF8, 0x1F, 0xF8, 0x1F, 0xF8, 0x1F, 0xF8, 0xFB, 0x64, 0xDB, 0x64, 0xFB, 0x64, 0xDB, 0x64,
    0x3C, 0x6D, 0x51, 0x12, 0x8B, 0x0C, 0x8A, 0x0C, 0x1F, 0xF8, 0x1F, 0xF8, 0x1F, 0xF8, 0x1F, 0xF8,
    0xDB, 0x64, 0xFB, 0x64, 0xDB, 0x64, 0xFB, 0x64, 0x3C, 0x6D, 0x71, 0x12, 0x8B, 0x0C, 0xAA, 0x0C,
    0x1F, 0xF8, 0x1F, 0xF8, 0x1F, 0xF8, 0x1F, 0xF8, 0x51, 0x12, 0x71, 0x12, 0x71, 0x12, 0x51, 0x12,
    0x71, 0x12, 0x50, 0x02, 0x4B, 0x0C, 0x8A, 0x0C, 0x1F, 0xF8, 0x1F, 0xF8, 0x1F, 0xF8, 0x1F, 0xF8,
    0x4B, 0x0C, 0xAA, 0x0C, 0x4B, 0x0C, 0x8B, 0x0C, 0x8B, 0x0C, 0x8B, 0x0C, 0x8A, 0x0C, 0x8A, 0x0C,
    0x1F, 0xF8, 0x1F, 0xF8, 0x1F, 0xF8, 0x1F, 0xF8, 0x8A, 0x0C, 0x8A, 0x0C, 0x8B, 0x0C, 0x8B, 0x14,
    0x8B, 0x14, 0x8B, 0x0C, 0x6B, 0x0C, 0x8A, 0x0C, 0x1F, 0xF8, 0x1F, 0xF8, 0x1F, 0xF8, 0x1F, 0xF8,
    0x6B, 0x0C, 0x8B, 0x0C, 0x71, 0x12, 0xFB, 0x64, 0xDB, 0x64, 0x71, 0x12, 0x4B, 0x0C, 0xAA, 0x0C,
    0x1F, 0xF8, 0x1F, 0xF8, 0x1F, 0xF8, 0x1F, 0xF8, 0x8A, 0x0C, 0x8A, 0x0C, 0x71, 0x12, 0xDB, 0x64,
    0xFB, 0x64, 0x71, 0x12, 0x8B, 0x0C, 0x8B, 0x0C, 0x1F, 0xF8, 0x1F, 0xF8, 0x1F, 0xF8, 0x1F, 0xF8,
    0x6B, 0x0C, 0x8B, 0x0C, 0x71, 0x12, 0xFB, 0x64, 0xFB, 0x64, 0x71, 0x1A, 0x51, 0x12, 0x71, 0x12,
    0x1F, 0xF8, 0x1F, 0xF8, 0x1F, 0xF8, 0x1F, 0xF8, 0x8A, 0x0C, 0xAA, 0x0C, 0x71, 0x12, 0xDB, 0x64,
    0xBA, 0x5C, 0xFB, 0x64, 0xFB, 0x64, 0xDB, 0x64, 0x1F, 0xF8, 0x1F, 0xF8, 0x1F, 0xF8, 0x1F, 0xF8,
    0x8A, 0x0C, 0x8B, 0x0C, 0x71, 0x12, 0xFB, 0x64, 0x9A, 0x5C, 0xFB, 0x64, 0xDB, 0x64, 0xFB, 0x64,
    0x1F, 0xF8, 0x1F, 0xF8, 0x1F, 0xF8, 0x1F, 0xF8, 0x6B, 0x0C, 0x8B, 0x0C, 0x71, 0x12, 0xDB, 0x64,
    0xFB, 0x64, 0x71, 0x1A, 0x51, 0x12, 0x71, 0x12, 0x1F, 0xF8, 0x1F, 0xF8, 0x1F, 0xF8, 0x1F, 0xF8,
    0x6B, 0x0C, 0xAA, 0x0C, 0x71, 0x12, 0xFB, 0x64, 0xDB, 0x64, 0x51, 0x12, 0x8B, 0x0C, 0x8B, 0x0C,
    0x1F, 0xF8, 0x1F, 0xF8, 0x1F, 0xF8, 0x1F, 0xF8, 0x8A, 0x0C, 0x8B, 0x0C, 0x71, 0x12, 0xDB, 0x64,
    0xFB, 0x64, 0x71, 0x12, 0x4B, 0x0C, 0x8A, 0x0C, 0x1F, 0xF8, 0x1F, 0xF8, 0x1F, 0xF8, 0x1F, 0xF8,
    0x6B, 0x0C, 0x8A, 0x0C, 0x8B, 0x0C, 0x8B, 0x14, 0x8B, 0x14, 0x8B, 0x0C, 0x6B, 0x0C, 0xAA, 0x0C,
    0x1F, 0xF8, 0x1F, 0xF8, 0x1F, 0xF8, 0x1F, 0xF8, 0x8A, 0x0C, 0x8A, 0x0C, 0x4B, 0x0C, 0xAA, 0x0C,
    0x6B, 0x0C, 0x8B, 0x0C, 0x8A, 0x0C, 0x8B, 0x0C, 0x1F, 0xF8, 0x1F, 0xF8, 0x1F, 0xF8, 0x1F, 0xF8,
    0x6B, 0x0C, 0x8B, 0x0C, 0x50, 0x02, 0x71, 0x12, 0x51, 0x12, 0x71, 0x12, 0x51, 0x12, 0x71, 0x12,
    0x1F, 0xF8, 0x1F, 0xF8, 0x1F, 0xF8, 0x1F, 0xF8, 0x8A, 0x0C, 0xAA, 0x0C, 0x71, 0x12, 0x3C, 0x6D,
    0xFB, 0x64, 0xDB, 0x64, 0xFB, 0x64, 0xDB, 0x64, 0x1F, 0xF8, 0x1F, 0xF8, 0x1F, 0xF8, 0x1F, 0xF8,
    0x8A, 0x0C, 0x8B, 0x0C, 0x71, 0x12, 0xFB, 0x64, 0x9A, 0x5C, 0xFB, 0x64, 0xDB, 0x64, 0xFB, 0x64,
    0x1F, 0xF8, 0x1F, 0xF8, 0x1F, 0xF8, 0x1F, 0xF8, 0x6B, 0x0C, 0x8B, 0x0C, 0x71, 0x12, 0xDB, 0x64,
    0xFB, 0x64, 0x71, 0x1A, 0x51, 0x12, 0x71, 0x12, 0x1F, 0xF8, 0x1F, 0xF8, 0x1F, 0xF8, 0x1F, 0xF8,
    0x6B, 0x0C, 0xAA, 0x0C, 0x71, 0x12, 0xFB, 0x64, 0xDB, 0x64, 0x51, 0x12, 0x8B, 0x0C, 0x8B, 0x0C,
    0x1F, 0xF8, 0x1F, 0xF8, 0x1F, 0xF8, 0x1F, 0xF8, 0x8A, 0x0C, 0x8B, 0x0C, 0x71, 0x12, 0xDB, 0x64,
    0xFB, 0x64, 0x51, 0x12, 0x4B, 0x0C, 0x8A, 0x0C, 0x1F, 0xF8, 0x1F, 0xF8, 0x1F, 0xF8, 0x1F, 0xF8,
    0x6B, 0x0C, 0x8B, 0x0C, 0x71, 0x12, 0xFB, 0x64, 0xDB, 0x64, 0x51, 0x12, 0x4B, 0x0C, 0xAA, 0x0C,
    0x1F, 0xF8, 0x1F, 0xF8, 0x1F, 0xF8, 0x1F, 0xF8, 0x8A, 0x0C, 0x8A, 0x0C, 0x71, 0x12, 0xDB, 0x64,
    0xFB, 0x64, 0x71, 0x12, 0x8A, 0x0C, 0x8A, 0x0C, 0x1F, 0xF8, 0x1F, 0xF8, 0x1F, 0xF8, 0x1F, 0xF8,
    0x6B, 0x0C, 0x8B, 0x0C, 0x71, 0x12, 0xFB, 0x64, 0xDB, 0x64, 0x51, 0x12, 0x4B, 0x0C, 0x8A, 0x0C,
    0x1F, 0xF8, 0x1F, 0xF8, 0x1F, 0xF8, 0x1F, 0xF8, 0x8A, 0x0C, 0xAA, 0x0C, 0x71, 0x12, 0xDB, 0x64,
    0xFB, 0x64, 0x51, 0x12, 0x8B, 0x0C, 0x8A, 0x0C, 0x1F, 0xF8, 0x1F, 0xF8, 0x1F, 0xF8, 0x1F, 0xF8,
    0x8A, 0x0C, 0x8B, 0x0C, 0x71, 0x12, 0xFB, 0x64, 0xDB, 0x64, 0x71, 0x12, 0x8B, 0x0C, 0xAA, 0x0C,
    0x1F, 0xF8, 0x1F, 0xF8, 0x1F, 0xF8, 0x1F, 0xF8, 0x6B, 0x0C, 0x8B, 0x0C, 0x71, 0x12, 0xDB, 0x64,
    0xFB, 0x64, 0x51, 0x12, 0x4B, 0x0C, 0x8A, 0x0C, 0x1F, 0xF8, 0x1F, 0xF8, 0x1F, 0xF8, 0x1F, 0xF8,
    0x6B, 0x0C, 0xAA, 0x0C, 0x71, 0x12, 0xFB, 0x64, 0xDB, 0x64, 0x51, 0x12, 0x8A, 0x0C, 0x8A, 0x0C,
    0x1F, 0xF8, 0x1F, 0xF8, 0x1F, 0xF8, 0x1F, 0xF8, 0x8A, 0x0C, 0x8B, 0x0C, 0x71, 0x12, 0xDB, 0x64,
    0xFB, 0x64, 0x71, 0x12, 0x4B, 0x0C, 0x8A, 0x0C, 0x1F, 0xF8, 0x1F, 0xF8, 0x1F, 0xF8, 0x1F, 0xF8,
    0x6B, 0x0C, 0x8A, 0x0C, 0x8B, 0x0C, 0x8B, 0x14, 0x8B, 0x14, 0x8B, 0x0C, 0x6B, 0x0C, 0xAA, 0x0C,
    0x1F, 0xF8, 0x1F, 0xF8, 0x1F, 0xF8, 0x1F, 0xF8, 0x8A, 0x0C, 0x8A, 0x0C, 0x4B, 0x0C, 0xAA, 0x0C,
    0x6B, 0x0C, 0x8B, 0x0C, 0x8A, 0x0C, 0x8A, 0x0C, 0x1F, 0xF8, 0x1F, 0xF8, 0x1F, 0xF8, 0x1F, 0xF8,
    0x6B, 0x0C, 0x8B, 0x0C, 0x50, 0x02, 0x71, 0x12, 0x51, 0x12, 0x50, 0x02, 0x4B, 0x0C, 0x8A, 0x0C,
    0x1F, 0xF8, 0x1F, 0xF8, 0x1F, 0xF8, 0x1F, 0xF8, 0x8A, 0x0C, 0xAA, 0x0C, 0x71, 0x12, 0x3C, 0x6D,
    0x3C, 0x6D, 0x51, 0x12, 0x8B, 0x0C, 0x8A, 0x0C, 0x1F, 0xF8, 0x1F, 0xF8, 0x1F, 0xF8, 0x1F, 0xF8,
    0x8A, 0x0C, 0x8B, 0x0C, 0x71, 0x12, 0xFB, 0x64, 0xDB, 0x64, 0x71, 0x12, 0x8B, 0x0C, 0xAA, 0x0C,
    0x1F, 0xF8, 0x1F, 0xF8, 0x1F, 0xF8, 0x1F, 0xF8, 0x6B, 0x0C, 0x8B, 0x0C, 0x71, 0x12, 0xDB, 0x64,
    0xFB, 0x64, 0x51, 0x12, 0x4B, 0x0C, 0x8A, 0x0C, 0x1F, 0xF8, 0x1F, 0xF8, 0x1F, 0xF8, 0x1F, 0xF8,
    0x6B, 0x0C, 0xAA, 0x0C, 0x71, 0x12, 0xFB, 0x64, 0xDB, 0x64, 0x51, 0x12, 0x8A, 0x0C, 0x8A, 0x0C,
    0x1F, 0xF8, 0x1F, 0xF8, 0x1F, 0xF8, 0x1F, 0xF8, 0x8A, 0x0C, 0x8B, 0x0C, 0x71, 0x12, 0xDB, 0x64,
    0xFB, 0x64, 0x51, 0x12, 0x4B, 0x0C, 0x8A, 0x0C, 0x1F, 0xF8, 0x1F, 0xF8, 0x1F, 0xF8, 0x1F, 0xF8,
    0x6B, 0x0C, 0x8B, 0x0C, 0x71, 0x12, 0xFB, 0x64, 0xDB, 0x64, 0x51, 0x12, 0x4B, 0x0C, 0xAA, 0x0C,
    0x1F, 0xF8, 0x1F, 0xF8, 0x1F, 0xF8, 0x1F, 0xF8, 0x8A, 0x0C, 0x8A, 0x0C, 0x71, 0x12, 0xDB, 0x64,
    0xFB, 0x64, 0x71, 0x12, 0x8B, 0x0C, 0x8B, 0x0C, 0x1F, 0xF8, 0x1F, 0xF8, 0x1F, 0xF8, 0x1F, 0xF8,
    0x6B, 0x0C, 0x8B, 0x0C, 0x71, 0x12, 0xFB, 0x64, 0xFB, 0x64, 0x71, 0x1A, 0x51, 0x12, 0x71, 0x12,
    0x1F, 0xF8, 0x1F, 0xF8, 0x1F, 0xF8, 0x1F, 0xF8, 0x8A, 0x0C, 0xAA, 0x0C, 0x71, 0x12, 0xDB, 0x64,
    0xBA, 0x5C, 0xFB, 0x64, 0xFB, 0x64, 0xDB, 0x64, 0x1F, 0xF8, 0x1F, 0xF8, 0x1F, 0xF8, 0x1F, 0xF8,
    0x8A, 0x0C, 0x8B, 0x0C, 0x71, 0x12, 0x3C, 0x6D, 0xDB, 0x64, 0xFB, 0x64, 0xDB, 0x64, 0xFB, 0x64,
    0x1F, 0xF8, 0x1F, 0xF8, 0x1F, 0xF8, 0x1F, 0xF8, 0x6B, 0x0C, 0x8B, 0x0C, 0x50, 0x02, 0x51, 0x12,
    0x71, 0x12, 0x71, 0x12, 0x51, 0x12, 0x71, 0x12, 0x1F, 0xF8, 0x1F, 0xF8, 0x1F, 0xF8, 0x1F, 0xF8,
    0x6B, 0x0C, 0xAA, 0x0C, 0x4B, 0x0C, 0x8B, 0x0C, 0x8B, 0x0C, 0x8B, 0x0C, 0x8A, 0x0C, 0x8B, 0x0C,
    0x1F, 0xF8, 0x1F, 0xF8, 0x1F, 0xF8, 0x1F, 0xF8, 0x8A, 0x0C, 0x8A, 0x0C, 0x8A, 0x0C, 0x8A, 0x0C,
    0x8A, 0x0C, 0x8A, 0x0C, 0x6B, 0x0C, 0x8A, 0x0C, 0x1F, 0xF8, 0x1F, 0xF8, 0x1F, 0xF8, 0x1F, 0xF8,
    0x6B, 0x0C, 0x8A, 0x0C, 0x8A, 0x0C, 0x8A, 0x0C, 0x8A, 0x0C, 0x8A, 0x0C, 0x6B, 0x0C, 0xAA, 0x0C,
    0x1F, 0xF8, 0x1F, 0xF8, 0x1F, 0xF8, 0x1F, 0xF8, 0x8A, 0x0C, 0x8A, 0x0C, 0x4B, 0x0C, 0xAA, 0x0C,
    0x6B, 0x0C, 0x8B, 0x0C, 0x8A, 0x0C, 0x8B, 0x0C, 0x1F, 0xF8, 0x1F, 0xF8, 0x1F, 0xF8, 0x1F, 0xF8,
    0x6B, 0x0C, 0x8B, 0x0C, 0x50, 0x02, 0x71, 0x12, 0x51, 0x12, 0x71, 0x12, 0x51, 0x12, 0x71, 0x12,
    0x1F, 0xF8, 0x1F, 0xF8, 0x1F, 0xF8, 0x1F, 0xF8, 0x8A, 0x0C, 0xAA, 0x0C, 0x71, 0x12, 0x3C, 0x6D,
    0xFB, 0x64, 0xDB, 0x64, 0xFB, 0x64, 0xDB, 0x64, 0x1F, 0xF8, 0x1F, 0xF8, 0x1F, 0xF8, 0x1F, 0xF8,
    0x8A, 0x0C, 0x8B, 0x0C, 0x71, 0x12, 0x3C, 0x6D, 0xDB, 0x64, 0xFB, 0x64, 0xDB, 0x64, 0xFB, 0x64,
    0x1F, 0xF8, 0x1F, 0xF8, 0x1F, 0xF8, 0x1F, 0xF8, 0x6B, 0x0C, 0x8B, 0x0C, 0x50, 0x02, 0x51, 0x12,
    0x71, 0x12, 0x71, 0x12, 0x51, 0x12, 0x71, 0x12, 0x1F, 0xF8, 0x1F, 0xF8, 0x1F, 0xF8, 0x1F, 0xF8,
    0x6B, 0x0C, 0xAA, 0x0C, 0x4B, 0x0C, 0x8B, 0x0C, 0x8B, 0x0C, 0x8B, 0x0C, 0x8A, 0x0C, 0x8B, 0x0C,
    0x1F, 0xF8, 0x1F, 0xF8, 0x1F, 0xF8, 0x1F, 0xF8, 0x8A, 0x0C, 0x8A, 0x0C, 0x8B, 0x0C, 0x8B, 0x14,
    0x8B, 0x14, 0x8B, 0x0C, 0x6B, 0x0C, 0x8A, 0x0C, 0x1F, 0xF8, 0x1F, 0xF8, 0x1F, 0xF8, 0x1F, 0xF8,
    0x6B, 0x0C, 0x8B, 0x0C, 0x71, 0x12, 0xFB, 0x64, 0xDB, 0x64, 0x71, 0x12, 0x4B, 0x0C, 0xAA, 0x0C,
    0x1F, 0xF8, 0x1F, 0xF8, 0x1F, 0xF8, 0x1F, 0xF8, 0x8A, 0x0C, 0x8A, 0x0C, 0x71, 0x12, 0xDB, 0x64,
    0xFB, 0x64, 0x71, 0x12, 0x8A, 0x0C, 0x8A, 0x0C, 0x1F, 0xF8, 0x1F, 0xF8, 0x1F, 0xF8, 0x1F, 0xF8,
    0x6B, 0x0C, 0x8B, 0x0C, 0x71, 0x12, 0xFB, 0x64, 0xDB, 0x64, 0x51, 0x12, 0x4B, 0x0C, 0x8A, 0x0C,
    0x1F, 0xF8, 0x1F, 0xF8, 0x1F, 0xF8, 0x1F, 0xF8, 0x8A, 0x0C, 0xAA, 0x0C, 0x71, 0x12, 0xDB, 0x64,
    0xFB, 0x64, 0x51, 0x12, 0x8B, 0x0C, 0x8A, 0x0C, 0x1F, 0xF8, 0x1F, 0xF8, 0x1F, 0xF8, 0x1F, 0xF8,
    0x8A, 0x0C, 0x8B, 0x0C, 0x71, 0x12, 0x3C, 0x6D, 0x3C, 0x6D, 0x71, 0x12, 0x8B, 0x0C, 0xAA, 0x0C,
    0x1F, 0xF8, 0x1F, 0xF8, 0x1F, 0xF8, 0x1F, 0xF8, 0x6B, 0x0C, 0x8B, 0x0C, 0x50, 0x02, 0x51, 0x12,
    0x71, 0x12, 0x50, 0x02, 0x4B, 0x0C, 0x8A, 0x0C, 0x1F, 0xF8, 0x1F, 0xF8, 0x1F, 0xF8, 0x1F, 0xF8,
    0x6B, 0x0C, 0xAA, 0x0C, 0x4B, 0x0C, 0x8B, 0x0C, 0x8B, 0x0C, 0x8B, 0x0C, 0x8A, 0x0C, 0x8A, 0x0C,
    0x1F, 0xF8, 0x1F, 0xF8, 0x1F, 0xF8, 0x1F, 0xF8, 0x8A, 0x0C, 0x8A, 0x0C, 0x8A, 0x0C, 0x8A, 0x0C,
    0x8A, 0x0C, 0x8A, 0x0C, 0x6B, 0x0C, 0x8A, 0x0C, 0x1F, 0xF8, 0x1F, 0xF8, 0x1F, 0xF8, 0x1F, 0xF8,
    0x6B, 0x0C, 0x8A, 0x0C, 0x8A, 0x0C, 0x8A, 0x0C, 0x8A, 0x0C, 0x8A, 0x0C, 0x6B, 0x0C, 0xAA, 0x0C,
    0x1F, 0xF8, 0x1F, 0xF8, 0x1F, 0xF8, 0x1F, 0xF8, 0x8A, 0x0C, 0x8A, 0x0C, 0x4B, 0x0C, 0xAA, 0x0C,
    0x6B, 0x0C, 0x8B, 0x0C, 0x8A, 0x0C, 0x8A, 0x0C, 0x1F, 0xF8, 0x1F, 0xF8, 0x1F, 0xF8, 0x1F, 0xF8,
    0x6B, 0x0C, 0x8B, 0x0C, 0x50, 0x02, 0x71, 0x12, 0x51, 0x12, 0x50, 0x02, 0x4B, 0x0C, 0x8A, 0x0C,
    0x1F, 0xF8, 0x1F, 0xF8, 0x1F, 0xF8, 0x1F, 0xF8, 0x8A, 0x0C, 0xAA, 0x0C, 0x71, 0x12, 0x3C, 0x6D,
    0x3C, 0x6D, 0x51, 0x12, 0x8B, 0x0C, 0x8A, 0x0C, 0x1F, 0xF8, 0x1F, 0xF8, 0x1F, 0xF8, 0x1F, 0xF8,
    0x8A, 0x0C, 0x8B, 0x0C, 0x71, 0x12, 0x3C, 0x6D, 0x3C, 0x6D, 0x71, 0x12, 0x8B, 0x0C, 0xAA, 0x0C,
    0x1F, 0xF8, 0x1F, 0xF8, 0x1F, 0xF8, 0x1F, 0xF8, 0x6B, 0x0C, 0x8B, 0x0C, 0x50, 0x02, 0x51, 0x12,
    0x71, 0x12, 0x50, 0x02, 0x4B, 0x0C, 0x8A, 0x0C, 0x1F, 0xF8, 0x1F, 0xF8, 0x1F, 0xF8, 0x1F, 0xF8,
    0x6B, 0x0C, 0xAA, 0x0C, 0x4B, 0x0C, 0x8B, 0x0C, 0x8B, 0x0C, 0x8B, 0x0C, 0x8A, 0x0C, 0x8A, 0x0C,
    0x1F, 0xF8, 0x1F, 0xF8, 0x1F, 0xF8, 0x1F, 0xF8, 0x8A, 0x0C, 0x8A, 0x0C, 0x8B, 0x0C, 0x8B, 0x14,
    0x8B, 0x14, 0x8B, 0x0C, 0x6B, 0x0C, 0x8A, 0x0C, 0x1F, 0xF8, 0x1F, 0xF8, 0x1F, 0xF8, 0x1F, 0xF8,
    0x6B, 0x0C, 0x6B, 0x0C, 0x71, 0x12, 0xFB, 0x64, 0xDB, 0x64, 0x71, 0x12, 0x4B, 0x04, 0xAA, 0x0C,
    0x1F, 0xF8, 0x1F, 0xF8, 0x1F, 0xF8, 0x1F, 0xF8, 0x6B, 0x0C, 0x50, 0x02, 0x71, 0x1A, 0xFB, 0x64,
    0xFB, 0x64, 0x71, 0x1A, 0x50, 0x02, 0x8B, 0x0C, 0x1F, 0xF8, 0x1F, 0xF8, 0x1F, 0xF8, 0x1F, 0xF8,
    0x71, 0x12, 0x71, 0x1A, 0x3C, 0x6D, 0xBA, 0x5C, 0x9A, 0x5C, 0x3C, 0x6D, 0x71, 0x1A, 0x71, 0x12,
    0x1F, 0xF8, 0x1F, 0xF8, 0x1F, 0xF8, 0x1F, 0xF8, 0xFB, 0x64, 0xFB, 0x64, 0xBA, 0x5C, 0x9A, 0x5C,
    0x79, 0x54, 0x9A, 0x5C, 0xFB, 0x64, 0xDB, 0x64, 0x1F, 0xF8, 0x1F, 0xF8, 0x1F, 0xF8, 0x1F, 0xF8,
    0xDB, 0x64, 0xFB, 0x64, 0x9A, 0x5C, 0x79, 0x54, 0x9A, 0x5C, 0xBA, 0x5C, 0xFB, 0x64, 0xFB, 0x64,
    0x1F, 0xF8, 0x1F, 0xF8, 0x1F, 0xF8, 0x1F, 0xF8, 0x51, 0x12, 0x71, 0x1A, 0x3C, 0x6D, 0x9A, 0x5C,
    0xBA, 0x5C, 0x3C, 0x6D, 0x71, 0x1A, 0x71, 0x12, 0x1F, 0xF8, 0x1F, 0xF8, 0x1F, 0xF8, 0x1F, 0xF8,
    0x4B, 0x04, 0x30, 0x02, 0x71, 0x1A, 0xFB, 0x64, 0xFB, 0x64, 0x71, 0x1A, 0x50, 0x02, 0x6B, 0x0C,
    0x1F, 0xF8, 0x1F, 0xF8, 0x1F, 0xF8, 0x1F, 0xF8, 0x8A, 0x0C, 0x6B, 0x0C, 0x71, 0x12, 0xDB, 0x64,
    0xFB, 0x64, 0x71, 0x12, 0x4B, 0x04, 0x8A, 0x0C, 0x1F, 0xF8, 0x1F, 0xF8, 0x1F, 0xF8, 0x1F, 0xF8,
    0x6B, 0x0C, 0x8B, 0x0C, 0x8B, 0x0C, 0x8C, 0x14, 0x8B, 0x14, 0x6B, 0x0C, 0x4B, 0x0C, 0xAA, 0x0C,
    0x1F, 0xF8, 0x1F, 0xF8, 0x1F, 0xF8, 0x1F, 0xF8, 0x6B, 0x0C, 0x50, 0x02, 0x71, 0x12, 0x51, 0x12,
    0x71, 0x12, 0x71, 0x12, 0x50, 0x02, 0x8B, 0x0C, 0x1F, 0xF8, 0x1F, 0xF8, 0x1F, 0xF8, 0x1F, 0xF8,
    0x71, 0x12, 0x71, 0x1A, 0x3C, 0x6D, 0xFB, 0x64, 0xDB, 0x64, 0x3C, 0x6D, 0x71, 0x1A, 0x71, 0x12,
    0x1F, 0xF8, 0x1F, 0xF8, 0x1F, 0xF8, 0x1F, 0xF8, 0xFB, 0x64, 0xFB, 0x64, 0xBA, 0x5C, 0x9A, 0x5C,
    0x79, 0x54, 0x9A, 0x5C, 0xFB, 0x64, 0xDB, 0x64, 0x1F, 0xF8, 0x1F, 0xF8, 0x1F, 0xF8, 0x1F, 0xF8,
    0xDB, 0x64, 0xFB, 0x64, 0x9A, 0x5C, 0x79, 0x54, 0x9A, 0x5C, 0xBA, 0x5C, 0xFB, 0x64, 0xFB, 0x64,
    0x1F, 0xF8, 0x1F, 0xF8, 0x1F, 0xF8, 0x1F, 0xF8, 0x51, 0x12, 0x71, 0x1A, 0x3C, 0x6D, 0x9A, 0x5C,
    0xBA, 0x5C, 0x3C, 0x6D, 0x71, 0x1A, 0x71, 0x12, 0x1F, 0xF8, 0x1F, 0xF8, 0x1F, 0xF8, 0x1F, 0xF8,
    0x4B, 0x04, 0x30, 0x02, 0x71, 0x1A, 0xFB, 0x64, 0xFB, 0x64, 0x71, 0x1A, 0x50, 0x02, 0x6B, 0x0C,
    0x1F, 0xF8, 0x1F, 0xF8, 0x1F, 0xF8, 0x1F, 0xF8, 0x8A, 0x0C, 0x6B, 0x0C, 0x71, 0x12, 0xDB, 0x64,
    0xFB, 0x64, 0x51, 0x12, 0x4B, 0x04, 0x8A, 0x0C, 0x1F, 0xF8, 0x1F, 0xF8, 0x1F, 0xF8, 0x1F, 0xF8,
    0x6B, 0x0C, 0x6B, 0x0C, 0x71, 0x12, 0xFB, 0x64, 0xDB, 0x64, 0x51, 0x12, 0x4B, 0x04, 0xAA, 0x0C,
    0x1F, 0xF8, 0x1F, 0xF8, 0x1F, 0xF8, 0x1F, 0xF8, 0x6B, 0x0C, 0x50, 0x02, 0x71, 0x1A, 0xFB, 0x64,
    0xFB, 0x64, 0x71, 0x1A, 0x50, 0x02, 0x8A, 0x0C, 0x1F, 0xF8, 0x1F, 0xF8, 0x1F, 0xF8, 0x1F, 0xF8,
    0x71, 0x12, 0x71, 0x1A, 0x3C, 0x6D, 0xBA, 0x5C, 0x9A, 0x5C, 0x3C, 0x6D, 0x71, 0x12, 0x8B, 0x0C,
    0x1F, 0xF8, 0x1F, 0xF8, 0x1F, 0xF8, 0x1F, 0xF8, 0xFB, 0x64, 0xFB, 0x64, 0xBA, 0x5C, 0x9A, 0x5C,
    0x79, 0x54, 0xDB, 0x64, 0x71, 0x12, 0x8A, 0x0C, 0x1F, 0xF8, 0x1F, 0xF8, 0x1F, 0xF8, 0x1F, 0xF8,
    0xDB, 0x64, 0xFB, 0x64, 0x9A, 0x5C, 0x79, 0x54, 0x9A, 0x5C, 0xFB, 0x64, 0x71, 0x12, 0xAA, 0x0C,
    0x1F, 0xF8, 0x1F, 0xF8, 0x1F, 0xF8, 0x1F, 0xF8, 0x51, 0x12, 0x71, 0x1A, 0x3C, 0x6D, 0x9A, 0x5C,
    0xBA, 0x5C, 0x3C, 0x6D, 0x71, 0x12, 0x8A, 0x0C, 0x1F, 0xF8, 0x1F, 0xF8, 0x1F, 0xF8, 0x1F, 0xF8,
    0x4B, 0x04, 0x30, 0x02, 0x71, 0x1A, 0xFB, 0x64, 0xFB, 0x64, 0x71, 0x1A, 0x50, 0x02, 0x8B, 0x0C,
    0x1F, 0xF8, 0x1F, 0xF8, 0x1F, 0xF8, 0x1F, 0xF8, 0x8A, 0x0C, 0x6B, 0x0C, 0x71, 0x12, 0xDB, 0x64,
    0xFB, 0x64, 0x71, 0x12, 0x4B, 0x04, 0x8A, 0x0C, 0x1F, 0xF8, 0x1F, 0xF8, 0x1F, 0xF8, 0x1F, 0xF8,
    0x6B, 0x0C, 0x8B, 0x0C, 0x8B, 0x0C, 0x8B, 0x14, 0xCB, 0x14, 0x6B, 0x0C, 0x4B, 0x0C, 0xAA, 0x0C,
    0x1F, 0xF8, 0x1F, 0xF8, 0x1F, 0xF8, 0x1F, 0xF8, 0x6B, 0x0C, 0x50, 0x02, 0x71, 0x12, 0x51, 0x12,
    0x71, 0x12, 0x71, 0x12, 0x50, 0x02, 0x8A, 0x0C, 0x1F, 0xF8, 0x1F, 0xF8, 0x1F, 0xF8, 0x1F, 0xF8,
    0x71, 0x12, 0x71, 0x1A, 0x3C, 0x6D, 0xFB, 0x64, 0xDB, 0x64, 0x3C, 0x6D, 0x71, 0x12, 0x8B, 0x0C,
    0x1F, 0xF8, 0x1F, 0xF8, 0x1F, 0xF8, 0x1F, 0xF8, 0xFB, 0x64, 0xFB, 0x64, 0xBA, 0x5C, 0x9A, 0x5C,
    0x79, 0x54, 0xDB, 0x64, 0x71, 0x12, 0x8A, 0x0C, 0x1F, 0xF8, 0x1F, 0xF8, 0x1F, 0xF8, 0x1F, 0xF8,
    0xDB, 0x64, 0xFB, 0x64, 0x9A, 0x5C, 0x79, 0x54, 0x9A, 0x5C, 0xFB, 0x64, 0x71, 0x12, 0xAA, 0x0C,
    0x1F, 0xF8, 0x1F, 0xF8, 0x1F, 0xF8, 0x1F, 0xF8, 0x51, 0x12, 0x71, 0x1A, 0x3C, 0x6D, 0x9A, 0x5C,
    0xBA, 0x5C, 0x3C, 0x6D, 0x71, 0x12, 0x8A, 0x0C, 0x1F, 0xF8, 0x1F, 0xF8, 0x1F, 0xF8, 0x1F, 0xF8,
    0x4B, 0x04, 0x30, 0x02, 0x71, 0x1A, 0xFB, 0x64, 0xFB, 0x64, 0x71, 0x1A, 0x50, 0x02, 0x8B, 0x0C,
    0x1F, 0xF8, 0x1F, 0xF8, 0x1F, 0xF8, 0x1F, 0xF8, 0x8A, 0x0C, 0x6B, 0x0C, 0x71, 0x12, 0xDB, 0x64,
    0xFB, 0x64, 0x51, 0x12, 0x4B, 0x04, 0x8A, 0x0C, 0x1F, 0xF8, 0x1F, 0xF8, 0x1F, 0xF8, 0x1F, 0xF8,
    0x6B, 0x0C, 0x6B, 0x0C, 0x71, 0x12, 0xFB, 0x64, 0xDB, 0x64, 0x51, 0x12, 0x4B, 0x04, 0xAA, 0x0C,
    0x1F, 0xF8, 0x1F, 0xF8, 0x1F, 0xF8, 0x1F, 0xF8, 0x6B, 0x0C, 0x50, 0x02, 0x71, 0x1A, 0xFB, 0x64,
    0xFB, 0x64, 0x71, 0x1A, 0x50, 0x02, 0x8B, 0x0C, 0x1F, 0xF8, 0x1F, 0xF8, 0x1F, 0xF8, 0x1F, 0xF8,
    0x71, 0x12, 0x71, 0x1A, 0x3C, 0x6D, 0xBA, 0x5C, 0x9A, 0x5C, 0x3C, 0x6D, 0x71, 0x1A, 0x71, 0x12,
    0x1F, 0xF8, 0x1F, 0xF8, 0x1F, 0xF8, 0x1F, 0xF8, 0xFB, 0x64, 0xFB, 0x64, 0xBA, 0x5C, 0x9A, 0x5C,
    0x79, 0x54, 0x9A, 0x5C, 0xFB, 0x64, 0xDB, 0x64, 0x1F, 0xF8, 0x1F, 0xF8, 0x1F, 0xF8, 0x1F, 0xF8,
    0xDB, 0x64, 0xFB, 0x64, 0x9A, 0x5C, 0x79, 0x54, 0x9A, 0x5C, 0xBA, 0x5C, 0xFB, 0x64, 0xFB, 0x64,
    0x1F, 0xF8, 0x1F, 0xF8, 0x1F, 0xF8, 0x1F, 0xF8, 0x51, 0x12, 0x71, 0x1A, 0x3C, 0x6D, 0xDB, 0x64,
    0xFB, 0x64, 0x3C, 0x6D, 0x71, 0x1A, 0x71, 0x12, 0x1F, 0xF8, 0x1F, 0xF8, 0x1F, 0xF8, 0x1F, 0xF8,
    0x4B, 0x04, 0x30, 0x02, 0x71, 0x12, 0x71, 0x12, 0x51, 0x12, 0x71, 0x12, 0x50, 0x02, 0x6B, 0x0C,
    0x1F, 0xF8, 0x1F, 0xF8, 0x1F, 0xF8, 0x1F, 0xF8, 0x8A, 0x0C, 0x8B, 0x0C, 0x8B, 0x0C, 0x8B, 0x0C,
    0x8B, 0x0C, 0x8B, 0x0C, 0x4B, 0x0C, 0x8A, 0x0C, 0x1F, 0xF8, 0x1F, 0xF8, 0x1F, 0xF8, 0x1F, 0xF8,
    0x6B, 0x0C, 0x8B, 0x0C, 0x8A, 0x0C, 0x8B, 0x0C, 0x8A, 0x0C, 0x8B, 0x0C, 0x4B, 0x0C, 0xAA, 0x0C,
    0x1F, 0xF8, 0x1F, 0xF8, 0x1F, 0xF8, 0x1F, 0xF8, 0x6B, 0x0C, 0x50, 0x02, 0x71, 0x12, 0x51, 0x12,
    0x71, 0x12, 0x71, 0x12, 0x50, 0x02, 0x8B, 0x0C, 0x1F, 0xF8, 0x1F, 0xF8, 0x1F, 0xF8, 0x1F, 0xF8,
    0x71, 0x12, 0x71, 0x1A, 0x3C, 0x6D, 0xFB, 0x64, 0xDB, 0x64, 0x3C, 0x6D, 0x71, 0x1A, 0x71, 0x12,
    0x1F, 0xF8, 0x1F, 0xF8, 0x1F, 0xF8, 0x1F, 0xF8, 0xFB, 0x64, 0xFB, 0x64, 0xBA, 0x5C, 0x9A, 0x5C,
    0x79, 0x54, 0x9A, 0x5C, 0xFB, 0x64, 0xDB, 0x64, 0x1F, 0xF8, 0x1F, 0xF8, 0x1F, 0xF8, 0x1F, 0xF8,
    0xDB, 0x64, 0xFB, 0x64, 0x9A, 0x5C, 0x79, 0x54, 0x9A, 0x5C, 0xBA, 0x5C, 0xFB, 0x64, 0xFB, 0x64,
    0x1F, 0xF8, 0x1F, 0xF8, 0x1F, 0xF8, 0x1F, 0xF8, 0x51, 0x12, 0x71, 0x1A, 0x3C, 0x6D, 0xDB, 0x64,
    0xFB, 0x64, 0x3C, 0x6D, 0x71, 0x1A, 0x71, 0x12, 0x1F, 0xF8, 0x1F, 0xF8, 0x1F, 0xF8, 0x1F, 0xF8,
    0x4B, 0x04, 0x30, 0x02, 0x71, 0x12, 0x71, 0x12, 0x51, 0x12, 0x71, 0x12, 0x50, 0x02, 0x6B, 0x0C,
    0x1F, 0xF8, 0x1F, 0xF8, 0x1F, 0xF8, 0x1F, 0xF8, 0x8A, 0x0C, 0x8B, 0x0C, 0x8B, 0x0C, 0x8C, 0x14,
    0x8B, 0x14, 0x8B, 0x0C, 0x4B, 0x0C, 0x8A, 0x0C, 0x1F, 0xF8, 0x1F, 0xF8, 0x1F, 0xF8, 0x1F, 0xF8,
    0x6B, 0x0C, 0x6B, 0x0C, 0x71, 0x12, 0xFB, 0x64, 0xDB, 0x64, 0x71, 0x12, 0x4B, 0x04, 0xAA, 0x0C,
    0x1F, 0xF8, 0x1F, 0xF8, 0x1F, 0xF8, 0x1F, 0xF8, 0x6B, 0x0C, 0x50, 0x02, 0x71, 0x1A, 0xFB, 0x64,
    0xFB, 0x64, 0x71, 0x1A, 0x50, 0x02, 0x8A, 0x0C, 0x1F, 0xF8, 0x1F, 0xF8, 0x1F, 0xF8, 0x1F, 0xF8,
    0x71, 0x12, 0x71, 0x1A, 0x3C, 0x6D, 0xBA, 0x5C, 0x9A, 0x5C, 0x3C, 0x6D, 0x71, 0x12, 0x8B, 0x0C,
    0x1F, 0xF8, 0x1F, 0xF8, 0x1F, 0xF8, 0x1F, 0xF8, 0xFB, 0x64, 0xFB, 0x64, 0xBA, 0x5C, 0x9A, 0x5C,
    0x79, 0x54, 0xDB, 0x64, 0x71, 0x12, 0x8A, 0x0C, 0x1F, 0xF8, 0x1F, 0xF8, 0x1F, 0xF8, 0x1F, 0xF8,
    0xDB, 0x64, 0xFB, 0x64, 0x9A, 0x5C, 0x79, 0x54, 0x9A, 0x5C, 0xFB, 0x64, 0x71, 0x12, 0xAA, 0x0C,
    0x1F, 0xF8, 0x1F, 0xF8, 0x1F, 0xF8, 0x1F, 0xF8, 0x51, 0x12, 0x71, 0x1A, 0x3C, 0x6D, 0xDB, 0x64,
    0xFB, 0x64, 0x3C, 0x6D, 0x71, 0x12, 0x8A, 0x0C, 0x1F, 0xF8, 0x1F, 0xF8, 0x1F, 0xF8, 0x1F, 0xF8,
    0x4B, 0x04, 0x30, 0x02, 0x71, 0x12, 0x71, 0x12, 0x51, 0x12, 0x71, 0x12, 0x50, 0x02, 0x8B, 0x0C,
    0x1F, 0xF8, 0x1F, 0xF8, 0x1F, 0xF8, 0x1F, 0xF8, 0x8A, 0x0C, 0x8B, 0x0C, 0x8B, 0x0C, 0x8B, 0x0C,
    0x8B, 0x0C, 0x8B, 0x0C, 0x4B, 0x0C, 0x8A, 0x0C, 0x1F, 0xF8, 0x1F, 0xF8, 0x1F, 0xF8, 0x1F, 0xF8,
    0x6B, 0x0C, 0x8B, 0x0C, 0x8A, 0x0C, 0x8B, 0x0C, 0x8A, 0x0C, 0x8B, 0x0C, 0x4B, 0x0C, 0xAA, 0x0C,
    0x1F, 0xF8, 0x1F, 0xF8, 0x1F, 0xF8, 0x1F, 0xF8, 0x6B, 0x0C, 0x50, 0x02, 0x71, 0x12, 0x51, 0x12,
    0x71, 0x12, 0x71, 0x12, 0x50, 0x02, 0x8A, 0x0C, 0x1F, 0xF8, 0x1F, 0xF8, 0x1F, 0xF8, 0x1F, 0xF8,
    0x71, 0x12, 0x71, 0x1A, 0x3C, 0x6D, 0xFB, 0x64, 0xDB, 0x64, 0x3C, 0x6D, 0x71, 0x12, 0x8B, 0x0C,
    0x1F, 0xF8, 0x1F, 0xF8, 0x1F, 0xF8, 0x1F, 0xF8, 0xFB, 0x64, 0xFB, 0x64, 0xBA, 0x5C, 0x9A, 0x5C,
    0x79, 0x54, 0xDB, 0x64, 0x71, 0x12, 0x8A, 0x0C, 0x1F, 0xF8, 0x1F, 0xF8, 0x1F, 0xF8, 0x1F, 0xF8,
    0xDB, 0x64, 0xFB, 0x64, 0x9A, 0x5C, 0x79, 0x54, 0x9A, 0x5C, 0xFB, 0x64, 0x71, 0x12, 0xAA, 0x0C,
    0x1F, 0xF8, 0x1F, 0xF8, 0x1F, 0xF8, 0x1F, 0xF8, 0x51, 0x12, 0x71, 0x1A, 0x3C, 0x6D, 0xDB, 0x64,
    0xFB, 0x64, 0x3C, 0x6D, 0x71, 0x12, 0x8A, 0x0C, 0x1F, 0xF8, 0x1F, 0xF8, 0x1F, 0xF8, 0x1F, 0xF8,
    0x4B, 0x04, 0x30, 0x02, 0x71, 0x12, 0x71, 0x12, 0x51, 0x12, 0x71, 0x12, 0x50, 0x02, 0x8B, 0x0C,
    0x1F, 0xF8, 0x1F, 0xF8, 0x1F, 0xF8, 0x1F, 0xF8, 0x8A, 0x0C, 0x8B, 0x0C, 0x8B, 0x0C, 0x8C, 0x14,
    0x8B, 0x14, 0x8B, 0x0C, 0x4B, 0x0C, 0x8A, 0x0C, 0x1F, 0xF8, 0x1F, 0xF8, 0x1F, 0xF8, 0x1F, 0xF8,
    0x6B, 0x0C, 0x6B, 0x0C, 0x71, 0x12, 0xFB, 0x64, 0xDB, 0x64, 0x71, 0x12, 0x4B, 0x04, 0xAA, 0x0C,
    0x1F, 0xF8, 0x1F, 0xF8, 0x1F, 0xF8, 0x1F, 0xF8, 0x8B, 0x0C, 0x50, 0x02, 0x71, 0x1A, 0xFB, 0x64,
    0xFB, 0x64, 0x71, 0x1A, 0x50, 0x02, 0x8B, 0x0C, 0x1F, 0xF8, 0x1F, 0xF8, 0x1F, 0xF8, 0x1F, 0xF8,
    0x4B, 0x0C, 0x51, 0x12, 0x3C, 0x6D, 0xBA, 0x5C, 0x9A, 0x5C, 0x3C, 0x6D, 0x71, 0x1A, 0x71, 0x12,
    0x1F, 0xF8, 0x1F, 0xF8, 0x1F, 0xF8, 0x1F, 0xF8, 0x8B, 0x0C, 0x51, 0x12, 0xFB, 0x64, 0x9A, 0x5C,
    0x79, 0x54, 0x9A, 0x5C, 0xFB, 0x64, 0xDB, 0x64, 0x1F, 0xF8, 0x1F, 0xF8, 0x1F, 0xF8, 0x1F, 0xF8,
    0x8B, 0x0C, 0x71, 0x12, 0xDB, 0x64, 0x79, 0x54, 0x9A, 0x5C, 0xBA, 0x5C, 0xFB, 0x64, 0xFB, 0x64,
    0x1F, 0xF8, 0x1F, 0xF8, 0x1F, 0xF8, 0x1F, 0xF8, 0x4B, 0x0C, 0x51, 0x12, 0x3C, 0x6D, 0x9A, 0x5C,
    0xBA, 0x5C, 0x3C, 0x6D, 0x71, 0x1A, 0x71, 0x12, 0x1F, 0xF8, 0x1F, 0xF8, 0x1F, 0xF8, 0x1F, 0xF8,
    0x4B, 0x0C, 0x30, 0x02, 0x71, 0x1A, 0xFB, 0x64, 0xFB, 0x64, 0x71, 0x1A, 0x50, 0x02, 0x6B, 0x0C,
    0x1F, 0xF8, 0x1F, 0xF8, 0x1F, 0xF8, 0x1F, 0xF8, 0x8A, 0x0C, 0x6B, 0x0C, 0x71, 0x12, 0xDB, 0x64,
    0xFB, 0x64, 0x71, 0x12, 0x4B, 0x04, 0x8A, 0x0C, 0x1F, 0xF8, 0x1F, 0xF8, 0x1F, 0xF8, 0x1F, 0xF8,
    0x6B, 0x0C, 0x8B, 0x0C, 0x8B, 0x0C, 0x8C, 0x14, 0x8B, 0x14, 0x6B, 0x0C, 0x4B, 0x0C, 0xAA, 0x0C,
    0x1F, 0xF8, 0x1F, 0xF8, 0x1F, 0xF8, 0x1F, 0xF8, 0x8B, 0x0C, 0x50, 0x02, 0x71, 0x12, 0x51, 0x12,
    0x71, 0x12, 0x71, 0x12, 0x50, 0x02, 0x8B, 0x0C, 0x1F, 0xF8, 0x1F, 0xF8, 0x1F, 0xF8, 0x1F, 0xF8,
    0x4B, 0x0C, 0x51, 0x12, 0x3C, 0x6D, 0xFB, 0x64, 0xDB, 0x64, 0x3C, 0x6D, 0x71, 0x1A, 0x71, 0x12,
    0x1F, 0xF8, 0x1F, 0xF8, 0x1F, 0xF8, 0x1F, 0xF8, 0x8B, 0x0C, 0x51, 0x12, 0xFB, 0x64, 0x9A, 0x5C,
    0x79, 0x54, 0x9A, 0x5C, 0xFB, 0x64, 0xDB, 0x64, 0x1F, 0xF8, 0x1F, 0xF8, 0x1F, 0xF8, 0x1F, 0xF8,
    0x8B, 0x0C, 0x71, 0x12, 0xDB, 0x64, 0x79, 0x54, 0x9A, 0x5C, 0xBA, 0x5C, 0xFB, 0x64, 0xFB, 0x64,
    0x1F, 0xF8, 0x1F, 0xF8, 0x1F, 0xF8, 0x1F, 0xF8, 0x4B, 0x0C, 0x51, 0x12, 0x3C, 0x6D, 0x9A, 0x5C,
    0xBA, 0x5C, 0x3C, 0x6D, 0x71, 0x1A, 0x71, 0x12, 0x1F, 0xF8, 0x1F, 0xF8, 0x1F, 0xF8, 0x1F, 0xF8,
    0x4B, 0x0C, 0x30, 0x02, 0x71, 0x1A, 0xFB, 0x64, 0xFB, 0x64, 0x71, 0x1A, 0x50, 0x02, 0x6B, 0x0C,
    0x1F, 0xF8, 0x1F, 0xF8, 0x1F, 0xF8, 0x1F, 0xF8, 0x8A, 0x0C, 0x6B, 0x0C, 0x71, 0x12, 0xDB, 0x64,
    0xFB, 0x64, 0x51, 0x12, 0x4B, 0x04, 0x8A, 0x0C, 0x1F, 0xF8, 0x1F, 0xF8, 0x1F, 0xF8, 0x1F, 0xF8,
    0x6B, 0x0C, 0x6B, 0x0C, 0x71, 0x12, 0xFB, 0x64, 0xDB, 0x64, 0x51, 0x12, 0x4B, 0x04, 0xAA, 0x0C,
    0x1F, 0xF8, 0x1F, 0xF8, 0x1F, 0xF8, 0x1F, 0xF8, 0x8B, 0x0C, 0x50, 0x02, 0x71, 0x1A, 0xFB, 0x64,
    0xFB, 0x64, 0x71, 0x1A, 0x50, 0x02, 0x8A, 0x0C, 0x1F, 0xF8, 0x1F, 0xF8, 0x1F, 0xF8, 0x1F, 0xF8,
    0x4B, 0x0C, 0x51, 0x12, 0x3C, 0x6D, 0xBA, 0x5C, 0x9A, 0x5C, 0x3C, 0x6D, 0x71, 0x12, 0x8B, 0x0C,
    0x1F, 0xF8, 0x1F, 0xF8, 0x1F, 0xF8, 0x1F, 0xF8, 0x8B, 0x0C, 0x51, 0x12, 0xFB, 0x64, 0x9A, 0x5C,
    0x79, 0x54, 0xDB, 0x64, 0x71, 0x12, 0x8A, 0x0C, 0x1F, 0xF8, 0x1F, 0xF8, 0x1F, 0xF8, 0x1F, 0xF8,
    0x8B, 0x0C, 0x71, 0x12, 0xDB, 0x64, 0x79, 0x54, 0x9A, 0x5C, 0xFB, 0x64, 0x71, 0x12, 0xAA, 0x0C,
    0x1F, 0xF8, 0x1F, 0xF8, 0x1F, 0xF8, 0x1F, 0xF8, 0x4B, 0x0C, 0x51, 0x12, 0x3C, 0x6D, 0x9A, 0x5C,
    0xBA, 0x5C, 0x3C, 0x6D, 0x71, 0x12, 0x8A, 0x0C, 0x1F, 0xF8, 0x1F, 0xF8, 0x1F, 0xF8, 0x1F, 0xF8,
    0x4B, 0x0C, 0x30, 0x02, 0x71, 0x1A, 0xFB, 0x64, 0xFB, 0x64, 0x71, 0x1A, 0x50, 0x02, 0x8B, 0x0C,
    0x1F, 0xF8, 0x1F, 0xF8, 0x1F, 0xF8, 0x1F, 0xF8, 0x8A, 0x0C, 0x6B, 0x0C, 0x71, 0x12, 0xDB, 0x64,
    0xFB, 0x64, 0x71, 0x12, 0x4B, 0x04, 0x8A, 0x0C, 0x1F, 0xF8, 0x1F, 0xF8, 0x1F, 0xF8, 0x1F, 0xF8,
    0x6B, 0x0C, 0x8B, 0x0C, 0x8B, 0x0C, 0x8C, 0x14, 0x8B, 0x14, 0x6B, 0x0C, 0x4B, 0x0C, 0xAA, 0x0C,
    0x1F, 0xF8, 0x1F, 0xF8, 0x1F, 0xF8, 0x1F, 0xF8, 0x8B, 0x0C, 0x50, 0x02, 0x71, 0x12, 0x51, 0x12,
    0x71, 0x12, 0x71, 0x12, 0x50, 0x02, 0x8A, 0x0C, 0x1F, 0xF8, 0x1F, 0xF8, 0x1F, 0xF8, 0x1F, 0xF8,
    0x4B, 0x0C, 0x51, 0x12, 0x3C, 0x6D, 0xFB, 0x64, 0xDB, 0x64, 0x3C, 0x6D, 0x71, 0x12, 0x8B, 0x0C,
    0x1F, 0xF8, 0x1F, 0xF8, 0x1F, 0xF8, 0x1F, 0xF8, 0x8B, 0x0C, 0x51, 0x12, 0xFB, 0x64, 0x9A, 0x5C,
    0x79, 0x54, 0xDB, 0x64, 0x71, 0x12, 0x8A, 0x0C, 0x1F, 0xF8, 0x1F, 0xF8, 0x1F, 0xF8, 0x1F, 0xF8,
    0x8B, 0x0C, 0x71, 0x12, 0xDB, 0x64, 0x79, 0x54, 0x9A, 0x5C, 0xFB, 0x64, 0x71, 0x12, 0xAA, 0x0C,
    0x1F, 0xF8, 0x1F, 0xF8, 0x1F, 0xF8, 0x1F, 0xF8, 0x4B, 0x0C, 0x51, 0x12, 0x3C, 0x6D, 0x9A, 0x5C,
    0xBA, 0x5C, 0x3C, 0x6D, 0x71, 0x12, 0x8A, 0x0C, 0x1F, 0xF8, 0x1F, 0xF8, 0x1F, 0xF8, 0x1F, 0xF8,
    0x4B, 0x0C, 0x30, 0x02, 0x71, 0x1A, 0xFB, 0x64, 0xFB, 0x64, 0x71, 0x1A, 0x50, 0x02, 0x8B, 0x0C,
    0x1F, 0xF8, 0x1F, 0xF8, 0x1F, 0xF8, 0x1F, 0xF8, 0x8A, 0x0C, 0x6B, 0x0C, 0x71, 0x12, 0xDB, 0x64,
    0xFB, 0x64, 0x51, 0x12, 0x4B, 0x04, 0x8A, 0x0C, 0x1F, 0xF8, 0x1F, 0xF8, 0x1F, 0xF8, 0x1F, 0xF8,
    0x6B, 0x0C, 0x6B, 0x0C, 0x71, 0x12, 0xFB, 0x64, 0xDB, 0x64, 0x51, 0x12, 0x4B, 0x04, 0xAA, 0x0C,
    0x1F, 0xF8, 0x1F, 0xF8, 0x1F, 0xF8, 0x1F, 0xF8, 0x8B, 0x0C, 0x50, 0x02, 0x71, 0x1A, 0xFB, 0x64,
    0xFB, 0x64, 0x71, 0x1A, 0x50, 0x02, 0x8B, 0x0C, 0x1F, 0xF8, 0x1F, 0xF8, 0x1F, 0xF8, 0x1F, 0xF8,
    0x4B, 0x0C, 0x51, 0x12, 0x3C, 0x6D, 0xBA, 0x5C, 0x9A, 0x5C, 0x3C, 0x6D, 0x71, 0x1A, 0x71, 0x12,
    0x1F, 0xF8, 0x1F, 0xF8, 0x1F, 0xF8, 0x1F, 0xF8, 0x8B, 0x0C, 0x51, 0x12, 0xFB, 0x64, 0x9A, 0x5C,
    0x79, 0x54, 0x9A, 0x5C, 0xFB, 0x64, 0xDB, 0x64, 0x1F, 0xF8, 0x1F, 0xF8, 0x1F, 0xF8, 0x1F, 0xF8,
    0x8B, 0x0C, 0x71, 0x12, 0xDB, 0x64, 0x79, 0x54, 0x9A, 0x5C, 0xBA, 0x5C, 0xFB, 0x64, 0xFB, 0x64,
    0x1F, 0xF8, 0x1F, 0xF8, 0x1F, 0xF8, 0x1F, 0xF8, 0x4B, 0x0C, 0x51, 0x12, 0x3C, 0x6D, 0xDB, 0x64,
    0xFB, 0x64, 0x3C, 0x6D, 0x71, 0x1A, 0x71, 0x12, 0x1F, 0xF8, 0x1F, 0xF8, 0x1F, 0xF8, 0x1F, 0xF8,
    0x4B, 0x0C, 0x30, 0x02, 0x71, 0x12, 0x71, 0x12, 0x51, 0x12, 0x71, 0x12, 0x50, 0x02, 0x6B, 0x0C,
    0x1F, 0xF8, 0x1F, 0xF8, 0x1F, 0xF8, 0x1F, 0xF8, 0x8A, 0x0C, 0x8B, 0x0C, 0x8B, 0x0C, 0x8B, 0x0C,
    0x8B, 0x0C, 0x8B, 0x0C, 0x4B, 0x0C, 0x8A, 0x0C, 0x1F, 0xF8, 0x1F, 0xF8, 0x1F, 0xF8, 0x1F, 0xF8,
    0x6B, 0x0C, 0x8B, 0x0C, 0x8A, 0x0C, 0x8B, 0x0C, 0x8A, 0x0C, 0x8B, 0x0C, 0x4B, 0x0C, 0xAA, 0x0C,
    0x1F, 0xF8, 0x1F, 0xF8, 0x1F, 0xF8, 0x1F, 0xF8, 0x8B, 0x0C, 0x50, 0x02, 0x71, 0x12, 0x51, 0x12,
    0x71, 0x12, 0x71, 0x12, 0x50, 0x02, 0x8B, 0x0C, 0x1F, 0xF8, 0x1F, 0xF8, 0x1F, 0xF8, 0x1F, 0xF8,
    0x4B, 0x0C, 0x51, 0x12, 0x3C, 0x6D, 0xFB, 0x64, 0xDB, 0x64, 0x3C, 0x6D, 0x71, 0x1A, 0x71, 0x12,
    0x1F, 0xF8, 0x1F, 0xF8, 0x1F, 0xF8, 0x1F, 0xF8, 0x8B, 0x0C, 0x51, 0x12, 0xFB, 0x64, 0x9A, 0x5C,
    0x79, 0x54, 0x9A, 0x5C, 0xFB, 0x64, 0xDB, 0x64, 0x1F, 0xF8, 0x1F, 0xF8, 0x1F, 0xF8, 0x1F, 0xF8,
    0x8B, 0x0C, 0x71, 0x12, 0xDB, 0x64, 0x79, 0x54, 0x9A, 0x5C, 0xBA, 0x5C, 0xFB, 0x64, 0xFB, 0x64,
    0x1F, 0xF8, 0x1F, 0xF8, 0x1F, 0xF8, 0x1F, 0xF8, 0x4B, 0x0C, 0x51, 0x12, 0x3C, 0x6D, 0xDB, 0x64,
    0xFB, 0x64, 0x3C, 0x6D, 0x71, 0x1A, 0x71, 0x12, 0x1F, 0xF8, 0x1F, 0xF8, 0x1F, 0xF8, 0x1F, 0xF8,
    0x4B, 0x0C, 0x30, 0x02, 0x71, 0x12, 0x71, 0x12, 0x51, 0x12, 0x71, 0x12, 0x50, 0x02, 0x6B, 0x0C,
    0x1F, 0xF8, 0x1F, 0xF8, 0x1F, 0xF8, 0x1F, 0xF8, 0x8A, 0x0C, 0x8B, 0x0C, 0x8B, 0x0C, 0x8C, 0x14,
    0x8B, 0x14, 0x8B, 0x0C, 0x4B, 0x0C, 0x8A, 0x0C, 0x1F, 0xF8, 0x1F, 0xF8, 0x1F, 0xF8, 0x1F, 0xF8,
    0x6B, 0x0C, 0x6B, 0x0C, 0x71, 0x12, 0xFB, 0x64, 0xDB, 0x64, 0x71, 0x12, 0x4B, 0x04, 0xAA, 0x0C,
    0x1F, 0xF8, 0x1F, 0xF8, 0x1F, 0xF8, 0x1F, 0xF8, 0x8B, 0x0C, 0x50, 0x02, 0x71, 0x1A, 0xFB, 0x64,
    0xFB, 0x64, 0x71, 0x1A, 0x50, 0x02, 0x8A, 0x0C, 0x1F, 0xF8, 0x1F, 0xF8, 0x1F, 0xF8, 0x1F, 0xF8,
    0x4B, 0x0C, 0x51, 0x12, 0x3C, 0x6D, 0xBA, 0x5C, 0x9A, 0x5C, 0x3C, 0x6D, 0x71, 0x12, 0x8B, 0x0C,
    0x1F, 0xF8, 0x1F, 0xF8, 0x1F, 0xF8, 0x1F, 0xF8, 0x8B, 0x0C, 0x51, 0x12, 0xFB, 0x64, 0x9A, 0x5C,
    0x79, 0x54, 0xDB, 0x64, 0x71, 0x12, 0x8A, 0x0C, 0x1F, 0xF8, 0x1F, 0xF8, 0x1F, 0xF8, 0x1F, 0xF8,
    0x8B, 0x0C, 0x71, 0x12, 0xDB, 0x64, 0x79, 0x54, 0x9A, 0x5C, 0xFB, 0x64, 0x71, 0x12, 0xAA, 0x0C,
    0x1F, 0xF8, 0x1F, 0xF8, 0x1F, 0xF8, 0x1F, 0xF8, 0x4B, 0x0C, 0x51, 0x12, 0x3C, 0x6D, 0xDB, 0x64,
    0xFB, 0x64, 0x3C, 0x6D, 0x71, 0x12, 0x8A, 0x0C, 0x1F, 0xF8, 0x1F, 0xF8, 0x1F, 0xF8, 0x1F, 0xF8,
    0x4B, 0x0C, 0x30, 0x02, 0x71, 0x12, 0x71, 0x12, 0x51, 0x12, 0x71, 0x12, 0x50, 0x02, 0x8B, 0x0C,
    0x1F, 0xF8, 0x1F, 0xF8, 0x1F, 0xF8, 0x1F, 0xF8, 0x8A, 0x0C, 0x8B, 0x0C, 0x8B, 0x0C, 0x8B, 0x0C,
    0x8B, 0x0C, 0x8B, 0x0C, 0x4B, 0x0C, 0x8A, 0x0C, 0x1F, 0xF8, 0x1F, 0xF8, 0x1F, 0xF8, 0x1F, 0xF8,
    0x6B, 0x0C, 0x8B, 0x0C, 0x8A, 0x0C, 0x8B, 0x0C, 0x8A, 0x0C, 0x8B, 0x0C, 0x4B, 0x0C, 0xAA, 0x0C,
    0x1F, 0xF8, 0x1F, 0xF8, 0x1F, 0xF8, 0x1F, 0xF8, 0x8B, 0x0C, 0x50, 0x02, 0x71, 0x12, 0x51, 0x12,
    0x71, 0x12, 0x71, 0x12, 0x50, 0x02, 0x8A, 0x0C, 0x1F, 0xF8, 0x1F, 0xF8, 0x1F, 0xF8, 0x1F, 0xF8,
    0x4B, 0x0C, 0x51, 0x12, 0x3C, 0x6D, 0xFB, 0x64, 0xDB, 0x64, 0x3C, 0x6D, 0x71, 0x12, 0x8B, 0x0C,
    0x1F, 0xF8, 0x1F, 0xF8, 0x1F, 0xF8, 0x1F, 0xF8, 0x8B, 0x0C, 0x51, 0x12, 0xFB, 0x64, 0x9A, 0x5C,
    0x79, 0x54, 0xDB, 0x64, 0x71, 0x12, 0x8A, 0x0C, 0x1F, 0xF8, 0x1F, 0xF8, 0x1F, 0xF8, 0x1F, 0xF8,
    0x8B, 0x0C, 0x71, 0x12, 0xDB, 0x64, 0x79, 0x54, 0x9A, 0x5C, 0xFB, 0x64, 0x71, 0x12, 0xAA, 0x0C,
    0x1F, 0xF8, 0x1F, 0xF8, 0x1F, 0xF8, 0x1F, 0xF8, 0x4B, 0x0C, 0x51, 0x12, 0x3C, 0x6D, 0xDB, 0x64,
    0xFB, 0x64, 0x3C, 0x6D, 0x71, 0x12, 0x8A, 0x0C, 0x1F, 0xF8, 0x1F, 0xF8, 0x1F, 0xF8, 0x1F, 0xF8,
    0x4B, 0x0C, 0x30, 0x02, 0x71, 0x12, 0x71, 0x12, 0x51, 0x12, 0x71, 0x12, 0x50, 0x02, 0x8B, 0x0C,
    0x1F, 0xF8, 0x1F, 0xF8, 0x1F, 0xF8, 0x1F, 0xF8, 0x8A, 0x0C, 0x8B, 0x0C, 0x8B, 0x0C, 0x8B, 0x0C,
    0x8B, 0x0C, 0x8B, 0x0C, 0x4B, 0x0C, 0x8A, 0x0C, 0x1F, 0xF8, 0x1F, 0xF8, 0x1F, 0xF8, 0x1F, 0xF8,
    0x6B, 0x0C, 0x8A, 0x0C, 0x8A, 0x0C, 0x8A, 0x0C, 0x8A, 0x0C, 0x8A, 0x0C, 0x6B, 0x0C, 0xAA, 0x0C,
    0x1F, 0xF8, 0x1F, 0xF8, 0x1F, 0xF8, 0x1F, 0xF8, 0x8A, 0x0C, 0x8A, 0x0C, 0x6B, 0x0C, 0xAA, 0x0C,
    0x6B, 0x0C, 0x8A, 0x0C, 0x8A, 0x0C, 0x8A, 0x0C, 0x1F, 0xF8, 0x1F, 0xF8, 0x1F, 0xF8, 0x1F, 0xF8,
    0x6B, 0x0C, 0x8A, 0x0C, 0x6B, 0x0C, 0x8A, 0x0C, 0x8A, 0x0C, 0x6B, 0x0C, 0x6B, 0x0C, 0x8A, 0x0C,
    0x1F, 0xF8, 0x1F, 0xF8, 0x1F, 0xF8, 0x1F, 0xF8, 0x8A, 0x0C, 0xAA, 0x0C, 0x8A, 0x0C, 0x8A, 0x0C,
    0x8A, 0x0C, 0xAA, 0x0C, 0x8A, 0x0C, 0x8A, 0x0C, 0x1F, 0xF8, 0x1F, 0xF8, 0x1F, 0xF8, 0x1F, 0xF8,
    0x8A, 0x0C, 0x8A, 0x0C, 0x8A, 0x0C, 0xAA, 0x0C, 0x8A, 0x0C, 0x8A, 0x0C, 0x8A, 0x0C, 0xAA, 0x0C,
    0x1F, 0xF8, 0x1F, 0xF8, 0x1F, 0xF8, 0x1F, 0xF8, 0x6B, 0x0C, 0x8A, 0x0C, 0x6B, 0x0C, 0x8A, 0x0C,
    0x8A, 0x0C, 0x6B, 0x0C, 0x6B, 0x0C, 0x8A, 0x0C, 0x1F, 0xF8, 0x1F, 0xF8, 0x1F, 0xF8, 0x1F, 0xF8,
    0x6B, 0x0C, 0xAA, 0x0C, 0x6B, 0x0C, 0x8A, 0x0C, 0x8A, 0x0C, 0x8A, 0x0C, 0x8A, 0x0C, 0x8A, 0x0C,
    0x1F, 0xF8, 0x1F, 0xF8, 0x1F, 0xF8, 0x1F, 0xF8, 0x8A, 0x0C, 0x8A, 0x0C, 0x8A, 0x0C, 0x8A, 0x0C,
    0x8A, 0x0C, 0x8A, 0x0C, 0x6B, 0x0C, 0x8A, 0x0C, 0x1F, 0xF8, 0x1F, 0xF8, 0x1F, 0xF8, 0x1F, 0xF8,
    0x6B, 0x0C, 0x8A, 0x0C, 0x8A, 0x0C, 0x8A, 0x0C, 0x8A, 0x0C, 0x8A, 0x0C, 0x6B, 0x0C, 0xAA, 0x0C,
    0x1F, 0xF8, 0x1F, 0xF8, 0x1F, 0xF8, 0x1F, 0xF8, 0x8A, 0x0C, 0x8A, 0x0C, 0x6B, 0x0C, 0xAA, 0x0C,
    0x6B, 0x0C, 0x8A, 0x0C, 0x8A, 0x0C, 0x8A, 0x0C, 0x1F, 0xF8, 0x1F, 0xF8, 0x1F, 0xF8, 0x1F, 0xF8,
    0x6B, 0x0C, 0x8A, 0x0C, 0x6B, 0x0C, 0x8A, 0x0C, 0x8A, 0x0C, 0x6B, 0x0C, 0x6B, 0x0C, 0x8A, 0x0C,
    0x1F, 0xF8, 0x1F, 0xF8, 0x1F, 0xF8, 0x1F, 0xF8, 0x8A, 0x0C, 0xAA, 0x0C, 0x8A, 0x0C, 0x8A, 0x0C,
    0x8A, 0x0C, 0xAA, 0x0C, 0x8A, 0x0C, 0x8A, 0x0C, 0x1F, 0xF8, 0x1F, 0xF8, 0x1F, 0xF8, 0x1F, 0xF8,
    0x8A, 0x0C, 0x8A, 0x0C, 0x8A, 0x0C, 0xAA, 0x0C, 0x8A, 0x0C, 0x8A, 0x0C, 0x8A, 0x0C, 0xAA, 0x0C,
    0x1F, 0xF8, 0x1F, 0xF8, 0x1F, 0xF8, 0x1F, 0xF8, 0x6B, 0x0C, 0x8A, 0x0C, 0x6B, 0x0C, 0x8A, 0x0C,
    0x8A, 0x0C, 0x6B, 0x0C, 0x6B, 0x0C, 0x8A, 0x0C, 0x1F, 0xF8, 0x1F, 0xF8, 0x1F, 0xF8, 0x1F, 0xF8,
    0x6B, 0x0C, 0xAA, 0x0C, 0x6B, 0x0C, 0x8A, 0x0C, 0x8A, 0x0C, 0x8A, 0x0C, 0x8A, 0x0C, 0x8A, 0x0C,
    0x1F, 0xF8, 0x1F, 0xF8, 0x1F, 0xF8, 0x1F, 0xF8, 0x8A, 0x0C, 0x8B, 0x0C, 0x8B, 0x0C, 0x8B, 0x0C,
    0x8A, 0x0C, 0x8B, 0x0C, 0x6B, 0x0C, 0x8B, 0x0C, 0x1F, 0xF8, 0x1F, 0xF8, 0x1F, 0xF8, 0x1F, 0xF8,
    0x51, 0x12, 0x71, 0x12, 0x50, 0x0A, 0x51, 0x12, 0x50, 0x0A, 0x51, 0x12, 0x51, 0x12, 0x50, 0x0A,
    0x1F, 0xF8, 0x1F, 0xF8, 0x1F, 0xF8, 0x1F, 0xF8, 0x7E, 0x75, 0x7E, 0x75, 0x5D, 0x6D, 0xBF, 0x7D,
    0x5D, 0x6D, 0x7E, 0x75, 0x9E, 0x75, 0x7E, 0x75, 0x1F, 0xF8, 0x1F, 0xF8, 0x1F, 0xF8, 0x1F, 0xF8,
    0x5D, 0x6D, 0x9E, 0x75, 0x5D, 0x6D, 0x9E, 0x75, 0x9E, 0x75, 0x5D, 0x6D, 0x5D, 0x6D, 0x9E, 0x75,
    0x1F, 0xF8, 0x1F, 0xF8, 0x1F, 0xF8, 0x1F, 0xF8, 0x9E, 0x75, 0xDF, 0x7D, 0x9E, 0x75, 0x9E, 0x75,
    0x9E, 0x75, 0xBF, 0x7D, 0x9E, 0x75, 0x9E, 0x75, 0x1F, 0xF8, 0x1F, 0xF8, 0x1F, 0xF8, 0x1F, 0xF8,
    0x9E, 0x75, 0x9E, 0x75, 0x9E, 0x75, 0xDF, 0x7D, 0x9E, 0x75, 0x9E, 0x75, 0x9E, 0x75, 0xDF, 0x7D,
    0x1F, 0xF8, 0x1F, 0xF8, 0x1F, 0xF8, 0x1F, 0xF8, 0x5D, 0x6D, 0x9E, 0x75, 0x5D, 0x6D, 0x9E, 0x75,
    0x9E, 0x75, 0x5D, 0x6D, 0x5D, 0x6D, 0x9E, 0x75, 0x1F, 0xF8, 0x1F, 0xF8, 0x1F, 0xF8, 0x1F, 0xF8,
    0x5D, 0x6D, 0xDF, 0x7D, 0x5D, 0x6D, 0x9E, 0x75, 0x9E, 0x75, 0x9E, 0x75, 0x9E, 0x75, 0x9E, 0x75,
    0x1F, 0xF8, 0x1F, 0xF8, 0x1F, 0xF8, 0x1F, 0xF8, 0x9E, 0x75, 0x9E, 0x75, 0x9E, 0x75, 0x9E, 0x75,
    0x9E, 0x75, 0x9E, 0x75, 0x5D, 0x6D, 0x7E, 0x75, 0x1F, 0xF8, 0x1F, 0xF8, 0x1F, 0xF8, 0x1F, 0xF8,
    0x5D, 0x6D, 0x9E, 0x75, 0x9E, 0x75, 0x9E, 0x75, 0x9E, 0x75, 0x9E, 0x75, 0x5D, 0x6D, 0x51, 0x12,
    0x1F, 0xF8, 0x1F, 0xF8, 0x1F, 0xF8, 0x1F, 0xF8, 0x9E, 0x75, 0x9E, 0x75, 0x5D, 0x6D, 0xDF, 0x7D,
    0x5D, 0x75, 0x9E, 0x75, 0x9E, 0x75, 0x31, 0x0A, 0x1F, 0xF8, 0x1F, 0xF8, 0x1F, 0xF8, 0x1F, 0xF8,
    0x5D, 0x6D, 0x9E, 0x75, 0x5D, 0x6D, 0x9E, 0x75, 0x9E, 0x75, 0x5D, 0x6D, 0x5D, 0x6D, 0x31, 0x0A,
    0x1F, 0xF8, 0x1F, 0xF8, 0x1F, 0xF8, 0x1F, 0xF8, 0x9E, 0x75, 0xDF, 0x7D, 0x9E, 0x75, 0x9E, 0x75,
    0x9E, 0x75, 0xBF, 0x7D, 0x7E, 0x75, 0x51, 0x12, 0x1F, 0xF8, 0x1F, 0xF8, 0x1F, 0xF8, 0x1F, 0xF8,
    0x9E, 0x75, 0x9E, 0x75, 0x9E, 0x75, 0xDF, 0x7D, 0x9E, 0x75, 0x9E, 0x75, 0x7E, 0x75, 0x31, 0x0A,
    0x1F, 0xF8, 0x1F, 0xF8, 0x1F, 0xF8, 0x1F, 0xF8, 0x5D, 0x6D, 0x9E, 0x75, 0x5D, 0x6D, 0x9E, 0x75,
    0x9E, 0x75, 0x5D, 0x6D, 0x5D, 0x6D, 0x31, 0x0A, 0x1F, 0xF8, 0x1F, 0xF8, 0x1F, 0xF8, 0x1F, 0xF8,
    0x5D, 0x6D, 0xDF, 0x7D, 0x5D, 0x6D, 0x9E, 0x75, 0x9E, 0x75, 0x9E, 0x75, 0x9E, 0x75, 0x51, 0x12,
    0x1F, 0xF8, 0x1F, 0xF8, 0x1F, 0xF8, 0x1F, 0xF8, 0x9E, 0x75, 0x9E, 0x75, 0x9E, 0x75, 0x9E, 0x75,
    0x9E, 0x75, 0x9E, 0x75, 0x5D, 0x6D, 0x71, 0x1A, 0x1F, 0xF8, 0x1F, 0xF8, 0x1F, 0xF8, 0x1F, 0xF8,
    0x5D, 0x6D, 0x9E, 0x75, 0x9E, 0x75, 0x9E, 0x75, 0x9E, 0x75, 0x9E, 0x75, 0x5D, 0x6D, 0xBF, 0x7D,
    0x1F, 0xF8, 0x1F, 0xF8, 0x1F, 0xF8, 0x1F, 0xF8, 0x9E, 0x75, 0x9E, 0x75, 0x5D, 0x6D, 0xDF, 0x7D,
    0x5D, 0x75, 0x9E, 0x75, 0x9E, 0x75, 0x9E, 0x75, 0x1F, 0xF8, 0x1F, 0xF8, 0x1F, 0xF8, 0x1F, 0xF8,
    0x5D, 0x6D, 0x9E, 0x75, 0x5D, 0x6D, 0x9E, 0x75, 0x9E, 0x75, 0x5D, 0x6D, 0x5D, 0x6D, 0x9E, 0x75,
    0x1F, 0xF8, 0x1F, 0xF8, 0x1F, 0xF8, 0x1F, 0xF8, 0x9E, 0x75, 0xDF, 0x7D, 0x9E, 0x75, 0x9E, 0x75,
    0x9E, 0x75, 0xBF, 0x7D, 0x9E, 0x75, 0x9E, 0x75, 0x1F, 0xF8, 0x1F, 0xF8, 0x1F, 0xF8, 0x1F, 0xF8,
    0x9E, 0x75, 0x9E, 0x75, 0x9E, 0x75, 0xDF, 0x7D, 0x9E, 0x75, 0x9E, 0x75, 0x9E, 0x75, 0xDF, 0x7D,
    0x1F, 0xF8, 0x1F, 0xF8, 0x1F, 0xF8, 0x1F, 0xF8, 0x5D, 0x6D, 0x9E, 0x75, 0x5D, 0x6D, 0x9E, 0x75,
    0x9E, 0x75, 0x5D, 0x6D, 0x5D, 0x6D, 0x9E, 0x75, 0x1F, 0xF8, 0x1F, 0xF8, 0x1F, 0xF8, 0x1F, 0xF8,
    0x5D, 0x6D, 0xBF, 0x7D, 0x5D, 0x6D, 0x7E, 0x75, 0x9E, 0x75, 0x7E, 0x75, 0x9E, 0x75, 0x7E, 0x75,
    0x1F, 0xF8, 0x1F, 0xF8, 0x1F, 0xF8, 0x1F, 0xF8, 0x31, 0x0A, 0x71, 0x1A, 0x51, 0x12, 0x71, 0x1A,
    0x71, 0x1A, 0x51, 0x12, 0x71, 0x1A, 0x71, 0x1A, 0x1F, 0xF8, 0x1F, 0xF8, 0x1F, 0xF8, 0x1F, 0xF8,
    0x51, 0x12, 0x7E, 0x75, 0x9E, 0x75, 0x7E, 0x75, 0x9E, 0x75, 0x7E, 0x75, 0x5D, 0x6D, 0xBF, 0x7D,
    0x1F, 0xF8, 0x1F, 0xF8, 0x1F, 0xF8, 0x1F, 0xF8, 0x51, 0x12, 0x7E, 0x75, 0x5D, 0x6D, 0xDF, 0x7D,
    0x5D, 0x75, 0x9E, 0x75, 0x9E, 0x75, 0x9E, 0x75, 0x1F, 0xF8, 0x1F, 0xF8, 0x1F, 0xF8, 0x1F, 0xF8,
    0x51, 0x12, 0x7E, 0x75, 0x5D, 0x6D, 0x9E, 0x75, 0x9E, 0x75, 0x5D, 0x6D, 0x5D, 0x6D, 0x9E, 0x75,
    0x1F, 0xF8, 0x1F, 0xF8, 0x1F, 0xF8, 0x1F, 0xF8, 0x51, 0x12, 0xBF, 0x7D, 0x9E, 0x75, 0x9E, 0x75,
    0x9E, 0x75, 0xBF, 0x7D, 0x9E, 0x75, 0x9E, 0x75, 0x1F, 0xF8, 0x1F, 0xF8, 0x1F, 0xF8, 0x1F, 0xF8,
    0x51, 0x12, 0x7E, 0x75, 0x9E, 0x75, 0xDF, 0x7D, 0x9E, 0x75, 0x9E, 0x75, 0x9E, 0x75, 0xDF, 0x7D,
    0x1F, 0xF8, 0x1F, 0xF8, 0x1F, 0xF8, 0x1F, 0xF8, 0x51, 0x12, 0x7E, 0x75, 0x5D, 0x6D, 0x9E, 0x75,
    0x9E, 0x75, 0x5D, 0x6D, 0x5D, 0x6D, 0x9E, 0x75, 0x1F, 0xF8, 0x1F, 0xF8, 0x1F, 0xF8, 0x1F, 0xF8,
    0x51, 0x12, 0xBF, 0x7D, 0x5D, 0x6D, 0x9E, 0x75, 0x9E, 0x75, 0x9E, 0x75, 0x9E, 0x75, 0x9E, 0x75,
    0x1F, 0xF8, 0x1F, 0xF8, 0x1F, 0xF8, 0x1F, 0xF8, 0x51, 0x12, 0x7E, 0x75, 0x7E, 0x75, 0x7E, 0x75,
    0x9E, 0x75, 0x7E, 0x75, 0x5D, 0x6D, 0x7E, 0x75, 0x1F, 0xF8, 0x1F, 0xF8, 0x1F, 0xF8, 0x1F, 0xF8,
    0x10, 0x02, 0x71, 0x1A, 0x51, 0x12, 0x71, 0x1A, 0x71, 0x1A, 0x71, 0x1A, 0x71, 0x1A, 0x51, 0x12,
    0x1F, 0xF8, 0x1F, 0xF8, 0x1F, 0xF8, 0x1F, 0xF8, 0x51, 0x12, 0x7E, 0x75, 0x5D, 0x6D, 0xBF, 0x7D,
    0x5D, 0x6D, 0x7E, 0x75, 0x9E, 0x75, 0x7E, 0x75, 0x1F, 0xF8, 0x1F, 0xF8, 0x1F, 0xF8, 0x1F, 0xF8,
    0x51, 0x12, 0x7E, 0x75, 0x5D, 0x6D, 0x9E, 0x75, 0x9E, 0x75, 0x5D, 0x6D, 0x5D, 0x6D, 0x9E, 0x75,
    0x1F, 0xF8, 0x1F, 0xF8, 0x1F, 0xF8, 0x1F, 0xF8, 0x51, 0x12, 0xBF, 0x7D, 0x9E, 0x75, 0x9E, 0x75,
    0x9E, 0x75, 0xBF, 0x7D, 0x9E, 0x75, 0x9E, 0x75, 0x1F, 0xF8, 0x1F, 0xF8, 0x1F, 0xF8, 0x1F, 0xF8,
    0x51, 0x12, 0x7E, 0x75, 0x9E, 0x75, 0xDF, 0x7D, 0x9E, 0x75, 0x9E, 0x75, 0x9E, 0x75, 0xDF, 0x7D,
    0x1F, 0xF8, 0x1F, 0xF8, 0x1F, 0xF8, 0x1F, 0xF8, 0x51, 0x12, 0x7E, 0x75, 0x5D, 0x6D, 0x9E, 0x75,
    0x9E, 0x75, 0x5D, 0x6D, 0x5D, 0x6D, 0x9E, 0x75, 0x1F, 0xF8, 0x1F, 0xF8, 0x1F, 0xF8, 0x1F, 0xF8,
    0x51, 0x12, 0xBF, 0x7D, 0x5D, 0x6D, 0x9E, 0x75, 0x9E, 0x75, 0x9E, 0x75, 0x9E, 0x75, 0x9E, 0x75,
    0x1F, 0xF8, 0x1F, 0xF8, 0x1F, 0xF8, 0x1F, 0xF8, 0x51, 0x12, 0x7E, 0x75, 0x7E, 0x75, 0x7E, 0x75,
    0x9E, 0x75, 0x7E, 0x75, 0x5D, 0x6D, 0x7E, 0x75, 0x1F, 0xF8, 0x1F, 0xF8, 0x1F, 0xF8, 0x1F, 0xF8,
    0x51, 0x12, 0x71, 0x1A, 0x51, 0x12, 0x71, 0x1A, 0x71, 0x1A, 0x71, 0x1A, 0x71, 0x1A, 0x31, 0x0A,
    0x1F, 0xF8, 0x1F, 0xF8, 0x1F, 0xF8, 0x1F, 0xF8, 0x7E, 0x75, 0x7E, 0x75, 0x5D, 0x6D, 0xBF, 0x7D,
    0x5D, 0x6D, 0x7E, 0x75, 0x7E, 0x75, 0x31, 0x0A, 0x1F, 0xF8, 0x1F, 0xF8, 0x1F, 0xF8, 0x1F, 0xF8,
    0x5D, 0x6D, 0x9E, 0x75, 0x5D, 0x6D, 0x9E, 0x75, 0x9E, 0x75, 0x5D, 0x6D, 0x5D, 0x6D, 0x31, 0x0A,
    0x1F, 0xF8, 0x1F, 0xF8, 0x1F, 0xF8, 0x1F, 0xF8, 0x9E, 0x75, 0xDF, 0x7D, 0x9E, 0x75, 0x9E, 0x75,
    0x9E, 0x75, 0xBF, 0x7D, 0x7E, 0x75, 0x51, 0x12, 0x1F, 0xF8, 0x1F, 0xF8, 0x1F, 0xF8, 0x1F, 0xF8,
    0x9E, 0x75, 0x9E, 0x75, 0x9E, 0x75, 0xDF, 0x7D, 0x9E, 0x75, 0x9E, 0x75, 0x7E, 0x75, 0x31, 0x0A,
    0x1F, 0xF8, 0x1F, 0xF8, 0x1F, 0xF8, 0x1F, 0xF8, 0x5D, 0x6D, 0x9E, 0x75, 0x5D, 0x6D, 0x9E, 0x75,
    0x9E, 0x75, 0x5D, 0x6D, 0x5D, 0x6D, 0x31, 0x0A, 0x1F, 0xF8, 0x1F, 0xF8, 0x1F, 0xF8, 0x1F, 0xF8,
    0x5D, 0x6D, 0xDF, 0x7D, 0x5D, 0x6D, 0x9E, 0x75, 0x9E, 0x75, 0x9E, 0x75, 0x9E, 0x75, 0x51, 0x12,
    0x1F, 0xF8, 0x1F, 0xF8, 0x1F, 0xF8, 0x1F, 0xF8, 0x9E, 0x75, 0x9E, 0x75, 0x9E, 0x75, 0x9E, 0x75,
    0x9E, 0x75, 0x9E, 0x75, 0x5D, 0x6D, 0x31, 0x0A, 0x1F, 0xF8, 0x1F, 0xF8, 0x1F, 0xF8, 0x1F, 0xF8,
    0x5D, 0x6D, 0x9E, 0x75, 0x9E, 0x75, 0x9E, 0x75, 0x9E, 0x75, 0x9E, 0x75, 0x5D, 0x6D, 0x31, 0x0A,
    0x1F, 0xF8, 0x1F, 0xF8, 0x1F, 0xF8, 0x1F, 0xF8, 0x9E, 0x75, 0x9E, 0x75, 0x5D, 0x6D, 0xDF, 0x7D,
    0x5D, 0x75, 0x9E, 0x75, 0x9E, 0x75, 0x31, 0x0A, 0x1F, 0xF8, 0x1F, 0xF8, 0x1F, 0xF8, 0x1F, 0xF8,
    0x5D, 0x6D, 0x9E, 0x75, 0x5D, 0x6D, 0x9E, 0x75, 0x9E, 0x75, 0x5D, 0x6D, 0x5D, 0x6D, 0x31, 0x0A,
    0x1F, 0xF8, 0x1F, 0xF8, 0x1F, 0xF8, 0x1F, 0xF8, 0x9E, 0x75, 0xDF, 0x7D, 0x9E, 0x75, 0x9E, 0x75,
    0x9E, 0x75, 0xBF, 0x7D, 0x7E, 0x75, 0x51, 0x12, 0x1F, 0xF8, 0x1F, 0xF8, 0x1F, 0xF8, 0x1F, 0xF8,
    0x9E, 0x75, 0x9E, 0x75, 0x9E, 0x75, 0xDF, 0x7D, 0x9E, 0x75, 0x9E, 0x75, 0x7E, 0x75, 0x31, 0x0A,
    0x1F, 0xF8, 0x1F, 0xF8, 0x1F, 0xF8, 0x1F, 0xF8, 0x5D, 0x6D, 0x9E, 0x75, 0x5D, 0x6D, 0x9E, 0x75,
    0x9E, 0x75, 0x5D, 0x6D, 0x5D, 0x6D, 0x31, 0x0A, 0x1F, 0xF8, 0x1F, 0xF8, 0x1F, 0xF8, 0x1F, 0xF8,
    0x5D, 0x6D, 0xBF, 0x7D, 0x5D, 0x6D, 0x7E, 0x75, 0x9E, 0x75, 0x7E, 0x75, 0x7E, 0x75, 0x51, 0x12,
    0x1F, 0xF8, 0x1F, 0xF8, 0x1F, 0xF8, 0x1F, 0xF8, 0x31, 0x0A, 0x71, 0x1A, 0x51, 0x12, 0x71, 0x1A,
    0x71, 0x1A, 0x51, 0x12, 0x71, 0x1A, 0x51, 0x12, 0x1F, 0xF8, 0x1F, 0xF8, 0x1F, 0xF8, 0x1F, 0xF8,
    0x51, 0x12, 0x7E, 0x75, 0x9E, 0x75, 0x7E, 0x75, 0x9E, 0x75, 0x7E, 0x75, 0x5D, 0x6D, 0xBF, 0x7D,
    0x1F, 0xF8, 0x1F, 0xF8, 0x1F, 0xF8, 0x1F, 0xF8, 0x51, 0x12, 0x7E, 0x75, 0x5D, 0x6D, 0xDF, 0x7D,
    0x5D, 0x75, 0x9E, 0x75, 0x9E, 0x75, 0x9E, 0x75, 0x1F, 0xF8, 0x1F, 0xF8, 0x1F, 0xF8, 0x1F, 0xF8,
    0x51, 0x12, 0x7E, 0x75, 0x5D, 0x6D, 0x9E, 0x75, 0x9E, 0x75, 0x5D, 0x6D, 0x5D, 0x6D, 0x9E, 0x75,
    0x1F, 0xF8, 0x1F, 0xF8, 0x1F, 0xF8, 0x1F, 0xF8, 0x51, 0x12, 0xBF, 0x7D, 0x9E, 0x75, 0x9E, 0x75,
    0x9E, 0x75, 0xBF, 0x7D, 0x9E, 0x75, 0x9E, 0x75, 0x1F, 0xF8, 0x1F, 0xF8, 0x1F, 0xF8, 0x1F, 0xF8,
    0x51, 0x12, 0x7E, 0x75, 0x9E, 0x75, 0xDF, 0x7D, 0x9E, 0x75, 0x9E, 0x75, 0x9E, 0x75, 0xDF, 0x7D,
    0x1F, 0xF8, 0x1F, 0xF8, 0x1F, 0xF8, 0x1F, 0xF8, 0x51, 0x12, 0x7E, 0x75, 0x5D, 0x6D, 0x9E, 0x75,
    0x9E, 0x75, 0x5D, 0x6D, 0x5D, 0x6D, 0x9E, 0x75, 0x1F, 0xF8, 0x1F, 0xF8, 0x1F, 0xF8, 0x1F, 0xF8,
    0x51, 0x12, 0xBF, 0x75, 0x5D, 0x6D, 0x7E, 0x75, 0x9E, 0x75, 0x7E, 0x75, 0x9E, 0x75, 0x7E, 0x75,
    0x1F, 0xF8, 0x1F, 0xF8, 0x1F, 0xF8, 0x1F, 0xF8, 0x10, 0x02, 0x51, 0x12, 0x31, 0x0A, 0x51, 0x12,
    0x51, 0x12, 0x31, 0x0A, 0x51, 0x12, 0x51, 0x12, 0x1F, 0xF8, 0x1F, 0xF8, 0x1F, 0xF8, 0x1F, 0xF8,
    0x10, 0x02, 0x10, 0x02, 0x10, 0x02, 0x10, 0x02, 0x10, 0x02, 0x10, 0x02, 0x10, 0x02, 0x10, 0x02,
    0x1F, 0xF8, 0x1F, 0xF8, 0x1F, 0xF8, 0x1F, 0xF8, 0x10, 0x02, 0x10, 0x02, 0x10, 0x02, 0x10, 0x02,
    0x10, 0x02, 0x10, 0x02, 0x10, 0x02, 0x10, 0x02, 0x1F, 0xF8, 0x1F, 0xF8, 0x1F, 0xF8, 0x1F, 0xF8,
    0x10, 0x02, 0x10, 0x02, 0x10, 0x02, 0x10, 0x02, 0x10, 0x02, 0x10, 0x02, 0x10, 0x02, 0x10, 0x02,
    0x1F, 0xF8, 0x1F, 0xF8, 0x1F, 0xF8, 0x1F, 0xF8, 0x10, 0x02, 0x10, 0x02, 0x10, 0x02, 0x10, 0x02,
    0x10, 0x02, 0x10, 0x02, 0x10, 0x02, 0x10, 0x02, 0x1F, 0xF8, 0x1F, 0xF8, 0x1F, 0xF8, 0x1F, 0xF8,
    0x10, 0x02, 0x10, 0x02, 0x10, 0x02, 0x10, 0x02, 0x10, 0x02, 0x10, 0x02, 0x10, 0x02, 0x10, 0x02,
    0x1F, 0xF8, 0x1F, 0xF8, 0x1F, 0xF8, 0x1F, 0xF8, 0x10, 0x02, 0x10, 0x02, 0x10, 0x02, 0x10, 0x02,
    0x10, 0x02, 0x10, 0x02, 0x10, 0x02, 0x10, 0x02, 0x1F, 0xF8, 0x1F, 0xF8, 0x1F, 0xF8, 0x1F, 0xF8,
    0x10, 0x02, 0x10, 0x02, 0x10, 0x02, 0x10, 0x02, 0x10, 0x02, 0x10, 0x02, 0x10, 0x02, 0x10, 0x02,
    0x1F, 0xF8, 0x1F, 0xF8, 0x1F, 0xF8, 0x1F, 0xF8, 0x10, 0x02, 0x10, 0x02, 0x10, 0x02, 0x10, 0x02,
    0x10, 0x02, 0x10, 0x02, 0x10, 0x02, 0x10, 0x02, 0x1F, 0xF8, 0x1F, 0xF8, 0x1F, 0xF8, 0x1F, 0xF8,
    0x10, 0x02, 0x10, 0x02, 0x10, 0x02, 0x10, 0x02, 0x10, 0x02, 0x10, 0x02, 0x10, 0x02, 0x10, 0x02,
    0x1F, 0xF8, 0x1F, 0xF8, 0x1F, 0xF8, 0x1F, 0xF8, 0x10, 0x02, 0x10, 0x02, 0x10, 0x02, 0x10, 0x02,
    0x10, 0x02, 0x10, 0x02, 0x10, 0x02, 0x10, 0x02, 0x1F, 0xF8, 0x1F, 0xF8, 0x1F, 0xF8, 0x1F, 0xF8,
    0x10, 0x02, 0x10, 0x02, 0x10, 0x02, 0x10, 0x02, 0x10, 0x02, 0x10, 0x02, 0x10, 0x02, 0x10, 0x02,
    0x1F, 0xF8, 0x1F, 0xF8, 0x1F, 0xF8, 0x1F, 0xF8, 0x10, 0x02, 0x10, 0x02, 0x10, 0x02, 0x10, 0x02,
    0x10, 0x02, 0x10, 0x02, 0x10, 0x02, 0x10, 0x02, 0x1F, 0xF8, 0x1F, 0xF8, 0x1F, 0xF8, 0x1F, 0xF8,
    0x10, 0x02, 0x10, 0x02, 0x10, 0x02, 0x10, 0x02, 0x10, 0x02, 0x10, 0x02, 0x10, 0x02, 0x10, 0x02,
    0x1F, 0xF8, 0x1F, 0xF8, 0x1F, 0xF8, 0x1F, 0xF8, 0x10, 0x02, 0x10, 0x02, 0x10, 0x02, 0x10, 0x02,
    0x10, 0x02, 0x10, 0x02, 0x10, 0x02, 0x10, 0x02, 0x1F, 0xF8, 0x1F, 0xF8, 0x1F, 0xF8, 0x1F, 0xF8,
    0x10, 0x02, 0x10, 0x02, 0x10, 0x02, 0x10, 0x02, 0x10, 0x02, 0x10, 0x02, 0x10, 0x02, 0x10, 0x02,
    0x1F, 0xF8, 0x1F, 0xF8, 0x1F, 0xF8, 0x1F, 0xF8, 0x10, 0x02, 0x10, 0x02, 0x10, 0x02, 0x10, 0x02,
    0x10, 0x02, 0x10, 0x02, 0x10, 0x02, 0x10, 0x02, 0x1F, 0xF8, 0x1F, 0xF8, 0x1F, 0xF8, 0x1F, 0xF8,
    0x10, 0x02, 0x10, 0x02, 0x10, 0x02, 0x10, 0x02, 0x10, 0x02, 0x10, 0x02, 0x10, 0x02, 0x10, 0x02,
    0x1F, 0xF8, 0x1F, 0xF8, 0x1F, 0xF8, 0x1F, 0xF8, 0x10, 0x02, 0x10, 0x02, 0x10, 0x02, 0x10, 0x02,
    0x10, 0x02, 0x10, 0x02, 0x10, 0x02, 0x10, 0x02, 0x1F, 0xF8, 0x1F, 0xF8, 0x1F, 0xF8, 0x1F, 0xF8,
    0x10, 0x02, 0x10, 0x02, 0x10, 0x02, 0x10, 0x02, 0x10, 0x02, 0x10, 0x02, 0x10, 0x02, 0x10, 0x02,
    0x1F, 0xF8, 0x1F, 0xF8, 0x1F, 0xF8, 0x1F, 0xF8, 0x10, 0x02, 0x10, 0x02, 0x10, 0x02, 0x10, 0x02,
    0x10, 0x02, 0x10, 0x02, 0x10, 0x02, 0x10, 0x02, 0x1F, 0xF8, 0x1F, 0xF8, 0x1F, 0xF8, 0x1F, 0xF8,
    0x10, 0x02, 0x10, 0x02, 0x10, 0x02, 0x10, 0x02, 0x10, 0x02, 0x10, 0x02, 0x10, 0x02, 0x10, 0x02,
    0x1F, 0xF8, 0x1F, 0xF8, 0x1F, 0xF8, 0x1F, 0xF8, 0x10, 0x02, 0x10, 0x02, 0x10, 0x02, 0x10, 0x02,
    0x10, 0x02, 0x10, 0x02, 0x10, 0x02, 0x10, 0x02, 0x1F, 0xF8, 0x1F, 0xF8, 0x1F, 0xF8, 0x1F, 0xF8,
    0x10, 0x02, 0x10, 0x02, 0x10, 0x02, 0x10, 0x02, 0x10, 0x02, 0x10, 0x02, 0x10, 0x02, 0x10, 0x02,
    0x1F, 0xF8, 0x1F, 0xF8, 0x1F, 0xF8, 0x1F, 0xF8, 0x10, 0x02, 0x10, 0x02, 0x10, 0x02, 0x10, 0x02,
    0x10, 0x02, 0x10, 0x02, 0x10, 0x02, 0x10, 0x02, 0x1F, 0xF8, 0x1F, 0xF8, 0x1F, 0xF8, 0x1F, 0xF8,
    0x10, 0x02, 0x10, 0x02, 0x10, 0x02, 0x10, 0x02, 0x10, 0x02, 0x10, 0x02, 0x10, 0x02, 0x10, 0x02,
    0x1F, 0xF8, 0x1F, 0xF8, 0x1F, 0xF8, 0x1F, 0xF8, 0x10, 0x02, 0x10, 0x02, 0x10, 0x02, 0x10, 0x02,
    0x10, 0x02, 0x10, 0x02, 0x10, 0x02, 0x10, 0x02, 0x1F, 0xF8, 0x1F, 0xF8, 0x1F, 0xF8, 0x1F, 0xF8,
    0x10, 0x02, 0x10, 0x02, 0x10, 0x02, 0x10, 0x02, 0x10, 0x02, 0x10, 0x02, 0x10, 0x02, 0x10, 0x02,
    0x1F, 0xF8, 0x1F, 0xF8, 0x1F, 0xF8, 0x1F, 0xF8, 0x10, 0x02, 0x10, 0x02, 0x10, 0x02, 0x10, 0x02,
    0x10, 0x02, 0x10, 0x02, 0x10, 0x02, 0x10, 0x02, 0x1F, 0xF8, 0x1F, 0xF8, 0x1F, 0xF8, 0x1F, 0xF8,
    0x10, 0x02, 0x10, 0x02, 0x10, 0x02, 0x10, 0x02, 0x10, 0x02, 0x10, 0x02, 0x10, 0x02, 0x10, 0x02,
    0x1F, 0xF8, 0x1F, 0xF8, 0x1F, 0xF8, 0x1F, 0xF8, 0x10, 0x02, 0x10, 0x02, 0x10, 0x02, 0x10, 0x02,
    0x10, 0x02, 0x10, 0x02, 0x10, 0x02, 0x10, 0x02, 0x1F, 0xF8, 0x1F, 0xF8, 0x1F, 0xF8, 0x1F, 0xF8,
    0x10, 0x02, 0x10, 0x02, 0x10, 0x02, 0x10, 0x02, 0x10, 0x02, 0x10, 0x02, 0x10, 0x02, 0x10, 0x02,
    0x1F, 0xF8, 0x1F, 0xF8, 0x1F, 0xF8, 0x1F, 0xF8, 0x10, 0x02, 0x10, 0x02, 0x10, 0x02, 0x10, 0x02,
    0x10, 0x02, 0x10, 0x02, 0x10, 0x02, 0x10, 0x02, 0x1F, 0xF8, 0x1F, 0xF8, 0x1F, 0xF8, 0x1F, 0xF8,
    0xBF, 0x7D, 0xBF, 0x7D, 0xBF, 0x7D, 0xBF, 0x7D, 0xBF, 0x7D, 0xBF, 0x7D, 0xBF, 0x7D, 0xBF, 0x7D,
    0x1F, 0xF8, 0x1F, 0xF8, 0x1F, 0xF8, 0x1F, 0xF8, 0x10, 0x02, 0x10, 0x02, 0x10, 0x02, 0x10, 0x02,
    0x10, 0x02, 0x10, 0x02, 0x10, 0x02, 0x10, 0x02, 0x1F, 0xF8, 0x1F, 0xF8, 0x1F, 0xF8, 0x1F, 0xF8,
    0x10, 0x02, 0x10, 0x02, 0x10, 0x02, 0x10, 0x02, 0x10, 0x02, 0x10, 0x02, 0x10, 0x02, 0x10, 0x02,
    0x1F, 0xF8, 0x1F, 0xF8, 0x1F, 0xF8, 0x1F, 0xF8, 0x10, 0x02, 0x10, 0x02, 0x10, 0x02, 0x10, 0x02,
    0x10, 0x02, 0x10, 0x02, 0x10, 0x02, 0x10, 0x02, 0x1F, 0xF8, 0x1F, 0xF8, 0x1F, 0xF8, 0x1F, 0xF8,
    0x10, 0x02, 0x10, 0x02, 0x10, 0x02, 0x10, 0x02, 0x10, 0x02, 0x10, 0x02, 0x10, 0x02, 0x10, 0x02,
    0x1F, 0xF8, 0x1F, 0xF8, 0x1F, 0xF8, 0x1F, 0xF8, 0x10, 0x02, 0x10, 0x02, 0x10, 0x02, 0x10, 0x02,
    0x10, 0x02, 0x10, 0x02, 0x10, 0x02, 0x10, 0x02, 0x1F, 0xF8, 0x1F, 0xF8, 0x1F, 0xF8, 0x1F, 0xF8,
    0x10, 0x02, 0x10, 0x02, 0x10, 0x02, 0x10, 0x02, 0x10, 0x02, 0x10, 0x02, 0x10, 0x02, 0x10, 0x02,
    0x1F, 0xF8, 0x1F, 0xF8, 0x1F, 0xF8, 0x1F, 0xF8, 0x10, 0x02, 0x10, 0x02, 0x10, 0x02, 0x10, 0x02,
    0x10, 0x02, 0x10, 0x02, 0x10, 0x02, 0x10, 0x02, 0x1F, 0xF8, 0x1F, 0xF8, 0x1F, 0xF8, 0x1F, 0xF8,
    0x10, 0x02, 0x10, 0x02, 0x10, 0x02, 0x10, 0x02, 0x10, 0x02, 0x10, 0x02, 0x10, 0x02, 0xBF, 0x7D,
    0x1F, 0xF8, 0x1F, 0xF8, 0x1F, 0xF8, 0x1F, 0xF8, 0x10, 0x02, 0x10, 0x02, 0x10, 0x02, 0x10, 0x02,
    0x10, 0x02, 0x10, 0x02, 0x10, 0x02, 0xDF, 0x7D, 0x1F, 0xF8, 0x1F, 0xF8, 0x1F, 0xF8, 0x1F, 0xF8,
    0x10, 0x02, 0x10, 0x02, 0x10, 0x02, 0x10, 0x02, 0x10, 0x02, 0x10, 0x02, 0x10, 0x02, 0xDF, 0x7D,
    0x1F, 0xF8, 0x1F, 0xF8, 0x1F, 0xF8, 0x1F, 0xF8, 0x10, 0x02, 0x10, 0x02, 0x10, 0x02, 0x10, 0x02,
    0x10, 0x02, 0x10, 0x02, 0x10, 0x02, 0xDF, 0x7D, 0x1F, 0xF8, 0x1F, 0xF8, 0x1F, 0xF8, 0x1F, 0xF8,
    0x10, 0x02, 0x10, 0x02, 0x10, 0x02, 0x10, 0x02, 0x10, 0x02, 0x10, 0x02, 0x10, 0x02, 0xDF, 0x7D,
    0x1F, 0xF8, 0x1F, 0xF8, 0x1F, 0xF8, 0x1F, 0xF8, 0x10, 0x02, 0x10, 0x02, 0x10, 0x02, 0x10, 0x02,
    0x10, 0x02, 0x10, 0x02, 0x10, 0x02, 0xDF, 0x7D, 0x1F, 0xF8, 0x1F, 0xF8, 0x1F, 0xF8, 0x1F, 0xF8,
    0x10, 0x02, 0x10, 0x02, 0x10, 0x02, 0x10, 0x02, 0x10, 0x02, 0x10, 0x02, 0x10, 0x02, 0xDF, 0x7D,
    0x1F, 0xF8, 0x1F, 0xF8, 0x1F, 0xF8, 0x1F, 0xF8, 0x10, 0x02, 0x10, 0x02, 0x10, 0x02, 0x10, 0x02,
    0x10, 0x02, 0x10, 0x02, 0x10, 0x02, 0xDF, 0x7D, 0x1F, 0xF8, 0x1F, 0xF8, 0x1F, 0xF8, 0x1F, 0xF8,
    0xBF, 0x7D, 0xBF, 0x7D, 0xBF, 0x7D, 0xBF, 0x7D, 0xBF, 0x7D, 0xBF, 0x7D, 0xBF, 0x7D, 0xDF, 0x7D,
    0x1F, 0xF8, 0x1F, 0xF8, 0x1F, 0xF8, 0x1F, 0xF8, 0x10, 0x02, 0x10, 0x02, 0x10, 0x02, 0x10, 0x02,
    0x10, 0x02, 0x10, 0x02, 0x10, 0x02, 0xDF, 0x7D, 0x1F, 0xF8, 0x1F, 0xF8, 0x1F, 0xF8, 0x1F, 0xF8,
    0x10, 0x02, 0x10, 0x02, 0x10, 0x02, 0x10, 0x02, 0x10, 0x02, 0x10, 0x02, 0x10, 0x02, 0xDF, 0x7D,
    0x1F, 0xF8, 0x1F, 0xF8, 0x1F, 0xF8, 0x1F, 0xF8, 0x10, 0x02, 0x10, 0x02, 0x10, 0x02, 0x10, 0x02,
    0x10, 0x02, 0x10, 0x02, 0x10, 0x02, 0xDF, 0x7D, 0x1F, 0xF8, 0x1F, 0xF8, 0x1F, 0xF8, 0x1F, 0xF8,
    0x10, 0x02, 0x10, 0x02, 0x10, 0x02, 0x10, 0x02, 0x10, 0x02, 0x10, 0x02, 0x10, 0x02, 0xDF, 0x7D,
    0x1F, 0xF8, 0x1F, 0xF8, 0x1F, 0xF8, 0x1F, 0xF8, 0x10, 0x02, 0x10, 0x02, 0x10, 0x02, 0x10, 0x02,
    0x10, 0x02, 0x10, 0x02, 0x10, 0x02, 0xDF, 0x7D, 0x1F, 0xF8, 0x1F, 0xF8, 0x1F, 0xF8, 0x1F, 0xF8,
    0x10, 0x02, 0x10, 0x02, 0x10, 0x02, 0x10, 0x02, 0x10, 0x02, 0x10, 0x02, 0x10, 0x02, 0xDF, 0x7D,
    0x1F, 0xF8, 0x1F, 0xF8, 0x1F, 0xF8, 0x1F, 0xF8, 0x10, 0x02, 0x10, 0x02, 0x10, 0x02, 0x10, 0x02,
    0x10, 0x02, 0x10, 0x02, 0x10, 0x02, 0xBF, 0x7D, 0x1F, 0xF8, 0x1F, 0xF8, 0x1F, 0xF8, 0x1F, 0xF8,
    0x10, 0x02, 0x10, 0x02, 0x10, 0x02, 0x10, 0x02, 0x10, 0x02, 0x10, 0x02, 0x10, 0x02, 0x10, 0x02,
    0x1F, 0xF8, 0x1F, 0xF8, 0x1F, 0xF8, 0x1F, 0xF8, 0x10, 0x02, 0x10, 0x02, 0x10, 0x02, 0x10, 0x02,
    0x10, 0x02, 0x10, 0x02, 0x10, 0x02, 0x10, 0x02, 0x1F, 0xF8, 0x1F, 0xF8, 0x1F, 0xF8, 0x1F, 0xF8,
    0x10, 0x02, 0x10, 0x02, 0x10, 0x02, 0x10, 0x02, 0x10, 0x02, 0x10, 0x02, 0x10, 0x02, 0x10, 0x02,
    0x1F, 0xF8, 0x1F, 0xF8, 0x1F, 0xF8, 0x1F, 0xF8, 0x10, 0x02, 0x10, 0x02, 0x10, 0x02, 0x10, 0x02,
    0x10, 0x02, 0x10, 0x02, 0x10, 0x02, 0x10, 0x02, 0x1F, 0xF8, 0x1F, 0xF8, 0x1F, 0xF8, 0x1F, 0xF8,
    0x10, 0x02, 0x10, 0x02, 0x10, 0x02, 0x10, 0x02, 0x10, 0x02, 0x10, 0x02, 0x10, 0x02, 0x10, 0x02,
    0x1F, 0xF8, 0x1F, 0xF8, 0x1F, 0xF8, 0x1F, 0xF8, 0x10, 0x02, 0x10, 0x02, 0x10, 0x02, 0x10, 0x02,
    0x10, 0x02, 0x10, 0x02, 0x10, 0x02, 0x10, 0x02, 0x1F, 0xF8, 0x1F, 0xF8, 0x1F, 0xF8, 0x1F, 0xF8,
    0x10, 0x02, 0x10, 0x02, 0x10, 0x02, 0x10, 0x02, 0x10, 0x02, 0x10, 0x02, 0x10, 0x02, 0x10, 0x02,
    0x1F, 0xF8, 0x1F, 0xF8, 0x1F, 0xF8, 0x1F, 0xF8, 0xDF, 0x7D, 0xDF, 0x7D, 0xDF, 0x7D, 0xDF, 0x7D,
    0xDF, 0x7D, 0xDF, 0x7D, 0xDF, 0x7D, 0xDF, 0x7D, 0x1F, 0xF8, 0x1F, 0xF8, 0x1F, 0xF8, 0x1F, 0xF8,
    0xDF, 0x7D, 0xDF, 0x7D, 0xDF, 0x7D, 0xDF, 0x7D, 0xDF, 0x7D, 0xDF, 0x7D, 0xDF, 0x7D, 0xDF, 0x7D,
    0x1F, 0xF8, 0x1F, 0xF8, 0x1F, 0xF8, 0x1F, 0xF8, 0x10, 0x02, 0x10, 0x02, 0x10, 0x02, 0x10, 0x02,
    0x10, 0x02, 0x10, 0x02, 0x10, 0x02, 0x10, 0x02, 0x1F, 0xF8, 0x1F, 0xF8, 0x1F, 0xF8, 0x1F, 0xF8,
    0x10, 0x02, 0x10, 0x02, 0x10, 0x02, 0x10, 0x02, 0x10, 0x02, 0x10, 0x02, 0x10, 0x02, 0x10, 0x02,
    0x1F, 0xF8, 0x1F, 0xF8, 0x1F, 0xF8, 0x1F, 0xF8, 0x10, 0x02, 0x10, 0x02, 0x10, 0x02, 0x10, 0x02,
    0x10, 0x02, 0x10, 0x02, 0x10, 0x02, 0x10, 0x02, 0x1F, 0xF8, 0x1F, 0xF8, 0x1F, 0xF8, 0x1F, 0xF8,
    0x10, 0x02, 0x10, 0x02, 0x10, 0x02, 0x10, 0x02, 0x10, 0x02, 0x10, 0x02, 0x10, 0x02, 0x10, 0x02,
    0x1F, 0xF8, 0x1F, 0xF8, 0x1F, 0xF8, 0x1F, 0xF8, 0x10, 0x02, 0x10, 0x02, 0x10, 0x02, 0x10, 0x02,
    0x10, 0x02, 0x10, 0x02, 0x10, 0x02, 0x10, 0x02, 0x1F, 0xF8, 0x1F, 0xF8, 0x1F, 0xF8, 0x1F, 0xF8,
    0x10, 0x02, 0x10, 0x02, 0x10, 0x02, 0x10, 0x02, 0x10, 0x02, 0x10, 0x02, 0x10, 0x02, 0x10, 0x02,
    0x1F, 0xF8, 0x1F, 0xF8, 0x1F, 0xF8, 0x1F, 0xF8, 0xBF, 0x7D, 0xBF, 0x7D, 0xBF, 0x7D, 0xBF, 0x7D,
    0xBF, 0x7D, 0xBF, 0x7D, 0xBF, 0x7D, 0xDF, 0x7D, 0x1F, 0xF8, 0x1F, 0xF8, 0x1F, 0xF8, 0x1F, 0xF8,
    0x10, 0x02, 0x10, 0x02, 0x10, 0x02, 0x10, 0x02, 0x10, 0x02, 0x10, 0x02, 0x10, 0x02, 0xDF, 0x7D,
    0x1F, 0xF8, 0x1F, 0xF8, 0x1F, 0xF8, 0x1F, 0xF8, 0x10, 0x02, 0x10, 0x02, 0x10, 0x02, 0x10, 0x02,
    0x10, 0x02, 0x10, 0x02, 0x10, 0x02, 0xDF, 0x7D, 0x1F, 0xF8, 0x1F, 0xF8, 0x1F, 0xF8, 0x1F, 0xF8,
    0x10, 0x02, 0x10, 0x02, 0x10, 0x02, 0x10, 0x02, 0x10, 0x02, 0x10, 0x02, 0x10, 0x02, 0xDF, 0x7D,
    0x1F, 0xF8, 0x1F, 0xF8, 0x1F, 0xF8, 0x1F, 0xF8, 0x10, 0x02, 0x10, 0x02, 0x10, 0x02, 0x10, 0x02,
    0x10, 0x02, 0x10, 0x02, 0x10, 0x02, 0xDF, 0x7D, 0x1F, 0xF8, 0x1F, 0xF8, 0x1F, 0xF8, 0x1F, 0xF8,
    0x10, 0x02, 0x10, 0x02, 0x10, 0x02, 0x10, 0x02, 0x10, 0x02, 0x10, 0x02, 0x10, 0x02, 0xDF, 0x7D,
    0x1F, 0xF8, 0x1F, 0xF8, 0x1F, 0xF8, 0x1F, 0xF8, 0x10, 0x02, 0x10, 0x02, 0x10, 0x02, 0x10, 0x02,
    0x10, 0x02, 0x10, 0x02, 0x10, 0x02, 0xDF, 0x7D, 0x1F, 0xF8, 0x1F, 0xF8, 0x1F, 0xF8, 0x1F, 0xF8,
    0x10, 0x02, 0x10, 0x02, 0x10, 0x02, 0x10, 0x02, 0x10, 0x02, 0x10, 0x02, 0x10, 0x02, 0xDF, 0x7D,
    0x1F, 0xF8, 0x1F, 0xF8, 0x1F, 0xF8, 0x1F, 0xF8, 0xDF, 0x7D, 0xDF, 0x7D, 0xDF, 0x7D, 0xDF, 0x7D,
    0xDF, 0x7D, 0xDF, 0x7D, 0xDF, 0x7D, 0xDF, 0x7D, 0x1F, 0xF8, 0x1F, 0xF8, 0x1F, 0xF8, 0x1F, 0xF8,
    0xDF, 0x7D, 0xDF, 0x7D, 0xDF, 0x7D, 0xDF, 0x7D, 0xDF, 0x7D, 0xDF, 0x7D, 0xDF, 0x7D, 0xDF, 0x7D,
    0x1F, 0xF8, 0x1F, 0xF8, 0x1F, 0xF8, 0x1F, 0xF8, 0x10, 0x02, 0x10, 0x02, 0x10, 0x02, 0x10, 0x02,
    0x10, 0x02, 0x10, 0x02, 0x10, 0x02, 0xDF, 0x7D, 0x1F, 0xF8, 0x1F, 0xF8, 0x1F, 0xF8, 0x1F, 0xF8,
    0x10, 0x02, 0x10, 0x02, 0x10, 0x02, 0x10, 0x02, 0x10, 0x02, 0x10, 0x02, 0x10, 0x02, 0xDF, 0x7D,
    0x1F, 0xF8, 0x1F, 0xF8, 0x1F, 0xF8, 0x1F, 0xF8, 0x10, 0x02, 0x10, 0x02, 0x10, 0x02, 0x10, 0x02,
    0x10, 0x02, 0x10, 0x02, 0x10, 0x02, 0xDF, 0x7D, 0x1F, 0xF8, 0x1F, 0xF8, 0x1F, 0xF8, 0x1F, 0xF8,
    0x10, 0x02, 0x10, 0x02, 0x10, 0x02, 0x10, 0x02, 0x10, 0x02, 0x10, 0x02, 0x10, 0x02, 0xDF, 0x7D,
    0x1F, 0xF8, 0x1F, 0xF8, 0x1F, 0xF8, 0x1F, 0xF8, 0x10, 0x02, 0x10, 0x02, 0x10, 0x02, 0x10, 0x02,
    0x10, 0x02, 0x10, 0x02, 0x10, 0x02, 0xDF, 0x7D, 0x1F, 0xF8, 0x1F, 0xF8, 0x1F, 0xF8, 0x1F, 0xF8,
    0x10, 0x02, 0x10, 0x02, 0x10, 0x02, 0x10, 0x02, 0x10, 0x02, 0x10, 0x02, 0x10, 0x02, 0xDF, 0x7D,
    0x1F, 0xF8, 0x1F, 0xF8, 0x1F, 0xF8, 0x1F, 0xF8, 0xDF, 0x7D, 0xBF, 0x7D, 0xBF, 0x7D, 0xBF, 0x7D,
    0xBF, 0x7D, 0xBF, 0x7D, 0xBF, 0x7D, 0xDF, 0x7D, 0x1F, 0xF8, 0x1F, 0xF8, 0x1F, 0xF8, 0x1F, 0xF8,
    0xDF, 0x7D, 0x10, 0x02, 0x10, 0x02, 0x10, 0x02, 0x10, 0x02, 0x10, 0x02, 0x10, 0x02, 0x10, 0x02,
    0x1F, 0xF8, 0x1F, 0xF8, 0x1F, 0xF8, 0x1F, 0xF8, 0xDF, 0x7D, 0x10, 0x02, 0x10, 0x02, 0x10, 0x02,
    0x10, 0x02, 0x10, 0x02, 0x10, 0x02, 0x10, 0x02, 0x1F, 0xF8, 0x1F, 0xF8, 0x1F, 0xF8, 0x1F, 0xF8,
    0xDF, 0x7D, 0x10, 0x02, 0x10, 0x02, 0x10, 0x02, 0x10, 0x02, 0x10, 0x02, 0x10, 0x02, 0x10, 0x02,
    0x1F, 0xF8, 0x1F, 0xF8, 0x1F, 0xF8, 0x1F, 0xF8, 0xDF, 0x7D, 0x10, 0x02, 0x10, 0x02, 0x10, 0x02,
    0x10, 0x02, 0x10, 0x02, 0x10, 0x02, 0x10, 0x02, 0x1F, 0xF8, 0x1F, 0xF8, 0x1F, 0xF8, 0x1F, 0xF8,
    0xDF, 0x7D, 0x10, 0x02, 0x10, 0x02, 0x10, 0x02, 0x10, 0x02, 0x10, 0x02, 0x10, 0x02, 0x10, 0x02,
    0x1F, 0xF8, 0x1F, 0xF8, 0x1F, 0xF8, 0x1F, 0xF8, 0xDF, 0x7D, 0x10, 0x02, 0x10, 0x02, 0x10, 0x02,
    0x10, 0x02, 0x10, 0x02, 0x10, 0x02, 0x10, 0x02, 0x1F, 0xF8, 0x1F, 0xF8, 0x1F, 0xF8, 0x1F, 0xF8,
    0xDF, 0x7D, 0x10, 0x02, 0x10, 0x02, 0x10, 0x02, 0x10, 0x02, 0x10, 0x02, 0x10, 0x02, 0x10, 0x02,
    0x1F, 0xF8, 0x1F, 0xF8, 0x1F, 0xF8, 0x1F, 0xF8, 0xDF, 0x7D, 0x10, 0x02, 0x10, 0x02, 0x10, 0x02,
    0x10, 0x02, 0x10, 0x02, 0x10, 0x02, 0x10, 0x02, 0x1F, 0xF8, 0x1F, 0xF8, 0x1F, 0xF8, 0x1F, 0xF8,
    0xDF, 0x7D, 0xBF, 0x7D, 0xBF, 0x7D, 0xBF, 0x7D, 0xBF, 0x7D, 0xBF, 0x7D, 0xBF, 0x7D, 0xBF, 0x7D,
    0x1F, 0xF8, 0x1F, 0xF8, 0x1F, 0xF8, 0x1F, 0xF8, 0xDF, 0x7D, 0x10, 0x02, 0x10, 0x02, 0x10, 0x02,
    0x10, 0x02, 0x10, 0x02, 0x10, 0x02, 0x10, 0x02, 0x1F, 0xF8, 0x1F, 0xF8, 0x1F, 0xF8, 0x1F, 0xF8,
    0xDF, 0x7D, 0x10, 0x02, 0x10, 0x02, 0x10, 0x02, 0x10, 0x02, 0x10, 0x02, 0x10, 0x02, 0x10, 0x02,
    0x1F, 0xF8, 0x1F, 0xF8, 0x1F, 0xF8, 0x1F, 0xF8, 0xDF, 0x7D, 0x10, 0x02, 0x10, 0x02, 0x10, 0x02,
    0x10, 0x02, 0x10, 0x02, 0x10, 0x02, 0x10, 0x02, 0x1F, 0xF8, 0x1F, 0xF8, 0x1F, 0xF8, 0x1F, 0xF8,
    0xDF, 0x7D, 0x10, 0x02, 0x10, 0x02, 0x10, 0x02, 0x10, 0x02, 0x10, 0x02, 0x10, 0x02, 0x10, 0x02,
    0x1F, 0xF8, 0x1F, 0xF8, 0x1F, 0xF8, 0x1F, 0xF8, 0xDF, 0x7D, 0x10, 0x02, 0x10, 0x02, 0x10, 0x02,
    0x10, 0x02, 0x10, 0x02, 0x10, 0x02, 0x10, 0x02, 0x1F, 0xF8, 0x1F, 0xF8, 0x1F, 0xF8, 0x1F, 0xF8,
    0xDF, 0x7D, 0x10, 0x02, 0x10, 0x02, 0x10, 0x02, 0x10, 0x02, 0x10, 0x02, 0x10, 0x02, 0x10, 0x02,
    0x1F, 0xF8, 0x1F, 0xF8, 0x1F, 0xF8, 0x1F, 0xF8, 0xDF, 0x7D, 0x10, 0x02, 0x10, 0x02, 0x10, 0x02,
    0x10, 0x02, 0x10, 0x02, 0x10, 0x02, 0x10, 0x02, 0x1F, 0xF8, 0x1F, 0xF8, 0x1F, 0xF8, 0x1F, 0xF8,
    0xDF, 0x7D, 0x10, 0x02, 0x10, 0x02, 0x10, 0x02, 0x10, 0x02, 0x10, 0x02, 0x10, 0x02, 0xBF, 0x7D,
    0x1F, 0xF8, 0x1F, 0xF8, 0x1F, 0xF8, 0x1F, 0xF8, 0xDF, 0x7D, 0x10, 0x02, 0x10, 0x02, 0x10, 0x02,
    0x10, 0x02, 0x10, 0x02, 0x10, 0x02, 0xDF, 0x7D, 0x1F, 0xF8, 0x1F, 0xF8, 0x1F, 0xF8, 0x1F, 0xF8,
    0xDF, 0x7D, 0x10, 0x02, 0x10, 0x02, 0x10, 0x02, 0x10, 0x02, 0x10, 0x02, 0x10, 0x02, 0xDF, 0x7D,
    0x1F, 0xF8, 0x1F, 0xF8, 0x1F, 0xF8, 0x1F, 0xF8, 0xDF, 0x7D, 0x10, 0x02, 0x10, 0x02, 0x10, 0x02,
    0x10, 0x02, 0x10, 0x02, 0x10, 0x02, 0xDF, 0x7D, 0x1F, 0xF8, 0x1F, 0xF8, 0x1F, 0xF8, 0x1F, 0xF8,
    0xDF, 0x7D, 0x10, 0x02, 0x10, 0x02, 0x10, 0x02, 0x10, 0x02, 0x10, 0x02, 0x10, 0x02, 0xDF, 0x7D,
    0x1F, 0xF8, 0x1F, 0xF8, 0x1F, 0xF8, 0x1F, 0xF8, 0xDF, 0x7D, 0x10, 0x02, 0x10, 0x02, 0x10, 0x02,
    0x10, 0x02, 0x10, 0x02, 0x10, 0x02, 0xDF, 0x7D, 0x1F, 0xF8, 0x1F, 0xF8, 0x1F, 0xF8, 0x1F, 0xF8,
    0xDF, 0x7D, 0x10, 0x02, 0x10, 0x02, 0x10, 0x02, 0x10, 0x02, 0x10, 0x02, 0x10, 0x02, 0xDF, 0x7D,
    0x1F, 0xF8, 0x1F, 0xF8, 0x1F, 0xF8, 0x1F, 0xF8, 0xDF, 0x7D, 0x10, 0x02, 0x10, 0x02, 0x10, 0x02,
    0x10, 0x02, 0x10, 0x02, 0x10, 0x02, 0xDF, 0x7D, 0x1F, 0xF8, 0x1F, 0xF8, 0x1F, 0xF8, 0x1F, 0xF8,
    0xDF, 0x7D, 0xBF, 0x7D, 0xBF, 0x7D, 0xBF, 0x7D, 0xBF, 0x7D, 0xBF, 0x7D, 0xBF, 0x7D, 0xDF, 0x7D,
    0x1F, 0xF8, 0x1F, 0xF8, 0x1F, 0xF8, 0x1F, 0xF8, 0xDF, 0x7D, 0x10, 0x02, 0x10, 0x02, 0x10, 0x02,
    0x10, 0x02, 0x10, 0x02, 0x10, 0x02, 0xDF, 0x7D, 0x1F, 0xF8, 0x1F, 0xF8, 0x1F, 0xF8, 0x1F, 0xF8,
    0xDF, 0x7D, 0x10, 0x02, 0x10, 0x02, 0x10, 0x02, 0x10, 0x02, 0x10, 0x02, 0x10, 0x02, 0xDF, 0x7D,
    0x1F, 0xF8, 0x1F, 0xF8, 0x1F, 0xF8, 0x1F, 0xF8, 0xDF, 0x7D, 0x10, 0x02, 0x10, 0x02, 0x10, 0x02,
    0x10, 0x02, 0x10, 0x02, 0x10, 0x02, 0xDF, 0x7D, 0x1F, 0xF8, 0x1F, 0xF8, 0x1F, 0xF8, 0x1F, 0xF8,
    0xDF, 0x7D, 0x10, 0x02, 0x10, 0x02, 0x10, 0x02, 0x10, 0x02, 0x10, 0x02, 0x10, 0x02, 0xDF, 0x7D,
    0x1F, 0xF8, 0x1F, 0xF8, 0x1F, 0xF8, 0x1F, 0xF8, 0xDF, 0x7D, 0x10, 0x02, 0x10, 0x02, 0x10, 0x02,
    0x10, 0x02, 0x10, 0x02, 0x10, 0x02, 0xDF, 0x7D, 0x1F, 0xF8, 0x1F, 0xF8, 0x1F, 0xF8, 0x1F, 0xF8,
    0xDF, 0x7D, 0x10, 0x02, 0x10, 0x02, 0x10, 0x02, 0x10, 0x02, 0x10, 0x02, 0x10, 0x02, 0xDF, 0x7D,
    0x1F, 0xF8, 0x1F, 0xF8, 0x1F, 0xF8, 0x1F, 0xF8, 0xDF, 0x7D, 0x10, 0x02, 0x10, 0x02, 0x10, 0x02,
    0x10, 0x02, 0x10, 0x02, 0x10, 0x02, 0xBF, 0x7D, 0x1F, 0xF8, 0x1F, 0xF8, 0x1F, 0xF8, 0x1F, 0xF8,
    0xDF, 0x7D, 0x10, 0x02, 0x10, 0x02, 0x10, 0x02, 0x10, 0x02, 0x10, 0x02, 0x10, 0x02, 0x10, 0x02,
    0x1F, 0xF8, 0x1F, 0xF8, 0x1F, 0xF8, 0x1F, 0xF8, 0xDF, 0x7D, 0x10, 0x02, 0x10, 0x02, 0x10, 0x02,
    0x10, 0x02, 0x10, 0x02, 0x10, 0x02, 0x10, 0x02, 0x1F, 0xF8, 0x1F, 0xF8, 0x1F, 0xF8, 0x1F, 0xF8,
    0xDF, 0x7D, 0x10, 0x02, 0x10, 0x02, 0x10, 0x02, 0x10, 0x02, 0x10, 0x02, 0x10, 0x02, 0x10, 0x02,
    0x1F, 0xF8, 0x1F, 0xF8, 0x1F, 0xF8, 0x1F, 0xF8, 0xDF, 0x7D, 0x10, 0x02, 0x10, 0x02, 0x10, 0x02,
    0x10, 0x02, 0x10, 0x02, 0x10, 0x02, 0x10, 0x02, 0x1F, 0xF8, 0x1F, 0xF8, 0x1F, 0xF8, 0x1F, 0xF8,
    0xDF, 0x7D, 0x10, 0x02, 0x10, 0x02, 0x10, 0x02, 0x10, 0x02, 0x10, 0x02, 0x10, 0x02, 0x10, 0x02,
    0x1F, 0xF8, 0x1F, 0xF8, 0x1F, 0xF8, 0x1F, 0xF8, 0xDF, 0x7D, 0x10, 0x02, 0x10, 0x02, 0x10, 0x02,
    0x10, 0x02, 0x10, 0x02, 0x10, 0x02, 0x10, 0x02, 0x1F, 0xF8, 0x1F, 0xF8, 0x1F, 0xF8, 0x1F, 0xF8,
    0xDF, 0x7D, 0x10, 0x02, 0x10, 0x02, 0x10, 0x02, 0x10, 0x02, 0x10, 0x02, 0x10, 0x02, 0x10, 0x02,
    0x1F, 0xF8, 0x1F, 0xF8, 0x1F, 0xF8, 0x1F, 0xF8, 0xDF, 0x7D, 0xDF, 0x7D, 0xDF, 0x7D, 0xDF, 0x7D,
    0xDF, 0x7D, 0xDF, 0x7D, 0xDF, 0x7D, 0xDF, 0x7D, 0x1F, 0xF8, 0x1F, 0xF8, 0x1F, 0xF8, 0x1F, 0xF8,
    0xDF, 0x7D, 0xDF, 0x7D, 0xDF, 0x7D, 0xDF, 0x7D, 0xDF, 0x7D, 0xDF, 0x7D, 0xDF, 0x7D, 0xDF, 0x7D,
    0x1F, 0xF8, 0x1F, 0xF8, 0x1F, 0xF8, 0x1F, 0xF8, 0xDF, 0x7D, 0x10, 0x02, 0x10, 0x02, 0x10, 0x02,
    0x10, 0x02, 0x10, 0x02, 0x10, 0x02, 0x10, 0x02, 0x1F, 0xF8, 0x1F, 0xF8, 0x1F, 0xF8, 0x1F, 0xF8,
    0xDF, 0x7D, 0x10, 0x02, 0x10, 0x02, 0x10, 0x02, 0x10, 0x02, 0x10, 0x02, 0x10, 0x02, 0x10, 0x02,
    0x1F, 0xF8, 0x1F, 0xF8, 0x1F, 0xF8, 0x1F, 0xF8, 0xDF, 0x7D, 0x10, 0x02, 0x10, 0x02, 0x10, 0x02,
    0x10, 0x02, 0x10, 0x02, 0x10, 0x02, 0x10, 0x02, 0x1F, 0xF8, 0x1F, 0xF8, 0x1F, 0xF8, 0x1F, 0xF8,
    0xDF, 0x7D, 0x10, 0x02, 0x10, 0x02, 0x10, 0x02, 0x10, 0x02, 0x10, 0x02, 0x10, 0x02, 0x10, 0x02,
    0x1F, 0xF8, 0x1F, 0xF8, 0x1F, 0xF8, 0x1F, 0xF8, 0xDF, 0x7D, 0x10, 0x02, 0x10, 0x02, 0x10, 0x02,
    0x10, 0x02, 0x10, 0x02, 0x10, 0x02, 0x10, 0x02, 0x1F, 0xF8, 0x1F, 0xF8, 0x1F, 0xF8, 0x1F, 0xF8,
    0xDF, 0x7D, 0x10, 0x02, 0x10, 0x02, 0x10, 0x02, 0x10, 0x02, 0x10, 0x02, 0x10, 0x02, 0x10, 0x02,
    0x1F, 0xF8, 0x1F, 0xF8, 0x1F, 0xF8, 0x1F, 0xF8, 0xDF, 0x7D, 0xBF, 0x7D, 0xBF, 0x7D, 0xBF, 0x7D,
    0xBF, 0x7D, 0xBF, 0x7D, 0xBF, 0x7D, 0xDF, 0x7D, 0x1F, 0xF8, 0x1F, 0xF8, 0x1F, 0xF8, 0x1F, 0xF8,
    0xDF, 0x7D, 0x10, 0x02, 0x10, 0x02, 0x10, 0x02, 0x10, 0x02, 0x10, 0x02, 0x10, 0x02, 0xDF, 0x7D,
    0x1F, 0xF8, 0x1F, 0xF8, 0x1F, 0xF8, 0x1F, 0xF8, 0xDF, 0x7D, 0x10, 0x02, 0x10, 0x02, 0x10, 0x02,
    0x10, 0x02, 0x10, 0x02, 0x10, 0x02, 0xDF, 0x7D, 0x1F, 0xF8, 0x1F, 0xF8, 0x1F, 0xF8, 0x1F, 0xF8,
    0xDF, 0x7D, 0x10, 0x02, 0x10, 0x02, 0x10, 0x02, 0x10, 0x02, 0x10, 0x02, 0x10, 0x02, 0xDF, 0x7D,
    0x1F, 0xF8, 0x1F, 0xF8, 0x1F, 0xF8, 0x1F, 0xF8, 0xDF, 0x7D, 0x10, 0x02, 0x10, 0x02, 0x10, 0x02,
    0x10, 0x02, 0x10, 0x02, 0x10, 0x02, 0xDF, 0x7D, 0x1F, 0xF8, 0x1F, 0xF8, 0x1F, 0xF8, 0x1F, 0xF8,
    0xDF, 0x7D, 0x10, 0x02, 0x10, 0x02, 0x10, 0x02, 0x10, 0x02, 0x10, 0x02, 0x10, 0x02, 0xDF, 0x7D,
    0x1F, 0xF8, 0x1F, 0xF8, 0x1F, 0xF8, 0x1F, 0xF8, 0xDF, 0x7D, 0x10, 0x02, 0x10, 0x02, 0x10, 0x02,
    0x10, 0x02, 0x10, 0x02, 0x10, 0x02, 0xDF, 0x7D, 0x1F, 0xF8, 0x1F, 0xF8, 0x1F, 0xF8, 0x1F, 0xF8,
    0xDF, 0x7D, 0x10, 0x02, 0x10, 0x02, 0x10, 0x02, 0x10, 0x02, 0x10, 0x02, 0x10, 0x02, 0xDF, 0x7D,
    0x1F, 0xF8, 0x1F, 0xF8, 0x1F, 0xF8, 0x1F, 0xF8, 0xDF, 0x7D, 0xBF, 0x7D, 0xBF, 0x7D, 0xBF, 0x7D,
    0xBF, 0x7D, 0xBF, 0x7D, 0xBF, 0x7D, 0xDF, 0x7D, 0x1F, 0xF8, 0x1F, 0xF8, 0x1F, 0xF8, 0x1F, 0xF8,
    0x51, 0x12, 0x51, 0x12, 0x51, 0x12, 0x51, 0x12, 0x51, 0x12, 0x51, 0x12, 0x51, 0x12, 0x51, 0x12,
    0x1F, 0xF8, 0x1F, 0xF8, 0x1F, 0xF8, 0x1F, 0xF8, 0x10, 0x02, 0x10, 0x02, 0x10, 0x02, 0x10, 0x02,
    0x10, 0x02, 0x10, 0x02, 0x10, 0x02, 0x10, 0x02, 0x1F, 0xF8, 0x1F, 0xF8, 0x1F, 0xF8, 0x1F, 0xF8,
    0x10, 0x02, 0x10, 0x02, 0x10, 0x02, 0x10, 0x02, 0x10, 0x02, 0x10, 0x02, 0x10, 0x02, 0x10, 0x02,
    0x1F, 0xF8, 0x1F, 0xF8, 0x1F, 0xF8, 0x1F, 0xF8, 0x10, 0x02, 0x10, 0x02, 0x10, 0x02, 0x10, 0x02,
    0x10, 0x02, 0x10, 0x02, 0x10, 0x02, 0x10, 0x02, 0x1F, 0xF8, 0x1F, 0xF8, 0x1F, 0xF8, 0x1F, 0xF8,
    0x10, 0x02, 0x10, 0x02, 0x10, 0x02, 0x10, 0x02, 0x10, 0x02, 0x10, 0x02, 0x10, 0x02, 0x10, 0x02,
    0x1F, 0xF8, 0x1F, 0xF8, 0x1F, 0xF8, 0x1F, 0xF8, 0x10, 0x02, 0x10, 0x02, 0x10, 0x02, 0x10, 0x02,
    0x10, 0x02, 0x10, 0x02, 0x10, 0x02, 0x10, 0x02, 0x1F, 0xF8, 0x1F, 0xF8, 0x1F, 0xF8, 0x1F, 0xF8,
    0x10, 0x02, 0x10, 0x02, 0x10, 0x02, 0x10, 0x02, 0x10, 0x02, 0x10, 0x02, 0x10, 0x02, 0x10, 0x02,
    0x1F, 0xF8, 0x1F, 0xF8, 0x1F, 0xF8, 0x1F, 0xF8, 0x51, 0x12, 0x51, 0x12, 0x10, 0x02, 0x10, 0x02,
    0x10, 0x02, 0x10, 0x02, 0x10, 0x02, 0x10, 0x02, 0x1F, 0xF8, 0x1F, 0xF8, 0x1F, 0xF8, 0x1F, 0xF8,
    0xBF, 0x7D, 0xBF, 0x75, 0x71, 0x1A, 0x10, 0x02, 0x10, 0x02, 0x10, 0x02, 0x51, 0x12, 0x10, 0x02,
    0x1F, 0xF8, 0x1F, 0xF8, 0x1F, 0xF8, 0x1F, 0xF8, 0x51, 0x12, 0xB2, 0x22, 0x9E, 0x75, 0x51, 0x12,
    0x10, 0x02, 0x71, 0x1A, 0x9E, 0x75, 0x51, 0x12, 0x1F, 0xF8, 0x1F, 0xF8, 0x1F, 0xF8, 0x1F, 0xF8,
    0x71, 0x1A, 0xBF, 0x75, 0xB2, 0x22, 0x10, 0x02, 0x71, 0x1A, 0x9E, 0x75, 0x71, 0x1A, 0x10, 0x02,
    0x1F, 0xF8, 0x1F, 0xF8, 0x1F, 0xF8, 0x1F, 0xF8, 0xBF, 0x7D, 0xDF, 0x7D, 0xBF, 0x75, 0x92, 0x22,
    0x9E, 0x75, 0xB2, 0x22, 0x51, 0x12, 0x10, 0x02, 0x1F, 0xF8, 0x1F, 0xF8, 0x1F, 0xF8, 0x1F, 0xF8,
    0x51, 0x12, 0x51, 0x12, 0xB2, 0x22, 0x9E, 0x75, 0x92, 0x22, 0xBF, 0x75, 0xBF, 0x75, 0x71, 0x1A,
    0x1F, 0xF8, 0x1F, 0xF8, 0x1F, 0xF8, 0x1F, 0xF8, 0x10, 0x02, 0x71, 0x1A, 0x9E, 0x75, 0x71, 0x1A,
    0x10, 0x02, 0x51, 0x12, 0xB2, 0x22, 0xBF, 0x75, 0x1F, 0xF8, 0x1F, 0xF8, 0x1F, 0xF8, 0x1F, 0xF8,
    0x51, 0x12, 0x9E, 0x75, 0x71, 0x1A, 0x10, 0x02, 0x10, 0x02, 0x71, 0x1A, 0xBF, 0x75, 0xB2, 0x22,
    0x1F, 0xF8, 0x1F, 0xF8, 0x1F, 0xF8, 0x1F, 0xF8, 0x10, 0x02, 0x71, 0x1A, 0x10, 0x02, 0x10, 0x02,
    0x51, 0x12, 0xBF, 0x75, 0xDF, 0x7D, 0xBF, 0x7D, 0x1F, 0xF8, 0x1F, 0xF8, 0x1F, 0xF8, 0x1F, 0xF8,
    0x51, 0x12, 0xBF, 0x75, 0x51, 0x12, 0x10, 0x02, 0x10, 0x02, 0x51, 0x12, 0x71, 0x1A, 0x51, 0x12,
    0x1F, 0xF8, 0x1F, 0xF8, 0x1F, 0xF8, 0x1F, 0xF8, 0x51, 0x12, 0xBF, 0x7D, 0x51, 0x12, 0x10, 0x02,
    0x10, 0x02, 0x71, 0x1A, 0x9E, 0x75, 0x51, 0x12, 0x1F, 0xF8, 0x1F, 0xF8, 0x1F, 0xF8, 0x1F, 0xF8,
    0x51, 0x12, 0xBF, 0x7D, 0x51, 0x12, 0x10, 0x02, 0x71, 0x1A, 0x9E, 0x75, 0x71, 0x1A, 0x10, 0x02,
    0x1F, 0xF8, 0x1F, 0xF8, 0x1F, 0xF8, 0x1F, 0xF8, 0x51, 0x12, 0xBF, 0x75, 0x51, 0x12, 0x71, 0x1A,
    0x9E, 0x75, 0xB2, 0x22, 0x51, 0x12, 0x10, 0x02, 0x1F, 0xF8, 0x1F, 0xF8, 0x1F, 0xF8, 0x1F, 0xF8,
    0x10, 0x02, 0x51, 0x12, 0x71, 0x1A, 0x9E, 0x75, 0x92, 0x22, 0xBF, 0x75, 0xBF, 0x75, 0x71, 0x1A,
    0x1F, 0xF8, 0x1F, 0xF8, 0x1F, 0xF8, 0x1F, 0xF8, 0x10, 0x02, 0x71, 0x1A, 0x9E, 0x75, 0x71, 0x1A,
    0x10, 0x02, 0x51, 0x12, 0xB2, 0x22, 0xBF, 0x75, 0x1F, 0xF8, 0x1F, 0xF8, 0x1F, 0xF8, 0x1F, 0xF8,
    0x51, 0x12, 0x9E, 0x75, 0x71, 0x1A, 0x10, 0x02, 0x10, 0x02, 0x71, 0x1A, 0xBF, 0x75, 0xB2, 0x22,
    0x1F, 0xF8, 0x1F, 0xF8, 0x1F, 0xF8, 0x1F, 0xF8, 0x10, 0x02, 0x51, 0x12, 0x10, 0x02, 0x10, 0x02,
    0x51, 0x12, 0xBF, 0x75, 0xDF, 0x7D, 0xBF, 0x7D, 0x1F, 0xF8, 0x1F, 0xF8, 0x1F, 0xF8, 0x1F, 0xF8,
    0x10, 0x02, 0x10, 0x02, 0x10, 0x02, 0x10, 0x02, 0x10, 0x02, 0x51, 0x12, 0x51, 0x12, 0x51, 0x12,
    0x1F, 0xF8, 0x1F, 0xF8, 0x1F, 0xF8, 0x1F, 0xF8, 0x10, 0x02, 0x10, 0x02, 0x10, 0x02, 0x10, 0x02,
    0x10, 0x02, 0x10, 0x02, 0x10, 0x02, 0x10, 0x02, 0x1F, 0xF8, 0x1F, 0xF8, 0x1F, 0xF8, 0x1F, 0xF8,
    0x10, 0x02, 0x10, 0x02, 0x10, 0x02, 0x10, 0x02, 0x10, 0x02, 0x10, 0x02, 0x10, 0x02, 0x10, 0x02,
    0x1F, 0xF8, 0x1F, 0xF8, 0x1F, 0xF8, 0x1F, 0xF8, 0x10, 0x02, 0x10, 0x02, 0x10, 0x02, 0x10, 0x02,
    0x10, 0x02, 0x10, 0x02, 0x10, 0x02, 0x10, 0x02, 0x1F, 0xF8, 0x1F, 0xF8, 0x1F, 0xF8, 0x1F, 0xF8,
    0x10, 0x02, 0x10, 0x02, 0x10, 0x02, 0x10, 0x02, 0x10, 0x02, 0x10, 0x02, 0x10, 0x02, 0x10, 0x02,
    0x1F, 0xF8, 0x1F, 0xF8, 0x1F, 0xF8, 0x1F, 0xF8, 0x10, 0x02, 0x10, 0x02, 0x10, 0x02, 0x10, 0x02,
    0x10, 0x02, 0x10, 0x02, 0x10, 0x02, 0x10, 0x02, 0x1F, 0xF8, 0x1F, 0xF8, 0x1F, 0xF8, 0x1F, 0xF8,
    0x10, 0x02, 0x10, 0x02, 0x10, 0x02, 0x10, 0x02, 0x10, 0x02, 0x10, 0x02, 0x10, 0x02, 0x10, 0x02,
    0x1F, 0xF8, 0x1F, 0xF8, 0x1F, 0xF8, 0x1F, 0xF8, 0x10, 0x02, 0x10, 0x02, 0x51, 0x12, 0x51, 0x12,
    0x51, 0x12, 0x51, 0x12, 0x10, 0x02, 0x10, 0x02, 0x1F, 0xF8, 0x1F, 0xF8, 0x1F, 0xF8, 0x1F, 0xF8,
    0x10, 0x02, 0x71, 0x1A, 0xBF, 0x7D, 0xDF, 0x7D, 0xDF, 0x7D, 0xBF, 0x7D, 0x71, 0x1A, 0x10, 0x02,
    0x1F, 0xF8, 0x1F, 0xF8, 0x1F, 0xF8, 0x1F, 0xF8, 0x51, 0x12, 0xBF, 0x7D, 0xDF, 0x7D, 0xDF, 0x7D,
    0xDF, 0x7D, 0xDF, 0x7D, 0xBF, 0x7D, 0x51, 0x12, 0x1F, 0xF8, 0x1F, 0xF8, 0x1F, 0xF8, 0x1F, 0xF8,
    0x51, 0x12, 0xDF, 0x7D, 0xDF, 0x7D, 0x71, 0x1A, 0x71, 0x1A, 0xDF, 0x7D, 0xDF, 0x7D, 0x51, 0x12,
    0x1F, 0xF8, 0x1F, 0xF8, 0x1F, 0xF8, 0x1F, 0xF8, 0x51, 0x12, 0xDF, 0x7D, 0xDF, 0x7D, 0x51, 0x12,
    0x51, 0x12, 0xDF, 0x7D, 0xDF, 0x7D, 0x51, 0x12, 0x1F, 0xF8, 0x1F, 0xF8, 0x1F, 0xF8, 0x1F, 0xF8,
    0x51, 0x12, 0xDF, 0x7D, 0xDF, 0x7D, 0x71, 0x1A, 0x71, 0x1A, 0xDF, 0x7D, 0xDF, 0x7D, 0x51, 0x12,
    0x1F, 0xF8, 0x1F, 0xF8, 0x1F, 0xF8, 0x1F, 0xF8, 0x51, 0x12, 0xBF, 0x7D, 0xDF, 0x7D, 0xDF, 0x7D,
    0xDF, 0x7D, 0xDF, 0x7D, 0xBF, 0x7D, 0x51, 0x12, 0x1F, 0xF8, 0x1F, 0xF8, 0x1F, 0xF8, 0x1F, 0xF8,
    0x10, 0x02, 0x71, 0x1A, 0xBF, 0x7D, 0xDF, 0x7D, 0xDF, 0x7D, 0xBF, 0x7D, 0x71, 0x1A, 0x10, 0x02,
    0x1F, 0xF8, 0x1F, 0xF8, 0x1F, 0xF8, 0x1F, 0xF8, 0x10, 0x02, 0x10, 0x02, 0x51, 0x12, 0x71, 0x1A,
    0x71, 0x1A, 0x51, 0x12, 0x10, 0x02, 0x10, 0x02, 0x1F, 0xF8, 0x1F, 0xF8, 0x1F, 0xF8, 0x1F, 0xF8,
    0x10, 0x02, 0x10, 0x02, 0x51, 0x12, 0xBF, 0x7D, 0xBF, 0x7D, 0x51, 0x12, 0x10, 0x02, 0x10, 0x02,
    0x1F, 0xF8, 0x1F, 0xF8, 0x1F, 0xF8, 0x1F, 0xF8, 0x10, 0x02, 0x10, 0x02, 0x51, 0x12, 0xDF, 0x7D,
    0xDF, 0x7D, 0x51, 0x12, 0x10, 0x02, 0x10, 0x02, 0x1F, 0xF8, 0x1F, 0xF8, 0x1F, 0xF8, 0x1F, 0xF8,
    0x10, 0x02, 0x10, 0x02, 0x51, 0x12, 0xDF, 0x7D, 0xDF, 0x7D, 0x51, 0x12, 0x10, 0x02, 0x10, 0x02,
    0x1F, 0xF8, 0x1F, 0xF8, 0x1F, 0xF8, 0x1F, 0xF8, 0x10, 0x02, 0x10, 0x02, 0x51, 0x12, 0xDF, 0x7D,
    0xDF, 0x7D, 0x51, 0x12, 0x10, 0x02, 0x10, 0x02, 0x1F, 0xF8, 0x1F, 0xF8, 0x1F, 0xF8, 0x1F, 0xF8,
    0x10, 0x02, 0x10, 0x02, 0x51, 0x12, 0xDF, 0x7D, 0xDF, 0x7D, 0x51, 0x12, 0x10, 0x02, 0x10, 0x02,
    0x1F, 0xF8, 0x1F, 0xF8, 0x1F, 0xF8, 0x1F, 0xF8, 0x10, 0x02, 0x10, 0x02, 0x51, 0x12, 0xDF, 0x7D,
    0xDF, 0x7D, 0x51, 0x12, 0x10, 0x02, 0x10, 0x02, 0x1F, 0xF8, 0x1F, 0xF8, 0x1F, 0xF8, 0x1F, 0xF8,
    0x10, 0x02, 0x10, 0x02, 0x51, 0x12, 0xBF, 0x7D, 0xBF, 0x7D, 0x51, 0x12, 0x10, 0x02, 0x10, 0x02,
    0x1F, 0xF8, 0x1F, 0xF8, 0x1F, 0xF8, 0x1F, 0xF8, 0x10, 0x02, 0x51, 0x12, 0x51, 0x12, 0x71, 0x1A,
    0x71, 0x1A, 0x51, 0x12, 0x10, 0x02, 0x10, 0x02, 0x1F, 0xF8, 0x1F, 0xF8, 0x1F, 0xF8, 0x1F, 0xF8,
    0x51, 0x12, 0xBF, 0x7D, 0xDF, 0x7D, 0xDF, 0x7D, 0xDF, 0x7D, 0xBF, 0x7D, 0x51, 0x12, 0x10, 0x02,
    0x1F, 0xF8, 0x1F, 0xF8, 0x1F, 0xF8, 0x1F, 0xF8, 0x51, 0x12, 0xBF, 0x7D, 0xDF, 0x7D, 0xDF, 0x7D,
    0xDF, 0x7D, 0xDF, 0x7D, 0x51, 0x12, 0x10, 0x02, 0x1F, 0xF8, 0x1F, 0xF8, 0x1F, 0xF8, 0x1F, 0xF8,
    0x10, 0x02, 0x71, 0x1A, 0x71, 0x1A, 0xB2, 0x22, 0xDF, 0x7D, 0xDF, 0x7D, 0x51, 0x12, 0x10, 0x02,
    0x1F, 0xF8, 0x1F, 0xF8, 0x1F, 0xF8, 0x1F, 0xF8, 0x51, 0x12, 0xBF, 0x7D, 0xDF, 0x7D, 0xBF, 0x7D,
    0xDF, 0x7D, 0xBF, 0x7D, 0x51, 0x12, 0x10, 0x02, 0x1F, 0xF8, 0x1F, 0xF8, 0x1F, 0xF8, 0x1F, 0xF8,
    0x51, 0x12, 0xDF, 0x7D, 0xDF, 0x7D, 0xB2, 0x22, 0x71, 0x1A, 0x71, 0x1A, 0x10, 0x02, 0x10, 0x02,
    0x1F, 0xF8, 0x1F, 0xF8, 0x1F, 0xF8, 0x1F, 0xF8, 0x51, 0x12, 0xDF, 0x7D, 0xDF, 0x7D, 0xDF, 0x7D,
    0xDF, 0x7D, 0xBF, 0x7D, 0x51, 0x12, 0x10, 0x02, 0x1F, 0xF8, 0x1F, 0xF8, 0x1F, 0xF8, 0x1F, 0xF8,
    0x51, 0x12, 0xBF, 0x7D, 0xDF, 0x7D, 0xDF, 0x7D, 0xDF, 0x7D, 0xBF, 0x7D, 0x51, 0x12, 0x10, 0x02,
    0x1F, 0xF8, 0x1F, 0xF8, 0x1F, 0xF8, 0x1F, 0xF8, 0x10, 0x02, 0x71, 0x1A, 0x71, 0x1A, 0x71, 0x1A,
    0x71, 0x1A, 0x71, 0x1A, 0x10, 0x02, 0x10, 0x02, 0x1F, 0xF8, 0x1F, 0xF8, 0x1F, 0xF8, 0x1F, 0xF8,
    0x51, 0x12, 0xBF, 0x7D, 0xDF, 0x7D, 0xDF, 0x7D, 0xDF, 0x7D, 0xBF, 0x7D, 0x51, 0x12, 0x10, 0x02,
    0x1F, 0xF8, 0x1F, 0xF8, 0x1F, 0xF8, 0x1F, 0xF8, 0x51, 0x12, 0xBF, 0x7D, 0xDF, 0x7D, 0xDF, 0x7D,
    0xDF, 0x7D, 0xDF, 0x7D, 0x51, 0x12, 0x10, 0x02, 0x1F, 0xF8, 0x1F, 0xF8, 0x1F, 0xF8, 0x1F, 0xF8,
    0x10, 0x02, 0x71, 0x1A, 0x71, 0x1A, 0xB2, 0x22, 0xDF, 0x7D, 0xDF, 0x7D, 0x51, 0x12, 0x10, 0x02,
    0x1F, 0xF8, 0x1F, 0xF8, 0x1F, 0xF8, 0x1F, 0xF8, 0x51, 0x12, 0xBF, 0x75, 0xBF, 0x7D, 0xBF, 0x7D,
    0xDF, 0x7D, 0xDF, 0x7D, 0x51, 0x12, 0x10, 0x02, 0x1F, 0xF8, 0x1F, 0xF8, 0x1F, 0xF8, 0x1F, 0xF8,
    0x10, 0x02, 0x71, 0x1A, 0x71, 0x1A, 0xB2, 0x22, 0xDF, 0x7D, 0xDF, 0x7D, 0x51, 0x12, 0x10, 0x02,
    0x1F, 0xF8, 0x1F, 0xF8, 0x1F, 0xF8, 0x1F, 0xF8, 0x51, 0x12, 0xBF, 0x7D, 0xDF, 0x7D, 0xDF, 0x7D,
    0xDF, 0x7D, 0xDF, 0x7D, 0x51, 0x12, 0x10, 0x02, 0x1F, 0xF8, 0x1F, 0xF8, 0x1F, 0xF8, 0x1F, 0xF8,
    0x51, 0x12, 0xBF, 0x7D, 0xDF, 0x7D, 0xDF, 0x7D, 0xDF, 0x7D, 0xBF, 0x7D, 0x51, 0x12, 0x10, 0x02,
    0x1F, 0xF8, 0x1F, 0xF8, 0x1F, 0xF8, 0x1F, 0xF8, 0x10, 0x02, 0x51, 0x12, 0x51, 0x12, 0x51, 0x12,
    0x71, 0x1A, 0x71, 0x1A, 0x10, 0x02, 0x10, 0x02, 0x1F, 0xF8, 0x1F, 0xF8, 0x1F, 0xF8, 0x1F, 0xF8,
    0x10, 0x02, 0x10, 0x02, 0x10, 0x02, 0x71, 0x1A, 0xBF, 0x7D, 0xBF, 0x7D, 0x51, 0x12, 0x10, 0x02,
    0x1F, 0xF8, 0x1F, 0xF8, 0x1F, 0xF8, 0x1F, 0xF8, 0x10, 0x02, 0x10, 0x02, 0x71, 0x1A, 0xBF, 0x7D,
    0xDF, 0x7D, 0xDF, 0x7D, 0x51, 0x12, 0x10, 0x02, 0x1F, 0xF8, 0x1F, 0xF8, 0x1F, 0xF8, 0x1F, 0xF8,
    0x10, 0x02, 0x71, 0x1A, 0xBF, 0x7D, 0xDF, 0x7D, 0xDF, 0x7D, 0xDF, 0x7D, 0x51, 0x12, 0x10, 0x02,
    0x1F, 0xF8, 0x1F, 0xF8, 0x1F, 0xF8, 0x1F, 0xF8, 0x51, 0x12, 0xBF, 0x7D, 0xDF, 0x7D, 0xD3, 0x2A,
    0xDF, 0x7D, 0xDF, 0x7D, 0x51, 0x12, 0x10, 0x02, 0x1F, 0xF8, 0x1F, 0xF8, 0x1F, 0xF8, 0x1F, 0xF8,
    0x51, 0x12, 0xBF, 0x7D, 0xDF, 0x7D, 0xBF, 0x7D, 0xDF, 0x7D, 0xDF, 0x7D, 0x51, 0x12, 0x10, 0x02,
    0x1F, 0xF8, 0x1F, 0xF8, 0x1F, 0xF8, 0x1F, 0xF8, 0x10, 0x02, 0x51, 0x12, 0x51, 0x12, 0x71, 0x1A,
    0xDF, 0x7D, 0xDF, 0x7D, 0x51, 0x12, 0x10, 0x02, 0x1F, 0xF8, 0x1F, 0xF8, 0x1F, 0xF8, 0x1F, 0xF8,
    0x10, 0x02, 0x10, 0x02, 0x10, 0x02, 0x51, 0x12, 0xBF, 0x7D, 0xBF, 0x7D, 0x51, 0x12, 0x10, 0x02,
    0x1F, 0xF8, 0x1F, 0xF8, 0x1F, 0xF8, 0x1F, 0xF8, 0x10, 0x02, 0x51, 0x12, 0x51, 0x12, 0x51, 0x12,
    0x71, 0x1A, 0x71, 0x1A, 0x10, 0x02, 0x10, 0x02, 0x1F, 0xF8, 0x1F, 0xF8, 0x1F, 0xF8, 0x1F, 0xF8,
    0x51, 0x12, 0xBF, 0x7D, 0xDF, 0x7D, 0xDF, 0x7D, 0xDF, 0x7D, 0xBF, 0x7D, 0x51, 0x12, 0x10, 0x02,
    0x1F, 0xF8, 0x1F, 0xF8, 0x1F, 0xF8, 0x1F, 0xF8, 0x51, 0x12, 0xDF, 0x7D, 0xDF, 0x7D, 0xDF, 0x7D,
    0xDF, 0x7D, 0xBF, 0x7D, 0x51, 0x12, 0x10, 0x02, 0x1F, 0xF8, 0x1F, 0xF8, 0x1F, 0xF8, 0x1F, 0xF8,
    0x51, 0x12, 0xDF, 0x7D, 0xDF, 0x7D, 0xB2, 0x22, 0x71, 0x1A, 0x71, 0x1A, 0x10, 0x02, 0x10, 0x02,
    0x1F, 0xF8, 0x1F, 0xF8, 0x1F, 0xF8, 0x1F, 0xF8, 0x51, 0x12, 0xBF, 0x7D, 0xDF, 0x7D, 0xBF, 0x7D,
    0xDF, 0x7D, 0xBF, 0x7D, 0x51, 0x12, 0x10, 0x02, 0x1F, 0xF8, 0x1F, 0xF8, 0x1F, 0xF8, 0x1F, 0xF8,
    0x10, 0x02, 0x71, 0x1A, 0x71, 0x1A, 0xB2, 0x22, 0xDF, 0x7D, 0xDF, 0x7D, 0x51, 0x12, 0x10, 0x02,
    0x1F, 0xF8, 0x1F, 0xF8, 0x1F, 0xF8, 0x1F, 0xF8, 0x51, 0x12, 0xBF, 0x7D, 0xDF, 0x7D, 0xDF, 0x7D,
    0xDF, 0x7D, 0xDF, 0x7D, 0x51, 0x12, 0x10, 0x02, 0x1F, 0xF8, 0x1F, 0xF8, 0x1F, 0xF8, 0x1F, 0xF8,
    0x51, 0x12, 0xBF, 0x7D, 0xDF, 0x7D, 0xDF, 0x7D, 0xDF, 0x7D, 0xBF, 0x7D, 0x51, 0x12, 0x10, 0x02,
    0x1F, 0xF8, 0x1F, 0xF8, 0x1F, 0xF8, 0x1F, 0xF8, 0x10, 0x02, 0x71, 0x1A, 0x71, 0x1A, 0x51, 0x12,
    0x51, 0x12, 0x51, 0x12, 0x10, 0x02, 0x10, 0x02, 0x1F, 0xF8, 0x1F, 0xF8, 0x1F, 0xF8, 0x1F, 0xF8,
    0x51, 0x12, 0xBF, 0x7D, 0xBF, 0x7D, 0x51, 0x12, 0x10, 0x02, 0x10, 0x02, 0x10, 0x02, 0x10, 0x02,
    0x1F, 0xF8, 0x1F, 0xF8, 0x1F, 0xF8, 0x1F, 0xF8, 0x51, 0x12, 0xDF, 0x7D, 0xDF, 0x7D, 0x71, 0x1A,
    0x51, 0x12, 0x51, 0x12, 0x10, 0x02, 0x10, 0x02, 0x1F, 0xF8, 0x1F, 0xF8, 0x1F, 0xF8, 0x1F, 0xF8,
    0x51, 0x12, 0xDF, 0x7D, 0xDF, 0x7D, 0xDF, 0x7D, 0xDF, 0x7D, 0xBF, 0x7D, 0x51, 0x12, 0x10, 0x02,
    0x1F, 0xF8, 0x1F, 0xF8, 0x1F, 0xF8, 0x1F, 0xF8, 0x51, 0x12, 0xDF, 0x7D, 0xDF, 0x7D, 0xDF, 0x7D,
    0xDF, 0x7D, 0xDF, 0x7D, 0x51, 0x12, 0x10, 0x02, 0x1F, 0xF8, 0x1F, 0xF8, 0x1F, 0xF8, 0x1F, 0xF8,
    0x51, 0x12, 0xDF, 0x7D, 0xDF, 0x7D, 0xD3, 0x2A, 0xDF, 0x7D, 0xDF, 0x7D, 0x51, 0x12, 0x10, 0x02,
    0x1F, 0xF8, 0x1F, 0xF8, 0x1F, 0xF8, 0x1F, 0xF8, 0x51, 0x12, 0xDF, 0x7D, 0xDF, 0x7D, 0xDF, 0x7D,
    0xDF, 0x7D, 0xDF, 0x7D, 0x51, 0x12, 0x10, 0x02, 0x1F, 0xF8, 0x1F, 0xF8, 0x1F, 0xF8, 0x1F, 0xF8,
    0x51, 0x12, 0xBF, 0x7D, 0xDF, 0x7D, 0xDF, 0x7D, 0xDF, 0x7D, 0xBF, 0x7D, 0x51, 0x12, 0x10, 0x02,
    0x1F, 0xF8, 0x1F, 0xF8, 0x1F, 0xF8, 0x1F, 0xF8, 0x10, 0x02, 0x71, 0x1A, 0x71, 0x1A, 0x71, 0x1A,
    0x71, 0x1A, 0x71, 0x1A, 0x10, 0x02, 0x10, 0x02, 0x1F, 0xF8, 0x1F, 0xF8, 0x1F, 0xF8, 0x1F, 0xF8,
    0x51, 0x12, 0xBF, 0x7D, 0xDF, 0x7D, 0xDF, 0x7D, 0xDF, 0x7D, 0xBF, 0x7D, 0x51, 0x12, 0x10, 0x02,
    0x1F, 0xF8, 0x1F, 0xF8, 0x1F, 0xF8, 0x1F, 0xF8, 0x51, 0x12, 0xBF, 0x7D, 0xDF, 0x7D, 0xDF, 0x7D,
    0xDF, 0x7D, 0xDF, 0x7D, 0x51, 0x12, 0x10, 0x02, 0x1F, 0xF8, 0x1F, 0xF8, 0x1F, 0xF8, 0x1F, 0xF8,
    0x10, 0x02, 0x51, 0x12, 0x51, 0x12, 0xB2, 0x22, 0xDF, 0x7D, 0xBF, 0x7D, 0x51, 0x12, 0x10, 0x02,
    0x1F, 0xF8, 0x1F, 0xF8, 0x1F, 0xF8, 0x1F, 0xF8, 0x10, 0x02, 0x10, 0x02, 0x71, 0x1A, 0xBF, 0x7D,
    0xBF, 0x7D, 0x71, 0x1A, 0x10, 0x02, 0x10, 0x02, 0x1F, 0xF8, 0x1F, 0xF8, 0x1F, 0xF8, 0x1F, 0xF8,
    0x10, 0x02, 0x51, 0x12, 0xBF, 0x7D, 0xDF, 0x7D, 0x71, 0x1A, 0x10, 0x02, 0x10, 0x02, 0x10, 0x02,
    0x1F, 0xF8, 0x1F, 0xF8, 0x1F, 0xF8, 0x1F, 0xF8, 0x10, 0x02, 0x51, 0x12, 0xDF, 0x7D, 0xDF, 0x7D,
    0x51, 0x12, 0x10, 0x02, 0x10, 0x02, 0x10, 0x02, 0x1F, 0xF8, 0x1F, 0xF8, 0x1F, 0xF8, 0x1F, 0xF8,
    0x10, 0x02, 0x51, 0x12, 0xBF, 0x7D, 0xBF, 0x7D, 0x51, 0x12, 0x10, 0x02, 0x10, 0x02, 0x10, 0x02,
    0x1F, 0xF8, 0x1F, 0xF8, 0x1F, 0xF8, 0x1F, 0xF8, 0x10, 0x02, 0x51, 0x12, 0x71, 0x1A, 0x71, 0x1A,
    0x51, 0x12, 0x51, 0x12, 0x10, 0x02, 0x10, 0x02, 0x1F, 0xF8, 0x1F, 0xF8, 0x1F, 0xF8, 0x1F, 0xF8,
    0x51, 0x12, 0xBF, 0x7D, 0xDF, 0x7D, 0xDF, 0x7D, 0xDF, 0x7D, 0xBF, 0x7D, 0x51, 0x12, 0x10, 0x02,
    0x1F, 0xF8, 0x1F, 0xF8, 0x1F, 0xF8, 0x1F, 0xF8, 0x51, 0x12, 0xDF, 0x7D, 0xDF, 0x7D, 0xDF, 0x7D,
    0xDF, 0x7D, 0xDF, 0x7D, 0x51, 0x12, 0x10, 0x02, 0x1F, 0xF8, 0x1F, 0xF8, 0x1F, 0xF8, 0x1F, 0xF8,
    0x51, 0x12, 0xDF, 0x7D, 0xDF, 0x7D, 0xD3, 0x2A, 0xDF, 0x7D, 0xDF, 0x7D, 0x51, 0x12, 0x10, 0x02,
    0x1F, 0xF8, 0x1F, 0xF8, 0x1F, 0xF8, 0x1F, 0xF8, 0x51, 0x12, 0xDF, 0x7D, 0xDF, 0x7D, 0xBF, 0x7D,
    0xDF, 0x7D, 0xDF, 0x7D, 0x51, 0x12, 0x10, 0x02, 0x1F, 0xF8, 0x1F, 0xF8, 0x1F, 0xF8, 0x1F, 0xF8,
    0x51, 0x12, 0xDF, 0x7D, 0xDF, 0x7D, 0xD3, 0x2A, 0xDF, 0x7D, 0xDF, 0x7D, 0x51, 0x12, 0x10, 0x02,
    0x1F, 0xF8, 0x1F, 0xF8, 0x1F, 0xF8, 0x1F, 0xF8, 0x51, 0x12, 0xDF, 0x7D, 0xDF, 0x7D, 0xDF, 0x7D,
    0xDF, 0x7D, 0xDF, 0x7D, 0x51, 0x12, 0x10, 0x02, 0x1F, 0xF8, 0x1F, 0xF8, 0x1F, 0xF8, 0x1F, 0xF8,
    0x51, 0x12, 0xBF, 0x7D, 0xDF, 0x7D, 0xDF, 0x7D, 0xDF, 0x7D, 0xBF, 0x7D, 0x51, 0x12, 0x10, 0x02,
    0x1F, 0xF8, 0x1F, 0xF8, 0x1F, 0xF8, 0x1F, 0xF8, 0x10, 0x02, 0x71, 0x1A, 0x71, 0x1A, 0x71, 0x1A,
    0x71, 0x1A, 0x71, 0x1A, 0x10, 0x02, 0x10, 0x02, 0x1F, 0xF8, 0x1F, 0xF8, 0x1F, 0xF8, 0x1F, 0xF8,
    0x51, 0x12, 0xBF, 0x7D, 0xDF, 0x7D, 0xDF, 0x7D, 0xDF, 0x7D, 0xBF, 0x7D, 0x51, 0x12, 0x10, 0x02,
    0x1F, 0xF8, 0x1F, 0xF8, 0x1F, 0xF8, 0x1F, 0xF8, 0x51, 0x12, 0xDF, 0x7D, 0xDF, 0x7D, 0xDF, 0x7D,
    0xDF, 0x7D, 0xDF, 0x7D, 0x51, 0x12, 0x10, 0x02, 0x1F, 0xF8, 0x1F, 0xF8, 0x1F, 0xF8, 0x1F, 0xF8,
    0x51, 0x12, 0xDF, 0x7D, 0xDF, 0x7D, 0xD3, 0x2A, 0xDF, 0x7D, 0xDF, 0x7D, 0x51, 0x12, 0x10, 0x02,
    0x1F, 0xF8, 0x1F, 0xF8, 0x1F, 0xF8, 0x1F, 0xF8, 0x51, 0x12, 0xBF, 0x7D, 0xDF, 0x7D, 0xBF, 0x7D,
    0xDF, 0x7D, 0xDF, 0x7D, 0x51, 0x12, 0x10, 0x02, 0x1F, 0xF8, 0x1F, 0xF8, 0x1F, 0xF8, 0x1F, 0xF8,
    0x10, 0x02, 0x71, 0x1A, 0x71, 0x1A, 0xB2, 0x22, 0xDF, 0x7D, 0xDF, 0x7D, 0x51, 0x12, 0x10, 0x02,
    0x1F, 0xF8, 0x1F, 0xF8, 0x1F, 0xF8, 0x1F, 0xF8, 0x51, 0x12, 0xBF, 0x7D, 0xDF, 0x7D, 0xDF, 0x7D,
    0xDF, 0x7D, 0xDF, 0x7D, 0x51, 0x12, 0x10, 0x02, 0x1F, 0xF8, 0x1F, 0xF8, 0x1F, 0xF8, 0x1F, 0xF8,
    0x51, 0x12, 0xBF, 0x7D, 0xDF, 0x7D, 0xDF, 0x7D, 0xDF, 0x7D, 0xBF, 0x7D, 0x51, 0x12, 0x10, 0x02,
    0x1F, 0xF8, 0x1F, 0xF8, 0x1F, 0xF8, 0x1F, 0xF8, 0x10, 0x02, 0x71, 0x1A, 0x71, 0x1A, 0x71, 0x1A,
    0x71, 0x1A, 0x71, 0x1A, 0x51, 0x12, 0x10, 0x02, 0x1F, 0xF8, 0x1F, 0xF8, 0x1F, 0xF8, 0x1F, 0xF8,
    0x51, 0x12, 0xBF, 0x7D, 0xDF, 0x7D, 0xDF, 0x7D, 0xDF, 0x7D, 0xDF, 0x7D, 0xBF, 0x7D, 0x51, 0x12,
    0x1F, 0xF8, 0x1F, 0xF8, 0x1F, 0xF8, 0x1F, 0xF8, 0x51, 0x12, 0xDF, 0x7D, 0xDF, 0x7D, 0xDF, 0x7D,
    0xDF, 0x7D, 0xDF, 0x7D, 0xDF, 0x7D, 0x51, 0x12, 0x1F, 0xF8, 0x1F, 0xF8, 0x1F, 0xF8, 0x1F, 0xF8,
    0x51, 0x12, 0xDF, 0x7D, 0xDF, 0x7D, 0xB2, 0x22, 0xB2, 0x22, 0xDF, 0x7D, 0xDF, 0x7D, 0x51, 0x12,
    0x1F, 0xF8, 0x1F, 0xF8, 0x1F, 0xF8, 0x1F, 0xF8, 0x51, 0x12, 0xDF, 0x7D, 0xDF, 0x7D, 0xDF, 0x7D,
    0xDF, 0x7D, 0xDF, 0x7D, 0xDF, 0x7D, 0x51, 0x12, 0x1F, 0xF8, 0x1F, 0xF8, 0x1F, 0xF8, 0x1F, 0xF8,
    0x51, 0x12, 0xDF, 0x7D, 0xDF, 0x7D, 0xDF, 0x7D, 0xDF, 0x7D, 0xDF, 0x7D, 0xDF, 0x7D, 0x51, 0x12,
    0x1F, 0xF8, 0x1F, 0xF8, 0x1F, 0xF8, 0x1F, 0xF8, 0x51, 0x12, 0xDF, 0x7D, 0xDF, 0x7D, 0x71, 0x1A,
    0x71, 0x1A, 0xDF, 0x7D, 0xDF, 0x7D, 0x51, 0x12, 0x1F, 0xF8, 0x1F, 0xF8, 0x1F, 0xF8, 0x1F, 0xF8,
    0x51, 0x12, 0xBF, 0x7D, 0xBF, 0x7D, 0x51, 0x12, 0x51, 0x12, 0xBF, 0x7D, 0xBF, 0x7D, 0x51, 0x12,
    0x1F, 0xF8, 0x1F, 0xF8, 0x1F, 0xF8, 0x1F, 0xF8, 0x10, 0x02, 0x71, 0x1A, 0x71, 0x1A, 0x51, 0x12,
    0x51, 0x12, 0x71, 0x1A, 0x51, 0x12, 0x10, 0x02, 0x1F, 0xF8, 0x1F, 0xF8, 0x1F, 0xF8, 0x1F, 0xF8,
    0x51, 0x12, 0xBF, 0x7D, 0xDF, 0x7D, 0xDF, 0x7D, 0xDF, 0x7D, 0xBF, 0x7D, 0x71, 0x1A, 0x10, 0x02,
    0x1F, 0xF8, 0x1F, 0xF8, 0x1F, 0xF8, 0x1F, 0xF8, 0x51, 0x12, 0xDF, 0x7D, 0xDF, 0x7D, 0xDF, 0x7D,
    0xDF, 0x7D, 0xDF, 0x7D, 0xBF, 0x7D, 0x51, 0x12, 0x1F, 0xF8, 0x1F, 0xF8, 0x1F, 0xF8, 0x1F, 0xF8,
    0x51, 0x12, 0xDF, 0x7D, 0xDF, 0x7D, 0x71, 0x1A, 0xB2, 0x22, 0xDF, 0x7D, 0xBF, 0x7D, 0x51, 0x12,
    0x1F, 0xF8, 0x1F, 0xF8, 0x1F, 0xF8, 0x1F, 0xF8, 0x51, 0x12, 0xDF, 0x7D, 0xDF, 0x7D, 0x71, 0x1A,
    0xBF, 0x75, 0xDF, 0x7D, 0xB2, 0x22, 0x10, 0x02, 0x1F, 0xF8, 0x1F, 0xF8, 0x1F, 0xF8, 0x1F, 0xF8,
    0x51, 0x12, 0xDF, 0x7D, 0xDF, 0x7D, 0x71, 0x1A, 0xB2, 0x22, 0xDF, 0x7D, 0xBF, 0x7D, 0x51, 0x12,
    0x1F, 0xF8, 0x1F, 0xF8, 0x1F, 0xF8, 0x1F, 0xF8, 0x51, 0x12, 0xDF, 0x7D, 0xDF, 0x7D, 0xDF, 0x7D,
    0xDF, 0x7D, 0xDF, 0x7D, 0xBF, 0x7D, 0x51, 0x12, 0x1F, 0xF8, 0x1F, 0xF8, 0x1F, 0xF8, 0x1F, 0xF8,
    0x51, 0x12, 0xBF, 0x7D, 0xDF, 0x7D, 0xDF, 0x7D, 0xDF, 0x7D, 0xBF, 0x7D, 0x71, 0x1A, 0x10, 0x02,
    0x1F, 0xF8, 0x1F, 0xF8, 0x1F, 0xF8, 0x1F, 0xF8, 0x10, 0x02, 0x71, 0x1A, 0x71, 0x1A, 0x71, 0x1A,
    0x71, 0x1A, 0x71, 0x1A, 0x10, 0x02, 0x10, 0x02, 0x1F, 0xF8, 0x1F, 0xF8, 0x1F, 0xF8, 0x1F, 0xF8,
    0x51, 0x12, 0xBF, 0x7D, 0xDF, 0x7D, 0xDF, 0x7D, 0xDF, 0x7D, 0xBF, 0x7D, 0x51, 0x12, 0x10, 0x02,
    0x1F, 0xF8, 0x1F, 0xF8, 0x1F, 0xF8, 0x1F, 0xF8, 0x51, 0x12, 0xDF, 0x7D, 0xDF, 0x7D, 0xDF, 0x7D,
    0xDF, 0x7D, 0xBF, 0x7D, 0x51, 0x12, 0x10, 0x02, 0x1F, 0xF8, 0x1F, 0xF8, 0x1F, 0xF8, 0x1F, 0xF8,
    0x51, 0x12, 0xDF, 0x7D, 0xDF, 0x7D, 0x71, 0x1A, 0x51, 0x12, 0x51, 0x12, 0x10, 0x02, 0x10, 0x02,
    0x1F, 0xF8, 0x1F, 0xF8, 0x1F, 0xF8, 0x1F, 0xF8, 0x51, 0x12, 0xDF, 0x7D, 0xDF, 0x7D, 0x51, 0x12,
    0x10, 0x02, 0x10, 0x02, 0x10, 0x02, 0x10, 0x02, 0x1F, 0xF8, 0x1F, 0xF8, 0x1F, 0xF8, 0x1F, 0xF8,
    0x51, 0x12, 0xDF, 0x7D, 0xDF, 0x7D, 0x71, 0x1A, 0x51, 0x12, 0x51, 0x12, 0x10, 0x02, 0x10, 0x02,
    0x1F, 0xF8, 0x1F, 0xF8, 0x1F, 0xF8, 0x1F, 0xF8, 0x51, 0x12, 0xDF, 0x7D, 0xDF, 0x7D, 0xDF, 0x7D,
    0xDF, 0x7D, 0xBF, 0x7D, 0x51, 0x12, 0x10, 0x02, 0x1F, 0xF8, 0x1F, 0xF8, 0x1F, 0xF8, 0x1F, 0xF8,
    0x51, 0x12, 0xBF, 0x7D, 0xDF, 0x7D, 0xDF, 0x7D, 0xDF, 0x7D, 0xBF, 0x7D, 0x51, 0x12, 0x10, 0x02,
    0x1F, 0xF8, 0x1F, 0xF8, 0x1F, 0xF8, 0x1F, 0xF8, 0x10, 0x02, 0x71, 0x1A, 0x71, 0x1A, 0x71, 0x1A,
    0x71, 0x1A, 0x51, 0x12, 0x10, 0x02, 0x10, 0x02, 0x1F, 0xF8, 0x1F, 0xF8, 0x1F, 0xF8, 0x1F, 0xF8,
    0x51, 0x12, 0xBF, 0x7D, 0xDF, 0x7D, 0xDF, 0x7D, 0xBF, 0x7D, 0x71, 0x1A, 0x10, 0x02, 0x10, 0x02,
    0x1F, 0xF8, 0x1F, 0xF8, 0x1F, 0xF8, 0x1F, 0xF8, 0x51, 0x12, 0xDF, 0x7D, 0xDF, 0x7D, 0xDF, 0x7D,
    0xDF, 0x7D, 0xBF, 0x7D, 0x71, 0x1A, 0x10, 0x02, 0x1F, 0xF8, 0x1F, 0xF8, 0x1F, 0xF8, 0x1F, 0xF8,
    0x51, 0x12, 0xDF, 0x7D, 0xDF, 0x7D, 0x71, 0x1A, 0x71, 0x1A, 0xDF, 0x7D, 0xBF, 0x7D, 0x51, 0x12,
    0x1F, 0xF8, 0x1F, 0xF8, 0x1F, 0xF8, 0x1F, 0xF8, 0x51, 0x12, 0xDF, 0x7D, 0xDF, 0x7D, 0x51, 0x12,
    0x51, 0x12, 0xDF, 0x7D, 0xDF, 0x7D, 0x51, 0x12, 0x1F, 0xF8, 0x1F, 0xF8, 0x1F, 0xF8, 0x1F, 0xF8,
    0x51, 0x12, 0xDF, 0x7D, 0xDF, 0x7D, 0x71, 0x1A, 0x71, 0x1A, 0xDF, 0x7D, 0xBF, 0x7D, 0x51, 0x12,
    0x1F, 0xF8, 0x1F, 0xF8, 0x1F, 0xF8, 0x1F, 0xF8, 0x51, 0x12, 0xDF, 0x7D, 0xDF, 0x7D, 0xDF, 0x7D,
    0xDF, 0x7D, 0xBF, 0x7D, 0x71, 0x1A, 0x10, 0x02, 0x1F, 0xF8, 0x1F, 0xF8, 0x1F, 0xF8, 0x1F, 0xF8,
    0x51, 0x12, 0xBF, 0x7D, 0xDF, 0x7D, 0xDF, 0x7D, 0xBF, 0x7D, 0x71, 0x1A, 0x10, 0x02, 0x10, 0x02,
    0x1F, 0xF8, 0x1F, 0xF8, 0x1F, 0xF8, 0x1F, 0xF8, 0x10, 0x02, 0x71, 0x1A, 0x71, 0x1A, 0x71, 0x1A,
    0x71, 0x1A, 0x51, 0x12, 0x10, 0x02, 0x10, 0x02, 0x1F, 0xF8, 0x1F, 0xF8, 0x1F, 0xF8, 0x1F, 0xF8,
    0x51, 0x12, 0xBF, 0x7D, 0xDF, 0x7D, 0xDF, 0x7D, 0xDF, 0x7D, 0xBF, 0x7D, 0x51, 0x12, 0x10, 0x02,
    0x1F, 0xF8, 0x1F, 0xF8, 0x1F, 0xF8, 0x1F, 0xF8, 0x51, 0x12, 0xDF, 0x7D, 0xDF, 0x7D, 0xDF, 0x7D,
    0xDF, 0x7D, 0xBF, 0x7D, 0x51, 0x12, 0x10, 0x02, 0x1F, 0xF8, 0x1F, 0xF8, 0x1F, 0xF8, 0x1F, 0xF8,
    0x51, 0x12, 0xDF, 0x7D, 0xDF, 0x7D, 0xB2, 0x22, 0x71, 0x1A, 0x71, 0x1A, 0x10, 0x02, 0x10, 0x02,
    0x1F, 0xF8, 0x1F, 0xF8, 0x1F, 0xF8, 0x1F, 0xF8, 0x51, 0x12, 0xDF, 0x7D, 0xDF, 0x7D, 0xBF, 0x7D,
    0xBF, 0x7D, 0xBF, 0x75, 0x51, 0x12, 0x10, 0x02, 0x1F, 0xF8, 0x1F, 0xF8, 0x1F, 0xF8, 0x1F, 0xF8,
    0x51, 0x12, 0xDF, 0x7D, 0xDF, 0x7D, 0xB2, 0x22, 0x71, 0x1A, 0x71, 0x1A, 0x10, 0x02, 0x10, 0x02,
    0x1F, 0xF8, 0x1F, 0xF8, 0x1F, 0xF8, 0x1F, 0xF8, 0x51, 0x12, 0xDF, 0x7D, 0xDF, 0x7D, 0xDF, 0x7D,
    0xDF, 0x7D, 0xBF, 0x7D, 0x51, 0x12, 0x10, 0x02, 0x1F, 0xF8, 0x1F, 0xF8, 0x1F, 0xF8, 0x1F, 0xF8,
    0x51, 0x12, 0xBF, 0x7D, 0xDF, 0x7D, 0xDF, 0x7D, 0xDF, 0x7D, 0xBF, 0x7D, 0x51, 0x12, 0x10, 0x02,
    0x1F, 0xF8, 0x1F, 0xF8, 0x1F, 0xF8, 0x1F, 0xF8, 0x10, 0x02, 0x71, 0x1A, 0x71, 0x1A, 0x71, 0x1A,
    0x71, 0x1A, 0x71, 0x1A, 0x10, 0x02, 0x10, 0x02, 0x1F, 0xF8, 0x1F, 0xF8, 0x1F, 0xF8, 0x1F, 0xF8,
    0x51, 0x12, 0xBF, 0x7D, 0xDF, 0x7D, 0xDF, 0x7D, 0xDF, 0x7D, 0xBF, 0x7D, 0x51, 0x12, 0x10, 0x02,
    0x1F, 0xF8, 0x1F, 0xF8, 0x1F, 0xF8, 0x1F, 0xF8, 0x51, 0x12, 0xDF, 0x7D, 0xDF, 0x7D, 0xDF, 0x7D,
    0xDF, 0x7D, 0xBF, 0x7D, 0x51, 0x12, 0x10, 0x02, 0x1F, 0xF8, 0x1F, 0xF8, 0x1F, 0xF8, 0x1F, 0xF8,
    0x51, 0x12, 0xDF, 0x7D, 0xDF, 0x7D, 0xB2, 0x22, 0x71, 0x1A, 0x51, 0x12, 0x10, 0x02, 0x10, 0x02,
    0x1F, 0xF8, 0x1F, 0xF8, 0x1F, 0xF8, 0x1F, 0xF8, 0x51, 0x12, 0xDF, 0x7D, 0xDF, 0x7D, 0xDF, 0x7D,
    0xBF, 0x7D, 0x51, 0x12, 0x10, 0x02, 0x10, 0x02, 0x1F, 0xF8, 0x1F, 0xF8, 0x1F, 0xF8, 0x1F, 0xF8,
    0x51, 0x12, 0xDF, 0x7D, 0xDF, 0x7D, 0xDF, 0x7D, 0xBF, 0x7D, 0x51, 0x12, 0x10, 0x02, 0x10, 0x02,
    0x1F, 0xF8, 0x1F, 0xF8, 0x1F, 0xF8, 0x1F, 0xF8, 0x51, 0x12, 0xDF, 0x7D, 0xDF, 0x7D, 0x71, 0x1A,
    0x51, 0x12, 0x10, 0x02, 0x10, 0x02, 0x10, 0x02, 0x1F, 0xF8, 0x1F, 0xF8, 0x1F, 0xF8, 0x1F, 0xF8,
    0x51, 0x12, 0xBF, 0x7D, 0xBF, 0x7D, 0x51, 0x12, 0x10, 0x02, 0x10, 0x02, 0x10, 0x02, 0x10, 0x02,
    0x1F, 0xF8, 0x1F, 0xF8, 0x1F, 0xF8, 0x1F, 0xF8, 0x10, 0x02, 0x51, 0x12, 0x71, 0x1A, 0x51, 0x12,
    0x51, 0x12, 0x51, 0x12, 0x51, 0x12, 0x10, 0x02, 0x1F, 0xF8, 0x1F, 0xF8, 0x1F, 0xF8, 0x1F, 0xF8,
    0x10, 0x02, 0x71, 0x1A, 0xBF, 0x7D, 0xDF, 0x7D, 0xDF, 0x7D, 0xDF, 0x7D, 0xBF, 0x7D, 0x51, 0x12,
    0x1F, 0xF8, 0x1F, 0xF8, 0x1F, 0xF8, 0x1F, 0xF8, 0x51, 0x12, 0xBF, 0x7D, 0xDF, 0x7D, 0xDF, 0x7D,
    0xDF, 0x7D, 0xDF, 0x7D, 0xBF, 0x7D, 0x51, 0x12, 0x1F, 0xF8, 0x1F, 0xF8, 0x1F, 0xF8, 0x1F, 0xF8,
    0x51, 0x12, 0xDF, 0x7D, 0xDF, 0x7D, 0x71, 0x1A, 0x71, 0x1A, 0x71, 0x1A, 0x71, 0x1A, 0x10, 0x02,
    0x1F, 0xF8, 0x1F, 0xF8, 0x1F, 0xF8, 0x1F, 0xF8, 0x51, 0x12, 0xDF, 0x7D, 0xDF, 0x7D, 0x71, 0x1A,
    0xBF, 0x75, 0xDF, 0x7D, 0xBF, 0x7D, 0x51, 0x12, 0x1F, 0xF8, 0x1F, 0xF8, 0x1F, 0xF8, 0x1F, 0xF8,
    0x51, 0x12, 0xDF, 0x7D, 0xDF, 0x7D, 0x71, 0x1A, 0xB2, 0x22, 0xDF, 0x7D, 0xDF, 0x7D, 0x51, 0x12,
    0x1F, 0xF8, 0x1F, 0xF8, 0x1F, 0xF8, 0x1F, 0xF8, 0x51, 0x12, 0xBF, 0x7D, 0xDF, 0x7D, 0xDF, 0x7D,
    0xDF, 0x7D, 0xDF, 0x7D, 0xBF, 0x7D, 0x51, 0x12, 0x1F, 0xF8, 0x1F, 0xF8, 0x1F, 0xF8, 0x1F, 0xF8,
    0x10, 0x02, 0x71, 0x1A, 0xBF, 0x7D, 0xDF, 0x7D, 0xDF, 0x7D, 0xBF, 0x7D, 0x71, 0x1A, 0x10, 0x02,
    0x1F, 0xF8, 0x1F, 0xF8, 0x1F, 0xF8, 0x1F, 0xF8, 0x10, 0x02, 0x51, 0x12, 0x71, 0x1A, 0x51, 0x12,
    0x71, 0x1A, 0x71, 0x1A, 0x10, 0x02, 0x10, 0x02, 0x1F, 0xF8, 0x1F, 0xF8, 0x1F, 0xF8, 0x1F, 0xF8,
    0x51, 0x12, 0xBF, 0x7D, 0xBF, 0x7D, 0x71, 0x1A, 0xBF, 0x7D, 0xBF, 0x7D, 0x51, 0x12, 0x10, 0x02,
    0x1F, 0xF8, 0x1F, 0xF8, 0x1F, 0xF8, 0x1F, 0xF8, 0x51, 0x12, 0xDF, 0x7D, 0xDF, 0x7D, 0xB2, 0x22,
    0xDF, 0x7D, 0xDF, 0x7D, 0x51, 0x12, 0x10, 0x02, 0x1F, 0xF8, 0x1F, 0xF8, 0x1F, 0xF8, 0x1F, 0xF8,
    0x51, 0x12, 0xDF, 0x7D, 0xDF, 0x7D, 0xDF, 0x7D, 0xDF, 0x7D, 0xDF, 0x7D, 0x51, 0x12, 0x10, 0x02,
    0x1F, 0xF8, 0x1F, 0xF8, 0x1F, 0xF8, 0x1F, 0xF8, 0x51, 0x12, 0xDF, 0x7D, 0xDF, 0x7D, 0xDF, 0x7D,
    0xDF, 0x7D, 0xDF, 0x7D, 0x51, 0x12, 0x10, 0x02, 0x1F, 0xF8, 0x1F, 0xF8, 0x1F, 0xF8, 0x1F, 0xF8,
    0x51, 0x12, 0xDF, 0x7D, 0xDF, 0x7D, 0xB2, 0x22, 0xDF, 0x7D, 0xDF, 0x7D, 0x51, 0x12, 0x10, 0x02,
    0x1F, 0xF8, 0x1F, 0xF8, 0x1F, 0xF8, 0x1F, 0xF8, 0x51, 0x12, 0xDF, 0x7D, 0xDF, 0x7D, 0x71, 0x1A,
    0xDF, 0x7D, 0xDF, 0x7D, 0x51, 0x12, 0x10, 0x02, 0x1F, 0xF8, 0x1F, 0xF8, 0x1F, 0xF8, 0x1F, 0xF8,
    0x51, 0x12, 0xBF, 0x7D, 0xBF, 0x7D, 0x71, 0x1A, 0xBF, 0x7D, 0xBF, 0x7D, 0x51, 0x12, 0x10, 0x02,
    0x1F, 0xF8, 0x1F, 0xF8, 0x1F, 0xF8, 0x1F, 0xF8, 0x10, 0x02, 0x51, 0x12, 0x51, 0x12, 0x51, 0x12,
    0x71, 0x1A, 0x51, 0x12, 0x10, 0x02, 0x10, 0x02, 0x1F, 0xF8, 0x1F, 0xF8, 0x1F, 0xF8, 0x1F, 0xF8,
    0x10, 0x02, 0x10, 0x02, 0x51, 0x12, 0xBF, 0x7D, 0xBF, 0x7D, 0x51, 0x12, 0x10, 0x02, 0x10, 0x02,
    0x1F, 0xF8, 0x1F, 0xF8, 0x1F, 0xF8, 0x1F, 0xF8, 0x10, 0x02, 0x10, 0x02, 0x51, 0x12, 0xDF, 0x7D,
    0xDF, 0x7D, 0x51, 0x12, 0x10, 0x02, 0x10, 0x02, 0x1F, 0xF8, 0x1F, 0xF8, 0x1F, 0xF8, 0x1F, 0xF8,
    0x10, 0x02, 0x10, 0x02, 0x51, 0x12, 0xDF, 0x7D, 0xDF, 0x7D, 0x51, 0x12, 0x10, 0x02, 0x10, 0x02,
    0x1F, 0xF8, 0x1F, 0xF8, 0x1F, 0xF8, 0x1F, 0xF8, 0x10, 0x02, 0x10, 0x02, 0x51, 0x12, 0xDF, 0x7D,
    0xDF, 0x7D, 0x51, 0x12, 0x10, 0x02, 0x10, 0x02, 0x1F, 0xF8, 0x1F, 0xF8, 0x1F, 0xF8, 0x1F, 0xF8,
    0x10, 0x02, 0x10, 0x02, 0x51, 0x12, 0xDF, 0x7D, 0xDF, 0x7D, 0x51, 0x12, 0x10, 0x02, 0x10, 0x02,
    0x1F, 0xF8, 0x1F, 0xF8, 0x1F, 0xF8, 0x1F, 0xF8, 0x10, 0x02, 0x10, 0x02, 0x51, 0x12, 0xDF, 0x7D,
    0xDF, 0x7D, 0x51, 0x12, 0x10, 0x02, 0x10, 0x02, 0x1F, 0xF8, 0x1F, 0xF8, 0x1F, 0xF8, 0x1F, 0xF8,
    0x10, 0x02, 0x10, 0x02, 0x51, 0x12, 0xBF, 0x7D, 0xBF, 0x7D, 0x51, 0x12, 0x10, 0x02, 0x10, 0x02,
    0x1F, 0xF8, 0x1F, 0xF8, 0x1F, 0xF8, 0x1F, 0xF8, 0x10, 0x02, 0x10, 0x02, 0x51, 0x12, 0x71, 0x1A,
    0x71, 0x1A, 0x51, 0x12, 0x51, 0x12, 0x10, 0x02, 0x1F, 0xF8, 0x1F, 0xF8, 0x1F, 0xF8, 0x1F, 0xF8,
    0x10, 0x02, 0x51, 0x12, 0xBF, 0x7D, 0xDF, 0x7D, 0xDF, 0x7D, 0xDF, 0x7D, 0xBF, 0x7D, 0x51, 0x12,
    0x1F, 0xF8, 0x1F, 0xF8, 0x1F, 0xF8, 0x1F, 0xF8, 0x10, 0x02, 0x51, 0x12, 0xBF, 0x7D, 0xDF, 0x7D,
    0xDF, 0x7D, 0xDF, 0x7D, 0xBF, 0x7D, 0x51, 0x12, 0x1F, 0xF8, 0x1F, 0xF8, 0x1F, 0xF8, 0x1F, 0xF8,
    0x10, 0x02, 0x10, 0x02, 0x51, 0x12, 0x71, 0x1A, 0xDF, 0x7D, 0xDF, 0x7D, 0x71, 0x1A, 0x10, 0x02,
    0x1F, 0xF8, 0x1F, 0xF8, 0x1F, 0xF8, 0x1F, 0xF8, 0x10, 0x02, 0x51, 0x12, 0x51, 0x12, 0x51, 0x12,
    0xDF, 0x7D, 0xDF, 0x7D, 0x51, 0x12, 0x10, 0x02, 0x1F, 0xF8, 0x1F, 0xF8, 0x1F, 0xF8, 0x1F, 0xF8,
    0x51, 0x12, 0xBF, 0x7D, 0xBF, 0x7D, 0xB2, 0x22, 0xDF, 0x7D, 0xDF, 0x7D, 0x51, 0x12, 0x10, 0x02,
    0x1F, 0xF8, 0x1F, 0xF8, 0x1F, 0xF8, 0x1F, 0xF8, 0x51, 0x12, 0xBF, 0x7D, 0xDF, 0x7D, 0xDF, 0x7D,
    0xDF, 0x7D, 0xBF, 0x7D, 0x51, 0x12, 0x10, 0x02, 0x1F, 0xF8, 0x1F, 0xF8, 0x1F, 0xF8, 0x1F, 0xF8,
    0x10, 0x02, 0x71, 0x1A, 0xBF, 0x7D, 0xDF, 0x7D, 0xBF, 0x7D, 0x71, 0x1A, 0x10, 0x02, 0x10, 0x02,
    0x1F, 0xF8, 0x1F, 0xF8, 0x1F, 0xF8, 0x1F, 0xF8, 0x10, 0x02, 0x51, 0x12, 0x71, 0x1A, 0x51, 0x12,
    0x71, 0x1A, 0x51, 0x12, 0x51, 0x12, 0x10, 0x02, 0x1F, 0xF8, 0x1F, 0xF8, 0x1F, 0xF8, 0x1F, 0xF8,
    0x51, 0x12, 0xBF, 0x7D, 0xBF, 0x7D, 0x71, 0x1A, 0xBF, 0x7D, 0xDF, 0x7D, 0xBF, 0x7D, 0x51, 0x12,
    0x1F, 0xF8, 0x1F, 0xF8, 0x1F, 0xF8, 0x1F, 0xF8, 0x51, 0x12, 0xDF, 0x7D, 0xDF, 0x7D, 0xB2, 0x22,
    0xDF, 0x7D, 0xDF, 0x7D, 0xBF, 0x7D, 0x51, 0x12, 0x1F, 0xF8, 0x1F, 0xF8, 0x1F, 0xF8, 0x1F, 0xF8,
    0x51, 0x12, 0xDF, 0x7D, 0xDF, 0x7D, 0xDF, 0x7D, 0xDF, 0x7D, 0xDF, 0x7D, 0x71, 0x1A, 0x10, 0x02,
    0x1F, 0xF8, 0x1F, 0xF8, 0x1F, 0xF8, 0x1F, 0xF8, 0x51, 0x12, 0xDF, 0x7D, 0xDF, 0x7D, 0xDF, 0x7D,
    0xDF, 0x7D, 0xDF, 0x7D, 0x51, 0x12, 0x10, 0x02, 0x1F, 0xF8, 0x1F, 0xF8, 0x1F, 0xF8, 0x1F, 0xF8,
    0x51, 0x12, 0xDF, 0x7D, 0xDF, 0x7D, 0xDF, 0x7D, 0xDF, 0x7D, 0xDF, 0x7D, 0x71, 0x1A, 0x10, 0x02,
    0x1F, 0xF8, 0x1F, 0xF8, 0x1F, 0xF8, 0x1F, 0xF8, 0x51, 0x12, 0xDF, 0x7D, 0xDF, 0x7D, 0xB2, 0x22,
    0xDF, 0x7D, 0xDF, 0x7D, 0xBF, 0x7D, 0x51, 0x12, 0x1F, 0xF8, 0x1F, 0xF8, 0x1F, 0xF8, 0x1F, 0xF8,
    0x51, 0x12, 0xBF, 0x7D, 0xBF, 0x7D, 0x71, 0x1A, 0xBF, 0x7D, 0xDF, 0x7D, 0xBF, 0x7D, 0x51, 0x12,
    0x1F, 0xF8, 0x1F, 0xF8, 0x1F, 0xF8, 0x1F, 0xF8, 0x10, 0x02, 0x71, 0x1A, 0x71, 0x1A, 0x10, 0x02,
    0x51, 0x12, 0x51, 0x12, 0x51, 0x12, 0x10, 0x02, 0x1F, 0xF8, 0x1F, 0xF8, 0x1F, 0xF8, 0x1F, 0xF8,
    0x51, 0x12, 0xBF, 0x7D, 0xBF, 0x7D, 0x51, 0x12, 0x10, 0x02, 0x10, 0x02, 0x10, 0x02, 0x10, 0x02,
    0x1F, 0xF8, 0x1F, 0xF8, 0x1F, 0xF8, 0x1F, 0xF8, 0x51, 0x12, 0xDF, 0x7D, 0xDF, 0x7D, 0x51, 0x12,
    0x10, 0x02, 0x10, 0x02, 0x10, 0x02, 0x10, 0x02, 0x1F, 0xF8, 0x1F, 0xF8, 0x1F, 0xF8, 0x1F, 0xF8,
    0x51, 0x12, 0xDF, 0x7D, 0xDF, 0x7D, 0x51, 0x12, 0x10, 0x02, 0x10, 0x02, 0x10, 0x02, 0x10, 0x02,
    0x1F, 0xF8, 0x1F, 0xF8, 0x1F, 0xF8, 0x1F, 0xF8, 0x51, 0x12, 0xDF, 0x7D, 0xDF, 0x7D, 0x51, 0x12,
    0x10, 0x02, 0x10, 0x02, 0x10, 0x02, 0x10, 0x02, 0x1F, 0xF8, 0x1F, 0xF8, 0x1F, 0xF8, 0x1F, 0xF8,
    0x51, 0x12, 0xDF, 0x7D, 0xDF, 0x7D, 0x71, 0x1A, 0x51, 0x12, 0x51, 0x12, 0x10, 0x02, 0x10, 0x02,
    0x1F, 0xF8, 0x1F, 0xF8, 0x1F, 0xF8, 0x1F, 0xF8, 0x51, 0x12, 0xDF, 0x7D, 0xDF, 0x7D, 0xDF, 0x7D,
    0xDF, 0x7D, 0xBF, 0x7D, 0x51, 0x12, 0x10, 0x02, 0x1F, 0xF8, 0x1F, 0xF8, 0x1F, 0xF8, 0x1F, 0xF8,
    0x51, 0x12, 0xBF, 0x7D, 0xDF, 0x7D, 0xDF, 0x7D, 0xDF, 0x7D, 0xBF, 0x7D, 0x51, 0x12, 0x10, 0x02,
    0x1F, 0xF8, 0x1F, 0xF8, 0x1F, 0xF8, 0x1F, 0xF8, 0x10, 0x02, 0x71, 0x1A, 0x51, 0x12, 0x51, 0x12,
    0x51, 0x12, 0x51, 0x12, 0x10, 0x02, 0x51, 0x12, 0x1F, 0xF8, 0x1F, 0xF8, 0x1F, 0xF8, 0x1F, 0xF8,
    0x51, 0x12, 0xBF, 0x75, 0x71, 0x1A, 0x10, 0x02, 0x10, 0x02, 0x10, 0x02, 0x71, 0x1A, 0xBF, 0x7D,
    0x1F, 0xF8, 0x1F, 0xF8, 0x1F, 0xF8, 0x1F, 0xF8, 0x51, 0x12, 0xDF, 0x7D, 0xBF, 0x7D, 0x71, 0x1A,
    0x10, 0x02, 0x71, 0x1A, 0xBF, 0x7D, 0xDF, 0x7D, 0x1F, 0xF8, 0x1F, 0xF8, 0x1F, 0xF8, 0x1F, 0xF8,
    0x51, 0x12, 0xDF, 0x7D, 0xDF, 0x7D, 0xBF, 0x7D, 0xB2, 0x22, 0xBF, 0x7D, 0xDF, 0x7D, 0xDF, 0x7D,
    0x1F, 0xF8, 0x1F, 0xF8, 0x1F, 0xF8, 0x1F, 0xF8, 0x51, 0x12, 0xDF, 0x7D, 0xDF, 0x7D, 0xDF, 0x7D,
    0xDF, 0x7D, 0xDF, 0x7D, 0xDF, 0x7D, 0xDF, 0x7D, 0x1F, 0xF8, 0x1F, 0xF8, 0x1F, 0xF8, 0x1F, 0xF8,
    0x51, 0x12, 0xDF, 0x7D, 0xDF, 0x7D, 0xB2, 0x22, 0xBF, 0x75, 0xB2, 0x22, 0xDF, 0x7D, 0xDF, 0x7D,
    0x1F, 0xF8, 0x1F, 0xF8, 0x1F, 0xF8, 0x1F, 0xF8, 0x51, 0x12, 0xDF, 0x7D, 0xDF, 0x7D, 0x51, 0x12,
    0x51, 0x12, 0x51, 0x12, 0xDF, 0x7D, 0xDF, 0x7D, 0x1F, 0xF8, 0x1F, 0xF8, 0x1F, 0xF8, 0x1F, 0xF8,
    0x51, 0x12, 0xBF, 0x7D, 0xBF, 0x7D, 0x51, 0x12, 0x10, 0x02, 0x51, 0x12, 0xBF, 0x7D, 0xDF, 0x7D,
    0x1F, 0xF8, 0x1F, 0xF8, 0x1F, 0xF8, 0x1F, 0xF8, 0x10, 0x02, 0x71, 0x1A, 0x71, 0x1A, 0x10, 0x02,
    0x10, 0x02, 0x51, 0x12, 0x71, 0x1A, 0x51, 0x12, 0x1F, 0xF8, 0x1F, 0xF8, 0x1F, 0xF8, 0x1F, 0xF8,
    0x51, 0x12, 0xBF, 0x7D, 0xBF, 0x7D, 0x71, 0x1A, 0x51, 0x12, 0xBF, 0x7D, 0xBF, 0x7D, 0x51, 0x12,
    0x1F, 0xF8, 0x1F, 0xF8, 0x1F, 0xF8, 0x1F, 0xF8, 0x51, 0x12, 0xDF, 0x7D, 0xDF, 0x7D, 0xBF, 0x7D,
    0xB2, 0x22, 0xDF, 0x7D, 0xDF, 0x7D, 0x51, 0x12, 0x1F, 0xF8, 0x1F, 0xF8, 0x1F, 0xF8, 0x1F, 0xF8,
    0x51, 0x12, 0xDF, 0x7D, 0xDF, 0x7D, 0xDF, 0x7D, 0xDF, 0x7D, 0xDF, 0x7D, 0xDF, 0x7D, 0x51, 0x12,
    0x1F, 0xF8, 0x1F, 0xF8, 0x1F, 0xF8, 0x1F, 0xF8, 0x51, 0x12, 0xDF, 0x7D, 0xDF, 0x7D, 0xB2, 0x22,
    0xBF, 0x7D, 0xDF, 0x7D, 0xDF, 0x7D, 0x51, 0x12, 0x1F, 0xF8, 0x1F, 0xF8, 0x1F, 0xF8, 0x1F, 0xF8,
    0x51, 0x12, 0xDF, 0x7D, 0xDF, 0x7D, 0x51, 0x12, 0x71, 0x1A, 0xDF, 0x7D, 0xDF, 0x7D, 0x51, 0x12,
    0x1F, 0xF8, 0x1F, 0xF8, 0x1F, 0xF8, 0x1F, 0xF8, 0x51, 0x12, 0xDF, 0x7D, 0xDF, 0x7D, 0x51, 0x12,
    0x51, 0x12, 0xDF, 0x7D, 0xDF, 0x7D, 0x51, 0x12, 0x1F, 0xF8, 0x1F, 0xF8, 0x1F, 0xF8, 0x1F, 0xF8,
    0x51, 0x12, 0xBF, 0x7D, 0xBF, 0x7D, 0x51, 0x12, 0x51, 0x12, 0xBF, 0x7D, 0xBF, 0x7D, 0x51, 0x12,
    0x1F, 0xF8, 0x1F, 0xF8, 0x1F, 0xF8, 0x1F, 0xF8, 0x10, 0x02, 0x51, 0x12, 0x71, 0x1A, 0x51, 0x12,
    0x51, 0x12, 0x51, 0x12, 0x51, 0x12, 0x10, 0x02, 0x1F, 0xF8, 0x1F, 0xF8, 0x1F, 0xF8, 0x1F, 0xF8,
    0x10, 0x02, 0x71, 0x1A, 0xBF, 0x7D, 0xDF, 0x7D, 0xBF, 0x7D, 0x71, 0x1A, 0x10, 0x02, 0x10, 0x02,
    0x1F, 0xF8, 0x1F, 0xF8, 0x1F, 0xF8, 0x1F, 0xF8, 0x51, 0x12, 0xBF, 0x7D, 0xDF, 0x7D, 0xDF, 0x7D,
    0xDF, 0x7D, 0xBF, 0x7D, 0x51, 0x12, 0x10, 0x02, 0x1F, 0xF8, 0x1F, 0xF8, 0x1F, 0xF8, 0x1F, 0xF8,
    0x51, 0x12, 0xDF, 0x7D, 0xDF, 0x7D, 0xB2, 0x22, 0xDF, 0x7D, 0xDF, 0x7D, 0x51, 0x12, 0x10, 0x02,
    0x1F, 0xF8, 0x1F, 0xF8, 0x1F, 0xF8, 0x1F, 0xF8, 0x51, 0x12, 0xDF, 0x7D, 0xDF, 0x7D, 0x71, 0x1A,
    0xDF, 0x7D, 0xDF, 0x7D, 0x51, 0x12, 0x10, 0x02, 0x1F, 0xF8, 0x1F, 0xF8, 0x1F, 0xF8, 0x1F, 0xF8,
    0x51, 0x12, 0xDF, 0x7D, 0xDF, 0x7D, 0xB2, 0x22, 0xDF, 0x7D, 0xDF, 0x7D, 0x51, 0x12, 0x10, 0x02,
    0x1F, 0xF8, 0x1F, 0xF8, 0x1F, 0xF8, 0x1F, 0xF8, 0x51, 0x12, 0xBF, 0x7D, 0xDF, 0x7D, 0xDF, 0x7D,
    0xDF, 0x7D, 0xBF, 0x7D, 0x51, 0x12, 0x10, 0x02, 0x1F, 0xF8, 0x1F, 0xF8, 0x1F, 0xF8, 0x1F, 0xF8,
    0x10, 0x02, 0x71, 0x1A, 0xBF, 0x7D, 0xDF, 0x7D, 0xBF, 0x7D, 0x71, 0x1A, 0x10, 0x02, 0x10, 0x02,
    0x1F, 0xF8, 0x1F, 0xF8, 0x1F, 0xF8, 0x1F, 0xF8, 0x10, 0x02, 0x51, 0x12, 0x71, 0x1A, 0x71, 0x1A,
    0x71, 0x1A, 0x10, 0x02, 0x10, 0x02, 0x10, 0x02, 0x1F, 0xF8, 0x1F, 0xF8, 0x1F, 0xF8, 0x1F, 0xF8,
    0x51, 0x12, 0xBF, 0x7D, 0xDF, 0x7D, 0xDF, 0x7D, 0xBF, 0x7D, 0x71, 0x1A, 0x10, 0x02, 0x10, 0x02,
    0x1F, 0xF8, 0x1F, 0xF8, 0x1F, 0xF8, 0x1F, 0xF8, 0x51, 0x12, 0xDF, 0x7D, 0xDF, 0x7D, 0xDF, 0x7D,
    0xDF, 0x7D, 0xBF, 0x7D, 0x51, 0x12, 0x10, 0x02, 0x1F, 0xF8, 0x1F, 0xF8, 0x1F, 0xF8, 0x1F, 0xF8,
    0x51, 0x12, 0xDF, 0x7D, 0xDF, 0x7D, 0xD3, 0x2A, 0xDF, 0x7D, 0xDF, 0x7D, 0x51, 0x12, 0x10, 0x02,
    0x1F, 0xF8, 0x1F, 0xF8, 0x1F, 0xF8, 0x1F, 0xF8, 0x51, 0x12, 0xDF, 0x7D, 0xDF, 0x7D, 0xDF, 0x7D,
    0xDF, 0x7D, 0xBF, 0x7D, 0x51, 0x12, 0x10, 0x02, 0x1F, 0xF8, 0x1F, 0xF8, 0x1F, 0xF8, 0x1F, 0xF8,
    0x51, 0x12, 0xDF, 0x7D, 0xDF, 0x7D, 0xDF, 0x7D, 0xBF, 0x7D, 0x71, 0x1A, 0x10, 0x02, 0x10, 0x02,
    0x1F, 0xF8, 0x1F, 0xF8, 0x1F, 0xF8, 0x1F, 0xF8, 0x51, 0x12, 0xDF, 0x7D, 0xDF, 0x7D, 0x71, 0x1A,
    0x51, 0x12, 0x10, 0x02, 0x10, 0x02, 0x10, 0x02, 0x1F, 0xF8, 0x1F, 0xF8, 0x1F, 0xF8, 0x1F, 0xF8,
    0x51, 0x12, 0xBF, 0x7D, 0xBF, 0x7D, 0x51, 0x12, 0x10, 0x02, 0x10, 0x02, 0x10, 0x02, 0x10, 0x02,
    0x1F, 0xF8, 0x1F, 0xF8, 0x1F, 0xF8, 0x1F, 0xF8, 0x10, 0x02, 0x51, 0x12, 0x71, 0x1A, 0x51, 0x12,
    0x51, 0x12, 0x51, 0x12, 0x10, 0x02, 0x10, 0x02, 0x1F, 0xF8, 0x1F, 0xF8, 0x1F, 0xF8, 0x1F, 0xF8,
    0x10, 0x02, 0x71, 0x1A, 0xBF, 0x7D, 0xDF, 0x7D, 0xDF, 0x7D, 0xBF, 0x7D, 0x71, 0x1A, 0x10, 0x02,
    0x1F, 0xF8, 0x1F, 0xF8, 0x1F, 0xF8, 0x1F, 0xF8, 0x51, 0x12, 0xBF, 0x7D, 0xDF, 0x7D, 0xDF, 0x7D,
    0xDF, 0x7D, 0xDF, 0x7D, 0xBF, 0x7D, 0x51, 0x12, 0x1F, 0xF8, 0x1F, 0xF8, 0x1F, 0xF8, 0x1F, 0xF8,
    0x51, 0x12, 0xDF, 0x7D, 0xDF, 0x7D, 0x71, 0x1A, 0x71, 0x1A, 0xDF, 0x7D, 0xDF, 0x7D, 0x51, 0x12,
    0x1F, 0xF8, 0x1F, 0xF8, 0x1F, 0xF8, 0x1F, 0xF8, 0x51, 0x12, 0xDF, 0x7D, 0xDF, 0x7D, 0x51, 0x12,
    0x51, 0x12, 0xDF, 0x7D, 0xDF, 0x7D, 0x51, 0x12, 0x1F, 0xF8, 0x1F, 0xF8, 0x1F, 0xF8, 0x1F, 0xF8,
    0x51, 0x12, 0xDF, 0x7D, 0xDF, 0x7D, 0x71, 0x1A, 0x71, 0x1A, 0xDF, 0x7D, 0xDF, 0x7D, 0x51, 0x12,
    0x1F, 0xF8, 0x1F, 0xF8, 0x1F, 0xF8, 0x1F, 0xF8, 0x51, 0x12, 0xBF, 0x7D, 0xDF, 0x7D, 0xDF, 0x7D,
    0xDF, 0x7D, 0xDF, 0x7D, 0xDF, 0x7D, 0x51, 0x12, 0x1F, 0xF8, 0x1F, 0xF8, 0x1F, 0xF8, 0x1F, 0xF8,
    0x10, 0x02, 0x71, 0x1A, 0xBF, 0x7D, 0xDF, 0x7D, 0xDF, 0x7D, 0xDF, 0x7D, 0xBF, 0x7D, 0x51, 0x12,
    0x1F, 0xF8, 0x1F, 0xF8, 0x1F, 0xF8, 0x1F, 0xF8, 0x10, 0x02, 0x51, 0x12, 0x71, 0x1A, 0x71, 0x1A,
    0x71, 0x1A, 0x51, 0x12, 0x51, 0x12, 0x10, 0x02, 0x1F, 0xF8, 0x1F, 0xF8, 0x1F, 0xF8, 0x1F, 0xF8,
    0x51, 0x12, 0xBF, 0x7D, 0xDF, 0x7D, 0xDF, 0x7D, 0xBF, 0x7D, 0x71, 0x1A, 0x10, 0x02, 0x10, 0x02,
    0x1F, 0xF8, 0x1F, 0xF8, 0x1F, 0xF8, 0x1F, 0xF8, 0x51, 0x12, 0xDF, 0x7D, 0xDF, 0x7D, 0xDF, 0x7D,
    0xDF, 0x7D, 0xBF, 0x7D, 0x51, 0x12, 0x10, 0x02, 0x1F, 0xF8, 0x1F, 0xF8, 0x1F, 0xF8, 0x1F, 0xF8,
    0x51, 0x12, 0xDF, 0x7D, 0xDF, 0x7D, 0xB2, 0x22, 0xDF, 0x7D, 0xDF, 0x7D, 0x51, 0x12, 0x10, 0x02,
    0x1F, 0xF8, 0x1F, 0xF8, 0x1F, 0xF8, 0x1F, 0xF8, 0x51, 0x12, 0xDF, 0x7D, 0xDF, 0x7D, 0xB2, 0x22,
    0xDF, 0x7D, 0xBF, 0x7D, 0x51, 0x12, 0x10, 0x02, 0x1F, 0xF8, 0x1F, 0xF8, 0x1F, 0xF8, 0x1F, 0xF8,
    0x51, 0x12, 0xDF, 0x7D, 0xDF, 0x7D, 0xBF, 0x7D, 0xDF, 0x7D, 0xB2, 0x22, 0x10, 0x02, 0x10, 0x02,
    0x1F, 0xF8, 0x1F, 0xF8, 0x1F, 0xF8, 0x1F, 0xF8, 0x51, 0x12, 0xDF, 0x7D, 0xDF, 0x7D, 0xB2, 0x22,
    0xDF, 0x7D, 0xBF, 0x7D, 0x51, 0x12, 0x10, 0x02, 0x1F, 0xF8, 0x1F, 0xF8, 0x1F, 0xF8, 0x1F, 0xF8,
    0x51, 0x12, 0xBF, 0x7D, 0xBF, 0x7D, 0x71, 0x1A, 0xBF, 0x7D, 0xBF, 0x7D, 0x51, 0x12, 0x10, 0x02,
    0x1F, 0xF8, 0x1F, 0xF8, 0x1F, 0xF8, 0x1F, 0xF8, 0x10, 0x02, 0x51, 0x12, 0x71, 0x1A, 0x51, 0x12,
    0x71, 0x1A, 0x71, 0x1A, 0x10, 0x02, 0x10, 0x02, 0x1F, 0xF8, 0x1F, 0xF8, 0x1F, 0xF8, 0x1F, 0xF8,
    0x10, 0x02, 0x71, 0x1A, 0xBF, 0x7D, 0xDF, 0x7D, 0xDF, 0x7D, 0xBF, 0x7D, 0x51, 0x12, 0x10, 0x02,
    0x1F, 0xF8, 0x1F, 0xF8, 0x1F, 0xF8, 0x1F, 0xF8, 0x51, 0x12, 0xBF, 0x7D, 0xDF, 0x7D, 0xDF, 0x7D,
    0xDF, 0x7D, 0xBF, 0x7D, 0x51, 0x12, 0x10, 0x02, 0x1F, 0xF8, 0x1F, 0xF8, 0x1F, 0xF8, 0x1F, 0xF8,
    0x51, 0x12, 0xBF, 0x7D, 0xDF, 0x7D, 0xDF, 0x7D, 0xB2, 0x22, 0x51, 0x12, 0x10, 0x02, 0x10, 0x02,
    0x1F, 0xF8, 0x1F, 0xF8, 0x1F, 0xF8, 0x1F, 0xF8, 0x10, 0x02, 0x71, 0x1A, 0xBF, 0x7D, 0xDF, 0x7D,
    0xBF, 0x7D, 0x71, 0x1A, 0x10, 0x02, 0x10, 0x02, 0x1F, 0xF8, 0x1F, 0xF8, 0x1F, 0xF8, 0x1F, 0xF8,
    0x10, 0x02, 0x51, 0x12, 0x71, 0x1A, 0xB2, 0x22, 0xDF, 0x7D, 0xBF, 0x7D, 0x51, 0x12, 0x10, 0x02,
    0x1F, 0xF8, 0x1F, 0xF8, 0x1F, 0xF8, 0x1F, 0xF8, 0x51, 0x12, 0xBF, 0x7D, 0xDF, 0x7D, 0xDF, 0x7D,
    0xDF, 0x7D, 0xBF, 0x7D, 0x51, 0x12, 0x10, 0x02, 0x1F, 0xF8, 0x1F, 0xF8, 0x1F, 0xF8, 0x1F, 0xF8,
    0x51, 0x12, 0xBF, 0x7D, 0xDF, 0x7D, 0xDF, 0x7D, 0xBF, 0x7D, 0x71, 0x1A, 0x10, 0x02, 0x10, 0x02,
    0x1F, 0xF8, 0x1F, 0xF8, 0x1F, 0xF8, 0x1F, 0xF8, 0x10, 0x02, 0x71, 0x1A, 0x71, 0x1A, 0x71, 0x1A,
    0x71, 0x1A, 0x51, 0x12, 0x51, 0x12, 0x10, 0x02, 0x1F, 0xF8, 0x1F, 0xF8, 0x1F, 0xF8, 0x1F, 0xF8,
    0x51, 0x12, 0xBF, 0x7D, 0xDF, 0x7D, 0xDF, 0x7D, 0xDF, 0x7D, 0xDF, 0x7D, 0xBF, 0x7D, 0x51, 0x12,
    0x1F, 0xF8, 0x1F, 0xF8, 0x1F, 0xF8, 0x1F, 0xF8, 0x51, 0x12, 0xBF, 0x7D, 0xDF, 0x7D, 0xDF, 0x7D,
    0xDF, 0x7D, 0xDF, 0x7D, 0xBF, 0x7D, 0x51, 0x12, 0x1F, 0xF8, 0x1F, 0xF8, 0x1F, 0xF8, 0x1F, 0xF8,
    0x10, 0x02, 0x51, 0x12, 0x71, 0x1A, 0xDF, 0x7D, 0xDF, 0x7D, 0x71, 0x1A, 0x51, 0x12, 0x10, 0x02,
    0x1F, 0xF8, 0x1F, 0xF8, 0x1F, 0xF8, 0x1F, 0xF8, 0x10, 0x02, 0x10, 0x02, 0x51, 0x12, 0xDF, 0x7D,
    0xDF, 0x7D, 0x51, 0x12, 0x10, 0x02, 0x10, 0x02, 0x1F, 0xF8, 0x1F, 0xF8, 0x1F, 0xF8, 0x1F, 0xF8,
    0x10, 0x02, 0x10, 0x02, 0x51, 0x12, 0xDF, 0x7D, 0xDF, 0x7D, 0x51, 0x12, 0x10, 0x02, 0x10, 0x02,
    0x1F, 0xF8, 0x1F, 0xF8, 0x1F, 0xF8, 0x1F, 0xF8, 0x10, 0x02, 0x10, 0x02, 0x51, 0x12, 0xDF, 0x7D,
    0xDF, 0x7D, 0x51, 0x12, 0x10, 0x02, 0x10, 0x02, 0x1F, 0xF8, 0x1F, 0xF8, 0x1F, 0xF8, 0x1F, 0xF8,
    0x10, 0x02, 0x10, 0x02, 0x51, 0x12, 0xBF, 0x7D, 0xBF, 0x7D, 0x51, 0x12, 0x10, 0x02, 0x10, 0x02,
    0x1F, 0xF8, 0x1F, 0xF8, 0x1F, 0xF8, 0x1F, 0xF8, 0x10, 0x02, 0x51, 0x12, 0x51, 0x12, 0x51, 0x12,
    0x71, 0x1A, 0x51, 0x12, 0x10, 0x02, 0x10, 0x02, 0x1F, 0xF8, 0x1F, 0xF8, 0x1F, 0xF8, 0x1F, 0xF8,
    0x51, 0x12, 0xBF, 0x7D, 0xBF, 0x7D, 0x71, 0x1A, 0xBF, 0x7D, 0xBF, 0x7D, 0x51, 0x12, 0x10, 0x02,
    0x1F, 0xF8, 0x1F, 0xF8, 0x1F, 0xF8, 0x1F, 0xF8, 0x51, 0x12, 0xDF, 0x7D, 0xDF, 0x7D, 0x71, 0x1A,
    0xDF, 0x7D, 0xDF, 0x7D, 0x51, 0x12, 0x10, 0x02, 0x1F, 0xF8, 0x1F, 0xF8, 0x1F, 0xF8, 0x1F, 0xF8,
    0x51, 0x12, 0xDF, 0x7D, 0xDF, 0x7D, 0x71, 0x1A, 0xDF, 0x7D, 0xDF, 0x7D, 0x51, 0x12, 0x10, 0x02,
    0x1F, 0xF8, 0x1F, 0xF8, 0x1F, 0xF8, 0x1F, 0xF8, 0x51, 0x12, 0xDF, 0x7D, 0xDF, 0x7D, 0x71, 0x1A,
    0xDF, 0x7D, 0xDF, 0x7D, 0x51, 0x12, 0x10, 0x02, 0x1F, 0xF8, 0x1F, 0xF8, 0x1F, 0xF8, 0x1F, 0xF8,
    0x51, 0x12, 0xDF, 0x7D, 0xDF, 0x7D, 0xB2, 0x22, 0xDF, 0x7D, 0xDF, 0x7D, 0x51, 0x12, 0x10, 0x02,
    0x1F, 0xF8, 0x1F, 0xF8, 0x1F, 0xF8, 0x1F, 0xF8, 0x51, 0x12, 0xDF, 0x7D, 0xDF, 0x7D, 0xDF, 0x7D,
    0xDF, 0x7D, 0xDF, 0x7D, 0x51, 0x12, 0x10, 0x02, 0x1F, 0xF8, 0x1F, 0xF8, 0x1F, 0xF8, 0x1F, 0xF8,
    0x51, 0x12, 0xBF, 0x7D, 0xDF, 0x7D, 0xDF, 0x7D, 0xDF, 0x7D, 0xBF, 0x7D, 0x51, 0x12, 0x10, 0x02,
    0x1F, 0xF8, 0x1F, 0xF8, 0x1F, 0xF8, 0x1F, 0xF8, 0x10, 0x02, 0x71, 0x1A, 0x71, 0x1A, 0x51, 0x12,
    0x71, 0x1A, 0x71, 0x1A, 0x10, 0x02, 0x10, 0x02, 0x1F, 0xF8, 0x1F, 0xF8, 0x1F, 0xF8, 0x1F, 0xF8,
    0x51, 0x12, 0xBF, 0x7D, 0xBF, 0x7D, 0x71, 0x1A, 0xBF, 0x7D, 0xBF, 0x7D, 0x51, 0x12, 0x10, 0x02,
    0x1F, 0xF8, 0x1F, 0xF8, 0x1F, 0xF8, 0x1F, 0xF8, 0x51, 0x12, 0xDF, 0x7D, 0xDF, 0x7D, 0x71, 0x1A,
    0xDF, 0x7D, 0xDF, 0x7D, 0x51, 0x12, 0x10, 0x02, 0x1F, 0xF8, 0x1F, 0xF8, 0x1F, 0xF8, 0x1F, 0xF8,
    0x51, 0x12, 0xDF, 0x7D, 0xDF, 0x7D, 0x71, 0x1A, 0xDF, 0x7D, 0xDF, 0x7D, 0x51, 0x12, 0x10, 0x02,
    0x1F, 0xF8, 0x1F, 0xF8, 0x1F, 0xF8, 0x1F, 0xF8, 0x51, 0x12, 0xDF, 0x7D, 0xDF, 0x7D, 0x71, 0x1A,
    0xDF, 0x7D, 0xDF, 0x7D, 0x51, 0x12, 0x10, 0x02, 0x1F, 0xF8, 0x1F, 0xF8, 0x1F, 0xF8, 0x1F, 0xF8,
    0x51, 0x12, 0xDF, 0x7D, 0xDF, 0x7D, 0xB2, 0x22, 0xDF, 0x7D, 0xDF, 0x7D, 0x51, 0x12, 0x10, 0x02,
    0x1F, 0xF8, 0x1F, 0xF8, 0x1F, 0xF8, 0x1F, 0xF8, 0x51, 0x12, 0xBF, 0x7D, 0xDF, 0x7D, 0xDF, 0x7D,
    0xDF, 0x7D, 0xBF, 0x7D, 0x51, 0x12, 0x10, 0x02, 0x1F, 0xF8, 0x1F, 0xF8, 0x1F, 0xF8, 0x1F, 0xF8,
    0x10, 0x02, 0x71, 0x1A, 0xBF, 0x7D, 0xDF, 0x7D, 0xBF, 0x7D, 0x71, 0x1A, 0x10, 0x02, 0x10, 0x02,
    0x1F, 0xF8, 0x1F, 0xF8, 0x1F, 0xF8, 0x1F, 0xF8, 0x10, 0x02, 0x51, 0x12, 0x71, 0x1A, 0x51, 0x12,
    0x51, 0x12, 0x10, 0x02, 0x51, 0x12, 0x51, 0x12, 0x1F, 0xF8, 0x1F, 0xF8, 0x1F, 0xF8, 0x1F, 0xF8,
    0x51, 0x12, 0xBF, 0x7D, 0xBF, 0x7D, 0x51, 0x12, 0x10, 0x02, 0x51, 0x12, 0xBF, 0x7D, 0xDF, 0x7D,
    0x1F, 0xF8, 0x1F, 0xF8, 0x1F, 0xF8, 0x1F, 0xF8, 0x51, 0x12, 0xDF, 0x7D, 0xDF, 0x7D, 0x51, 0x12,
    0x10, 0x02, 0x51, 0x12, 0xDF, 0x7D, 0xDF, 0x7D, 0x1F, 0xF8, 0x1F, 0xF8, 0x1F, 0xF8, 0x1F, 0xF8,
    0x51, 0x12, 0xDF, 0x7D, 0xDF, 0x7D, 0x51, 0x12, 0x10, 0x02, 0x51, 0x12, 0xDF, 0x7D, 0xDF, 0x7D,
    0x1F, 0xF8, 0x1F, 0xF8, 0x1F, 0xF8, 0x1F, 0xF8, 0x51, 0x12, 0xDF, 0x7D, 0xDF, 0x7D, 0x51, 0x12,
    0x51, 0x12, 0x51, 0x12, 0xDF, 0x7D, 0xDF, 0x7D, 0x1F, 0xF8, 0x1F, 0xF8, 0x1F, 0xF8, 0x1F, 0xF8,
    0x51, 0x12, 0xDF, 0x7D, 0xDF, 0x7D, 0xB2, 0x22, 0xBF, 0x75, 0xB2, 0x22, 0xDF, 0x7D, 0xDF, 0x7D,
    0x1F, 0xF8, 0x1F, 0xF8, 0x1F, 0xF8, 0x1F, 0xF8, 0x51, 0x12, 0xBF, 0x7D, 0xDF, 0x7D, 0xDF, 0x7D,
    0xDF, 0x7D, 0xDF, 0x7D, 0xDF, 0x7D, 0xDF, 0x7D, 0x1F, 0xF8, 0x1F, 0xF8, 0x1F, 0xF8, 0x1F, 0xF8,
    0x10, 0x02, 0x71, 0x1A, 0xBF, 0x7D, 0xBF, 0x7D, 0xB2, 0x22, 0xBF, 0x7D, 0xBF, 0x7D, 0x71, 0x1A,
    0x1F, 0xF8, 0x1F, 0xF8, 0x1F, 0xF8, 0x1F, 0xF8, 0x10, 0x02, 0x51, 0x12, 0x71, 0x1A, 0x51, 0x12,
    0x10, 0x02, 0x71, 0x1A, 0x71, 0x1A, 0x10, 0x02, 0x1F, 0xF8, 0x1F, 0xF8, 0x1F, 0xF8, 0x1F, 0xF8,
    0x51, 0x12, 0xBF, 0x7D, 0xBF, 0x7D, 0x51, 0x12, 0x51, 0x12, 0xBF, 0x7D, 0xBF, 0x7D, 0x51, 0x12,
    0x1F, 0xF8, 0x1F, 0xF8, 0x1F, 0xF8, 0x1F, 0xF8, 0x51, 0x12, 0xDF, 0x7D, 0xDF, 0x7D, 0x71, 0x1A,
    0x71, 0x1A, 0xDF, 0x7D, 0xDF, 0x7D, 0x51, 0x12, 0x1F, 0xF8, 0x1F, 0xF8, 0x1F, 0xF8, 0x1F, 0xF8,
    0x51, 0x12, 0xBF, 0x7D, 0xDF, 0x7D, 0xDF, 0x7D, 0xDF, 0x7D, 0xDF, 0x7D, 0xBF, 0x7D, 0x51, 0x12,
    0x1F, 0xF8, 0x1F, 0xF8, 0x1F, 0xF8, 0x1F, 0xF8, 0x10, 0x02, 0x71, 0x1A, 0xB2, 0x22, 0xDF, 0x7D,
    0xDF, 0x7D, 0xB2, 0x22, 0x71, 0x1A, 0x10, 0x02, 0x1F, 0xF8, 0x1F, 0xF8, 0x1F, 0xF8, 0x1F, 0xF8,
    0x51, 0x12, 0xBF, 0x7D, 0xDF, 0x7D, 0xDF, 0x7D, 0xDF, 0x7D, 0xDF, 0x7D, 0xBF, 0x7D, 0x51, 0x12,
    0x1F, 0xF8, 0x1F, 0xF8, 0x1F, 0xF8, 0x1F, 0xF8, 0x51, 0x12, 0xDF, 0x7D, 0xDF, 0x7D, 0x71, 0x1A,
    0x71, 0x1A, 0xDF, 0x7D, 0xDF, 0x7D, 0x51, 0x12, 0x1F, 0xF8, 0x1F, 0xF8, 0x1F, 0xF8, 0x1F, 0xF8,
    0x51, 0x12, 0xBF, 0x7D, 0xBF, 0x7D, 0x51, 0x12, 0x51, 0x12, 0xBF, 0x7D, 0xBF, 0x7D, 0x51, 0x12,
    0x1F, 0xF8, 0x1F, 0xF8, 0x1F, 0xF8, 0x1F, 0xF8, 0x10, 0x02, 0x71, 0x1A, 0x71, 0x1A, 0x10, 0x02,
    0x10, 0x02, 0x71, 0x1A, 0x71, 0x1A, 0x10, 0x02, 0x1F, 0xF8, 0x1F, 0xF8, 0x1F, 0xF8, 0x1F, 0xF8,
    0x51, 0x12, 0xBF, 0x7D, 0xBF, 0x7D, 0x51, 0x12, 0x51, 0x12, 0xBF, 0x7D, 0xBF, 0x7D, 0x51, 0x12,
    0x1F, 0xF8, 0x1F, 0xF8, 0x1F, 0xF8, 0x1F, 0xF8, 0x51, 0x12, 0xDF, 0x7D, 0xDF, 0x7D, 0x71, 0x1A,
    0x71, 0x1A, 0xDF, 0x7D, 0xDF, 0x7D, 0x51, 0x12, 0x1F, 0xF8, 0x1F, 0xF8, 0x1F, 0xF8, 0x1F, 0xF8,
    0x51, 0x12, 0xBF, 0x7D, 0xDF, 0x7D, 0xDF, 0x7D, 0xDF, 0x7D, 0xDF, 0x7D, 0xBF, 0x7D, 0x51, 0x12,
    0x1F, 0xF8, 0x1F, 0xF8, 0x1F, 0xF8, 0x1F, 0xF8, 0x10, 0x02, 0x71, 0x1A, 0xBF, 0x7D, 0xDF, 0x7D,
    0xDF, 0x7D, 0xBF, 0x7D, 0x71, 0x1A, 0x10, 0x02, 0x1F, 0xF8, 0x1F, 0xF8, 0x1F, 0xF8, 0x1F, 0xF8,
    0x10, 0x02, 0x10, 0x02, 0x71, 0x1A, 0xDF, 0x7D, 0xDF, 0x7D, 0x71, 0x1A, 0x10, 0x02, 0x10, 0x02,
    0x1F, 0xF8, 0x1F, 0xF8, 0x1F, 0xF8, 0x1F, 0xF8, 0x10, 0x02, 0x10, 0x02, 0x51, 0x12, 0xDF, 0x7D,
    0xDF, 0x7D, 0x51, 0x12, 0x10, 0x02, 0x10, 0x02, 0x1F, 0xF8, 0x1F, 0xF8, 0x1F, 0xF8, 0x1F, 0xF8,
    0x10, 0x02, 0x10, 0x02, 0x51, 0x12, 0xBF, 0x7D, 0xBF, 0x7D, 0x51, 0x12, 0x10, 0x02, 0x10, 0x02,
    0x1F, 0xF8, 0x1F, 0xF8, 0x1F, 0xF8, 0x1F, 0xF8, 0x10, 0x02, 0x51, 0x12, 0x51, 0x12, 0x71, 0x1A,
    0x71, 0x1A, 0x51, 0x12, 0x10, 0x02, 0x10, 0x02, 0x1F, 0xF8, 0x1F, 0xF8, 0x1F, 0xF8, 0x1F, 0xF8,
    0x51, 0x12, 0xBF, 0x7D, 0xDF, 0x7D, 0xDF, 0x7D, 0xDF, 0x7D, 0xBF, 0x7D, 0x51, 0x12, 0x10, 0x02,
    0x1F, 0xF8, 0x1F, 0xF8, 0x1F, 0xF8, 0x1F, 0xF8, 0x51, 0x12, 0xBF, 0x7D, 0xDF, 0x7D, 0xDF, 0x7D,
    0xDF, 0x7D, 0xDF, 0x7D, 0x51, 0x12, 0x10, 0x02, 0x1F, 0xF8, 0x1F, 0xF8, 0x1F, 0xF8, 0x1F, 0xF8,
    0x10, 0x02, 0x51, 0x12, 0x51, 0x12, 0xB2, 0x22, 0xDF, 0x7D, 0xBF, 0x7D, 0x51, 0x12, 0x10, 0x02,
    0x1F, 0xF8, 0x1F, 0xF8, 0x1F, 0xF8, 0x1F, 0xF8, 0x10, 0x02, 0x10, 0x02, 0x71, 0x1A, 0xBF, 0x7D,
    0xBF, 0x7D, 0x71, 0x1A, 0x10, 0x02, 0x10, 0x02, 0x1F, 0xF8, 0x1F, 0xF8, 0x1F, 0xF8, 0x1F, 0xF8,
    0x10, 0x02, 0x71, 0x1A, 0xBF, 0x7D, 0xDF, 0x7D, 0xB2, 0x22, 0x51, 0x12, 0x10, 0x02, 0x10, 0x02,
    0x1F, 0xF8, 0x1F, 0xF8, 0x1F, 0xF8, 0x1F, 0xF8, 0x51, 0x12, 0xBF, 0x7D, 0xDF, 0x7D, 0xDF, 0x7D,
    0xDF, 0x7D, 0xBF, 0x7D, 0x51, 0x12, 0x10, 0x02, 0x1F, 0xF8, 0x1F, 0xF8, 0x1F, 0xF8, 0x1F, 0xF8,
    0x51, 0x12, 0xBF, 0x7D, 0xDF, 0x7D, 0xDF, 0x7D, 0xDF, 0x7D, 0xBF, 0x7D, 0x51, 0x12, 0x10, 0x02,
    0x1F, 0xF8, 0x1F, 0xF8, 0x1F, 0xF8, 0x1F, 0xF8, 0x10, 0x02, 0x51, 0x12, 0x51, 0x12, 0x51, 0x12,
    0x51, 0x12, 0x51, 0x12, 0x10, 0x02, 0x10, 0x02, 0x1F, 0xF8, 0x1F, 0xF8, 0x1F, 0xF8, 0x1F, 0xF8,
    0x10, 0x02, 0x10, 0x02, 0x51, 0x12, 0x51, 0x12, 0x10, 0x02, 0x10, 0x02, 0x10, 0x02, 0x10, 0x02,
    0x1F, 0xF8, 0x1F, 0xF8, 0x1F, 0xF8, 0x1F, 0xF8, 0x10, 0x02, 0x51, 0x12, 0xBF, 0x7D, 0xBF, 0x7D,
    0x51, 0x12, 0x10, 0x02, 0x10, 0x02, 0x10, 0x02, 0x1F, 0xF8, 0x1F, 0xF8, 0x1F, 0xF8, 0x1F, 0xF8,
    0x10, 0x02, 0x51, 0x12, 0xBF, 0x7D, 0xBF, 0x7D, 0x51, 0x12, 0x10, 0x02, 0x10, 0x02, 0x10, 0x02,
    0x1F, 0xF8, 0x1F, 0xF8, 0x1F, 0xF8, 0x1F, 0xF8, 0x10, 0x02, 0x10, 0x02, 0x71, 0x1A, 0x71, 0x1A,
    0x10, 0x02, 0x10, 0x02, 0x10, 0x02, 0x10, 0x02, 0x1F, 0xF8, 0x1F, 0xF8, 0x1F, 0xF8, 0x1F, 0xF8,
    0x10, 0x02, 0x51, 0x12, 0xBF, 0x7D, 0xBF, 0x7D, 0x51, 0x12, 0x10, 0x02, 0x10, 0x02, 0x10, 0x02,
    0x1F, 0xF8, 0x1F, 0xF8, 0x1F, 0xF8, 0x1F, 0xF8, 0x10, 0x02, 0x51, 0x12, 0xBF, 0x7D, 0xBF, 0x7D,
    0x51, 0x12, 0x10, 0x02, 0x10, 0x02, 0x10, 0x02, 0x1F, 0xF8, 0x1F, 0xF8, 0x1F, 0xF8, 0x1F, 0xF8,
    0x10, 0x02, 0x10, 0x02, 0x51, 0x12, 0x51, 0x12, 0x10, 0x02, 0x10, 0x02, 0x10, 0x02, 0x10, 0x02,
    0x1F, 0xF8, 0x1F, 0xF8, 0x1F, 0xF8, 0x1F, 0xF8, 0x10, 0x02, 0x10, 0x02, 0x51, 0x12, 0x51, 0x12,
    0x51, 0x12, 0x51, 0x12, 0x10, 0x02, 0x10, 0x02, 0x1F, 0xF8, 0x1F, 0xF8, 0x1F, 0xF8, 0x1F, 0xF8,
    0x10, 0x02, 0x71, 0x1A, 0xBF, 0x75, 0xBF, 0x7D, 0xBF, 0x7D, 0xBF, 0x7D, 0x71, 0x1A, 0x10, 0x02,
    0x1F, 0xF8, 0x1F, 0xF8, 0x1F, 0xF8, 0x1F, 0xF8, 0x51, 0x12, 0xBF, 0x75, 0x71, 0x1A, 0x71, 0x1A,
    0xB2, 0x22, 0xBF, 0x7D, 0xBF, 0x7D, 0x51, 0x12, 0x1F, 0xF8, 0x1F, 0xF8, 0x1F, 0xF8, 0x1F, 0xF8,
    0x51, 0x12, 0xBF, 0x7D, 0x71, 0x1A, 0xBF, 0x75, 0xBF, 0x75, 0xD3, 0x2A, 0xBF, 0x7D, 0x51, 0x12,
    0x1F, 0xF8, 0x1F, 0xF8, 0x1F, 0xF8, 0x1F, 0xF8, 0x51, 0x12, 0xBF, 0x7D, 0x51, 0x12, 0x71, 0x1A,
    0xB2, 0x22, 0xBF, 0x75, 0xDF, 0x7D, 0x51, 0x12, 0x1F, 0xF8, 0x1F, 0xF8, 0x1F, 0xF8, 0x1F, 0xF8,
    0x51, 0x12, 0xBF, 0x7D, 0x71, 0x1A, 0xBF, 0x75, 0xBF, 0x75, 0xD3, 0x2A, 0xBF, 0x7D, 0x51, 0x12,
    0x1F, 0xF8, 0x1F, 0xF8, 0x1F, 0xF8, 0x1F, 0xF8, 0x51, 0x12, 0xBF, 0x75, 0x71, 0x1A, 0x71, 0x1A,
    0xB2, 0x22, 0xBF, 0x7D, 0xBF, 0x7D, 0x51, 0x12, 0x1F, 0xF8, 0x1F, 0xF8, 0x1F, 0xF8, 0x1F, 0xF8,
    0x10, 0x02, 0x71, 0x1A, 0xBF, 0x75, 0xBF, 0x7D, 0xBF, 0x7D, 0xBF, 0x7D, 0x71, 0x1A, 0x10, 0x02,
    0x1F, 0xF8, 0x1F, 0xF8, 0x1F, 0xF8, 0x1F, 0xF8, 0x10, 0x02, 0x10, 0x02, 0x51, 0x12, 0x51, 0x12,
    0x71, 0x1A, 0x51, 0x12, 0x10, 0x02, 0x10, 0x02, 0x1F, 0xF8, 0x1F, 0xF8, 0x1F, 0xF8, 0x1F, 0xF8,
    0x10, 0x02, 0x10, 0x02, 0x10, 0x02, 0x51, 0x12, 0x9E, 0x75, 0x71, 0x1A, 0x10, 0x02, 0x10, 0x02,
    0x1F, 0xF8, 0x1F, 0xF8, 0x1F, 0xF8, 0x1F, 0xF8, 0x51, 0x12, 0x51, 0x12, 0x51, 0x12, 0x51, 0x12,
    0x71, 0x1A, 0x9E, 0x75, 0x71, 0x1A, 0x10, 0x02, 0x1F, 0xF8, 0x1F, 0xF8, 0x1F, 0xF8, 0x1F, 0xF8,
    0xBF, 0x7D, 0xBF, 0x7D, 0xBF, 0x7D, 0xBF, 0x75, 0x51, 0x12, 0x71, 0x1A, 0x9E, 0x75, 0x71, 0x1A,
    0x1F, 0xF8, 0x1F, 0xF8, 0x1F, 0xF8, 0x1F, 0xF8, 0x51, 0x12, 0x51, 0x12, 0x51, 0x12, 0x51, 0x12,
    0x10, 0x02, 0x10, 0x02, 0x71, 0x1A, 0xBF, 0x7D, 0x1F, 0xF8, 0x1F, 0xF8, 0x1F, 0xF8, 0x1F, 0xF8,
    0x51, 0x12, 0x51, 0x12, 0x51, 0x12, 0x51, 0x12, 0x10, 0x02, 0x10, 0x02, 0x71, 0x1A, 0xBF, 0x7D,
    0x1F, 0xF8, 0x1F, 0xF8, 0x1F, 0xF8, 0x1F, 0xF8, 0xBF, 0x7D, 0xBF, 0x7D, 0xBF, 0x7D, 0xBF, 0x75,
    0x51, 0x12, 0x71, 0x1A, 0x9E, 0x75, 0x71, 0x1A, 0x1F, 0xF8, 0x1F, 0xF8, 0x1F, 0xF8, 0x1F, 0xF8,
    0x51, 0x12, 0x51, 0x12, 0x51, 0x12, 0x51, 0x12, 0x71, 0x1A, 0x9E, 0x75, 0x71, 0x1A, 0x10, 0x02,
    0x1F, 0xF8, 0x1F, 0xF8, 0x1F, 0xF8, 0x1F, 0xF8, 0x10, 0x02, 0x10, 0x02, 0x51, 0x12, 0x71, 0x1A,
    0xBF, 0x75, 0xB2, 0x22, 0x10, 0x02, 0x10, 0x02, 0x1F, 0xF8, 0x1F, 0xF8, 0x1F, 0xF8, 0x1F, 0xF8,
    0x10, 0x02, 0x71, 0x1A, 0xBF, 0x7D, 0xBF, 0x7D, 0xDF, 0x7D, 0xBF, 0x7D, 0x71, 0x1A, 0x10, 0x02,
    0x1F, 0xF8, 0x1F, 0xF8, 0x1F, 0xF8, 0x1F, 0xF8, 0x51, 0x12, 0xBF, 0x7D, 0xBF, 0x7D, 0xB2, 0x22,
    0xB2, 0x22, 0xBF, 0x7D, 0xBF, 0x7D, 0x51, 0x12, 0x1F, 0xF8, 0x1F, 0xF8, 0x1F, 0xF8, 0x1F, 0xF8,
    0x51, 0x12, 0xBF, 0x7D, 0xB2, 0x22, 0xBF, 0x75, 0xBF, 0x75, 0xB2, 0x22, 0xBF, 0x7D, 0x51, 0x12,
    0x1F, 0xF8, 0x1F, 0xF8, 0x1F, 0xF8, 0x1F, 0xF8, 0x51, 0x12, 0xBF, 0x7D, 0x51, 0x12, 0x71, 0x1A,
    0x71, 0x1A, 0x51, 0x12, 0xBF, 0x7D, 0x51, 0x12, 0x1F, 0xF8, 0x1F, 0xF8, 0x1F, 0xF8, 0x1F, 0xF8,
    0x51, 0x12, 0xBF, 0x7D, 0x71, 0x1A, 0xBF, 0x7D, 0xBF, 0x7D, 0x71, 0x1A, 0xBF, 0x7D, 0x51, 0x12,
    0x1F, 0xF8, 0x1F, 0xF8, 0x1F, 0xF8, 0x1F, 0xF8, 0x51, 0x12, 0xBF, 0x75, 0xB2, 0x22, 0xDF, 0x7D,
    0xDF, 0x7D, 0xB2, 0x22, 0xBF, 0x75, 0x51, 0x12, 0x1F, 0xF8, 0x1F, 0xF8, 0x1F, 0xF8, 0x1F, 0xF8,
    0x10, 0x02, 0x71, 0x1A, 0xBF, 0x75, 0xDF, 0x7D, 0xDF, 0x7D, 0xBF, 0x75, 0x71, 0x1A, 0x10, 0x02,
    0x1F, 0xF8, 0x1F, 0xF8, 0x1F, 0xF8, 0x1F, 0xF8, 0x30, 0x02, 0x30, 0x02, 0x51, 0x12, 0x71, 0x12,
    0x51, 0x12, 0x51, 0x12, 0x30, 0x02, 0x30, 0x02, 0x1F, 0xF8, 0x1F, 0xF8, 0x1F, 0xF8, 0x1F, 0xF8,
    0x4B, 0x0C, 0xB5, 0x4C, 0x56, 0x4C, 0x96, 0x4C, 0x76, 0x4C, 0x56, 0x4C, 0xD5, 0x4C, 0xAA, 0x0C,
    0x1F, 0xF8, 0x1F, 0xF8, 0x1F, 0xF8, 0x1F, 0xF8, 0xD5, 0x4C, 0x16, 0x4C, 0x71, 0x1A, 0xBF, 0x7D,
    0xBF, 0x7D, 0x71, 0x1A, 0x16, 0x4C, 0xD5, 0x4C, 0x1F, 0xF8, 0x1F, 0xF8, 0x1F, 0xF8, 0x1F, 0xF8,
    0x76, 0x4C, 0x71, 0x1A, 0xBF, 0x7D, 0xDF, 0x7D, 0xDF, 0x7D, 0xBF, 0x7D, 0x71, 0x1A, 0x56, 0x4C,
    0x1F, 0xF8, 0x1F, 0xF8, 0x1F, 0xF8, 0x1F, 0xF8, 0xB6, 0x4C, 0xBF, 0x75, 0xDF, 0x7D, 0xDF, 0x7D,
    0xDF, 0x7D, 0xDF, 0x7D, 0xBF, 0x75, 0xB6, 0x4C, 0x1F, 0xF8, 0x1F, 0xF8, 0x1F, 0xF8, 0x1F, 0xF8,
    0x76, 0x4C, 0x51, 0x12, 0x71, 0x1A, 0xDF, 0x7D, 0xDF, 0x7D, 0x71, 0x1A, 0x51, 0x12, 0x96, 0x4C,
    0x1F, 0xF8, 0x1F, 0xF8, 0x1F, 0xF8, 0x1F, 0xF8, 0x56, 0x4C, 0x10, 0x02, 0x51, 0x12, 0xDF, 0x7D,
    0xDF, 0x7D, 0x51, 0x12, 0x10, 0x02, 0x76, 0x4C, 0x1F, 0xF8, 0x1F, 0xF8, 0x1F, 0xF8, 0x1F, 0xF8,
    0xD5, 0x4C, 0x16, 0x4C, 0x51, 0x12, 0xBF, 0x7D, 0xBF, 0x7D, 0x51, 0x12, 0x16, 0x4C, 0xF5, 0x4C,
    0x1F, 0xF8, 0x1F, 0xF8, 0x1F, 0xF8, 0x1F, 0xF8, 0x8A, 0x0C, 0xF5, 0x4C, 0x56, 0x4C, 0x76, 0x4C,
    0xB6, 0x4C, 0x56, 0x4C, 0xB6, 0x4C, 0x8A, 0x0C, 0x1F, 0xF8, 0x1F, 0xF8, 0x1F, 0xF8, 0x1F, 0xF8,
    0x6B, 0x0C, 0xD5, 0x4C, 0x56, 0x4C, 0x96, 0x4C, 0x76, 0x4C, 0x56, 0x4C, 0xD5, 0x4C, 0xAA, 0x0C,
    0x1F, 0xF8, 0x1F, 0xF8, 0x1F, 0xF8, 0x1F, 0xF8, 0xD5, 0x4C, 0x16, 0x4C, 0x10, 0x02, 0x51, 0x12,
    0xBF, 0x75, 0x71, 0x1A, 0x16, 0x4C, 0xD5, 0x4C, 0x1F, 0xF8, 0x1F, 0xF8, 0x1F, 0xF8, 0x1F, 0xF8,
    0x76, 0x4C, 0x51, 0x12, 0x51, 0x12, 0x71, 0x1A, 0xDF, 0x7D, 0xBF, 0x7D, 0x71, 0x1A, 0x56, 0x4C,
    0x1F, 0xF8, 0x1F, 0xF8, 0x1F, 0xF8, 0x1F, 0xF8, 0xB6, 0x4C, 0xBF, 0x7D, 0xDF, 0x7D, 0xDF, 0x7D,
    0xDF, 0x7D, 0xDF, 0x7D, 0xBF, 0x7D, 0xB6, 0x4C, 0x1F, 0xF8, 0x1F, 0xF8, 0x1F, 0xF8, 0x1F, 0xF8,
    0x76, 0x4C, 0xBF, 0x7D, 0xDF, 0x7D, 0xDF, 0x7D, 0xDF, 0x7D, 0xDF, 0x7D, 0xBF, 0x7D, 0xB6, 0x4C,
    0x1F, 0xF8, 0x1F, 0xF8, 0x1F, 0xF8, 0x1F, 0xF8, 0x56, 0x4C, 0x51, 0x12, 0x51, 0x12, 0x71, 0x1A,
    0xDF, 0x7D, 0xBF, 0x7D, 0x71, 0x1A, 0x76, 0x4C, 0x1F, 0xF8, 0x1F, 0xF8, 0x1F, 0xF8, 0x1F, 0xF8,
    0xD5, 0x4C, 0x16, 0x4C, 0x10, 0x02, 0x51, 0x12, 0xBF, 0x75, 0x71, 0x1A, 0x16, 0x4C, 0xF5, 0x4C,
    0x1F, 0xF8, 0x1F, 0xF8, 0x1F, 0xF8, 0x1F, 0xF8, 0x8A, 0x0C, 0xF5, 0x4C, 0x56, 0x4C, 0x76, 0x4C,
    0xB6, 0x4C, 0x56, 0x4C, 0xB6, 0x4C, 0x8A, 0x0C, 0x1F, 0xF8, 0x1F, 0xF8, 0x1F, 0xF8, 0x1F, 0xF8,
    0x6B, 0x0C, 0xD5, 0x4C, 0x76, 0x4C, 0x96, 0x4C, 0x76, 0x4C, 0x56, 0x4C, 0xD5, 0x4C, 0xAA, 0x0C,
    0x1F, 0xF8, 0x1F, 0xF8, 0x1F, 0xF8, 0x1F, 0xF8, 0xD5, 0x4C, 0x16, 0x4C, 0x51, 0x12, 0xBF, 0x7D,
    0xBF, 0x7D, 0x51, 0x12, 0x16, 0x4C, 0xD5, 0x4C, 0x1F, 0xF8, 0x1F, 0xF8, 0x1F, 0xF8, 0x1F, 0xF8,
    0x76, 0x4C, 0x10, 0x02, 0x51, 0x12, 0xDF, 0x7D, 0xDF, 0x7D, 0x51, 0x12, 0x10, 0x02, 0x56, 0x4C,
    0x1F, 0xF8, 0x1F, 0xF8, 0x1F, 0xF8, 0x1F, 0xF8, 0x96, 0x4C, 0x51, 0x12, 0x71, 0x1A, 0xDF, 0x7D,
    0xDF, 0x7D, 0x71, 0x1A, 0x51, 0x12, 0x96, 0x4C, 0x1F, 0xF8, 0x1F, 0xF8, 0x1F, 0xF8, 0x1F, 0xF8,
    0x76, 0x4C, 0xBF, 0x75, 0xDF, 0x7D, 0xDF, 0x7D, 0xDF, 0x7D, 0xDF, 0x7D, 0xBF, 0x75, 0xB6, 0x4C,
    0x1F, 0xF8, 0x1F, 0xF8, 0x1F, 0xF8, 0x1F, 0xF8, 0x56, 0x4C, 0x71, 0x1A, 0xBF, 0x7D, 0xDF, 0x7D,
    0xDF, 0x7D, 0xBF, 0x7D, 0x71, 0x1A, 0x76, 0x4C, 0x1F, 0xF8, 0x1F, 0xF8, 0x1F, 0xF8, 0x1F, 0xF8,
    0xD5, 0x4C, 0x16, 0x4C, 0x71, 0x1A, 0xBF, 0x7D, 0xBF, 0x7D, 0x71, 0x1A, 0x16, 0x4C, 0xF5, 0x4C,
    0x1F, 0xF8, 0x1F, 0xF8, 0x1F, 0xF8, 0x1F, 0xF8, 0x8A, 0x0C, 0xF5, 0x4C, 0x56, 0x4C, 0x76, 0x4C,
    0xB6, 0x4C, 0x56, 0x4C, 0xB6, 0x4C, 0x8A, 0x0C, 0x1F, 0xF8, 0x1F, 0xF8, 0x1F, 0xF8, 0x1F, 0xF8,
    0x6B, 0x0C, 0xD5, 0x4C, 0x76, 0x4C, 0x96, 0x4C, 0x76, 0x4C, 0x56, 0x4C, 0xD5, 0x4C, 0xAA, 0x0C,
    0x1F, 0xF8, 0x1F, 0xF8, 0x1F, 0xF8, 0x1F, 0xF8, 0xD5, 0x4C, 0x16, 0x4C, 0x71, 0x1A, 0xBF, 0x75,
    0x51, 0x12, 0x10, 0x02, 0x16, 0x4C, 0xD5, 0x4C, 0x1F, 0xF8, 0x1F, 0xF8, 0x1F, 0xF8, 0x1F, 0xF8,
    0x76, 0x4C, 0x71, 0x1A, 0xBF, 0x7D, 0xDF, 0x7D, 0x71, 0x1A, 0x51, 0x12, 0x51, 0x12, 0x56, 0x4C,
    0x1F, 0xF8, 0x1F, 0xF8, 0x1F, 0xF8, 0x1F, 0xF8, 0xB6, 0x4C, 0xBF, 0x7D, 0xDF, 0x7D, 0xDF, 0x7D,
    0xDF, 0x7D, 0xDF, 0x7D, 0xBF, 0x7D, 0xB6, 0x4C, 0x1F, 0xF8, 0x1F, 0xF8, 0x1F, 0xF8, 0x1F, 0xF8,
    0x76, 0x4C, 0xBF, 0x7D, 0xDF, 0x7D, 0xDF, 0x7D, 0xDF, 0x7D, 0xDF, 0x7D, 0xBF, 0x7D, 0xB6, 0x4C,
    0x1F, 0xF8, 0x1F, 0xF8, 0x1F, 0xF8, 0x1F, 0xF8, 0x56, 0x4C, 0x71, 0x1A, 0xBF, 0x7D, 0xDF, 0x7D,
    0x71, 0x1A, 0x51, 0x12, 0x51, 0x12, 0x76, 0x4C, 0x1F, 0xF8, 0x1F, 0xF8, 0x1F, 0xF8, 0x1F, 0xF8,
    0xD5, 0x4C, 0x16, 0x4C, 0x71, 0x1A, 0xBF, 0x75, 0x51, 0x12, 0x10, 0x02, 0x16, 0x4C, 0xF5, 0x4C,
    0x1F, 0xF8, 0x1F, 0xF8, 0x1F, 0xF8, 0x1F, 0xF8, 0x8A, 0x0C, 0xF5, 0x4C, 0x77, 0x4C, 0x77, 0x4C,
    0x96, 0x4C, 0x77, 0x4C, 0x96, 0x4C, 0x8B, 0x0C, 0x1F, 0xF8, 0x1F, 0xF8, 0x1F, 0xF8, 0x1F, 0xF8,
    0x30, 0x02, 0x91, 0x1A, 0xBF, 0x7D, 0xBF, 0x7D, 0xDF, 0x7D, 0xBF, 0x7D, 0x91, 0x1A, 0x30, 0x02,
    0x1F, 0xF8, 0x1F, 0xF8, 0x1F, 0xF8, 0x1F, 0xF8, 0x51, 0x12, 0xBF, 0x7D, 0xBF, 0x7D, 0xB2, 0x22,
    0xDF, 0x7D, 0xDF, 0x7D, 0xBF, 0x7D, 0x51, 0x12, 0x1F, 0xF8, 0x1F, 0xF8, 0x1F, 0xF8, 0x1F, 0xF8,
    0x51, 0x12, 0xBF, 0x7D, 0xB2, 0x22, 0x51, 0x12, 0xDF, 0x7D, 0xDF, 0x7D, 0xDF, 0x7D, 0x51, 0x12,
    0x1F, 0xF8, 0x1F, 0xF8, 0x1F, 0xF8, 0x1F, 0xF8, 0x51, 0x12, 0xDF, 0x7D, 0xBF, 0x7D, 0x71, 0x1A,
    0xDF, 0x7D, 0xDF, 0x7D, 0xDF, 0x7D, 0x51, 0x12, 0x1F, 0xF8, 0x1F, 0xF8, 0x1F, 0xF8, 0x1F, 0xF8,
    0x51, 0x12, 0xDF, 0x7D, 0xBF, 0x7D, 0x71, 0x1A, 0xBF, 0x7D, 0xDF, 0x7D, 0xDF, 0x7D, 0x51, 0x12,
    0x1F, 0xF8, 0x1F, 0xF8, 0x1F, 0xF8, 0x1F, 0xF8, 0x51, 0x12, 0xBF, 0x75, 0xB2, 0x22, 0x51, 0x12,
    0xB2, 0x22, 0xDF, 0x7D, 0xBF, 0x7D, 0x51, 0x12, 0x1F, 0xF8, 0x1F, 0xF8, 0x1F, 0xF8, 0x1F, 0xF8,
    0x10, 0x02, 0x71, 0x1A, 0xBF, 0x75, 0xBF, 0x7D, 0xBF, 0x7D, 0xBF, 0x7D, 0x71, 0x1A, 0x10, 0x02,
    0x1F, 0xF8, 0x1F, 0xF8, 0x1F, 0xF8, 0x1F, 0xF8, 0x10, 0x02, 0x10, 0x02, 0x71, 0x1A, 0x71, 0x1A,
    0x71, 0x1A, 0x71, 0x1A, 0x10, 0x02, 0x10, 0x02, 0x1F, 0xF8, 0x1F, 0xF8, 0x1F, 0xF8, 0x1F, 0xF8,
    0x10, 0x02, 0x71, 0x1A, 0xBF, 0x75, 0xBF, 0x7D, 0xDF, 0x7D, 0xBF, 0x7D, 0x71, 0x1A, 0x10, 0x02,
    0x1F, 0xF8, 0x1F, 0xF8, 0x1F, 0xF8, 0x1F, 0xF8, 0x51, 0x12, 0xBF, 0x75, 0xB2, 0x22, 0xB2, 0x22,
    0xBF, 0x7D, 0xDF, 0x7D, 0xBF, 0x7D, 0x51, 0x12, 0x1F, 0xF8, 0x1F, 0xF8, 0x1F, 0xF8, 0x1F, 0xF8,
    0x51, 0x12, 0xDF, 0x7D, 0xDF, 0x7D, 0xBF, 0x75, 0xD3, 0x2A, 0xDF, 0x7D, 0xDF, 0x7D, 0x51, 0x12,
    0x1F, 0xF8, 0x1F, 0xF8, 0x1F, 0xF8, 0x1F, 0xF8, 0x51, 0x12, 0xDF, 0x7D, 0xBF, 0x7D, 0xD3, 0x2A,
    0xBF, 0x7D, 0xDF, 0x7D, 0xDF, 0x7D, 0x51, 0x12, 0x1F, 0xF8, 0x1F, 0xF8, 0x1F, 0xF8, 0x1F, 0xF8,
    0x51, 0x12, 0xBF, 0x7D, 0xB2, 0x22, 0xBF, 0x75, 0xDF, 0x7D, 0xDF, 0x7D, 0xDF, 0x7D, 0x51, 0x12,
    0x1F, 0xF8, 0x1F, 0xF8, 0x1F, 0xF8, 0x1F, 0xF8, 0x51, 0x12, 0xBF, 0x75, 0x71, 0x1A, 0x71, 0x1A,
    0xB2, 0x22, 0xDF, 0x7D, 0xBF, 0x7D, 0x51, 0x12, 0x1F, 0xF8, 0x1F, 0xF8, 0x1F, 0xF8, 0x1F, 0xF8,
    0x10, 0x02, 0x71, 0x1A, 0xBF, 0x75, 0xBF, 0x7D, 0xBF, 0x7D, 0xBF, 0x7D, 0x71, 0x1A, 0x10, 0x02,
    0x1F, 0xF8, 0x1F, 0xF8, 0x1F, 0xF8, 0x1F, 0xF8, 0x10, 0x02, 0x10, 0x02, 0x51, 0x12, 0x51, 0x12,
    0x51, 0x12, 0x51, 0x12, 0x10, 0x02, 0x10, 0x02, 0x1F, 0xF8, 0x1F, 0xF8, 0x1F, 0xF8, 0x1F, 0xF8,
    0x10, 0x02, 0x10, 0x02, 0x10, 0x02, 0x10, 0x02, 0x10, 0x02, 0x10, 0x02, 0x10, 0x02, 0x10, 0x02,
    0x1F, 0xF8, 0x1F, 0xF8, 0x1F, 0xF8, 0x1F, 0xF8, 0x10, 0x02, 0x10, 0x02, 0x10, 0x02, 0x10, 0x02,
    0x10, 0x02, 0x10, 0x02, 0x10, 0x02, 0x10, 0x02, 0x1F, 0xF8, 0x1F, 0xF8, 0x1F, 0xF8, 0x1F, 0xF8,
    0x10, 0x02, 0x10, 0x02, 0x10, 0x02, 0x10, 0x02, 0x10, 0x02, 0x10, 0x02, 0x10, 0x02, 0x10, 0x02,
    0x1F, 0xF8, 0x1F, 0xF8, 0x1F, 0xF8, 0x1F, 0xF8, 0x10, 0x02, 0x10, 0x02, 0x10, 0x02, 0x10, 0x02,
    0x10, 0x02, 0x10, 0x02, 0x10, 0x02, 0x10, 0x02, 0x1F, 0xF8, 0x1F, 0xF8, 0x1F, 0xF8, 0x1F, 0xF8,
    0x10, 0x02, 0x10, 0x02, 0x10, 0x02, 0x10, 0x02, 0x10, 0x02, 0x10, 0x02, 0x10, 0x02, 0x10, 0x02,
    0x1F, 0xF8, 0x1F, 0xF8, 0x1F, 0xF8, 0x1F, 0xF8, 0x10, 0x02, 0x10, 0x02, 0x10, 0x02, 0x10, 0x02,
    0x10, 0x02, 0x10, 0x02, 0x10, 0x02, 0x10, 0x02, 0x1F, 0xF8, 0x1F, 0xF8, 0x1F, 0xF8, 0x1F, 0xF8,
    0x10, 0x02, 0x10, 0x02, 0x10, 0x02, 0x10, 0x02, 0x10, 0x02, 0x10, 0x02, 0x10, 0x02, 0x10, 0x02,
    0x1F, 0xF8, 0x1F, 0xF8, 0x1F, 0xF8, 0x1F, 0xF8, 0x10, 0x02, 0x10, 0x02, 0x10, 0x02, 0x10, 0x02,
    0x10, 0x02, 0x10, 0x02, 0x10, 0x02, 0x10, 0x02, 0x1F, 0xF8, 0x1F, 0xF8, 0x1F, 0xF8, 0x1F, 0xF8,
    0x10, 0x02, 0x10, 0x02, 0x10, 0x02, 0x10, 0x02, 0x10, 0x02, 0x10, 0x02, 0x10, 0x02, 0x10, 0x02,
    0x1F, 0xF8, 0x1F, 0xF8, 0x1F, 0xF8, 0x1F, 0xF8, 0x10, 0x02, 0x10, 0x02, 0x10, 0x02, 0x10, 0x02,
    0x10, 0x02, 0x10, 0x02, 0x10, 0x02, 0x10, 0x02, 0x1F, 0xF8, 0x1F, 0xF8, 0x1F, 0xF8, 0x1F, 0xF8,
    0x10, 0x02, 0x10, 0x02, 0x10, 0x02, 0x10, 0x02, 0x10, 0x02, 0x10, 0x02, 0x10, 0x02, 0x10, 0x02,
    0x1F, 0xF8, 0x1F, 0xF8, 0x1F, 0xF8, 0x1F, 0xF8, 0x10, 0x02, 0x10, 0x02, 0x10, 0x02, 0x10, 0x02,
    0x10, 0x02, 0x10, 0x02, 0x10, 0x02, 0x10, 0x02, 0x1F, 0xF8, 0x1F, 0xF8, 0x1F, 0xF8, 0x1F, 0xF8,
    0x10, 0x02, 0x10, 0x02, 0x10, 0x02, 0x10, 0x02, 0x10, 0x02, 0x10, 0x02, 0x10, 0x02, 0x10, 0x02,
    0x1F, 0xF8, 0x1F, 0xF8, 0x1F, 0xF8, 0x1F, 0xF8, 0x10, 0x02, 0x10, 0x02, 0x10, 0x02, 0x10, 0x02,
    0x10, 0x02, 0x10, 0x02, 0x10, 0x02, 0x10, 0x02, 0x1F, 0xF8, 0x1F, 0xF8, 0x1F, 0xF8, 0x1F, 0xF8,
    0x10, 0x02, 0x10, 0x02, 0x10, 0x02, 0x10, 0x02, 0x10, 0x02, 0x10, 0x02, 0x10, 0x02, 0x10, 0x02,
    0x1F, 0xF8, 0x1F, 0xF8, 0x1F, 0xF8, 0x1F, 0xF8, 0x10, 0x02, 0x10, 0x02, 0x10, 0x02, 0x10, 0x02,
    0x10, 0x02, 0x10, 0x02, 0x10, 0x02, 0x10, 0x02, 0x1F, 0xF8, 0x1F, 0xF8, 0x1F, 0xF8, 0x1F, 0xF8
};
